customer_id,contract_id,contract_seq,industry,company_size,account_created_date,contract_start_date,contract_end_date,contract_term_months,tenure_months,renewal_count,managed_service_plan,support_plan
CUST_00000,CUST_00000_C1,1,물류/운송,5-49인,2024-07-04,2024-07-04,2025-07-04,12,0,0,Basic,Standard
CUST_00001,CUST_00001_C1,1,제조업,5-49인,2022-06-01,2022-06-01,2023-06-01,12,0,0,Basic,Standard
CUST_00002,CUST_00002_C1,1,IT/소프트웨어,5-49인,2022-10-20,2022-10-20,2024-10-20,24,0,0,Basic,Standard
CUST_00002,CUST_00002_C2,2,IT/소프트웨어,5-49인,2022-10-20,2024-10-21,2025-10-21,12,24,1,Basic,Priority
CUST_00003,CUST_00003_C1,1,IT/소프트웨어,5-49인,2023-05-15,2023-05-15,2025-05-15,24,0,0,Basic,Enterprise
CUST_00004,CUST_00004_C1,1,의료/헬스케어,5-49인,2024-05-21,2024-05-21,2026-05-21,24,0,0,Standard,Priority
CUST_00004,CUST_00004_C2,2,의료/헬스케어,5-49인,2024-05-21,2026-05-22,2027-05-22,12,24,1,Standard,Priority
CUST_00004,CUST_00004_C3,3,의료/헬스케어,5-49인,2024-05-21,2027-05-23,2028-05-23,12,36,2,Standard,Priority
CUST_00005,CUST_00005_C1,1,IT/소프트웨어,50-299인,2025-04-30,2025-04-30,2026-04-30,12,0,0,Basic,Priority
CUST_00005,CUST_00005_C2,2,IT/소프트웨어,50-299인,2025-04-30,2026-05-01,2029-05-01,36,13,1,Standard,Priority
CUST_00005,CUST_00005_C3,3,IT/소프트웨어,50-299인,2025-04-30,2029-05-02,2031-05-02,24,49,2,Standard,Enterprise
CUST_00006,CUST_00006_C1,1,IT/소프트웨어,5-49인,2021-09-24,2021-09-24,2022-09-24,12,0,0,Standard,Priority
CUST_00006,CUST_00006_C2,2,IT/소프트웨어,5-49인,2021-09-24,2022-09-25,2023-09-25,12,12,1,Standard,Enterprise
CUST_00006,CUST_00006_C3,3,IT/소프트웨어,5-49인,2021-09-24,2023-09-26,2024-09-26,12,24,2,Standard,Priority
CUST_00007,CUST_00007_C1,1,제조업,5-49인,2022-10-25,2022-10-25,2024-10-25,24,0,0,Basic,Standard
CUST_00008,CUST_00008_C1,1,의료/헬스케어,5-49인,2025-11-14,2025-11-14,2026-11-14,12,0,0,Basic,Standard
CUST_00009,CUST_00009_C1,1,제조업,5-49인,2025-03-27,2025-03-27,2026-03-27,12,0,0,Basic,Priority
CUST_00009,CUST_00009_C2,2,제조업,5-49인,2025-03-27,2026-03-28,2027-03-28,12,12,1,Basic,Standard
CUST_00010,CUST_00010_C1,1,제조업,5-49인,2025-09-26,2025-09-26,2028-09-26,36,0,0,Basic,Standard
CUST_00011,CUST_00011_C1,1,교육,5-49인,2023-04-08,2023-04-08,2024-04-08,12,0,0,Basic,Standard
CUST_00011,CUST_00011_C2,2,교육,5-49인,2023-04-08,2024-04-09,2026-04-09,24,12,1,Basic,Standard
CUST_00012,CUST_00012_C1,1,물류/운송,5-49인,2023-01-17,2023-01-17,2025-01-17,24,0,0,Standard,Priority
CUST_00012,CUST_00012_C2,2,물류/운송,5-49인,2023-01-17,2025-01-18,2026-01-18,12,24,1,Standard,Standard
CUST_00012,CUST_00012_C3,3,물류/운송,5-49인,2023-01-17,2026-01-19,2027-01-19,12,36,2,Standard,Standard
CUST_00013,CUST_00013_C1,1,제조업,5-49인,2024-12-30,2024-12-30,2025-12-30,12,0,0,Standard,Priority
CUST_00013,CUST_00013_C2,2,제조업,5-49인,2024-12-30,2025-12-31,2027-12-31,24,12,1,Standard,Enterprise
CUST_00014,CUST_00014_C1,1,금융/보험,5-49인,2026-04-16,2026-04-16,2028-04-16,24,0,0,Basic,Standard
CUST_00015,CUST_00015_C1,1,금융/보험,5-49인,2023-08-10,2023-08-10,2024-08-10,12,0,0,Basic,Standard
CUST_00015,CUST_00015_C2,2,금융/보험,5-49인,2023-08-10,2024-08-11,2025-08-11,12,12,1,Basic,Standard
CUST_00015,CUST_00015_C3,3,금융/보험,5-49인,2023-08-10,2025-08-12,2026-08-12,12,24,2,Basic,Standard
CUST_00016,CUST_00016_C1,1,IT/소프트웨어,50-299인,2022-08-06,2022-08-06,2023-08-06,12,0,0,Premium,Enterprise
CUST_00017,CUST_00017_C1,1,물류/운송,5-49인,2026-05-13,2026-05-13,2028-05-13,24,0,0,Premium,Priority
CUST_00017,CUST_00017_C2,2,물류/운송,5-49인,2026-05-13,2028-05-14,2029-05-14,12,24,1,Premium,Enterprise
CUST_00018,CUST_00018_C1,1,유통/커머스,5-49인,2025-04-25,2025-04-25,2027-04-25,24,0,0,Standard,Enterprise
CUST_00018,CUST_00018_C2,2,유통/커머스,5-49인,2025-04-25,2027-04-26,2028-04-26,12,24,1,Standard,Priority
CUST_00018,CUST_00018_C3,3,유통/커머스,5-49인,2025-04-25,2028-04-27,2029-04-27,12,36,2,Standard,Enterprise
CUST_00019,CUST_00019_C1,1,IT/소프트웨어,5-49인,2025-06-09,2025-06-09,2026-06-09,12,0,0,Standard,Standard
CUST_00020,CUST_00020_C1,1,유통/커머스,50-299인,2025-04-30,2025-04-30,2026-04-30,12,0,0,Standard,Enterprise
CUST_00020,CUST_00020_C2,2,유통/커머스,50-299인,2025-04-30,2026-05-01,2027-05-01,12,13,1,Standard,Priority
CUST_00020,CUST_00020_C3,3,유통/커머스,50-299인,2025-04-30,2027-05-02,2028-05-02,12,25,2,Standard,Priority
CUST_00021,CUST_00021_C1,1,금융/보험,5-49인,2022-02-03,2022-02-03,2023-02-03,12,0,0,Basic,Standard
CUST_00021,CUST_00021_C2,2,금융/보험,5-49인,2022-02-03,2023-02-04,2025-02-04,24,12,1,Basic,Standard
CUST_00021,CUST_00021_C3,3,금융/보험,5-49인,2022-02-03,2025-02-05,2026-02-05,12,36,2,Basic,Enterprise
CUST_00022,CUST_00022_C1,1,유통/커머스,5-49인,2025-12-13,2025-12-13,2026-12-13,12,0,0,Basic,Standard
CUST_00022,CUST_00022_C2,2,유통/커머스,5-49인,2025-12-13,2026-12-14,2027-12-14,12,12,1,Basic,Standard
CUST_00022,CUST_00022_C3,3,유통/커머스,5-49인,2025-12-13,2027-12-15,2028-12-15,12,24,2,Basic,Standard
CUST_00023,CUST_00023_C1,1,IT/소프트웨어,5-49인,2026-06-17,2026-06-17,2028-06-17,24,0,0,Standard,Priority
CUST_00024,CUST_00024_C1,1,금융/보험,300인이상,2026-03-31,2026-03-31,2028-03-31,24,0,0,Premium,Enterprise
CUST_00024,CUST_00024_C2,2,금융/보험,300인이상,2026-03-31,2028-04-01,2030-04-01,24,25,1,Premium,Priority
CUST_00024,CUST_00024_C3,3,금융/보험,300인이상,2026-03-31,2030-04-02,2033-04-02,36,49,2,Premium,Enterprise
CUST_00025,CUST_00025_C1,1,제조업,5-49인,2024-11-10,2024-11-10,2025-11-10,12,0,0,Basic,Priority
CUST_00025,CUST_00025_C2,2,제조업,5-49인,2024-11-10,2025-11-11,2026-11-11,12,12,1,Basic,Priority
CUST_00026,CUST_00026_C1,1,물류/운송,5-49인,2024-06-14,2024-06-14,2026-06-14,24,0,0,Basic,Standard
CUST_00027,CUST_00027_C1,1,제조업,5-49인,2026-02-14,2026-02-14,2029-02-14,36,0,0,Basic,Standard
CUST_00027,CUST_00027_C2,2,제조업,5-49인,2026-02-14,2029-02-15,2030-02-15,12,36,1,Basic,Standard
CUST_00027,CUST_00027_C3,3,제조업,5-49인,2026-02-14,2030-02-16,2032-02-16,24,48,2,Basic,Priority
CUST_00028,CUST_00028_C1,1,의료/헬스케어,5-49인,2025-01-08,2025-01-08,2026-01-08,12,0,0,Basic,Standard
CUST_00029,CUST_00029_C1,1,의료/헬스케어,5-49인,2024-02-03,2024-02-03,2025-02-03,12,0,0,Basic,Priority
CUST_00029,CUST_00029_C2,2,의료/헬스케어,5-49인,2024-02-03,2025-02-04,2027-02-04,24,12,1,Basic,Standard
CUST_00030,CUST_00030_C1,1,의료/헬스케어,5-49인,2024-08-07,2024-08-07,2026-08-07,24,0,0,Basic,Standard
CUST_00031,CUST_00031_C1,1,의료/헬스케어,5-49인,2023-01-25,2023-01-25,2024-01-25,12,0,0,Basic,Standard
CUST_00031,CUST_00031_C2,2,의료/헬스케어,5-49인,2023-01-25,2024-01-26,2026-01-26,24,12,1,Basic,Priority
CUST_00032,CUST_00032_C1,1,IT/소프트웨어,5-49인,2023-12-14,2023-12-14,2025-12-14,24,0,0,Standard,Enterprise
CUST_00032,CUST_00032_C2,2,IT/소프트웨어,5-49인,2023-12-14,2025-12-15,2026-12-15,12,24,1,Standard,Priority
CUST_00032,CUST_00032_C3,3,IT/소프트웨어,5-49인,2023-12-14,2026-12-16,2027-12-16,12,36,2,Standard,Priority
CUST_00033,CUST_00033_C1,1,교육,5-49인,2023-03-11,2023-03-11,2024-03-11,12,0,0,Basic,Standard
CUST_00033,CUST_00033_C2,2,교육,5-49인,2023-03-11,2024-03-12,2026-03-12,24,12,1,Basic,Standard
CUST_00034,CUST_00034_C1,1,유통/커머스,5-49인,2024-10-28,2024-10-28,2026-10-28,24,0,0,Basic,Standard
CUST_00035,CUST_00035_C1,1,IT/소프트웨어,5-49인,2023-05-02,2023-05-02,2024-05-02,12,0,0,Basic,Priority
CUST_00036,CUST_00036_C1,1,제조업,5-49인,2025-08-24,2025-08-24,2026-08-24,12,0,0,Basic,Standard
CUST_00037,CUST_00037_C1,1,IT/소프트웨어,5-49인,2024-02-27,2024-02-27,2025-02-27,12,0,0,Basic,Standard
CUST_00037,CUST_00037_C2,2,IT/소프트웨어,5-49인,2024-02-27,2025-02-28,2026-02-28,12,12,1,Basic,Standard
CUST_00038,CUST_00038_C1,1,IT/소프트웨어,5-49인,2026-02-14,2026-02-14,2027-02-14,12,0,0,Basic,Standard
CUST_00039,CUST_00039_C1,1,금융/보험,5-49인,2024-07-23,2024-07-23,2026-07-23,24,0,0,Basic,Standard
CUST_00039,CUST_00039_C2,2,금융/보험,5-49인,2024-07-23,2026-07-24,2029-07-24,36,24,1,Basic,Standard
CUST_00039,CUST_00039_C3,3,금융/보험,5-49인,2024-07-23,2029-07-25,2032-07-25,36,60,2,Basic,Priority
CUST_00040,CUST_00040_C1,1,제조업,5-49인,2022-10-20,2022-10-20,2023-10-20,12,0,0,Basic,Standard
CUST_00041,CUST_00041_C1,1,유통/커머스,5-49인,2023-11-15,2023-11-15,2026-11-15,36,0,0,Basic,Standard
CUST_00041,CUST_00041_C2,2,유통/커머스,5-49인,2023-11-15,2026-11-16,2028-11-16,24,36,1,Basic,Standard
CUST_00041,CUST_00041_C3,3,유통/커머스,5-49인,2023-11-15,2028-11-17,2029-11-17,12,60,2,Basic,Standard
CUST_00042,CUST_00042_C1,1,유통/커머스,5-49인,2024-11-04,2024-11-04,2027-11-04,36,0,0,Basic,Standard
CUST_00042,CUST_00042_C2,2,유통/커머스,5-49인,2024-11-04,2027-11-05,2030-11-05,36,36,1,Premium,Enterprise
CUST_00043,CUST_00043_C1,1,의료/헬스케어,5-49인,2026-06-17,2026-06-17,2027-06-17,12,0,0,Standard,Priority
CUST_00043,CUST_00043_C2,2,의료/헬스케어,5-49인,2026-06-17,2027-06-18,2030-06-18,36,12,1,Standard,Standard
CUST_00044,CUST_00044_C1,1,유통/커머스,50-299인,2025-05-09,2025-05-09,2026-05-09,12,0,0,Standard,Standard
CUST_00045,CUST_00045_C1,1,기타서비스업,5-49인,2023-12-30,2023-12-30,2024-12-30,12,0,0,Basic,Priority
CUST_00046,CUST_00046_C1,1,유통/커머스,5-49인,2025-09-08,2025-09-08,2026-09-08,12,0,0,Basic,Standard
CUST_00046,CUST_00046_C2,2,유통/커머스,5-49인,2025-09-08,2026-09-09,2028-09-09,24,12,1,Basic,Standard
CUST_00047,CUST_00047_C1,1,제조업,5-49인,2022-06-06,2022-06-06,2023-06-06,12,0,0,Basic,Standard
CUST_00048,CUST_00048_C1,1,IT/소프트웨어,5-49인,2024-12-12,2024-12-12,2026-12-12,24,0,0,Standard,Enterprise
CUST_00049,CUST_00049_C1,1,금융/보험,50-299인,2024-09-16,2024-09-16,2026-09-16,24,0,0,Standard,Enterprise
CUST_00049,CUST_00049_C2,2,금융/보험,50-299인,2024-09-16,2026-09-17,2029-09-17,36,24,1,Standard,Enterprise
CUST_00049,CUST_00049_C3,3,금융/보험,50-299인,2024-09-16,2029-09-18,2031-09-18,24,60,2,Standard,Standard
CUST_00050,CUST_00050_C1,1,유통/커머스,5-49인,2023-03-14,2023-03-14,2025-03-14,24,0,0,Basic,Priority
CUST_00050,CUST_00050_C2,2,유통/커머스,5-49인,2023-03-14,2025-03-15,2026-03-15,12,24,1,Basic,Priority
CUST_00051,CUST_00051_C1,1,물류/운송,5-49인,2025-05-23,2025-05-23,2026-05-23,12,0,0,Basic,Standard
CUST_00052,CUST_00052_C1,1,교육,5-49인,2025-05-18,2025-05-18,2027-05-18,24,0,0,Basic,Priority
CUST_00053,CUST_00053_C1,1,의료/헬스케어,5-49인,2026-06-18,2026-06-18,2028-06-18,24,0,0,Standard,Standard
CUST_00054,CUST_00054_C1,1,물류/운송,5-49인,2025-05-23,2025-05-23,2027-05-23,24,0,0,Basic,Priority
CUST_00055,CUST_00055_C1,1,제조업,300인이상,2024-01-25,2024-01-25,2026-01-25,24,0,0,Standard,Enterprise
CUST_00055,CUST_00055_C2,2,제조업,300인이상,2024-01-25,2026-01-26,2027-01-26,12,24,1,Standard,Priority
CUST_00055,CUST_00055_C3,3,제조업,300인이상,2024-01-25,2027-01-27,2029-01-27,24,36,2,Standard,Enterprise
CUST_00056,CUST_00056_C1,1,의료/헬스케어,5-49인,2022-07-26,2022-07-26,2023-07-26,12,0,0,Basic,Priority
CUST_00057,CUST_00057_C1,1,유통/커머스,5-49인,2025-10-21,2025-10-21,2026-10-21,12,0,0,Basic,Standard
CUST_00058,CUST_00058_C1,1,의료/헬스케어,5-49인,2021-10-18,2021-10-18,2022-10-18,12,0,0,Basic,Standard
CUST_00059,CUST_00059_C1,1,물류/운송,5-49인,2023-11-03,2023-11-03,2024-11-03,12,0,0,Basic,Priority
CUST_00059,CUST_00059_C2,2,물류/운송,5-49인,2023-11-03,2024-11-04,2025-11-04,12,12,1,Basic,Standard
CUST_00059,CUST_00059_C3,3,물류/운송,5-49인,2023-11-03,2025-11-05,2028-11-05,36,24,2,Basic,Standard
CUST_00060,CUST_00060_C1,1,제조업,5-49인,2023-04-14,2023-04-14,2026-04-14,36,0,0,Premium,Enterprise
CUST_00060,CUST_00060_C2,2,제조업,5-49인,2023-04-14,2026-04-15,2028-04-15,24,36,1,Premium,Enterprise
CUST_00061,CUST_00061_C1,1,제조업,5-49인,2025-05-06,2025-05-06,2026-05-06,12,0,0,Basic,Standard
CUST_00062,CUST_00062_C1,1,제조업,5-49인,2022-11-04,2022-11-04,2023-11-04,12,0,0,Basic,Standard
CUST_00063,CUST_00063_C1,1,IT/소프트웨어,5-49인,2024-11-13,2024-11-13,2025-11-13,12,0,0,Standard,Enterprise
CUST_00064,CUST_00064_C1,1,유통/커머스,5-49인,2026-04-23,2026-04-23,2028-04-23,24,0,0,Standard,Priority
CUST_00064,CUST_00064_C2,2,유통/커머스,5-49인,2026-04-23,2028-04-24,2029-04-24,12,24,1,Standard,Enterprise
CUST_00065,CUST_00065_C1,1,IT/소프트웨어,5-49인,2022-06-17,2022-06-17,2023-06-17,12,0,0,Basic,Priority
CUST_00066,CUST_00066_C1,1,금융/보험,5-49인,2024-08-09,2024-08-09,2025-08-09,12,0,0,Standard,Standard
CUST_00067,CUST_00067_C1,1,금융/보험,5-49인,2026-07-27,2026-07-27,2028-07-27,24,0,0,Standard,Priority
CUST_00068,CUST_00068_C1,1,유통/커머스,300인이상,2025-03-16,2025-03-16,2026-03-16,12,0,0,Standard,Standard
CUST_00069,CUST_00069_C1,1,교육,5-49인,2024-04-20,2024-04-20,2027-04-20,36,0,0,Standard,Priority
CUST_00069,CUST_00069_C2,2,교육,5-49인,2024-04-20,2027-04-21,2028-04-21,12,36,1,Standard,Enterprise
CUST_00070,CUST_00070_C1,1,금융/보험,5-49인,2024-08-04,2024-08-04,2025-08-04,12,0,0,Basic,Standard
CUST_00070,CUST_00070_C2,2,금융/보험,5-49인,2024-08-04,2025-08-05,2026-08-05,12,12,1,Basic,Standard
CUST_00070,CUST_00070_C3,3,금융/보험,5-49인,2024-08-04,2026-08-06,2028-08-06,24,24,2,Basic,Priority
CUST_00071,CUST_00071_C1,1,물류/운송,5-49인,2023-02-17,2023-02-17,2024-02-17,12,0,0,Basic,Standard
CUST_00071,CUST_00071_C2,2,물류/운송,5-49인,2023-02-17,2024-02-18,2025-02-18,12,12,1,Basic,Standard
CUST_00071,CUST_00071_C3,3,물류/운송,5-49인,2023-02-17,2025-02-19,2026-02-19,12,24,2,Basic,Standard
CUST_00072,CUST_00072_C1,1,금융/보험,5-49인,2024-09-02,2024-09-02,2025-09-02,12,0,0,Premium,Enterprise
CUST_00072,CUST_00072_C2,2,금융/보험,5-49인,2024-09-02,2025-09-03,2026-09-03,12,12,1,Premium,Standard
CUST_00072,CUST_00072_C3,3,금융/보험,5-49인,2024-09-02,2026-09-04,2029-09-04,36,24,2,Premium,Priority
CUST_00073,CUST_00073_C1,1,금융/보험,5-49인,2022-01-11,2022-01-11,2023-01-11,12,0,0,Basic,Standard
CUST_00074,CUST_00074_C1,1,유통/커머스,5-49인,2023-03-05,2023-03-05,2025-03-05,24,0,0,Basic,Standard
CUST_00074,CUST_00074_C2,2,유통/커머스,5-49인,2023-03-05,2025-03-06,2026-03-06,12,24,1,Basic,Standard
CUST_00075,CUST_00075_C1,1,물류/운송,5-49인,2022-12-11,2022-12-11,2024-12-11,24,0,0,Basic,Standard
CUST_00076,CUST_00076_C1,1,IT/소프트웨어,5-49인,2025-11-28,2025-11-28,2027-11-28,24,0,0,Basic,Standard
CUST_00077,CUST_00077_C1,1,제조업,50-299인,2025-03-22,2025-03-22,2027-03-22,24,0,0,Premium,Enterprise
CUST_00078,CUST_00078_C1,1,IT/소프트웨어,5-49인,2022-04-09,2022-04-09,2023-04-09,12,0,0,Basic,Standard
CUST_00079,CUST_00079_C1,1,제조업,5-49인,2026-05-11,2026-05-11,2027-05-11,12,0,0,Premium,Enterprise
CUST_00080,CUST_00080_C1,1,유통/커머스,5-49인,2024-12-03,2024-12-03,2025-12-03,12,0,0,Standard,Enterprise
CUST_00081,CUST_00081_C1,1,물류/운송,5-49인,2026-02-09,2026-02-09,2028-02-09,24,0,0,Basic,Standard
CUST_00082,CUST_00082_C1,1,금융/보험,5-49인,2024-12-09,2024-12-09,2026-12-09,24,0,0,Standard,Priority
CUST_00082,CUST_00082_C2,2,금융/보험,5-49인,2024-12-09,2026-12-10,2027-12-10,12,24,1,Standard,Standard
CUST_00083,CUST_00083_C1,1,IT/소프트웨어,5-49인,2023-05-29,2023-05-29,2024-05-29,12,0,0,Basic,Priority
CUST_00084,CUST_00084_C1,1,의료/헬스케어,50-299인,2025-05-20,2025-05-20,2027-05-20,24,0,0,Standard,Priority
CUST_00084,CUST_00084_C2,2,의료/헬스케어,50-299인,2025-05-20,2027-05-21,2028-05-21,12,24,1,Standard,Priority
CUST_00085,CUST_00085_C1,1,IT/소프트웨어,5-49인,2023-07-14,2023-07-14,2025-07-14,24,0,0,Basic,Standard
CUST_00085,CUST_00085_C2,2,IT/소프트웨어,5-49인,2023-07-14,2025-07-15,2027-07-15,24,24,1,Basic,Priority
CUST_00086,CUST_00086_C1,1,금융/보험,5-49인,2022-08-13,2022-08-13,2023-08-13,12,0,0,Basic,Standard
CUST_00087,CUST_00087_C1,1,교육,5-49인,2025-03-08,2025-03-08,2027-03-08,24,0,0,Standard,Priority
CUST_00087,CUST_00087_C2,2,교육,5-49인,2025-03-08,2027-03-09,2030-03-09,36,24,1,Standard,Priority
CUST_00088,CUST_00088_C1,1,금융/보험,5-49인,2025-03-27,2025-03-27,2026-03-27,12,0,0,Basic,Standard
CUST_00089,CUST_00089_C1,1,제조업,5-49인,2024-09-04,2024-09-04,2025-09-04,12,0,0,Standard,Priority
CUST_00089,CUST_00089_C2,2,제조업,5-49인,2024-09-04,2025-09-05,2026-09-05,12,12,1,Standard,Standard
CUST_00090,CUST_00090_C1,1,제조업,5-49인,2023-09-20,2023-09-20,2024-09-20,12,0,0,Basic,Standard
CUST_00091,CUST_00091_C1,1,물류/운송,50-299인,2024-05-17,2024-05-17,2027-05-17,36,0,0,Standard,Priority
CUST_00092,CUST_00092_C1,1,교육,300인이상,2025-03-28,2025-03-28,2028-03-28,36,0,0,Standard,Priority
CUST_00092,CUST_00092_C2,2,교육,300인이상,2025-03-28,2028-03-29,2031-03-29,36,36,1,Standard,Priority
CUST_00093,CUST_00093_C1,1,IT/소프트웨어,5-49인,2025-11-03,2025-11-03,2026-11-03,12,0,0,Basic,Priority
CUST_00094,CUST_00094_C1,1,제조업,5-49인,2023-08-22,2023-08-22,2026-08-22,36,0,0,Basic,Standard
CUST_00095,CUST_00095_C1,1,의료/헬스케어,5-49인,2026-05-15,2026-05-15,2027-05-15,12,0,0,Basic,Standard
CUST_00095,CUST_00095_C2,2,의료/헬스케어,5-49인,2026-05-15,2027-05-16,2028-05-16,12,12,1,Basic,Standard
CUST_00096,CUST_00096_C1,1,의료/헬스케어,5-49인,2024-07-14,2024-07-14,2026-07-14,24,0,0,Standard,Standard
CUST_00097,CUST_00097_C1,1,물류/운송,300인이상,2021-09-26,2021-09-26,2022-09-26,12,0,0,Premium,Enterprise
CUST_00098,CUST_00098_C1,1,제조업,5-49인,2022-02-21,2022-02-21,2025-02-21,36,0,0,Basic,Priority
CUST_00099,CUST_00099_C1,1,유통/커머스,5-49인,2025-06-07,2025-06-07,2026-06-07,12,0,0,Basic,Standard
CUST_00100,CUST_00100_C1,1,의료/헬스케어,5-49인,2024-09-01,2024-09-01,2026-09-01,24,0,0,Basic,Priority
CUST_00100,CUST_00100_C2,2,의료/헬스케어,5-49인,2024-09-01,2026-09-02,2028-09-02,24,24,1,Basic,Standard
CUST_00101,CUST_00101_C1,1,물류/운송,5-49인,2022-08-10,2022-08-10,2023-08-10,12,0,0,Standard,Priority
CUST_00102,CUST_00102_C1,1,유통/커머스,5-49인,2024-08-06,2024-08-06,2026-08-06,24,0,0,Standard,Priority
CUST_00103,CUST_00103_C1,1,유통/커머스,5-49인,2025-12-10,2025-12-10,2026-12-10,12,0,0,Basic,Standard
CUST_00103,CUST_00103_C2,2,유통/커머스,5-49인,2025-12-10,2026-12-11,2027-12-11,12,12,1,Basic,Priority
CUST_00103,CUST_00103_C3,3,유통/커머스,5-49인,2025-12-10,2027-12-12,2029-12-12,24,24,2,Basic,Standard
CUST_00104,CUST_00104_C1,1,유통/커머스,50-299인,2024-09-18,2024-09-18,2027-09-18,36,0,0,Standard,Priority
CUST_00105,CUST_00105_C1,1,교육,5-49인,2022-05-03,2022-05-03,2023-05-03,12,0,0,Basic,Standard
CUST_00105,CUST_00105_C2,2,교육,5-49인,2022-05-03,2023-05-04,2024-05-04,12,12,1,Basic,Standard
CUST_00106,CUST_00106_C1,1,IT/소프트웨어,5-49인,2022-09-10,2022-09-10,2024-09-10,24,0,0,Basic,Standard
CUST_00106,CUST_00106_C2,2,IT/소프트웨어,5-49인,2022-09-10,2024-09-11,2025-09-11,12,24,1,Basic,Priority
CUST_00106,CUST_00106_C3,3,IT/소프트웨어,5-49인,2022-09-10,2025-09-12,2027-09-12,24,36,2,Basic,Standard
CUST_00107,CUST_00107_C1,1,IT/소프트웨어,5-49인,2023-09-01,2023-09-01,2024-09-01,12,0,0,Basic,Standard
CUST_00108,CUST_00108_C1,1,IT/소프트웨어,5-49인,2024-11-01,2024-11-01,2025-11-01,12,0,0,Standard,Enterprise
CUST_00109,CUST_00109_C1,1,유통/커머스,50-299인,2026-02-22,2026-02-22,2027-02-22,12,0,0,Standard,Standard
CUST_00110,CUST_00110_C1,1,금융/보험,5-49인,2026-06-20,2026-06-20,2027-06-20,12,0,0,Standard,Priority
CUST_00111,CUST_00111_C1,1,유통/커머스,5-49인,2025-04-13,2025-04-13,2026-04-13,12,0,0,Basic,Priority
CUST_00111,CUST_00111_C2,2,유통/커머스,5-49인,2025-04-13,2026-04-14,2027-04-14,12,12,1,Basic,Standard
CUST_00111,CUST_00111_C3,3,유통/커머스,5-49인,2025-04-13,2027-04-15,2028-04-15,12,24,2,Basic,Standard
CUST_00112,CUST_00112_C1,1,물류/운송,5-49인,2022-04-19,2022-04-19,2023-04-19,12,0,0,Basic,Standard
CUST_00113,CUST_00113_C1,1,제조업,5-49인,2022-10-31,2022-10-31,2024-10-31,24,0,0,Premium,Priority
CUST_00113,CUST_00113_C2,2,제조업,5-49인,2022-10-31,2024-11-01,2026-11-01,24,25,1,Basic,Standard
CUST_00114,CUST_00114_C1,1,금융/보험,5-49인,2022-06-14,2022-06-14,2023-06-14,12,0,0,Basic,Standard
CUST_00114,CUST_00114_C2,2,금융/보험,5-49인,2022-06-14,2023-06-15,2025-06-15,24,12,1,Basic,Priority
CUST_00114,CUST_00114_C3,3,금융/보험,5-49인,2022-06-14,2025-06-16,2026-06-16,12,36,2,Basic,Priority
CUST_00115,CUST_00115_C1,1,제조업,5-49인,2026-04-19,2026-04-19,2027-04-19,12,0,0,Basic,Priority
CUST_00116,CUST_00116_C1,1,교육,50-299인,2025-10-14,2025-10-14,2027-10-14,24,0,0,Premium,Enterprise
CUST_00116,CUST_00116_C2,2,교육,50-299인,2025-10-14,2027-10-15,2028-10-15,12,24,1,Premium,Enterprise
CUST_00117,CUST_00117_C1,1,금융/보험,5-49인,2022-01-20,2022-01-20,2024-01-20,24,0,0,Basic,Standard
CUST_00117,CUST_00117_C2,2,금융/보험,5-49인,2022-01-20,2024-01-21,2025-01-21,12,24,1,Basic,Standard
CUST_00117,CUST_00117_C3,3,금융/보험,5-49인,2022-01-20,2025-01-22,2027-01-22,24,36,2,Basic,Standard
CUST_00118,CUST_00118_C1,1,제조업,50-299인,2022-01-08,2022-01-08,2024-01-08,24,0,0,Premium,Priority
CUST_00118,CUST_00118_C2,2,제조업,50-299인,2022-01-08,2024-01-09,2025-01-09,12,24,1,Premium,Enterprise
CUST_00118,CUST_00118_C3,3,제조업,50-299인,2022-01-08,2025-01-10,2026-01-10,12,36,2,Premium,Enterprise
CUST_00119,CUST_00119_C1,1,제조업,5-49인,2024-03-09,2024-03-09,2025-03-09,12,0,0,Basic,Standard
CUST_00119,CUST_00119_C2,2,제조업,5-49인,2024-03-09,2025-03-10,2026-03-10,12,12,1,Basic,Enterprise
CUST_00120,CUST_00120_C1,1,금융/보험,5-49인,2024-04-24,2024-04-24,2026-04-24,24,0,0,Basic,Priority
CUST_00121,CUST_00121_C1,1,제조업,5-49인,2023-09-28,2023-09-28,2024-09-28,12,0,0,Basic,Standard
CUST_00122,CUST_00122_C1,1,제조업,5-49인,2023-01-02,2023-01-02,2025-01-02,24,0,0,Basic,Enterprise
CUST_00123,CUST_00123_C1,1,금융/보험,5-49인,2025-03-07,2025-03-07,2027-03-07,24,0,0,Basic,Standard
CUST_00124,CUST_00124_C1,1,금융/보험,5-49인,2022-04-21,2022-04-21,2024-04-21,24,0,0,Basic,Priority
CUST_00124,CUST_00124_C2,2,금융/보험,5-49인,2022-04-21,2024-04-22,2026-04-22,24,24,1,Basic,Standard
CUST_00124,CUST_00124_C3,3,금융/보험,5-49인,2022-04-21,2026-04-23,2027-04-23,12,48,2,Basic,Priority
CUST_00125,CUST_00125_C1,1,유통/커머스,5-49인,2023-01-11,2023-01-11,2024-01-11,12,0,0,Basic,Priority
CUST_00126,CUST_00126_C1,1,기타서비스업,5-49인,2023-05-21,2023-05-21,2024-05-21,12,0,0,Basic,Standard
CUST_00126,CUST_00126_C2,2,기타서비스업,5-49인,2023-05-21,2024-05-22,2026-05-22,24,12,1,Basic,Standard
CUST_00127,CUST_00127_C1,1,IT/소프트웨어,5-49인,2022-08-14,2022-08-14,2024-08-14,24,0,0,Standard,Priority
CUST_00127,CUST_00127_C2,2,IT/소프트웨어,5-49인,2022-08-14,2024-08-15,2026-08-15,24,24,1,Standard,Standard
CUST_00128,CUST_00128_C1,1,유통/커머스,5-49인,2021-10-16,2021-10-16,2022-10-16,12,0,0,Basic,Standard
CUST_00128,CUST_00128_C2,2,유통/커머스,5-49인,2021-10-16,2022-10-17,2023-10-17,12,12,1,Basic,Standard
CUST_00129,CUST_00129_C1,1,유통/커머스,5-49인,2026-06-10,2026-06-10,2027-06-10,12,0,0,Premium,Standard
CUST_00130,CUST_00130_C1,1,기타서비스업,50-299인,2022-07-22,2022-07-22,2023-07-22,12,0,0,Premium,Enterprise
CUST_00131,CUST_00131_C1,1,제조업,5-49인,2022-01-26,2022-01-26,2024-01-26,24,0,0,Basic,Standard
CUST_00132,CUST_00132_C1,1,유통/커머스,50-299인,2023-07-14,2023-07-14,2024-07-14,12,0,0,Basic,Standard
CUST_00132,CUST_00132_C2,2,유통/커머스,50-299인,2023-07-14,2024-07-15,2026-07-15,24,12,1,Basic,Standard
CUST_00133,CUST_00133_C1,1,금융/보험,5-49인,2021-12-29,2021-12-29,2022-12-29,12,0,0,Basic,Priority
CUST_00134,CUST_00134_C1,1,제조업,5-49인,2023-11-07,2023-11-07,2024-11-07,12,0,0,Standard,Standard
CUST_00135,CUST_00135_C1,1,IT/소프트웨어,5-49인,2025-09-24,2025-09-24,2027-09-24,24,0,0,Basic,Priority
CUST_00135,CUST_00135_C2,2,IT/소프트웨어,5-49인,2025-09-24,2027-09-25,2028-09-25,12,24,1,Basic,Standard
CUST_00135,CUST_00135_C3,3,IT/소프트웨어,5-49인,2025-09-24,2028-09-26,2029-09-26,12,36,2,Basic,Standard
CUST_00136,CUST_00136_C1,1,금융/보험,50-299인,2022-04-20,2022-04-20,2024-04-20,24,0,0,Standard,Priority
CUST_00137,CUST_00137_C1,1,의료/헬스케어,5-49인,2025-09-30,2025-09-30,2026-09-30,12,0,0,Basic,Standard
CUST_00137,CUST_00137_C2,2,의료/헬스케어,5-49인,2025-09-30,2026-10-01,2027-10-01,12,13,1,Basic,Standard
CUST_00138,CUST_00138_C1,1,금융/보험,50-299인,2021-11-26,2021-11-26,2024-11-26,36,0,0,Standard,Priority
CUST_00139,CUST_00139_C1,1,유통/커머스,5-49인,2025-01-27,2025-01-27,2027-01-27,24,0,0,Basic,Standard
CUST_00140,CUST_00140_C1,1,제조업,5-49인,2021-10-10,2021-10-10,2022-10-10,12,0,0,Basic,Standard
CUST_00141,CUST_00141_C1,1,의료/헬스케어,5-49인,2024-08-25,2024-08-25,2025-08-25,12,0,0,Basic,Standard
CUST_00142,CUST_00142_C1,1,유통/커머스,5-49인,2026-03-25,2026-03-25,2029-03-25,36,0,0,Premium,Standard
CUST_00143,CUST_00143_C1,1,물류/운송,5-49인,2023-04-20,2023-04-20,2024-04-20,12,0,0,Basic,Standard
CUST_00144,CUST_00144_C1,1,IT/소프트웨어,5-49인,2026-07-23,2026-07-23,2027-07-23,12,0,0,Standard,Priority
CUST_00145,CUST_00145_C1,1,기타서비스업,5-49인,2022-06-24,2022-06-24,2024-06-24,24,0,0,Basic,Priority
CUST_00145,CUST_00145_C2,2,기타서비스업,5-49인,2022-06-24,2024-06-25,2025-06-25,12,24,1,Basic,Standard
CUST_00145,CUST_00145_C3,3,기타서비스업,5-49인,2022-06-24,2025-06-26,2027-06-26,24,36,2,Basic,Standard
CUST_00146,CUST_00146_C1,1,금융/보험,50-299인,2022-08-21,2022-08-21,2023-08-21,12,0,0,Premium,Standard
CUST_00146,CUST_00146_C2,2,금융/보험,50-299인,2022-08-21,2023-08-22,2025-08-22,24,12,1,Premium,Enterprise
CUST_00146,CUST_00146_C3,3,금융/보험,50-299인,2022-08-21,2025-08-23,2026-08-23,12,36,2,Premium,Enterprise
CUST_00147,CUST_00147_C1,1,물류/운송,5-49인,2022-10-06,2022-10-06,2023-10-06,12,0,0,Basic,Standard
CUST_00148,CUST_00148_C1,1,제조업,5-49인,2025-07-27,2025-07-27,2028-07-27,36,0,0,Standard,Standard
CUST_00148,CUST_00148_C2,2,제조업,5-49인,2025-07-27,2028-07-28,2030-07-28,24,36,1,Standard,Standard
CUST_00148,CUST_00148_C3,3,제조업,5-49인,2025-07-27,2030-07-29,2031-07-29,12,60,2,Standard,Standard
CUST_00149,CUST_00149_C1,1,제조업,50-299인,2024-04-26,2024-04-26,2025-04-26,12,0,0,Basic,Standard
CUST_00149,CUST_00149_C2,2,제조업,50-299인,2024-04-26,2025-04-27,2027-04-27,24,12,1,Basic,Standard
CUST_00149,CUST_00149_C3,3,제조업,50-299인,2024-04-26,2027-04-28,2029-04-28,24,36,2,Basic,Standard
CUST_00150,CUST_00150_C1,1,유통/커머스,5-49인,2023-06-17,2023-06-17,2024-06-17,12,0,0,Premium,Priority
CUST_00150,CUST_00150_C2,2,유통/커머스,5-49인,2023-06-17,2024-06-18,2025-06-18,12,12,1,Premium,Priority
CUST_00150,CUST_00150_C3,3,유통/커머스,5-49인,2023-06-17,2025-06-19,2027-06-19,24,24,2,Premium,Enterprise
CUST_00151,CUST_00151_C1,1,교육,5-49인,2022-07-25,2022-07-25,2024-07-25,24,0,0,Basic,Standard
CUST_00151,CUST_00151_C2,2,교육,5-49인,2022-07-25,2024-07-26,2025-07-26,12,24,1,Basic,Standard
CUST_00152,CUST_00152_C1,1,물류/운송,5-49인,2024-02-02,2024-02-02,2026-02-02,24,0,0,Standard,Standard
CUST_00153,CUST_00153_C1,1,제조업,50-299인,2023-01-29,2023-01-29,2026-01-29,36,0,0,Standard,Enterprise
CUST_00154,CUST_00154_C1,1,제조업,5-49인,2021-11-11,2021-11-11,2022-11-11,12,0,0,Standard,Standard
CUST_00155,CUST_00155_C1,1,IT/소프트웨어,50-299인,2023-01-18,2023-01-18,2024-01-18,12,0,0,Premium,Priority
CUST_00155,CUST_00155_C2,2,IT/소프트웨어,50-299인,2023-01-18,2024-01-19,2026-01-19,24,12,1,Premium,Priority
CUST_00156,CUST_00156_C1,1,IT/소프트웨어,5-49인,2022-09-30,2022-09-30,2023-09-30,12,0,0,Basic,Standard
CUST_00156,CUST_00156_C2,2,IT/소프트웨어,5-49인,2022-09-30,2023-10-01,2024-10-01,12,13,1,Basic,Standard
CUST_00156,CUST_00156_C3,3,IT/소프트웨어,5-49인,2022-09-30,2024-10-02,2025-10-02,12,25,2,Basic,Standard
CUST_00157,CUST_00157_C1,1,제조업,5-49인,2022-05-12,2022-05-12,2023-05-12,12,0,0,Basic,Standard
CUST_00158,CUST_00158_C1,1,IT/소프트웨어,5-49인,2023-02-23,2023-02-23,2025-02-23,24,0,0,Basic,Standard
CUST_00159,CUST_00159_C1,1,물류/운송,5-49인,2022-09-07,2022-09-07,2023-09-07,12,0,0,Standard,Priority
CUST_00160,CUST_00160_C1,1,유통/커머스,50-299인,2022-07-25,2022-07-25,2023-07-25,12,0,0,Basic,Standard
CUST_00161,CUST_00161_C1,1,금융/보험,5-49인,2024-02-22,2024-02-22,2027-02-22,36,0,0,Basic,Standard
CUST_00161,CUST_00161_C2,2,금융/보험,5-49인,2024-02-22,2027-02-23,2028-02-23,12,36,1,Basic,Standard
CUST_00161,CUST_00161_C3,3,금융/보험,5-49인,2024-02-22,2028-02-24,2029-02-24,12,48,2,Basic,Priority
CUST_00162,CUST_00162_C1,1,제조업,5-49인,2022-07-08,2022-07-08,2024-07-08,24,0,0,Standard,Priority
CUST_00163,CUST_00163_C1,1,제조업,5-49인,2025-10-03,2025-10-03,2026-10-03,12,0,0,Basic,Standard
CUST_00164,CUST_00164_C1,1,의료/헬스케어,5-49인,2022-01-13,2022-01-13,2023-01-13,12,0,0,Basic,Standard
CUST_00165,CUST_00165_C1,1,금융/보험,5-49인,2022-10-29,2022-10-29,2023-10-29,12,0,0,Basic,Standard
CUST_00166,CUST_00166_C1,1,유통/커머스,5-49인,2022-03-01,2022-03-01,2024-03-01,24,0,0,Basic,Priority
CUST_00167,CUST_00167_C1,1,금융/보험,5-49인,2022-01-04,2022-01-04,2024-01-04,24,0,0,Basic,Standard
CUST_00168,CUST_00168_C1,1,제조업,5-49인,2023-08-07,2023-08-07,2024-08-07,12,0,0,Basic,Standard
CUST_00168,CUST_00168_C2,2,제조업,5-49인,2023-08-07,2024-08-08,2025-08-08,12,12,1,Basic,Standard
CUST_00168,CUST_00168_C3,3,제조업,5-49인,2023-08-07,2025-08-09,2026-08-09,12,24,2,Basic,Standard
CUST_00169,CUST_00169_C1,1,IT/소프트웨어,5-49인,2025-06-19,2025-06-19,2027-06-19,24,0,0,Basic,Standard
CUST_00170,CUST_00170_C1,1,물류/운송,5-49인,2026-04-27,2026-04-27,2027-04-27,12,0,0,Basic,Standard
CUST_00170,CUST_00170_C2,2,물류/운송,5-49인,2026-04-27,2027-04-28,2029-04-28,24,12,1,Basic,Standard
CUST_00171,CUST_00171_C1,1,기타서비스업,5-49인,2025-03-16,2025-03-16,2026-03-16,12,0,0,Basic,Standard
CUST_00171,CUST_00171_C2,2,기타서비스업,5-49인,2025-03-16,2026-03-17,2027-03-17,12,12,1,Basic,Standard
CUST_00171,CUST_00171_C3,3,기타서비스업,5-49인,2025-03-16,2027-03-18,2028-03-18,12,24,2,Basic,Standard
CUST_00172,CUST_00172_C1,1,제조업,5-49인,2022-07-13,2022-07-13,2025-07-13,36,0,0,Basic,Standard
CUST_00173,CUST_00173_C1,1,유통/커머스,50-299인,2024-12-12,2024-12-12,2026-12-12,24,0,0,Standard,Priority
CUST_00174,CUST_00174_C1,1,IT/소프트웨어,5-49인,2026-01-10,2026-01-10,2029-01-10,36,0,0,Basic,Standard
CUST_00174,CUST_00174_C2,2,IT/소프트웨어,5-49인,2026-01-10,2029-01-11,2032-01-11,36,36,1,Basic,Standard
CUST_00174,CUST_00174_C3,3,IT/소프트웨어,5-49인,2026-01-10,2032-01-12,2033-01-12,12,72,2,Basic,Standard
CUST_00175,CUST_00175_C1,1,IT/소프트웨어,5-49인,2025-08-02,2025-08-02,2026-08-02,12,0,0,Basic,Standard
CUST_00175,CUST_00175_C2,2,IT/소프트웨어,5-49인,2025-08-02,2026-08-03,2028-08-03,24,12,1,Basic,Priority
CUST_00176,CUST_00176_C1,1,IT/소프트웨어,5-49인,2022-03-20,2022-03-20,2025-03-20,36,0,0,Basic,Standard
CUST_00177,CUST_00177_C1,1,IT/소프트웨어,5-49인,2024-06-02,2024-06-02,2025-06-02,12,0,0,Basic,Standard
CUST_00178,CUST_00178_C1,1,제조업,5-49인,2022-05-27,2022-05-27,2023-05-27,12,0,0,Basic,Standard
CUST_00178,CUST_00178_C2,2,제조업,5-49인,2022-05-27,2023-05-28,2024-05-28,12,12,1,Basic,Standard
CUST_00179,CUST_00179_C1,1,물류/운송,5-49인,2023-06-05,2023-06-05,2024-06-05,12,0,0,Basic,Standard
CUST_00180,CUST_00180_C1,1,제조업,5-49인,2021-12-06,2021-12-06,2022-12-06,12,0,0,Basic,Standard
CUST_00181,CUST_00181_C1,1,IT/소프트웨어,5-49인,2025-04-02,2025-04-02,2026-04-02,12,0,0,Basic,Standard
CUST_00182,CUST_00182_C1,1,IT/소프트웨어,300인이상,2022-08-04,2022-08-04,2025-08-04,36,0,0,Standard,Standard
CUST_00182,CUST_00182_C2,2,IT/소프트웨어,300인이상,2022-08-04,2025-08-05,2027-08-05,24,36,1,Standard,Standard
CUST_00183,CUST_00183_C1,1,제조업,5-49인,2026-06-27,2026-06-27,2028-06-27,24,0,0,Premium,Priority
CUST_00183,CUST_00183_C2,2,제조업,5-49인,2026-06-27,2028-06-28,2029-06-28,12,24,1,Premium,Enterprise
CUST_00184,CUST_00184_C1,1,유통/커머스,5-49인,2025-04-30,2025-04-30,2026-04-30,12,0,0,Basic,Standard
CUST_00185,CUST_00185_C1,1,기타서비스업,5-49인,2026-03-09,2026-03-09,2027-03-09,12,0,0,Standard,Standard
CUST_00186,CUST_00186_C1,1,기타서비스업,5-49인,2025-07-08,2025-07-08,2026-07-08,12,0,0,Basic,Enterprise
CUST_00187,CUST_00187_C1,1,IT/소프트웨어,5-49인,2026-07-09,2026-07-09,2027-07-09,12,0,0,Basic,Standard
CUST_00188,CUST_00188_C1,1,교육,5-49인,2024-05-29,2024-05-29,2025-05-29,12,0,0,Basic,Standard
CUST_00188,CUST_00188_C2,2,교육,5-49인,2024-05-29,2025-05-30,2026-05-30,12,12,1,Basic,Standard
CUST_00189,CUST_00189_C1,1,금융/보험,5-49인,2025-03-04,2025-03-04,2027-03-04,24,0,0,Basic,Standard
CUST_00190,CUST_00190_C1,1,물류/운송,5-49인,2024-06-07,2024-06-07,2025-06-07,12,0,0,Basic,Standard
CUST_00191,CUST_00191_C1,1,제조업,5-49인,2021-12-18,2021-12-18,2023-12-18,24,0,0,Basic,Standard
CUST_00192,CUST_00192_C1,1,제조업,5-49인,2025-03-16,2025-03-16,2026-03-16,12,0,0,Basic,Standard
CUST_00193,CUST_00193_C1,1,물류/운송,5-49인,2024-01-15,2024-01-15,2025-01-15,12,0,0,Standard,Priority
CUST_00193,CUST_00193_C2,2,물류/운송,5-49인,2024-01-15,2025-01-16,2026-01-16,12,12,1,Standard,Standard
CUST_00193,CUST_00193_C3,3,물류/운송,5-49인,2024-01-15,2026-01-17,2028-01-17,24,24,2,Standard,Enterprise
CUST_00194,CUST_00194_C1,1,교육,50-299인,2022-11-08,2022-11-08,2025-11-08,36,0,0,Premium,Enterprise
CUST_00195,CUST_00195_C1,1,물류/운송,50-299인,2023-06-10,2023-06-10,2024-06-10,12,0,0,Standard,Standard
CUST_00195,CUST_00195_C2,2,물류/운송,50-299인,2023-06-10,2024-06-11,2025-06-11,12,12,1,Standard,Standard
CUST_00196,CUST_00196_C1,1,유통/커머스,5-49인,2024-11-04,2024-11-04,2025-11-04,12,0,0,Basic,Priority
CUST_00197,CUST_00197_C1,1,물류/운송,5-49인,2026-06-14,2026-06-14,2027-06-14,12,0,0,Basic,Priority
CUST_00197,CUST_00197_C2,2,물류/운송,5-49인,2026-06-14,2027-06-15,2029-06-15,24,12,1,Basic,Standard
CUST_00197,CUST_00197_C3,3,물류/운송,5-49인,2026-06-14,2029-06-16,2031-06-16,24,36,2,Basic,Priority
CUST_00198,CUST_00198_C1,1,IT/소프트웨어,5-49인,2024-07-16,2024-07-16,2025-07-16,12,0,0,Basic,Standard
CUST_00199,CUST_00199_C1,1,유통/커머스,5-49인,2026-06-04,2026-06-04,2027-06-04,12,0,0,Basic,Standard
CUST_00199,CUST_00199_C2,2,유통/커머스,5-49인,2026-06-04,2027-06-05,2028-06-05,12,12,1,Basic,Priority
CUST_00199,CUST_00199_C3,3,유통/커머스,5-49인,2026-06-04,2028-06-06,2029-06-06,12,24,2,Basic,Priority
CUST_00200,CUST_00200_C1,1,IT/소프트웨어,5-49인,2025-10-23,2025-10-23,2026-10-23,12,0,0,Basic,Standard
CUST_00200,CUST_00200_C2,2,IT/소프트웨어,5-49인,2025-10-23,2026-10-24,2027-10-24,12,12,1,Basic,Standard
CUST_00201,CUST_00201_C1,1,물류/운송,5-49인,2026-05-10,2026-05-10,2028-05-10,24,0,0,Basic,Enterprise
CUST_00202,CUST_00202_C1,1,의료/헬스케어,5-49인,2026-03-09,2026-03-09,2028-03-09,24,0,0,Standard,Standard
CUST_00202,CUST_00202_C2,2,의료/헬스케어,5-49인,2026-03-09,2028-03-10,2030-03-10,24,24,1,Standard,Standard
CUST_00203,CUST_00203_C1,1,IT/소프트웨어,50-299인,2024-10-14,2024-10-14,2025-10-14,12,0,0,Standard,Priority
CUST_00204,CUST_00204_C1,1,IT/소프트웨어,5-49인,2024-07-01,2024-07-01,2025-07-01,12,0,0,Basic,Standard
CUST_00205,CUST_00205_C1,1,교육,5-49인,2024-03-02,2024-03-02,2025-03-02,12,0,0,Basic,Standard
CUST_00206,CUST_00206_C1,1,유통/커머스,5-49인,2022-01-02,2022-01-02,2023-01-02,12,0,0,Basic,Standard
CUST_00206,CUST_00206_C2,2,유통/커머스,5-49인,2022-01-02,2023-01-03,2024-01-03,12,12,1,Basic,Enterprise
CUST_00206,CUST_00206_C3,3,유통/커머스,5-49인,2022-01-02,2024-01-04,2025-01-04,12,24,2,Basic,Standard
CUST_00207,CUST_00207_C1,1,유통/커머스,5-49인,2026-03-02,2026-03-02,2028-03-02,24,0,0,Basic,Standard
CUST_00208,CUST_00208_C1,1,금융/보험,5-49인,2023-01-15,2023-01-15,2025-01-15,24,0,0,Basic,Standard
CUST_00208,CUST_00208_C2,2,금융/보험,5-49인,2023-01-15,2025-01-16,2026-01-16,12,24,1,Basic,Standard
CUST_00208,CUST_00208_C3,3,금융/보험,5-49인,2023-01-15,2026-01-17,2027-01-17,12,36,2,Basic,Standard
CUST_00209,CUST_00209_C1,1,IT/소프트웨어,5-49인,2025-01-12,2025-01-12,2026-01-12,12,0,0,Standard,Standard
CUST_00210,CUST_00210_C1,1,물류/운송,5-49인,2023-07-14,2023-07-14,2024-07-14,12,0,0,Standard,Priority
CUST_00211,CUST_00211_C1,1,유통/커머스,50-299인,2023-09-11,2023-09-11,2026-09-11,36,0,0,Basic,Standard
CUST_00212,CUST_00212_C1,1,의료/헬스케어,50-299인,2024-11-23,2024-11-23,2027-11-23,36,0,0,Basic,Priority
CUST_00213,CUST_00213_C1,1,유통/커머스,50-299인,2023-08-10,2023-08-10,2026-08-10,36,0,0,Premium,Priority
CUST_00214,CUST_00214_C1,1,제조업,5-49인,2021-09-26,2021-09-26,2022-09-26,12,0,0,Basic,Standard
CUST_00215,CUST_00215_C1,1,물류/운송,5-49인,2022-07-07,2022-07-07,2023-07-07,12,0,0,Basic,Standard
CUST_00215,CUST_00215_C2,2,물류/운송,5-49인,2022-07-07,2023-07-08,2025-07-08,24,12,1,Basic,Priority
CUST_00216,CUST_00216_C1,1,유통/커머스,5-49인,2022-02-26,2022-02-26,2024-02-26,24,0,0,Standard,Priority
CUST_00216,CUST_00216_C2,2,유통/커머스,5-49인,2022-02-26,2024-02-27,2025-02-27,12,24,1,Standard,Priority
CUST_00216,CUST_00216_C3,3,유통/커머스,5-49인,2022-02-26,2025-02-28,2027-02-28,24,36,2,Standard,Standard
CUST_00217,CUST_00217_C1,1,금융/보험,5-49인,2022-11-03,2022-11-03,2023-11-03,12,0,0,Basic,Standard
CUST_00217,CUST_00217_C2,2,금융/보험,5-49인,2022-11-03,2023-11-04,2025-11-04,24,12,1,Basic,Standard
CUST_00218,CUST_00218_C1,1,IT/소프트웨어,5-49인,2025-06-30,2025-06-30,2026-06-30,12,0,0,Standard,Enterprise
CUST_00219,CUST_00219_C1,1,교육,5-49인,2024-09-10,2024-09-10,2026-09-10,24,0,0,Basic,Priority
CUST_00220,CUST_00220_C1,1,제조업,5-49인,2025-01-02,2025-01-02,2026-01-02,12,0,0,Basic,Standard
CUST_00221,CUST_00221_C1,1,물류/운송,5-49인,2023-02-14,2023-02-14,2025-02-14,24,0,0,Basic,Standard
CUST_00222,CUST_00222_C1,1,IT/소프트웨어,5-49인,2025-06-29,2025-06-29,2028-06-29,36,0,0,Basic,Standard
CUST_00223,CUST_00223_C1,1,교육,5-49인,2026-03-23,2026-03-23,2028-03-23,24,0,0,Basic,Standard
CUST_00223,CUST_00223_C2,2,교육,5-49인,2026-03-23,2028-03-24,2029-03-24,12,24,1,Basic,Priority
CUST_00224,CUST_00224_C1,1,기타서비스업,50-299인,2024-11-26,2024-11-26,2026-11-26,24,0,0,Basic,Standard
CUST_00224,CUST_00224_C2,2,기타서비스업,50-299인,2024-11-26,2026-11-27,2027-11-27,12,24,1,Basic,Standard
CUST_00225,CUST_00225_C1,1,유통/커머스,5-49인,2022-08-08,2022-08-08,2023-08-08,12,0,0,Basic,Standard
CUST_00225,CUST_00225_C2,2,유통/커머스,5-49인,2022-08-08,2023-08-09,2025-08-09,24,12,1,Basic,Standard
CUST_00226,CUST_00226_C1,1,기타서비스업,5-49인,2025-05-28,2025-05-28,2027-05-28,24,0,0,Basic,Standard
CUST_00227,CUST_00227_C1,1,IT/소프트웨어,5-49인,2024-07-20,2024-07-20,2025-07-20,12,0,0,Basic,Standard
CUST_00228,CUST_00228_C1,1,제조업,5-49인,2026-04-16,2026-04-16,2027-04-16,12,0,0,Basic,Priority
CUST_00229,CUST_00229_C1,1,제조업,5-49인,2025-12-31,2025-12-31,2026-12-31,12,0,0,Basic,Standard
CUST_00230,CUST_00230_C1,1,물류/운송,50-299인,2025-03-29,2025-03-29,2026-03-29,12,0,0,Standard,Enterprise
CUST_00231,CUST_00231_C1,1,유통/커머스,5-49인,2024-08-08,2024-08-08,2025-08-08,12,0,0,Standard,Priority
CUST_00232,CUST_00232_C1,1,제조업,5-49인,2023-05-20,2023-05-20,2024-05-20,12,0,0,Premium,Enterprise
CUST_00233,CUST_00233_C1,1,유통/커머스,5-49인,2023-10-11,2023-10-11,2025-10-11,24,0,0,Standard,Priority
CUST_00234,CUST_00234_C1,1,기타서비스업,5-49인,2025-12-12,2025-12-12,2026-12-12,12,0,0,Basic,Standard
CUST_00234,CUST_00234_C2,2,기타서비스업,5-49인,2025-12-12,2026-12-13,2029-12-13,36,12,1,Basic,Standard
CUST_00235,CUST_00235_C1,1,유통/커머스,5-49인,2024-12-20,2024-12-20,2026-12-20,24,0,0,Basic,Standard
CUST_00236,CUST_00236_C1,1,IT/소프트웨어,5-49인,2025-07-17,2025-07-17,2028-07-17,36,0,0,Premium,Priority
CUST_00237,CUST_00237_C1,1,물류/운송,5-49인,2025-11-16,2025-11-16,2027-11-16,24,0,0,Standard,Priority
CUST_00237,CUST_00237_C2,2,물류/운송,5-49인,2025-11-16,2027-11-17,2030-11-17,36,24,1,Standard,Priority
CUST_00238,CUST_00238_C1,1,금융/보험,5-49인,2022-11-02,2022-11-02,2024-11-02,24,0,0,Standard,Priority
CUST_00238,CUST_00238_C2,2,금융/보험,5-49인,2022-11-02,2024-11-03,2025-11-03,12,24,1,Standard,Priority
CUST_00239,CUST_00239_C1,1,IT/소프트웨어,50-299인,2022-10-31,2022-10-31,2024-10-31,24,0,0,Basic,Standard
CUST_00240,CUST_00240_C1,1,의료/헬스케어,5-49인,2022-11-01,2022-11-01,2024-11-01,24,0,0,Basic,Standard
CUST_00241,CUST_00241_C1,1,IT/소프트웨어,5-49인,2022-09-20,2022-09-20,2025-09-20,36,0,0,Basic,Standard
CUST_00242,CUST_00242_C1,1,제조업,5-49인,2023-02-18,2023-02-18,2025-02-18,24,0,0,Basic,Standard
CUST_00242,CUST_00242_C2,2,제조업,5-49인,2023-02-18,2025-02-19,2026-02-19,12,24,1,Basic,Standard
CUST_00243,CUST_00243_C1,1,금융/보험,5-49인,2023-10-26,2023-10-26,2025-10-26,24,0,0,Basic,Priority
CUST_00244,CUST_00244_C1,1,기타서비스업,5-49인,2022-03-02,2022-03-02,2024-03-02,24,0,0,Basic,Standard
CUST_00244,CUST_00244_C2,2,기타서비스업,5-49인,2022-03-02,2024-03-03,2025-03-03,12,24,1,Basic,Standard
CUST_00245,CUST_00245_C1,1,IT/소프트웨어,5-49인,2022-08-30,2022-08-30,2023-08-30,12,0,0,Basic,Standard
CUST_00246,CUST_00246_C1,1,제조업,5-49인,2023-12-27,2023-12-27,2024-12-27,12,0,0,Standard,Standard
CUST_00246,CUST_00246_C2,2,제조업,5-49인,2023-12-27,2024-12-28,2025-12-28,12,12,1,Standard,Priority
CUST_00247,CUST_00247_C1,1,물류/운송,5-49인,2021-10-22,2021-10-22,2022-10-22,12,0,0,Basic,Standard
CUST_00247,CUST_00247_C2,2,물류/운송,5-49인,2021-10-22,2022-10-23,2024-10-23,24,12,1,Basic,Standard
CUST_00248,CUST_00248_C1,1,제조업,5-49인,2024-11-04,2024-11-04,2026-11-04,24,0,0,Basic,Standard
CUST_00249,CUST_00249_C1,1,의료/헬스케어,50-299인,2022-02-24,2022-02-24,2023-02-24,12,0,0,Standard,Priority
CUST_00250,CUST_00250_C1,1,IT/소프트웨어,50-299인,2026-07-06,2026-07-06,2027-07-06,12,0,0,Premium,Priority
CUST_00251,CUST_00251_C1,1,금융/보험,5-49인,2021-11-12,2021-11-12,2023-11-12,24,0,0,Basic,Standard
CUST_00251,CUST_00251_C2,2,금융/보험,5-49인,2021-11-12,2023-11-13,2024-11-13,12,24,1,Basic,Standard
CUST_00252,CUST_00252_C1,1,제조업,5-49인,2023-07-17,2023-07-17,2024-07-17,12,0,0,Basic,Standard
CUST_00253,CUST_00253_C1,1,기타서비스업,5-49인,2021-12-28,2021-12-28,2022-12-28,12,0,0,Basic,Standard
CUST_00253,CUST_00253_C2,2,기타서비스업,5-49인,2021-12-28,2022-12-29,2024-12-29,24,12,1,Basic,Priority
CUST_00254,CUST_00254_C1,1,교육,5-49인,2023-01-11,2023-01-11,2024-01-11,12,0,0,Basic,Standard
CUST_00255,CUST_00255_C1,1,유통/커머스,5-49인,2023-02-13,2023-02-13,2024-02-13,12,0,0,Standard,Enterprise
CUST_00256,CUST_00256_C1,1,IT/소프트웨어,5-49인,2026-08-03,2026-08-03,2027-08-03,12,0,0,Standard,Priority
CUST_00256,CUST_00256_C2,2,IT/소프트웨어,5-49인,2026-08-03,2027-08-04,2029-08-04,24,12,1,Standard,Priority
CUST_00257,CUST_00257_C1,1,IT/소프트웨어,5-49인,2025-10-01,2025-10-01,2026-10-01,12,0,0,Standard,Priority
CUST_00257,CUST_00257_C2,2,IT/소프트웨어,5-49인,2025-10-01,2026-10-02,2028-10-02,24,12,1,Standard,Standard
CUST_00258,CUST_00258_C1,1,IT/소프트웨어,5-49인,2025-07-28,2025-07-28,2026-07-28,12,0,0,Basic,Standard
CUST_00259,CUST_00259_C1,1,IT/소프트웨어,5-49인,2024-09-17,2024-09-17,2026-09-17,24,0,0,Basic,Standard
CUST_00259,CUST_00259_C2,2,IT/소프트웨어,5-49인,2024-09-17,2026-09-18,2028-09-18,24,24,1,Basic,Standard
CUST_00260,CUST_00260_C1,1,의료/헬스케어,5-49인,2024-01-29,2024-01-29,2025-01-29,12,0,0,Standard,Priority
CUST_00261,CUST_00261_C1,1,제조업,5-49인,2023-03-06,2023-03-06,2024-03-06,12,0,0,Basic,Priority
CUST_00261,CUST_00261_C2,2,제조업,5-49인,2023-03-06,2024-03-07,2025-03-07,12,12,1,Basic,Standard
CUST_00261,CUST_00261_C3,3,제조업,5-49인,2023-03-06,2025-03-08,2026-03-08,12,24,2,Basic,Standard
CUST_00262,CUST_00262_C1,1,기타서비스업,5-49인,2023-03-21,2023-03-21,2024-03-21,12,0,0,Premium,Enterprise
CUST_00263,CUST_00263_C1,1,기타서비스업,300인이상,2022-01-15,2022-01-15,2024-01-15,24,0,0,Standard,Priority
CUST_00263,CUST_00263_C2,2,기타서비스업,300인이상,2022-01-15,2024-01-16,2027-01-16,36,24,1,Standard,Priority
CUST_00264,CUST_00264_C1,1,물류/운송,5-49인,2025-05-06,2025-05-06,2026-05-06,12,0,0,Basic,Standard
CUST_00265,CUST_00265_C1,1,IT/소프트웨어,5-49인,2025-06-23,2025-06-23,2026-06-23,12,0,0,Standard,Priority
CUST_00266,CUST_00266_C1,1,유통/커머스,5-49인,2026-08-11,2026-08-11,2028-08-11,24,0,0,Basic,Standard
CUST_00266,CUST_00266_C2,2,유통/커머스,5-49인,2026-08-11,2028-08-12,2030-08-12,24,24,1,Basic,Priority
CUST_00266,CUST_00266_C3,3,유통/커머스,5-49인,2026-08-11,2030-08-13,2031-08-13,12,48,2,Basic,Standard
CUST_00267,CUST_00267_C1,1,IT/소프트웨어,5-49인,2025-03-22,2025-03-22,2027-03-22,24,0,0,Basic,Priority
CUST_00267,CUST_00267_C2,2,IT/소프트웨어,5-49인,2025-03-22,2027-03-23,2028-03-23,12,24,1,Basic,Standard
CUST_00268,CUST_00268_C1,1,제조업,300인이상,2023-08-24,2023-08-24,2024-08-24,12,0,0,Basic,Priority
CUST_00268,CUST_00268_C2,2,제조업,300인이상,2023-08-24,2024-08-25,2026-08-25,24,12,1,Basic,Priority
CUST_00269,CUST_00269_C1,1,IT/소프트웨어,5-49인,2025-08-14,2025-08-14,2027-08-14,24,0,0,Basic,Standard
CUST_00269,CUST_00269_C2,2,IT/소프트웨어,5-49인,2025-08-14,2027-08-15,2028-08-15,12,24,1,Basic,Priority
CUST_00269,CUST_00269_C3,3,IT/소프트웨어,5-49인,2025-08-14,2028-08-16,2030-08-16,24,36,2,Basic,Priority
CUST_00270,CUST_00270_C1,1,금융/보험,50-299인,2024-11-23,2024-11-23,2027-11-23,36,0,0,Standard,Enterprise
CUST_00270,CUST_00270_C2,2,금융/보험,50-299인,2024-11-23,2027-11-24,2029-11-24,24,36,1,Standard,Standard
CUST_00271,CUST_00271_C1,1,제조업,5-49인,2025-09-18,2025-09-18,2026-09-18,12,0,0,Standard,Priority
CUST_00271,CUST_00271_C2,2,제조업,5-49인,2025-09-18,2026-09-19,2027-09-19,12,12,1,Standard,Standard
CUST_00272,CUST_00272_C1,1,금융/보험,5-49인,2024-03-22,2024-03-22,2026-03-22,24,0,0,Standard,Enterprise
CUST_00273,CUST_00273_C1,1,금융/보험,50-299인,2024-01-21,2024-01-21,2027-01-21,36,0,0,Basic,Priority
CUST_00273,CUST_00273_C2,2,금융/보험,50-299인,2024-01-21,2027-01-22,2029-01-22,24,36,1,Basic,Standard
CUST_00274,CUST_00274_C1,1,제조업,50-299인,2026-02-20,2026-02-20,2028-02-20,24,0,0,Standard,Standard
CUST_00275,CUST_00275_C1,1,교육,5-49인,2024-08-09,2024-08-09,2026-08-09,24,0,0,Standard,Priority
CUST_00276,CUST_00276_C1,1,유통/커머스,5-49인,2022-04-04,2022-04-04,2024-04-04,24,0,0,Basic,Standard
CUST_00277,CUST_00277_C1,1,물류/운송,5-49인,2023-02-24,2023-02-24,2024-02-24,12,0,0,Basic,Standard
CUST_00277,CUST_00277_C2,2,물류/운송,5-49인,2023-02-24,2024-02-25,2026-02-25,24,12,1,Basic,Priority
CUST_00278,CUST_00278_C1,1,교육,5-49인,2026-04-24,2026-04-24,2027-04-24,12,0,0,Basic,Standard
CUST_00278,CUST_00278_C2,2,교육,5-49인,2026-04-24,2027-04-25,2028-04-25,12,12,1,Basic,Standard
CUST_00279,CUST_00279_C1,1,금융/보험,5-49인,2024-07-29,2024-07-29,2025-07-29,12,0,0,Basic,Priority
CUST_00280,CUST_00280_C1,1,제조업,5-49인,2023-01-21,2023-01-21,2024-01-21,12,0,0,Basic,Standard
CUST_00280,CUST_00280_C2,2,제조업,5-49인,2023-01-21,2024-01-22,2027-01-22,36,12,1,Basic,Standard
CUST_00281,CUST_00281_C1,1,IT/소프트웨어,5-49인,2022-06-13,2022-06-13,2023-06-13,12,0,0,Standard,Enterprise
CUST_00282,CUST_00282_C1,1,금융/보험,50-299인,2023-08-22,2023-08-22,2025-08-22,24,0,0,Basic,Standard
CUST_00283,CUST_00283_C1,1,제조업,5-49인,2022-01-17,2022-01-17,2023-01-17,12,0,0,Basic,Priority
CUST_00284,CUST_00284_C1,1,제조업,5-49인,2023-10-23,2023-10-23,2024-10-23,12,0,0,Standard,Priority
CUST_00284,CUST_00284_C2,2,제조업,5-49인,2023-10-23,2024-10-24,2025-10-24,12,12,1,Standard,Standard
CUST_00285,CUST_00285_C1,1,금융/보험,5-49인,2024-05-10,2024-05-10,2026-05-10,24,0,0,Basic,Standard
CUST_00285,CUST_00285_C2,2,금융/보험,5-49인,2024-05-10,2026-05-11,2029-05-11,36,24,1,Basic,Standard
CUST_00286,CUST_00286_C1,1,기타서비스업,5-49인,2025-02-16,2025-02-16,2026-02-16,12,0,0,Basic,Standard
CUST_00287,CUST_00287_C1,1,제조업,5-49인,2022-12-01,2022-12-01,2025-12-01,36,0,0,Premium,Enterprise
CUST_00288,CUST_00288_C1,1,유통/커머스,5-49인,2023-04-22,2023-04-22,2026-04-22,36,0,0,Standard,Enterprise
CUST_00288,CUST_00288_C2,2,유통/커머스,5-49인,2023-04-22,2026-04-23,2027-04-23,12,36,1,Standard,Priority
CUST_00288,CUST_00288_C3,3,유통/커머스,5-49인,2023-04-22,2027-04-24,2029-04-24,24,48,2,Standard,Priority
CUST_00289,CUST_00289_C1,1,IT/소프트웨어,5-49인,2023-09-30,2023-09-30,2024-09-30,12,0,0,Standard,Priority
CUST_00289,CUST_00289_C2,2,IT/소프트웨어,5-49인,2023-09-30,2024-10-01,2025-10-01,12,13,1,Standard,Standard
CUST_00289,CUST_00289_C3,3,IT/소프트웨어,5-49인,2023-09-30,2025-10-02,2027-10-02,24,25,2,Standard,Priority
CUST_00290,CUST_00290_C1,1,의료/헬스케어,5-49인,2023-07-19,2023-07-19,2026-07-19,36,0,0,Standard,Standard
CUST_00291,CUST_00291_C1,1,유통/커머스,5-49인,2024-01-18,2024-01-18,2025-01-18,12,0,0,Standard,Priority
CUST_00291,CUST_00291_C2,2,유통/커머스,5-49인,2024-01-18,2025-01-19,2027-01-19,24,12,1,Standard,Standard
CUST_00291,CUST_00291_C3,3,유통/커머스,5-49인,2024-01-18,2027-01-20,2028-01-20,12,36,2,Standard,Standard
CUST_00292,CUST_00292_C1,1,금융/보험,5-49인,2024-04-26,2024-04-26,2025-04-26,12,0,0,Standard,Priority
CUST_00292,CUST_00292_C2,2,금융/보험,5-49인,2024-04-26,2025-04-27,2028-04-27,36,12,1,Standard,Priority
CUST_00292,CUST_00292_C3,3,금융/보험,5-49인,2024-04-26,2028-04-28,2030-04-28,24,48,2,Standard,Enterprise
CUST_00293,CUST_00293_C1,1,금융/보험,5-49인,2025-02-28,2025-02-28,2027-02-28,24,0,0,Standard,Enterprise
CUST_00294,CUST_00294_C1,1,금융/보험,5-49인,2023-06-23,2023-06-23,2024-06-23,12,0,0,Basic,Standard
CUST_00295,CUST_00295_C1,1,IT/소프트웨어,5-49인,2023-04-19,2023-04-19,2024-04-19,12,0,0,Basic,Standard
CUST_00296,CUST_00296_C1,1,제조업,5-49인,2024-08-23,2024-08-23,2025-08-23,12,0,0,Basic,Standard
CUST_00297,CUST_00297_C1,1,IT/소프트웨어,5-49인,2022-10-18,2022-10-18,2023-10-18,12,0,0,Basic,Standard
CUST_00298,CUST_00298_C1,1,IT/소프트웨어,50-299인,2025-03-17,2025-03-17,2027-03-17,24,0,0,Standard,Priority
CUST_00298,CUST_00298_C2,2,IT/소프트웨어,50-299인,2025-03-17,2027-03-18,2028-03-18,12,24,1,Standard,Priority
CUST_00299,CUST_00299_C1,1,제조업,5-49인,2024-03-19,2024-03-19,2025-03-19,12,0,0,Standard,Enterprise
CUST_00299,CUST_00299_C2,2,제조업,5-49인,2024-03-19,2025-03-20,2026-03-20,12,12,1,Standard,Standard
CUST_00299,CUST_00299_C3,3,제조업,5-49인,2024-03-19,2026-03-21,2029-03-21,36,24,2,Standard,Priority
CUST_00300,CUST_00300_C1,1,유통/커머스,5-49인,2025-01-05,2025-01-05,2026-01-05,12,0,0,Basic,Enterprise
CUST_00301,CUST_00301_C1,1,의료/헬스케어,5-49인,2025-12-20,2025-12-20,2027-12-20,24,0,0,Basic,Standard
CUST_00302,CUST_00302_C1,1,교육,5-49인,2026-07-08,2026-07-08,2027-07-08,12,0,0,Basic,Standard
CUST_00303,CUST_00303_C1,1,물류/운송,50-299인,2026-04-21,2026-04-21,2027-04-21,12,0,0,Basic,Standard
CUST_00303,CUST_00303_C2,2,물류/운송,50-299인,2026-04-21,2027-04-22,2028-04-22,12,12,1,Basic,Standard
CUST_00304,CUST_00304_C1,1,금융/보험,5-49인,2022-10-14,2022-10-14,2023-10-14,12,0,0,Basic,Standard
CUST_00305,CUST_00305_C1,1,금융/보험,5-49인,2024-07-07,2024-07-07,2027-07-07,36,0,0,Basic,Standard
CUST_00306,CUST_00306_C1,1,물류/운송,5-49인,2024-06-24,2024-06-24,2025-06-24,12,0,0,Basic,Standard
CUST_00307,CUST_00307_C1,1,IT/소프트웨어,5-49인,2025-11-10,2025-11-10,2028-11-10,36,0,0,Basic,Standard
CUST_00308,CUST_00308_C1,1,금융/보험,50-299인,2024-03-09,2024-03-09,2025-03-09,12,0,0,Premium,Enterprise
CUST_00308,CUST_00308_C2,2,금융/보험,50-299인,2024-03-09,2025-03-10,2028-03-10,36,12,1,Premium,Priority
CUST_00309,CUST_00309_C1,1,기타서비스업,50-299인,2023-09-14,2023-09-14,2024-09-14,12,0,0,Basic,Standard
CUST_00309,CUST_00309_C2,2,기타서비스업,50-299인,2023-09-14,2024-09-15,2027-09-15,36,12,1,Basic,Standard
CUST_00310,CUST_00310_C1,1,IT/소프트웨어,5-49인,2026-03-14,2026-03-14,2027-03-14,12,0,0,Standard,Priority
CUST_00310,CUST_00310_C2,2,IT/소프트웨어,5-49인,2026-03-14,2027-03-15,2029-03-15,24,12,1,Standard,Enterprise
CUST_00310,CUST_00310_C3,3,IT/소프트웨어,5-49인,2026-03-14,2029-03-16,2031-03-16,24,36,2,Standard,Priority
CUST_00311,CUST_00311_C1,1,유통/커머스,5-49인,2024-08-17,2024-08-17,2025-08-17,12,0,0,Basic,Standard
CUST_00312,CUST_00312_C1,1,교육,5-49인,2023-04-16,2023-04-16,2024-04-16,12,0,0,Standard,Enterprise
CUST_00313,CUST_00313_C1,1,제조업,5-49인,2021-10-19,2021-10-19,2023-10-19,24,0,0,Standard,Standard
CUST_00314,CUST_00314_C1,1,금융/보험,5-49인,2021-10-15,2021-10-15,2022-10-15,12,0,0,Basic,Standard
CUST_00315,CUST_00315_C1,1,교육,5-49인,2023-02-09,2023-02-09,2024-02-09,12,0,0,Basic,Standard
CUST_00316,CUST_00316_C1,1,유통/커머스,5-49인,2023-03-03,2023-03-03,2024-03-03,12,0,0,Basic,Priority
CUST_00317,CUST_00317_C1,1,의료/헬스케어,5-49인,2024-03-30,2024-03-30,2025-03-30,12,0,0,Standard,Enterprise
CUST_00318,CUST_00318_C1,1,물류/운송,5-49인,2025-05-02,2025-05-02,2027-05-02,24,0,0,Basic,Standard
CUST_00319,CUST_00319_C1,1,유통/커머스,5-49인,2024-09-19,2024-09-19,2026-09-19,24,0,0,Basic,Priority
CUST_00319,CUST_00319_C2,2,유통/커머스,5-49인,2024-09-19,2026-09-20,2028-09-20,24,24,1,Basic,Standard
CUST_00320,CUST_00320_C1,1,제조업,50-299인,2023-11-23,2023-11-23,2025-11-23,24,0,0,Basic,Standard
CUST_00320,CUST_00320_C2,2,제조업,50-299인,2023-11-23,2025-11-24,2026-11-24,12,24,1,Standard,Priority
CUST_00320,CUST_00320_C3,3,제조업,50-299인,2023-11-23,2026-11-25,2027-11-25,12,36,2,Standard,Priority
CUST_00321,CUST_00321_C1,1,유통/커머스,5-49인,2021-12-20,2021-12-20,2023-12-20,24,0,0,Standard,Standard
CUST_00322,CUST_00322_C1,1,금융/보험,5-49인,2026-08-20,2026-08-20,2028-08-20,24,0,0,Basic,Standard
CUST_00322,CUST_00322_C2,2,금융/보험,5-49인,2026-08-20,2028-08-21,2030-08-21,24,24,1,Basic,Standard
CUST_00322,CUST_00322_C3,3,금융/보험,5-49인,2026-08-20,2030-08-22,2033-08-22,36,48,2,Basic,Standard
CUST_00323,CUST_00323_C1,1,교육,5-49인,2024-09-02,2024-09-02,2026-09-02,24,0,0,Basic,Standard
CUST_00324,CUST_00324_C1,1,물류/운송,5-49인,2023-05-17,2023-05-17,2024-05-17,12,0,0,Basic,Standard
CUST_00325,CUST_00325_C1,1,금융/보험,50-299인,2024-12-14,2024-12-14,2025-12-14,12,0,0,Basic,Priority
CUST_00326,CUST_00326_C1,1,제조업,5-49인,2023-04-18,2023-04-18,2024-04-18,12,0,0,Basic,Standard
CUST_00327,CUST_00327_C1,1,IT/소프트웨어,300인이상,2024-01-18,2024-01-18,2025-01-18,12,0,0,Premium,Enterprise
CUST_00328,CUST_00328_C1,1,기타서비스업,5-49인,2021-12-24,2021-12-24,2023-12-24,24,0,0,Basic,Standard
CUST_00328,CUST_00328_C2,2,기타서비스업,5-49인,2021-12-24,2023-12-25,2026-12-25,36,24,1,Basic,Standard
CUST_00329,CUST_00329_C1,1,제조업,50-299인,2021-09-22,2021-09-22,2024-09-22,36,0,0,Basic,Priority
CUST_00330,CUST_00330_C1,1,제조업,5-49인,2026-08-19,2026-08-19,2027-08-19,12,0,0,Basic,Standard
CUST_00330,CUST_00330_C2,2,제조업,5-49인,2026-08-19,2027-08-20,2028-08-20,12,12,1,Basic,Standard
CUST_00330,CUST_00330_C3,3,제조업,5-49인,2026-08-19,2028-08-21,2030-08-21,24,24,2,Basic,Standard
CUST_00331,CUST_00331_C1,1,금융/보험,5-49인,2023-06-30,2023-06-30,2025-06-30,24,0,0,Standard,Priority
CUST_00332,CUST_00332_C1,1,유통/커머스,5-49인,2025-07-05,2025-07-05,2027-07-05,24,0,0,Standard,Priority
CUST_00333,CUST_00333_C1,1,금융/보험,5-49인,2025-09-29,2025-09-29,2026-09-29,12,0,0,Standard,Priority
CUST_00334,CUST_00334_C1,1,물류/운송,50-299인,2023-04-02,2023-04-02,2025-04-02,24,0,0,Standard,Priority
CUST_00335,CUST_00335_C1,1,교육,50-299인,2025-07-01,2025-07-01,2027-07-01,24,0,0,Standard,Enterprise
CUST_00336,CUST_00336_C1,1,기타서비스업,50-299인,2022-09-03,2022-09-03,2025-09-03,36,0,0,Standard,Standard
CUST_00337,CUST_00337_C1,1,IT/소프트웨어,50-299인,2022-05-10,2022-05-10,2023-05-10,12,0,0,Basic,Standard
CUST_00338,CUST_00338_C1,1,제조업,300인이상,2024-09-15,2024-09-15,2026-09-15,24,0,0,Premium,Enterprise
CUST_00339,CUST_00339_C1,1,IT/소프트웨어,50-299인,2025-10-08,2025-10-08,2026-10-08,12,0,0,Basic,Standard
CUST_00339,CUST_00339_C2,2,IT/소프트웨어,50-299인,2025-10-08,2026-10-09,2028-10-09,24,12,1,Basic,Standard
CUST_00340,CUST_00340_C1,1,IT/소프트웨어,5-49인,2021-12-31,2021-12-31,2022-12-31,12,0,0,Basic,Standard
CUST_00341,CUST_00341_C1,1,기타서비스업,5-49인,2026-05-08,2026-05-08,2027-05-08,12,0,0,Basic,Priority
CUST_00342,CUST_00342_C1,1,제조업,5-49인,2021-12-11,2021-12-11,2022-12-11,12,0,0,Basic,Standard
CUST_00343,CUST_00343_C1,1,교육,5-49인,2023-02-22,2023-02-22,2024-02-22,12,0,0,Basic,Priority
CUST_00344,CUST_00344_C1,1,금융/보험,50-299인,2024-08-04,2024-08-04,2025-08-04,12,0,0,Premium,Priority
CUST_00344,CUST_00344_C2,2,금융/보험,50-299인,2024-08-04,2025-08-05,2026-08-05,12,12,1,Premium,Standard
CUST_00345,CUST_00345_C1,1,물류/운송,5-49인,2023-03-26,2023-03-26,2024-03-26,12,0,0,Basic,Standard
CUST_00346,CUST_00346_C1,1,제조업,5-49인,2022-10-25,2022-10-25,2025-10-25,36,0,0,Basic,Priority
CUST_00347,CUST_00347_C1,1,교육,5-49인,2024-06-03,2024-06-03,2025-06-03,12,0,0,Basic,Standard
CUST_00348,CUST_00348_C1,1,제조업,5-49인,2026-07-13,2026-07-13,2027-07-13,12,0,0,Standard,Priority
CUST_00349,CUST_00349_C1,1,IT/소프트웨어,5-49인,2025-02-11,2025-02-11,2026-02-11,12,0,0,Basic,Priority
CUST_00350,CUST_00350_C1,1,제조업,5-49인,2024-04-24,2024-04-24,2025-04-24,12,0,0,Standard,Standard
CUST_00351,CUST_00351_C1,1,교육,5-49인,2021-11-10,2021-11-10,2022-11-10,12,0,0,Basic,Standard
CUST_00352,CUST_00352_C1,1,IT/소프트웨어,5-49인,2025-01-10,2025-01-10,2026-01-10,12,0,0,Standard,Priority
CUST_00353,CUST_00353_C1,1,제조업,5-49인,2026-03-11,2026-03-11,2028-03-11,24,0,0,Basic,Standard
CUST_00354,CUST_00354_C1,1,제조업,5-49인,2026-03-31,2026-03-31,2028-03-31,24,0,0,Basic,Priority
CUST_00355,CUST_00355_C1,1,IT/소프트웨어,5-49인,2022-10-01,2022-10-01,2023-10-01,12,0,0,Basic,Standard
CUST_00355,CUST_00355_C2,2,IT/소프트웨어,5-49인,2022-10-01,2023-10-02,2026-10-02,36,12,1,Basic,Standard
CUST_00356,CUST_00356_C1,1,물류/운송,5-49인,2026-06-12,2026-06-12,2027-06-12,12,0,0,Standard,Priority
CUST_00357,CUST_00357_C1,1,금융/보험,5-49인,2024-02-14,2024-02-14,2026-02-14,24,0,0,Basic,Standard
CUST_00357,CUST_00357_C2,2,금융/보험,5-49인,2024-02-14,2026-02-15,2027-02-15,12,24,1,Basic,Standard
CUST_00358,CUST_00358_C1,1,금융/보험,5-49인,2026-02-24,2026-02-24,2027-02-24,12,0,0,Standard,Enterprise
CUST_00359,CUST_00359_C1,1,금융/보험,5-49인,2022-04-09,2022-04-09,2023-04-09,12,0,0,Standard,Priority
CUST_00360,CUST_00360_C1,1,IT/소프트웨어,5-49인,2026-05-05,2026-05-05,2027-05-05,12,0,0,Basic,Standard
CUST_00360,CUST_00360_C2,2,IT/소프트웨어,5-49인,2026-05-05,2027-05-06,2028-05-06,12,12,1,Basic,Standard
CUST_00360,CUST_00360_C3,3,IT/소프트웨어,5-49인,2026-05-05,2028-05-07,2029-05-07,12,24,2,Basic,Standard
CUST_00361,CUST_00361_C1,1,의료/헬스케어,5-49인,2022-12-06,2022-12-06,2024-12-06,24,0,0,Basic,Priority
CUST_00362,CUST_00362_C1,1,유통/커머스,300인이상,2023-06-28,2023-06-28,2024-06-28,12,0,0,Premium,Priority
CUST_00363,CUST_00363_C1,1,금융/보험,5-49인,2025-06-24,2025-06-24,2026-06-24,12,0,0,Basic,Standard
CUST_00364,CUST_00364_C1,1,금융/보험,5-49인,2025-12-31,2025-12-31,2027-12-31,24,0,0,Standard,Standard
CUST_00364,CUST_00364_C2,2,금융/보험,5-49인,2025-12-31,2028-01-01,2029-01-01,12,25,1,Standard,Standard
CUST_00365,CUST_00365_C1,1,기타서비스업,5-49인,2025-08-25,2025-08-25,2028-08-25,36,0,0,Basic,Priority
CUST_00365,CUST_00365_C2,2,기타서비스업,5-49인,2025-08-25,2028-08-26,2030-08-26,24,36,1,Basic,Priority
CUST_00365,CUST_00365_C3,3,기타서비스업,5-49인,2025-08-25,2030-08-27,2031-08-27,12,60,2,Basic,Priority
CUST_00366,CUST_00366_C1,1,기타서비스업,5-49인,2024-09-05,2024-09-05,2025-09-05,12,0,0,Basic,Standard
CUST_00366,CUST_00366_C2,2,기타서비스업,5-49인,2024-09-05,2025-09-06,2027-09-06,24,12,1,Basic,Standard
CUST_00367,CUST_00367_C1,1,의료/헬스케어,5-49인,2022-09-22,2022-09-22,2024-09-22,24,0,0,Basic,Standard
CUST_00368,CUST_00368_C1,1,제조업,5-49인,2025-06-03,2025-06-03,2027-06-03,24,0,0,Basic,Standard
CUST_00369,CUST_00369_C1,1,의료/헬스케어,5-49인,2025-11-12,2025-11-12,2026-11-12,12,0,0,Basic,Standard
CUST_00369,CUST_00369_C2,2,의료/헬스케어,5-49인,2025-11-12,2026-11-13,2028-11-13,24,12,1,Basic,Priority
CUST_00369,CUST_00369_C3,3,의료/헬스케어,5-49인,2025-11-12,2028-11-14,2029-11-14,12,36,2,Basic,Priority
CUST_00370,CUST_00370_C1,1,유통/커머스,5-49인,2025-02-21,2025-02-21,2027-02-21,24,0,0,Basic,Priority
CUST_00371,CUST_00371_C1,1,IT/소프트웨어,5-49인,2024-04-24,2024-04-24,2025-04-24,12,0,0,Standard,Priority
CUST_00372,CUST_00372_C1,1,IT/소프트웨어,5-49인,2022-10-09,2022-10-09,2024-10-09,24,0,0,Basic,Priority
CUST_00372,CUST_00372_C2,2,IT/소프트웨어,5-49인,2022-10-09,2024-10-10,2025-10-10,12,24,1,Basic,Enterprise
CUST_00373,CUST_00373_C1,1,물류/운송,5-49인,2021-10-09,2021-10-09,2022-10-09,12,0,0,Basic,Standard
CUST_00373,CUST_00373_C2,2,물류/운송,5-49인,2021-10-09,2022-10-10,2023-10-10,12,12,1,Basic,Priority
CUST_00374,CUST_00374_C1,1,IT/소프트웨어,5-49인,2026-08-14,2026-08-14,2028-08-14,24,0,0,Basic,Standard
CUST_00374,CUST_00374_C2,2,IT/소프트웨어,5-49인,2026-08-14,2028-08-15,2029-08-15,12,24,1,Basic,Priority
CUST_00374,CUST_00374_C3,3,IT/소프트웨어,5-49인,2026-08-14,2029-08-16,2031-08-16,24,36,2,Basic,Priority
CUST_00375,CUST_00375_C1,1,물류/운송,5-49인,2023-08-31,2023-08-31,2025-08-31,24,0,0,Standard,Priority
CUST_00375,CUST_00375_C2,2,물류/운송,5-49인,2023-08-31,2025-09-01,2028-09-01,36,25,1,Standard,Priority
CUST_00375,CUST_00375_C3,3,물류/운송,5-49인,2023-08-31,2028-09-02,2029-09-02,12,61,2,Standard,Priority
CUST_00376,CUST_00376_C1,1,IT/소프트웨어,5-49인,2022-07-12,2022-07-12,2024-07-12,24,0,0,Basic,Standard
CUST_00376,CUST_00376_C2,2,IT/소프트웨어,5-49인,2022-07-12,2024-07-13,2025-07-13,12,24,1,Basic,Standard
CUST_00376,CUST_00376_C3,3,IT/소프트웨어,5-49인,2022-07-12,2025-07-14,2026-07-14,12,36,2,Basic,Standard
CUST_00377,CUST_00377_C1,1,제조업,5-49인,2025-10-10,2025-10-10,2027-10-10,24,0,0,Basic,Standard
CUST_00378,CUST_00378_C1,1,유통/커머스,5-49인,2025-06-02,2025-06-02,2026-06-02,12,0,0,Basic,Standard
CUST_00378,CUST_00378_C2,2,유통/커머스,5-49인,2025-06-02,2026-06-03,2029-06-03,36,12,1,Basic,Priority
CUST_00378,CUST_00378_C3,3,유통/커머스,5-49인,2025-06-02,2029-06-04,2031-06-04,24,48,2,Basic,Standard
CUST_00379,CUST_00379_C1,1,물류/운송,5-49인,2023-01-28,2023-01-28,2024-01-28,12,0,0,Basic,Standard
CUST_00380,CUST_00380_C1,1,의료/헬스케어,50-299인,2022-08-13,2022-08-13,2025-08-13,36,0,0,Basic,Priority
CUST_00380,CUST_00380_C2,2,의료/헬스케어,50-299인,2022-08-13,2025-08-14,2027-08-14,24,36,1,Basic,Enterprise
CUST_00381,CUST_00381_C1,1,기타서비스업,50-299인,2024-07-16,2024-07-16,2025-07-16,12,0,0,Basic,Enterprise
CUST_00382,CUST_00382_C1,1,금융/보험,5-49인,2023-03-18,2023-03-18,2026-03-18,36,0,0,Basic,Standard
CUST_00382,CUST_00382_C2,2,금융/보험,5-49인,2023-03-18,2026-03-19,2027-03-19,12,36,1,Basic,Priority
CUST_00383,CUST_00383_C1,1,유통/커머스,50-299인,2025-12-26,2025-12-26,2026-12-26,12,0,0,Standard,Enterprise
CUST_00383,CUST_00383_C2,2,유통/커머스,50-299인,2025-12-26,2026-12-27,2028-12-27,24,12,1,Standard,Priority
CUST_00383,CUST_00383_C3,3,유통/커머스,50-299인,2025-12-26,2028-12-28,2031-12-28,36,36,2,Standard,Priority
CUST_00384,CUST_00384_C1,1,제조업,5-49인,2023-11-21,2023-11-21,2024-11-21,12,0,0,Basic,Standard
CUST_00385,CUST_00385_C1,1,유통/커머스,5-49인,2022-09-06,2022-09-06,2023-09-06,12,0,0,Basic,Priority
CUST_00385,CUST_00385_C2,2,유통/커머스,5-49인,2022-09-06,2023-09-07,2024-09-07,12,12,1,Basic,Standard
CUST_00386,CUST_00386_C1,1,금융/보험,5-49인,2025-11-10,2025-11-10,2026-11-10,12,0,0,Basic,Standard
CUST_00387,CUST_00387_C1,1,제조업,5-49인,2021-12-11,2021-12-11,2022-12-11,12,0,0,Basic,Priority
CUST_00387,CUST_00387_C2,2,제조업,5-49인,2021-12-11,2022-12-12,2024-12-12,24,12,1,Basic,Standard
CUST_00388,CUST_00388_C1,1,물류/운송,50-299인,2022-04-03,2022-04-03,2024-04-03,24,0,0,Standard,Standard
CUST_00388,CUST_00388_C2,2,물류/운송,50-299인,2022-04-03,2024-04-04,2025-04-04,12,24,1,Standard,Standard
CUST_00389,CUST_00389_C1,1,IT/소프트웨어,5-49인,2021-12-07,2021-12-07,2023-12-07,24,0,0,Basic,Standard
CUST_00389,CUST_00389_C2,2,IT/소프트웨어,5-49인,2021-12-07,2023-12-08,2024-12-08,12,24,1,Basic,Standard
CUST_00390,CUST_00390_C1,1,유통/커머스,5-49인,2023-01-18,2023-01-18,2025-01-18,24,0,0,Basic,Standard
CUST_00391,CUST_00391_C1,1,IT/소프트웨어,5-49인,2022-12-31,2022-12-31,2023-12-31,12,0,0,Basic,Standard
CUST_00392,CUST_00392_C1,1,기타서비스업,5-49인,2024-12-05,2024-12-05,2025-12-05,12,0,0,Basic,Standard
CUST_00393,CUST_00393_C1,1,교육,5-49인,2026-04-30,2026-04-30,2027-04-30,12,0,0,Basic,Standard
CUST_00394,CUST_00394_C1,1,교육,5-49인,2025-09-26,2025-09-26,2026-09-26,12,0,0,Standard,Standard
CUST_00395,CUST_00395_C1,1,제조업,5-49인,2025-07-08,2025-07-08,2027-07-08,24,0,0,Basic,Standard
CUST_00396,CUST_00396_C1,1,제조업,5-49인,2025-04-21,2025-04-21,2027-04-21,24,0,0,Basic,Standard
CUST_00397,CUST_00397_C1,1,IT/소프트웨어,50-299인,2023-03-19,2023-03-19,2025-03-19,24,0,0,Standard,Priority
CUST_00398,CUST_00398_C1,1,물류/운송,5-49인,2022-08-10,2022-08-10,2024-08-10,24,0,0,Basic,Standard
CUST_00398,CUST_00398_C2,2,물류/운송,5-49인,2022-08-10,2024-08-11,2025-08-11,12,24,1,Basic,Standard
CUST_00399,CUST_00399_C1,1,IT/소프트웨어,5-49인,2022-05-10,2022-05-10,2023-05-10,12,0,0,Standard,Priority
CUST_00399,CUST_00399_C2,2,IT/소프트웨어,5-49인,2022-05-10,2023-05-11,2024-05-11,12,12,1,Standard,Standard
CUST_00399,CUST_00399_C3,3,IT/소프트웨어,5-49인,2022-05-10,2024-05-12,2026-05-12,24,24,2,Standard,Standard
CUST_00400,CUST_00400_C1,1,IT/소프트웨어,5-49인,2021-11-10,2021-11-10,2023-11-10,24,0,0,Basic,Standard
CUST_00400,CUST_00400_C2,2,IT/소프트웨어,5-49인,2021-11-10,2023-11-11,2024-11-11,12,24,1,Basic,Standard
CUST_00401,CUST_00401_C1,1,교육,5-49인,2022-06-04,2022-06-04,2025-06-04,36,0,0,Basic,Priority
CUST_00402,CUST_00402_C1,1,물류/운송,5-49인,2025-07-03,2025-07-03,2027-07-03,24,0,0,Standard,Priority
CUST_00402,CUST_00402_C2,2,물류/운송,5-49인,2025-07-03,2027-07-04,2029-07-04,24,24,1,Standard,Priority
CUST_00403,CUST_00403_C1,1,금융/보험,50-299인,2023-01-30,2023-01-30,2025-01-30,24,0,0,Premium,Standard
CUST_00403,CUST_00403_C2,2,금융/보험,50-299인,2023-01-30,2025-01-31,2026-01-31,12,24,1,Premium,Priority
CUST_00404,CUST_00404_C1,1,의료/헬스케어,5-49인,2023-07-17,2023-07-17,2024-07-17,12,0,0,Basic,Standard
CUST_00405,CUST_00405_C1,1,IT/소프트웨어,5-49인,2024-08-02,2024-08-02,2026-08-02,24,0,0,Basic,Standard
CUST_00406,CUST_00406_C1,1,기타서비스업,5-49인,2024-10-24,2024-10-24,2025-10-24,12,0,0,Basic,Standard
CUST_00407,CUST_00407_C1,1,기타서비스업,5-49인,2023-05-04,2023-05-04,2024-05-04,12,0,0,Basic,Standard
CUST_00408,CUST_00408_C1,1,의료/헬스케어,5-49인,2022-07-26,2022-07-26,2023-07-26,12,0,0,Basic,Standard
CUST_00409,CUST_00409_C1,1,교육,5-49인,2024-11-04,2024-11-04,2026-11-04,24,0,0,Basic,Standard
CUST_00409,CUST_00409_C2,2,교육,5-49인,2024-11-04,2026-11-05,2027-11-05,12,24,1,Basic,Standard
CUST_00410,CUST_00410_C1,1,금융/보험,5-49인,2026-01-22,2026-01-22,2027-01-22,12,0,0,Basic,Standard
CUST_00411,CUST_00411_C1,1,금융/보험,5-49인,2025-09-30,2025-09-30,2026-09-30,12,0,0,Standard,Standard
CUST_00412,CUST_00412_C1,1,물류/운송,5-49인,2021-12-01,2021-12-01,2023-12-01,24,0,0,Basic,Standard
CUST_00413,CUST_00413_C1,1,IT/소프트웨어,50-299인,2023-06-07,2023-06-07,2025-06-07,24,0,0,Standard,Priority
CUST_00413,CUST_00413_C2,2,IT/소프트웨어,50-299인,2023-06-07,2025-06-08,2026-06-08,12,24,1,Standard,Priority
CUST_00413,CUST_00413_C3,3,IT/소프트웨어,50-299인,2023-06-07,2026-06-09,2027-06-09,12,36,2,Standard,Enterprise
CUST_00414,CUST_00414_C1,1,제조업,5-49인,2022-09-15,2022-09-15,2024-09-15,24,0,0,Basic,Standard
CUST_00414,CUST_00414_C2,2,제조업,5-49인,2022-09-15,2024-09-16,2025-09-16,12,24,1,Basic,Standard
CUST_00415,CUST_00415_C1,1,물류/운송,5-49인,2025-07-16,2025-07-16,2026-07-16,12,0,0,Basic,Priority
CUST_00416,CUST_00416_C1,1,제조업,5-49인,2025-01-14,2025-01-14,2028-01-14,36,0,0,Basic,Standard
CUST_00417,CUST_00417_C1,1,물류/운송,5-49인,2022-03-31,2022-03-31,2023-03-31,12,0,0,Basic,Standard
CUST_00418,CUST_00418_C1,1,제조업,5-49인,2021-10-25,2021-10-25,2023-10-25,24,0,0,Basic,Priority
CUST_00419,CUST_00419_C1,1,제조업,5-49인,2024-05-01,2024-05-01,2025-05-01,12,0,0,Standard,Priority
CUST_00420,CUST_00420_C1,1,IT/소프트웨어,50-299인,2023-12-03,2023-12-03,2024-12-03,12,0,0,Basic,Priority
CUST_00421,CUST_00421_C1,1,제조업,5-49인,2022-02-06,2022-02-06,2024-02-06,24,0,0,Basic,Standard
CUST_00422,CUST_00422_C1,1,기타서비스업,5-49인,2025-04-18,2025-04-18,2026-04-18,12,0,0,Basic,Standard
CUST_00423,CUST_00423_C1,1,제조업,5-49인,2021-10-08,2021-10-08,2022-10-08,12,0,0,Basic,Standard
CUST_00424,CUST_00424_C1,1,유통/커머스,5-49인,2023-03-26,2023-03-26,2025-03-26,24,0,0,Basic,Standard
CUST_00425,CUST_00425_C1,1,IT/소프트웨어,50-299인,2023-01-10,2023-01-10,2024-01-10,12,0,0,Basic,Standard
CUST_00425,CUST_00425_C2,2,IT/소프트웨어,50-299인,2023-01-10,2024-01-11,2025-01-11,12,12,1,Basic,Standard
CUST_00426,CUST_00426_C1,1,기타서비스업,5-49인,2026-07-22,2026-07-22,2028-07-22,24,0,0,Basic,Standard
CUST_00427,CUST_00427_C1,1,의료/헬스케어,5-49인,2023-07-19,2023-07-19,2024-07-19,12,0,0,Basic,Standard
CUST_00428,CUST_00428_C1,1,제조업,5-49인,2023-11-23,2023-11-23,2024-11-23,12,0,0,Standard,Standard
CUST_00429,CUST_00429_C1,1,금융/보험,50-299인,2025-12-01,2025-12-01,2026-12-01,12,0,0,Standard,Enterprise
CUST_00430,CUST_00430_C1,1,금융/보험,5-49인,2023-03-12,2023-03-12,2024-03-12,12,0,0,Basic,Standard
CUST_00431,CUST_00431_C1,1,금융/보험,5-49인,2022-01-31,2022-01-31,2023-01-31,12,0,0,Basic,Standard
CUST_00432,CUST_00432_C1,1,물류/운송,5-49인,2025-09-26,2025-09-26,2026-09-26,12,0,0,Basic,Enterprise
CUST_00433,CUST_00433_C1,1,기타서비스업,5-49인,2024-02-22,2024-02-22,2025-02-22,12,0,0,Basic,Standard
CUST_00433,CUST_00433_C2,2,기타서비스업,5-49인,2024-02-22,2025-02-23,2026-02-23,12,12,1,Basic,Standard
CUST_00434,CUST_00434_C1,1,제조업,50-299인,2022-11-21,2022-11-21,2025-11-21,36,0,0,Standard,Priority
CUST_00435,CUST_00435_C1,1,제조업,5-49인,2024-01-07,2024-01-07,2025-01-07,12,0,0,Basic,Standard
CUST_00436,CUST_00436_C1,1,IT/소프트웨어,5-49인,2024-04-25,2024-04-25,2027-04-25,36,0,0,Standard,Standard
CUST_00437,CUST_00437_C1,1,IT/소프트웨어,5-49인,2022-01-09,2022-01-09,2023-01-09,12,0,0,Basic,Priority
CUST_00438,CUST_00438_C1,1,물류/운송,5-49인,2024-11-24,2024-11-24,2025-11-24,12,0,0,Basic,Standard
CUST_00439,CUST_00439_C1,1,유통/커머스,5-49인,2024-02-01,2024-02-01,2025-02-01,12,0,0,Basic,Standard
CUST_00440,CUST_00440_C1,1,제조업,50-299인,2025-01-14,2025-01-14,2026-01-14,12,0,0,Premium,Priority
CUST_00441,CUST_00441_C1,1,제조업,50-299인,2023-06-25,2023-06-25,2026-06-25,36,0,0,Basic,Standard
CUST_00442,CUST_00442_C1,1,금융/보험,5-49인,2024-10-08,2024-10-08,2027-10-08,36,0,0,Basic,Standard
CUST_00442,CUST_00442_C2,2,금융/보험,5-49인,2024-10-08,2027-10-09,2028-10-09,12,36,1,Basic,Standard
CUST_00443,CUST_00443_C1,1,물류/운송,5-49인,2023-06-04,2023-06-04,2025-06-04,24,0,0,Basic,Priority
CUST_00443,CUST_00443_C2,2,물류/운송,5-49인,2023-06-04,2025-06-05,2026-06-05,12,24,1,Basic,Standard
CUST_00443,CUST_00443_C3,3,물류/운송,5-49인,2023-06-04,2026-06-06,2027-06-06,12,36,2,Basic,Standard
CUST_00444,CUST_00444_C1,1,제조업,5-49인,2023-10-25,2023-10-25,2024-10-25,12,0,0,Basic,Enterprise
CUST_00444,CUST_00444_C2,2,제조업,5-49인,2023-10-25,2024-10-26,2025-10-26,12,12,1,Basic,Standard
CUST_00444,CUST_00444_C3,3,제조업,5-49인,2023-10-25,2025-10-27,2027-10-27,24,24,2,Basic,Enterprise
CUST_00445,CUST_00445_C1,1,유통/커머스,5-49인,2024-02-25,2024-02-25,2026-02-25,24,0,0,Basic,Priority
CUST_00446,CUST_00446_C1,1,IT/소프트웨어,50-299인,2026-02-03,2026-02-03,2027-02-03,12,0,0,Standard,Priority
CUST_00447,CUST_00447_C1,1,기타서비스업,5-49인,2023-11-25,2023-11-25,2025-11-25,24,0,0,Basic,Standard
CUST_00448,CUST_00448_C1,1,유통/커머스,5-49인,2023-06-10,2023-06-10,2025-06-10,24,0,0,Basic,Standard
CUST_00449,CUST_00449_C1,1,금융/보험,5-49인,2022-11-24,2022-11-24,2023-11-24,12,0,0,Basic,Standard
CUST_00449,CUST_00449_C2,2,금융/보험,5-49인,2022-11-24,2023-11-25,2024-11-25,12,12,1,Basic,Priority
CUST_00449,CUST_00449_C3,3,금융/보험,5-49인,2022-11-24,2024-11-26,2025-11-26,12,24,2,Basic,Standard
CUST_00450,CUST_00450_C1,1,IT/소프트웨어,5-49인,2026-06-28,2026-06-28,2027-06-28,12,0,0,Standard,Standard
CUST_00450,CUST_00450_C2,2,IT/소프트웨어,5-49인,2026-06-28,2027-06-29,2028-06-29,12,12,1,Standard,Standard
CUST_00451,CUST_00451_C1,1,교육,5-49인,2024-01-27,2024-01-27,2025-01-27,12,0,0,Basic,Standard
CUST_00452,CUST_00452_C1,1,물류/운송,5-49인,2023-11-22,2023-11-22,2024-11-22,12,0,0,Basic,Priority
CUST_00453,CUST_00453_C1,1,금융/보험,5-49인,2026-01-02,2026-01-02,2027-01-02,12,0,0,Basic,Standard
CUST_00453,CUST_00453_C2,2,금융/보험,5-49인,2026-01-02,2027-01-03,2030-01-03,36,12,1,Basic,Standard
CUST_00454,CUST_00454_C1,1,제조업,50-299인,2022-11-07,2022-11-07,2024-11-07,24,0,0,Basic,Standard
CUST_00455,CUST_00455_C1,1,제조업,5-49인,2022-06-25,2022-06-25,2023-06-25,12,0,0,Premium,Priority
CUST_00455,CUST_00455_C2,2,제조업,5-49인,2022-06-25,2023-06-26,2024-06-26,12,12,1,Premium,Priority
CUST_00455,CUST_00455_C3,3,제조업,5-49인,2022-06-25,2024-06-27,2026-06-27,24,24,2,Premium,Priority
CUST_00456,CUST_00456_C1,1,금융/보험,5-49인,2024-05-13,2024-05-13,2026-05-13,24,0,0,Basic,Priority
CUST_00456,CUST_00456_C2,2,금융/보험,5-49인,2024-05-13,2026-05-14,2027-05-14,12,24,1,Basic,Standard
CUST_00456,CUST_00456_C3,3,금융/보험,5-49인,2024-05-13,2027-05-15,2030-05-15,36,36,2,Basic,Standard
CUST_00457,CUST_00457_C1,1,IT/소프트웨어,5-49인,2022-05-18,2022-05-18,2023-05-18,12,0,0,Standard,Priority
CUST_00457,CUST_00457_C2,2,IT/소프트웨어,5-49인,2022-05-18,2023-05-19,2024-05-19,12,12,1,Standard,Enterprise
CUST_00458,CUST_00458_C1,1,교육,5-49인,2022-03-04,2022-03-04,2024-03-04,24,0,0,Basic,Standard
CUST_00458,CUST_00458_C2,2,교육,5-49인,2022-03-04,2024-03-05,2025-03-05,12,24,1,Basic,Standard
CUST_00459,CUST_00459_C1,1,IT/소프트웨어,50-299인,2023-08-15,2023-08-15,2026-08-15,36,0,0,Standard,Priority
CUST_00460,CUST_00460_C1,1,금융/보험,300인이상,2025-01-11,2025-01-11,2026-01-11,12,0,0,Standard,Standard
CUST_00461,CUST_00461_C1,1,제조업,5-49인,2025-05-10,2025-05-10,2026-05-10,12,0,0,Basic,Standard
CUST_00462,CUST_00462_C1,1,기타서비스업,5-49인,2026-05-02,2026-05-02,2027-05-02,12,0,0,Basic,Standard
CUST_00462,CUST_00462_C2,2,기타서비스업,5-49인,2026-05-02,2027-05-03,2029-05-03,24,12,1,Basic,Enterprise
CUST_00462,CUST_00462_C3,3,기타서비스업,5-49인,2026-05-02,2029-05-04,2030-05-04,12,36,2,Basic,Priority
CUST_00463,CUST_00463_C1,1,제조업,5-49인,2025-11-25,2025-11-25,2026-11-25,12,0,0,Basic,Standard
CUST_00464,CUST_00464_C1,1,IT/소프트웨어,5-49인,2021-09-27,2021-09-27,2023-09-27,24,0,0,Basic,Standard
CUST_00465,CUST_00465_C1,1,IT/소프트웨어,5-49인,2026-04-27,2026-04-27,2027-04-27,12,0,0,Basic,Standard
CUST_00465,CUST_00465_C2,2,IT/소프트웨어,5-49인,2026-04-27,2027-04-28,2030-04-28,36,12,1,Basic,Standard
CUST_00466,CUST_00466_C1,1,IT/소프트웨어,5-49인,2024-09-28,2024-09-28,2025-09-28,12,0,0,Basic,Standard
CUST_00467,CUST_00467_C1,1,제조업,50-299인,2022-07-27,2022-07-27,2025-07-27,36,0,0,Standard,Priority
CUST_00468,CUST_00468_C1,1,유통/커머스,50-299인,2024-04-27,2024-04-27,2026-04-27,24,0,0,Standard,Priority
CUST_00469,CUST_00469_C1,1,제조업,50-299인,2022-07-14,2022-07-14,2025-07-14,36,0,0,Basic,Priority
CUST_00470,CUST_00470_C1,1,유통/커머스,5-49인,2023-01-01,2023-01-01,2025-01-01,24,0,0,Premium,Priority
CUST_00470,CUST_00470_C2,2,유통/커머스,5-49인,2023-01-01,2025-01-02,2027-01-02,24,24,1,Premium,Priority
CUST_00471,CUST_00471_C1,1,제조업,5-49인,2023-05-01,2023-05-01,2025-05-01,24,0,0,Basic,Standard
CUST_00471,CUST_00471_C2,2,제조업,5-49인,2023-05-01,2025-05-02,2026-05-02,12,24,1,Basic,Standard
CUST_00472,CUST_00472_C1,1,제조업,5-49인,2024-06-04,2024-06-04,2026-06-04,24,0,0,Standard,Standard
CUST_00472,CUST_00472_C2,2,제조업,5-49인,2024-06-04,2026-06-05,2027-06-05,12,24,1,Standard,Standard
CUST_00473,CUST_00473_C1,1,유통/커머스,5-49인,2023-05-27,2023-05-27,2024-05-27,12,0,0,Standard,Priority
CUST_00474,CUST_00474_C1,1,금융/보험,5-49인,2025-04-24,2025-04-24,2027-04-24,24,0,0,Basic,Standard
CUST_00474,CUST_00474_C2,2,금융/보험,5-49인,2025-04-24,2027-04-25,2028-04-25,12,24,1,Basic,Priority
CUST_00474,CUST_00474_C3,3,금융/보험,5-49인,2025-04-24,2028-04-26,2029-04-26,12,36,2,Basic,Standard
CUST_00475,CUST_00475_C1,1,IT/소프트웨어,50-299인,2023-01-03,2023-01-03,2024-01-03,12,0,0,Standard,Enterprise
CUST_00476,CUST_00476_C1,1,제조업,5-49인,2022-02-14,2022-02-14,2023-02-14,12,0,0,Basic,Standard
CUST_00477,CUST_00477_C1,1,기타서비스업,50-299인,2025-04-17,2025-04-17,2026-04-17,12,0,0,Standard,Enterprise
CUST_00478,CUST_00478_C1,1,IT/소프트웨어,50-299인,2024-08-06,2024-08-06,2026-08-06,24,0,0,Standard,Priority
CUST_00479,CUST_00479_C1,1,IT/소프트웨어,5-49인,2026-05-01,2026-05-01,2027-05-01,12,0,0,Basic,Standard
CUST_00480,CUST_00480_C1,1,제조업,5-49인,2024-05-21,2024-05-21,2026-05-21,24,0,0,Standard,Priority
CUST_00480,CUST_00480_C2,2,제조업,5-49인,2024-05-21,2026-05-22,2027-05-22,12,24,1,Standard,Standard
CUST_00481,CUST_00481_C1,1,금융/보험,5-49인,2026-03-02,2026-03-02,2027-03-02,12,0,0,Basic,Standard
CUST_00481,CUST_00481_C2,2,금융/보험,5-49인,2026-03-02,2027-03-03,2029-03-03,24,12,1,Basic,Priority
CUST_00482,CUST_00482_C1,1,물류/운송,5-49인,2023-06-28,2023-06-28,2024-06-28,12,0,0,Standard,Priority
CUST_00482,CUST_00482_C2,2,물류/운송,5-49인,2023-06-28,2024-06-29,2027-06-29,36,12,1,Standard,Standard
CUST_00483,CUST_00483_C1,1,금융/보험,5-49인,2026-04-20,2026-04-20,2028-04-20,24,0,0,Basic,Enterprise
CUST_00484,CUST_00484_C1,1,제조업,5-49인,2022-04-08,2022-04-08,2024-04-08,24,0,0,Basic,Priority
CUST_00485,CUST_00485_C1,1,제조업,50-299인,2022-02-11,2022-02-11,2023-02-11,12,0,0,Basic,Standard
CUST_00486,CUST_00486_C1,1,제조업,50-299인,2022-02-17,2022-02-17,2023-02-17,12,0,0,Basic,Standard
CUST_00486,CUST_00486_C2,2,제조업,50-299인,2022-02-17,2023-02-18,2026-02-18,36,12,1,Basic,Enterprise
CUST_00487,CUST_00487_C1,1,유통/커머스,5-49인,2023-07-29,2023-07-29,2024-07-29,12,0,0,Basic,Standard
CUST_00488,CUST_00488_C1,1,유통/커머스,50-299인,2023-12-27,2023-12-27,2025-12-27,24,0,0,Standard,Enterprise
CUST_00489,CUST_00489_C1,1,기타서비스업,5-49인,2025-11-08,2025-11-08,2026-11-08,12,0,0,Basic,Standard
CUST_00489,CUST_00489_C2,2,기타서비스업,5-49인,2025-11-08,2026-11-09,2028-11-09,24,12,1,Basic,Priority
CUST_00490,CUST_00490_C1,1,의료/헬스케어,5-49인,2022-10-24,2022-10-24,2023-10-24,12,0,0,Basic,Standard
CUST_00491,CUST_00491_C1,1,교육,5-49인,2025-09-09,2025-09-09,2027-09-09,24,0,0,Basic,Standard
CUST_00492,CUST_00492_C1,1,교육,5-49인,2025-04-03,2025-04-03,2027-04-03,24,0,0,Basic,Standard
CUST_00493,CUST_00493_C1,1,기타서비스업,5-49인,2023-07-03,2023-07-03,2025-07-03,24,0,0,Basic,Standard
CUST_00493,CUST_00493_C2,2,기타서비스업,5-49인,2023-07-03,2025-07-04,2026-07-04,12,24,1,Basic,Standard
CUST_00494,CUST_00494_C1,1,금융/보험,5-49인,2026-08-20,2026-08-20,2027-08-20,12,0,0,Basic,Standard
CUST_00494,CUST_00494_C2,2,금융/보험,5-49인,2026-08-20,2027-08-21,2029-08-21,24,12,1,Basic,Standard
CUST_00495,CUST_00495_C1,1,제조업,5-49인,2023-08-20,2023-08-20,2025-08-20,24,0,0,Standard,Enterprise
CUST_00496,CUST_00496_C1,1,의료/헬스케어,5-49인,2025-07-31,2025-07-31,2026-07-31,12,0,0,Basic,Standard
CUST_00496,CUST_00496_C2,2,의료/헬스케어,5-49인,2025-07-31,2026-08-01,2028-08-01,24,13,1,Basic,Standard
CUST_00497,CUST_00497_C1,1,제조업,5-49인,2025-10-18,2025-10-18,2026-10-18,12,0,0,Basic,Priority
CUST_00497,CUST_00497_C2,2,제조업,5-49인,2025-10-18,2026-10-19,2027-10-19,12,12,1,Basic,Standard
CUST_00498,CUST_00498_C1,1,제조업,5-49인,2022-01-14,2022-01-14,2023-01-14,12,0,0,Basic,Standard
CUST_00498,CUST_00498_C2,2,제조업,5-49인,2022-01-14,2023-01-15,2025-01-15,24,12,1,Basic,Priority
CUST_00498,CUST_00498_C3,3,제조업,5-49인,2022-01-14,2025-01-16,2026-01-16,12,36,2,Basic,Standard
CUST_00499,CUST_00499_C1,1,제조업,5-49인,2025-11-12,2025-11-12,2027-11-12,24,0,0,Basic,Priority
CUST_00499,CUST_00499_C2,2,제조업,5-49인,2025-11-12,2027-11-13,2029-11-13,24,24,1,Basic,Standard
CUST_00500,CUST_00500_C1,1,교육,50-299인,2023-12-13,2023-12-13,2024-12-13,12,0,0,Premium,Enterprise
CUST_00501,CUST_00501_C1,1,물류/운송,5-49인,2022-07-20,2022-07-20,2023-07-20,12,0,0,Basic,Standard
CUST_00502,CUST_00502_C1,1,제조업,5-49인,2024-02-12,2024-02-12,2026-02-12,24,0,0,Basic,Standard
CUST_00503,CUST_00503_C1,1,유통/커머스,5-49인,2025-07-18,2025-07-18,2026-07-18,12,0,0,Basic,Priority
CUST_00503,CUST_00503_C2,2,유통/커머스,5-49인,2025-07-18,2026-07-19,2027-07-19,12,12,1,Basic,Standard
CUST_00503,CUST_00503_C3,3,유통/커머스,5-49인,2025-07-18,2027-07-20,2028-07-20,12,24,2,Basic,Priority
CUST_00504,CUST_00504_C1,1,유통/커머스,5-49인,2025-07-07,2025-07-07,2027-07-07,24,0,0,Standard,Standard
CUST_00505,CUST_00505_C1,1,제조업,5-49인,2022-07-09,2022-07-09,2024-07-09,24,0,0,Standard,Enterprise
CUST_00505,CUST_00505_C2,2,제조업,5-49인,2022-07-09,2024-07-10,2026-07-10,24,24,1,Standard,Enterprise
CUST_00506,CUST_00506_C1,1,금융/보험,5-49인,2021-10-26,2021-10-26,2022-10-26,12,0,0,Basic,Priority
CUST_00507,CUST_00507_C1,1,금융/보험,5-49인,2026-07-27,2026-07-27,2027-07-27,12,0,0,Standard,Standard
CUST_00508,CUST_00508_C1,1,의료/헬스케어,50-299인,2022-08-31,2022-08-31,2024-08-31,24,0,0,Premium,Enterprise
CUST_00509,CUST_00509_C1,1,의료/헬스케어,300인이상,2026-08-16,2026-08-16,2029-08-16,36,0,0,Standard,Priority
CUST_00510,CUST_00510_C1,1,의료/헬스케어,5-49인,2024-09-21,2024-09-21,2025-09-21,12,0,0,Basic,Enterprise
CUST_00510,CUST_00510_C2,2,의료/헬스케어,5-49인,2024-09-21,2025-09-22,2026-09-22,12,12,1,Basic,Standard
CUST_00510,CUST_00510_C3,3,의료/헬스케어,5-49인,2024-09-21,2026-09-23,2028-09-23,24,24,2,Basic,Standard
CUST_00511,CUST_00511_C1,1,교육,5-49인,2023-09-11,2023-09-11,2025-09-11,24,0,0,Basic,Standard
CUST_00512,CUST_00512_C1,1,의료/헬스케어,5-49인,2024-01-21,2024-01-21,2025-01-21,12,0,0,Basic,Standard
CUST_00512,CUST_00512_C2,2,의료/헬스케어,5-49인,2024-01-21,2025-01-22,2028-01-22,36,12,1,Basic,Standard
CUST_00513,CUST_00513_C1,1,제조업,50-299인,2025-12-03,2025-12-03,2028-12-03,36,0,0,Standard,Priority
CUST_00513,CUST_00513_C2,2,제조업,50-299인,2025-12-03,2028-12-04,2030-12-04,24,36,1,Standard,Priority
CUST_00514,CUST_00514_C1,1,교육,50-299인,2024-08-25,2024-08-25,2025-08-25,12,0,0,Standard,Priority
CUST_00514,CUST_00514_C2,2,교육,50-299인,2024-08-25,2025-08-26,2027-08-26,24,12,1,Standard,Standard
CUST_00515,CUST_00515_C1,1,물류/운송,5-49인,2026-06-01,2026-06-01,2027-06-01,12,0,0,Basic,Priority
CUST_00516,CUST_00516_C1,1,금융/보험,50-299인,2023-03-12,2023-03-12,2025-03-12,24,0,0,Standard,Standard
CUST_00516,CUST_00516_C2,2,금융/보험,50-299인,2023-03-12,2025-03-13,2028-03-13,36,24,1,Standard,Priority
CUST_00517,CUST_00517_C1,1,금융/보험,5-49인,2025-04-16,2025-04-16,2027-04-16,24,0,0,Basic,Standard
CUST_00518,CUST_00518_C1,1,제조업,50-299인,2026-01-11,2026-01-11,2029-01-11,36,0,0,Basic,Standard
CUST_00519,CUST_00519_C1,1,IT/소프트웨어,5-49인,2023-08-15,2023-08-15,2025-08-15,24,0,0,Basic,Standard
CUST_00519,CUST_00519_C2,2,IT/소프트웨어,5-49인,2023-08-15,2025-08-16,2026-08-16,12,24,1,Basic,Standard
CUST_00519,CUST_00519_C3,3,IT/소프트웨어,5-49인,2023-08-15,2026-08-17,2027-08-17,12,36,2,Basic,Standard
CUST_00520,CUST_00520_C1,1,제조업,5-49인,2023-09-22,2023-09-22,2025-09-22,24,0,0,Basic,Priority
CUST_00520,CUST_00520_C2,2,제조업,5-49인,2023-09-22,2025-09-23,2026-09-23,12,24,1,Basic,Standard
CUST_00521,CUST_00521_C1,1,IT/소프트웨어,50-299인,2022-12-28,2022-12-28,2023-12-28,12,0,0,Basic,Priority
CUST_00521,CUST_00521_C2,2,IT/소프트웨어,50-299인,2022-12-28,2023-12-29,2026-12-29,36,12,1,Basic,Standard
CUST_00521,CUST_00521_C3,3,IT/소프트웨어,50-299인,2022-12-28,2026-12-30,2028-12-30,24,48,2,Basic,Standard
CUST_00522,CUST_00522_C1,1,물류/운송,5-49인,2022-05-29,2022-05-29,2024-05-29,24,0,0,Basic,Priority
CUST_00522,CUST_00522_C2,2,물류/운송,5-49인,2022-05-29,2024-05-30,2026-05-30,24,24,1,Basic,Standard
CUST_00522,CUST_00522_C3,3,물류/운송,5-49인,2022-05-29,2026-05-31,2028-05-31,24,48,2,Basic,Standard
CUST_00523,CUST_00523_C1,1,물류/운송,5-49인,2023-07-05,2023-07-05,2026-07-05,36,0,0,Basic,Standard
CUST_00524,CUST_00524_C1,1,물류/운송,5-49인,2023-08-04,2023-08-04,2024-08-04,12,0,0,Basic,Standard
CUST_00524,CUST_00524_C2,2,물류/운송,5-49인,2023-08-04,2024-08-05,2025-08-05,12,12,1,Basic,Priority
CUST_00524,CUST_00524_C3,3,물류/운송,5-49인,2023-08-04,2025-08-06,2026-08-06,12,24,2,Basic,Priority
CUST_00525,CUST_00525_C1,1,물류/운송,50-299인,2022-01-09,2022-01-09,2024-01-09,24,0,0,Standard,Standard
CUST_00526,CUST_00526_C1,1,금융/보험,5-49인,2021-09-28,2021-09-28,2022-09-28,12,0,0,Basic,Standard
CUST_00527,CUST_00527_C1,1,교육,5-49인,2024-01-17,2024-01-17,2025-01-17,12,0,0,Basic,Standard
CUST_00527,CUST_00527_C2,2,교육,5-49인,2024-01-17,2025-01-18,2028-01-18,36,12,1,Basic,Standard
CUST_00528,CUST_00528_C1,1,유통/커머스,50-299인,2024-03-26,2024-03-26,2027-03-26,36,0,0,Basic,Standard
CUST_00529,CUST_00529_C1,1,제조업,5-49인,2022-06-14,2022-06-14,2023-06-14,12,0,0,Basic,Standard
CUST_00529,CUST_00529_C2,2,제조업,5-49인,2022-06-14,2023-06-15,2025-06-15,24,12,1,Basic,Standard
CUST_00530,CUST_00530_C1,1,유통/커머스,5-49인,2022-12-07,2022-12-07,2023-12-07,12,0,0,Basic,Standard
CUST_00531,CUST_00531_C1,1,물류/운송,5-49인,2022-10-21,2022-10-21,2023-10-21,12,0,0,Premium,Enterprise
CUST_00532,CUST_00532_C1,1,물류/운송,5-49인,2022-08-18,2022-08-18,2024-08-18,24,0,0,Standard,Priority
CUST_00533,CUST_00533_C1,1,교육,50-299인,2022-07-02,2022-07-02,2023-07-02,12,0,0,Basic,Standard
CUST_00534,CUST_00534_C1,1,제조업,50-299인,2023-06-18,2023-06-18,2024-06-18,12,0,0,Premium,Enterprise
CUST_00535,CUST_00535_C1,1,교육,5-49인,2024-07-06,2024-07-06,2025-07-06,12,0,0,Standard,Priority
CUST_00536,CUST_00536_C1,1,교육,5-49인,2026-05-01,2026-05-01,2028-05-01,24,0,0,Standard,Enterprise
CUST_00536,CUST_00536_C2,2,교육,5-49인,2026-05-01,2028-05-02,2029-05-02,12,24,1,Standard,Standard
CUST_00537,CUST_00537_C1,1,금융/보험,5-49인,2024-02-14,2024-02-14,2025-02-14,12,0,0,Basic,Standard
CUST_00538,CUST_00538_C1,1,유통/커머스,5-49인,2025-04-22,2025-04-22,2026-04-22,12,0,0,Basic,Standard
CUST_00539,CUST_00539_C1,1,IT/소프트웨어,50-299인,2024-05-16,2024-05-16,2026-05-16,24,0,0,Basic,Priority
CUST_00540,CUST_00540_C1,1,제조업,5-49인,2023-08-03,2023-08-03,2024-08-03,12,0,0,Basic,Standard
CUST_00541,CUST_00541_C1,1,IT/소프트웨어,5-49인,2021-12-28,2021-12-28,2023-12-28,24,0,0,Basic,Priority
CUST_00542,CUST_00542_C1,1,제조업,5-49인,2026-02-04,2026-02-04,2027-02-04,12,0,0,Basic,Standard
CUST_00543,CUST_00543_C1,1,금융/보험,5-49인,2023-11-15,2023-11-15,2024-11-15,12,0,0,Standard,Priority
CUST_00543,CUST_00543_C2,2,금융/보험,5-49인,2023-11-15,2024-11-16,2025-11-16,12,12,1,Standard,Priority
CUST_00543,CUST_00543_C3,3,금융/보험,5-49인,2023-11-15,2025-11-17,2026-11-17,12,24,2,Standard,Standard
CUST_00544,CUST_00544_C1,1,금융/보험,50-299인,2026-07-26,2026-07-26,2029-07-26,36,0,0,Basic,Standard
CUST_00544,CUST_00544_C2,2,금융/보험,50-299인,2026-07-26,2029-07-27,2030-07-27,12,36,1,Basic,Standard
CUST_00544,CUST_00544_C3,3,금융/보험,50-299인,2026-07-26,2030-07-28,2033-07-28,36,48,2,Basic,Standard
CUST_00545,CUST_00545_C1,1,물류/운송,5-49인,2026-03-11,2026-03-11,2027-03-11,12,0,0,Basic,Standard
CUST_00546,CUST_00546_C1,1,제조업,5-49인,2021-11-05,2021-11-05,2022-11-05,12,0,0,Standard,Priority
CUST_00547,CUST_00547_C1,1,IT/소프트웨어,300인이상,2022-02-01,2022-02-01,2023-02-01,12,0,0,Premium,Standard
CUST_00547,CUST_00547_C2,2,IT/소프트웨어,300인이상,2022-02-01,2023-02-02,2025-02-02,24,12,1,Premium,Enterprise
CUST_00548,CUST_00548_C1,1,IT/소프트웨어,50-299인,2023-05-21,2023-05-21,2024-05-21,12,0,0,Basic,Standard
CUST_00548,CUST_00548_C2,2,IT/소프트웨어,50-299인,2023-05-21,2024-05-22,2025-05-22,12,12,1,Basic,Standard
CUST_00549,CUST_00549_C1,1,금융/보험,5-49인,2025-01-10,2025-01-10,2026-01-10,12,0,0,Basic,Standard
CUST_00549,CUST_00549_C2,2,금융/보험,5-49인,2025-01-10,2026-01-11,2028-01-11,24,12,1,Basic,Priority
CUST_00549,CUST_00549_C3,3,금융/보험,5-49인,2025-01-10,2028-01-12,2029-01-12,12,36,2,Basic,Standard
CUST_00550,CUST_00550_C1,1,의료/헬스케어,5-49인,2025-01-11,2025-01-11,2027-01-11,24,0,0,Standard,Standard
CUST_00550,CUST_00550_C2,2,의료/헬스케어,5-49인,2025-01-11,2027-01-12,2029-01-12,24,24,1,Standard,Standard
CUST_00551,CUST_00551_C1,1,IT/소프트웨어,5-49인,2024-12-30,2024-12-30,2025-12-30,12,0,0,Standard,Priority
CUST_00552,CUST_00552_C1,1,제조업,5-49인,2022-04-29,2022-04-29,2023-04-29,12,0,0,Basic,Standard
CUST_00553,CUST_00553_C1,1,IT/소프트웨어,5-49인,2023-09-20,2023-09-20,2025-09-20,24,0,0,Basic,Priority
CUST_00554,CUST_00554_C1,1,금융/보험,50-299인,2024-02-11,2024-02-11,2026-02-11,24,0,0,Basic,Standard
CUST_00554,CUST_00554_C2,2,금융/보험,50-299인,2024-02-11,2026-02-12,2027-02-12,12,24,1,Basic,Standard
CUST_00554,CUST_00554_C3,3,금융/보험,50-299인,2024-02-11,2027-02-13,2028-02-13,12,36,2,Basic,Standard
CUST_00555,CUST_00555_C1,1,유통/커머스,5-49인,2023-11-10,2023-11-10,2024-11-10,12,0,0,Basic,Standard
CUST_00556,CUST_00556_C1,1,유통/커머스,5-49인,2022-11-30,2022-11-30,2024-11-30,24,0,0,Basic,Standard
CUST_00557,CUST_00557_C1,1,교육,5-49인,2023-01-16,2023-01-16,2025-01-16,24,0,0,Standard,Enterprise
CUST_00557,CUST_00557_C2,2,교육,5-49인,2023-01-16,2025-01-17,2026-01-17,12,24,1,Standard,Standard
CUST_00558,CUST_00558_C1,1,IT/소프트웨어,50-299인,2024-03-30,2024-03-30,2026-03-30,24,0,0,Basic,Standard
CUST_00558,CUST_00558_C2,2,IT/소프트웨어,50-299인,2024-03-30,2026-03-31,2028-03-31,24,24,1,Basic,Standard
CUST_00559,CUST_00559_C1,1,IT/소프트웨어,300인이상,2026-07-24,2026-07-24,2028-07-24,24,0,0,Premium,Enterprise
CUST_00560,CUST_00560_C1,1,의료/헬스케어,300인이상,2025-04-10,2025-04-10,2026-04-10,12,0,0,Standard,Standard
CUST_00561,CUST_00561_C1,1,제조업,5-49인,2024-08-02,2024-08-02,2025-08-02,12,0,0,Premium,Enterprise
CUST_00562,CUST_00562_C1,1,제조업,5-49인,2025-06-14,2025-06-14,2026-06-14,12,0,0,Basic,Standard
CUST_00563,CUST_00563_C1,1,물류/운송,5-49인,2023-10-02,2023-10-02,2025-10-02,24,0,0,Basic,Enterprise
CUST_00563,CUST_00563_C2,2,물류/운송,5-49인,2023-10-02,2025-10-03,2026-10-03,12,24,1,Basic,Priority
CUST_00563,CUST_00563_C3,3,물류/운송,5-49인,2023-10-02,2026-10-04,2028-10-04,24,36,2,Basic,Standard
CUST_00564,CUST_00564_C1,1,IT/소프트웨어,50-299인,2026-05-16,2026-05-16,2027-05-16,12,0,0,Premium,Priority
CUST_00565,CUST_00565_C1,1,의료/헬스케어,5-49인,2025-01-07,2025-01-07,2027-01-07,24,0,0,Standard,Enterprise
CUST_00565,CUST_00565_C2,2,의료/헬스케어,5-49인,2025-01-07,2027-01-08,2029-01-08,24,24,1,Standard,Priority
CUST_00565,CUST_00565_C3,3,의료/헬스케어,5-49인,2025-01-07,2029-01-09,2031-01-09,24,48,2,Standard,Standard
CUST_00566,CUST_00566_C1,1,제조업,5-49인,2022-05-15,2022-05-15,2023-05-15,12,0,0,Basic,Priority
CUST_00567,CUST_00567_C1,1,제조업,5-49인,2022-01-01,2022-01-01,2023-01-01,12,0,0,Basic,Standard
CUST_00568,CUST_00568_C1,1,IT/소프트웨어,5-49인,2024-12-08,2024-12-08,2027-12-08,36,0,0,Basic,Standard
CUST_00568,CUST_00568_C2,2,IT/소프트웨어,5-49인,2024-12-08,2027-12-09,2029-12-09,24,36,1,Basic,Standard
CUST_00569,CUST_00569_C1,1,기타서비스업,5-49인,2023-11-05,2023-11-05,2024-11-05,12,0,0,Basic,Priority
CUST_00569,CUST_00569_C2,2,기타서비스업,5-49인,2023-11-05,2024-11-06,2025-11-06,12,12,1,Basic,Standard
CUST_00570,CUST_00570_C1,1,기타서비스업,300인이상,2025-03-28,2025-03-28,2027-03-28,24,0,0,Standard,Standard
CUST_00570,CUST_00570_C2,2,기타서비스업,300인이상,2025-03-28,2027-03-29,2029-03-29,24,24,1,Standard,Enterprise
CUST_00570,CUST_00570_C3,3,기타서비스업,300인이상,2025-03-28,2029-03-30,2032-03-30,36,48,2,Standard,Priority
CUST_00571,CUST_00571_C1,1,유통/커머스,5-49인,2022-09-12,2022-09-12,2023-09-12,12,0,0,Basic,Standard
CUST_00571,CUST_00571_C2,2,유통/커머스,5-49인,2022-09-12,2023-09-13,2024-09-13,12,12,1,Basic,Standard
CUST_00572,CUST_00572_C1,1,금융/보험,5-49인,2023-02-23,2023-02-23,2025-02-23,24,0,0,Basic,Enterprise
CUST_00572,CUST_00572_C2,2,금융/보험,5-49인,2023-02-23,2025-02-24,2026-02-24,12,24,1,Basic,Priority
CUST_00573,CUST_00573_C1,1,교육,5-49인,2025-11-21,2025-11-21,2028-11-21,36,0,0,Basic,Standard
CUST_00574,CUST_00574_C1,1,유통/커머스,5-49인,2026-04-11,2026-04-11,2028-04-11,24,0,0,Standard,Priority
CUST_00575,CUST_00575_C1,1,IT/소프트웨어,5-49인,2022-07-24,2022-07-24,2025-07-24,36,0,0,Basic,Priority
CUST_00576,CUST_00576_C1,1,의료/헬스케어,5-49인,2025-11-14,2025-11-14,2028-11-14,36,0,0,Basic,Standard
CUST_00577,CUST_00577_C1,1,기타서비스업,5-49인,2025-04-13,2025-04-13,2026-04-13,12,0,0,Basic,Standard
CUST_00578,CUST_00578_C1,1,IT/소프트웨어,50-299인,2026-03-02,2026-03-02,2029-03-02,36,0,0,Basic,Standard
CUST_00578,CUST_00578_C2,2,IT/소프트웨어,50-299인,2026-03-02,2029-03-03,2031-03-03,24,36,1,Basic,Priority
CUST_00578,CUST_00578_C3,3,IT/소프트웨어,50-299인,2026-03-02,2031-03-04,2034-03-04,36,60,2,Basic,Priority
CUST_00579,CUST_00579_C1,1,금융/보험,5-49인,2023-12-09,2023-12-09,2024-12-09,12,0,0,Standard,Priority
CUST_00579,CUST_00579_C2,2,금융/보험,5-49인,2023-12-09,2024-12-10,2025-12-10,12,12,1,Standard,Priority
CUST_00580,CUST_00580_C1,1,제조업,50-299인,2025-07-15,2025-07-15,2027-07-15,24,0,0,Standard,Standard
CUST_00581,CUST_00581_C1,1,의료/헬스케어,5-49인,2023-06-03,2023-06-03,2024-06-03,12,0,0,Basic,Priority
CUST_00582,CUST_00582_C1,1,물류/운송,5-49인,2024-07-24,2024-07-24,2025-07-24,12,0,0,Basic,Standard
CUST_00583,CUST_00583_C1,1,의료/헬스케어,5-49인,2022-11-22,2022-11-22,2024-11-22,24,0,0,Basic,Priority
CUST_00583,CUST_00583_C2,2,의료/헬스케어,5-49인,2022-11-22,2024-11-23,2027-11-23,36,24,1,Basic,Standard
CUST_00584,CUST_00584_C1,1,제조업,5-49인,2026-08-02,2026-08-02,2027-08-02,12,0,0,Premium,Enterprise
CUST_00584,CUST_00584_C2,2,제조업,5-49인,2026-08-02,2027-08-03,2028-08-03,12,12,1,Premium,Enterprise
CUST_00585,CUST_00585_C1,1,유통/커머스,5-49인,2024-09-22,2024-09-22,2027-09-22,36,0,0,Basic,Standard
CUST_00586,CUST_00586_C1,1,물류/운송,5-49인,2022-12-27,2022-12-27,2023-12-27,12,0,0,Standard,Standard
CUST_00586,CUST_00586_C2,2,물류/운송,5-49인,2022-12-27,2023-12-28,2026-12-28,36,12,1,Standard,Priority
CUST_00586,CUST_00586_C3,3,물류/운송,5-49인,2022-12-27,2026-12-29,2029-12-29,36,48,2,Standard,Enterprise
CUST_00587,CUST_00587_C1,1,IT/소프트웨어,5-49인,2022-03-31,2022-03-31,2023-03-31,12,0,0,Basic,Standard
CUST_00587,CUST_00587_C2,2,IT/소프트웨어,5-49인,2022-03-31,2023-04-01,2024-04-01,12,13,1,Basic,Standard
CUST_00588,CUST_00588_C1,1,교육,50-299인,2025-12-07,2025-12-07,2027-12-07,24,0,0,Basic,Standard
CUST_00589,CUST_00589_C1,1,제조업,5-49인,2025-03-14,2025-03-14,2028-03-14,36,0,0,Basic,Standard
CUST_00589,CUST_00589_C2,2,제조업,5-49인,2025-03-14,2028-03-15,2029-03-15,12,36,1,Basic,Priority
CUST_00590,CUST_00590_C1,1,IT/소프트웨어,50-299인,2024-08-23,2024-08-23,2026-08-23,24,0,0,Premium,Enterprise
CUST_00591,CUST_00591_C1,1,제조업,5-49인,2021-10-24,2021-10-24,2022-10-24,12,0,0,Standard,Priority
CUST_00592,CUST_00592_C1,1,물류/운송,5-49인,2025-08-10,2025-08-10,2027-08-10,24,0,0,Basic,Enterprise
CUST_00592,CUST_00592_C2,2,물류/운송,5-49인,2025-08-10,2027-08-11,2029-08-11,24,24,1,Basic,Standard
CUST_00593,CUST_00593_C1,1,물류/운송,50-299인,2024-05-12,2024-05-12,2025-05-12,12,0,0,Premium,Enterprise
CUST_00594,CUST_00594_C1,1,유통/커머스,5-49인,2025-06-16,2025-06-16,2026-06-16,12,0,0,Premium,Priority
CUST_00594,CUST_00594_C2,2,유통/커머스,5-49인,2025-06-16,2026-06-17,2027-06-17,12,12,1,Premium,Standard
CUST_00594,CUST_00594_C3,3,유통/커머스,5-49인,2025-06-16,2027-06-18,2028-06-18,12,24,2,Premium,Enterprise
CUST_00595,CUST_00595_C1,1,제조업,5-49인,2021-12-11,2021-12-11,2022-12-11,12,0,0,Basic,Standard
CUST_00596,CUST_00596_C1,1,제조업,50-299인,2021-12-24,2021-12-24,2024-12-24,36,0,0,Basic,Standard
CUST_00597,CUST_00597_C1,1,IT/소프트웨어,5-49인,2023-03-12,2023-03-12,2024-03-12,12,0,0,Basic,Standard
CUST_00598,CUST_00598_C1,1,유통/커머스,50-299인,2022-12-30,2022-12-30,2023-12-30,12,0,0,Standard,Standard
CUST_00599,CUST_00599_C1,1,IT/소프트웨어,5-49인,2023-06-11,2023-06-11,2024-06-11,12,0,0,Basic,Standard
CUST_00599,CUST_00599_C2,2,IT/소프트웨어,5-49인,2023-06-11,2024-06-12,2026-06-12,24,12,1,Basic,Standard
CUST_00599,CUST_00599_C3,3,IT/소프트웨어,5-49인,2023-06-11,2026-06-13,2027-06-13,12,36,2,Basic,Standard
CUST_00600,CUST_00600_C1,1,의료/헬스케어,5-49인,2023-05-29,2023-05-29,2024-05-29,12,0,0,Standard,Priority
CUST_00601,CUST_00601_C1,1,기타서비스업,50-299인,2023-01-31,2023-01-31,2024-01-31,12,0,0,Standard,Priority
CUST_00602,CUST_00602_C1,1,제조업,300인이상,2023-09-16,2023-09-16,2026-09-16,36,0,0,Premium,Priority
CUST_00602,CUST_00602_C2,2,제조업,300인이상,2023-09-16,2026-09-17,2029-09-17,36,36,1,Premium,Standard
CUST_00602,CUST_00602_C3,3,제조업,300인이상,2023-09-16,2029-09-18,2032-09-18,36,72,2,Premium,Enterprise
CUST_00603,CUST_00603_C1,1,물류/운송,5-49인,2022-01-07,2022-01-07,2024-01-07,24,0,0,Basic,Standard
CUST_00604,CUST_00604_C1,1,물류/운송,5-49인,2026-07-02,2026-07-02,2027-07-02,12,0,0,Basic,Priority
CUST_00605,CUST_00605_C1,1,IT/소프트웨어,5-49인,2023-07-02,2023-07-02,2024-07-02,12,0,0,Standard,Priority
CUST_00605,CUST_00605_C2,2,IT/소프트웨어,5-49인,2023-07-02,2024-07-03,2026-07-03,24,12,1,Standard,Priority
CUST_00605,CUST_00605_C3,3,IT/소프트웨어,5-49인,2023-07-02,2026-07-04,2027-07-04,12,36,2,Standard,Standard
CUST_00606,CUST_00606_C1,1,IT/소프트웨어,300인이상,2022-10-06,2022-10-06,2024-10-06,24,0,0,Premium,Enterprise
CUST_00607,CUST_00607_C1,1,제조업,5-49인,2025-05-31,2025-05-31,2026-05-31,12,0,0,Standard,Enterprise
CUST_00607,CUST_00607_C2,2,제조업,5-49인,2025-05-31,2026-06-01,2027-06-01,12,13,1,Standard,Standard
CUST_00608,CUST_00608_C1,1,기타서비스업,5-49인,2023-04-23,2023-04-23,2024-04-23,12,0,0,Basic,Priority
CUST_00609,CUST_00609_C1,1,금융/보험,5-49인,2024-12-04,2024-12-04,2025-12-04,12,0,0,Basic,Standard
CUST_00610,CUST_00610_C1,1,IT/소프트웨어,5-49인,2024-03-08,2024-03-08,2025-03-08,12,0,0,Premium,Priority
CUST_00611,CUST_00611_C1,1,IT/소프트웨어,5-49인,2023-02-09,2023-02-09,2024-02-09,12,0,0,Basic,Priority
CUST_00611,CUST_00611_C2,2,IT/소프트웨어,5-49인,2023-02-09,2024-02-10,2026-02-10,24,12,1,Basic,Standard
CUST_00612,CUST_00612_C1,1,제조업,5-49인,2026-05-04,2026-05-04,2027-05-04,12,0,0,Basic,Standard
CUST_00613,CUST_00613_C1,1,제조업,5-49인,2023-02-17,2023-02-17,2025-02-17,24,0,0,Standard,Priority
CUST_00614,CUST_00614_C1,1,금융/보험,5-49인,2024-02-28,2024-02-28,2025-02-28,12,0,0,Standard,Priority
CUST_00615,CUST_00615_C1,1,제조업,5-49인,2025-01-26,2025-01-26,2028-01-26,36,0,0,Basic,Priority
CUST_00616,CUST_00616_C1,1,유통/커머스,5-49인,2025-05-14,2025-05-14,2026-05-14,12,0,0,Basic,Priority
CUST_00617,CUST_00617_C1,1,유통/커머스,50-299인,2025-04-13,2025-04-13,2026-04-13,12,0,0,Basic,Standard
CUST_00618,CUST_00618_C1,1,제조업,5-49인,2024-04-09,2024-04-09,2025-04-09,12,0,0,Basic,Standard
CUST_00619,CUST_00619_C1,1,IT/소프트웨어,5-49인,2024-05-26,2024-05-26,2027-05-26,36,0,0,Standard,Priority
CUST_00620,CUST_00620_C1,1,의료/헬스케어,5-49인,2022-05-23,2022-05-23,2023-05-23,12,0,0,Basic,Priority
CUST_00620,CUST_00620_C2,2,의료/헬스케어,5-49인,2022-05-23,2023-05-24,2025-05-24,24,12,1,Basic,Standard
CUST_00620,CUST_00620_C3,3,의료/헬스케어,5-49인,2022-05-23,2025-05-25,2026-05-25,12,36,2,Basic,Standard
CUST_00621,CUST_00621_C1,1,IT/소프트웨어,5-49인,2022-01-24,2022-01-24,2023-01-24,12,0,0,Basic,Priority
CUST_00622,CUST_00622_C1,1,교육,5-49인,2024-12-23,2024-12-23,2025-12-23,12,0,0,Standard,Standard
CUST_00623,CUST_00623_C1,1,기타서비스업,5-49인,2024-12-06,2024-12-06,2025-12-06,12,0,0,Basic,Standard
CUST_00623,CUST_00623_C2,2,기타서비스업,5-49인,2024-12-06,2025-12-07,2027-12-07,24,12,1,Basic,Priority
CUST_00624,CUST_00624_C1,1,IT/소프트웨어,5-49인,2024-04-29,2024-04-29,2026-04-29,24,0,0,Basic,Priority
CUST_00624,CUST_00624_C2,2,IT/소프트웨어,5-49인,2024-04-29,2026-04-30,2027-04-30,12,24,1,Basic,Priority
CUST_00624,CUST_00624_C3,3,IT/소프트웨어,5-49인,2024-04-29,2027-05-01,2028-05-01,12,37,2,Basic,Priority
CUST_00625,CUST_00625_C1,1,의료/헬스케어,5-49인,2025-05-08,2025-05-08,2026-05-08,12,0,0,Standard,Standard
CUST_00626,CUST_00626_C1,1,금융/보험,5-49인,2023-04-10,2023-04-10,2025-04-10,24,0,0,Standard,Enterprise
CUST_00626,CUST_00626_C2,2,금융/보험,5-49인,2023-04-10,2025-04-11,2026-04-11,12,24,1,Standard,Standard
CUST_00626,CUST_00626_C3,3,금융/보험,5-49인,2023-04-10,2026-04-12,2027-04-12,12,36,2,Standard,Enterprise
CUST_00627,CUST_00627_C1,1,IT/소프트웨어,5-49인,2022-08-27,2022-08-27,2023-08-27,12,0,0,Standard,Priority
CUST_00628,CUST_00628_C1,1,기타서비스업,5-49인,2023-06-30,2023-06-30,2026-06-30,36,0,0,Premium,Enterprise
CUST_00628,CUST_00628_C2,2,기타서비스업,5-49인,2023-06-30,2026-07-01,2028-07-01,24,37,1,Premium,Enterprise
CUST_00628,CUST_00628_C3,3,기타서비스업,5-49인,2023-06-30,2028-07-02,2029-07-02,12,61,2,Premium,Enterprise
CUST_00629,CUST_00629_C1,1,유통/커머스,5-49인,2024-08-10,2024-08-10,2026-08-10,24,0,0,Basic,Standard
CUST_00630,CUST_00630_C1,1,교육,5-49인,2025-08-13,2025-08-13,2028-08-13,36,0,0,Basic,Standard
CUST_00631,CUST_00631_C1,1,교육,5-49인,2026-08-10,2026-08-10,2027-08-10,12,0,0,Basic,Standard
CUST_00632,CUST_00632_C1,1,물류/운송,5-49인,2024-04-13,2024-04-13,2025-04-13,12,0,0,Basic,Standard
CUST_00633,CUST_00633_C1,1,제조업,50-299인,2022-04-12,2022-04-12,2024-04-12,24,0,0,Premium,Priority
CUST_00634,CUST_00634_C1,1,교육,5-49인,2023-12-24,2023-12-24,2025-12-24,24,0,0,Basic,Priority
CUST_00635,CUST_00635_C1,1,교육,50-299인,2025-03-01,2025-03-01,2027-03-01,24,0,0,Standard,Standard
CUST_00636,CUST_00636_C1,1,유통/커머스,5-49인,2025-07-15,2025-07-15,2026-07-15,12,0,0,Basic,Priority
CUST_00636,CUST_00636_C2,2,유통/커머스,5-49인,2025-07-15,2026-07-16,2027-07-16,12,12,1,Basic,Standard
CUST_00637,CUST_00637_C1,1,물류/운송,50-299인,2024-08-31,2024-08-31,2025-08-31,12,0,0,Basic,Standard
CUST_00637,CUST_00637_C2,2,물류/운송,50-299인,2024-08-31,2025-09-01,2026-09-01,12,13,1,Basic,Standard
CUST_00637,CUST_00637_C3,3,물류/운송,50-299인,2024-08-31,2026-09-02,2027-09-02,12,25,2,Basic,Standard
CUST_00638,CUST_00638_C1,1,금융/보험,5-49인,2024-10-02,2024-10-02,2026-10-02,24,0,0,Standard,Priority
CUST_00638,CUST_00638_C2,2,금융/보험,5-49인,2024-10-02,2026-10-03,2029-10-03,36,24,1,Standard,Priority
CUST_00638,CUST_00638_C3,3,금융/보험,5-49인,2024-10-02,2029-10-04,2031-10-04,24,60,2,Standard,Standard
CUST_00639,CUST_00639_C1,1,유통/커머스,300인이상,2022-12-07,2022-12-07,2025-12-07,36,0,0,Premium,Standard
CUST_00640,CUST_00640_C1,1,교육,5-49인,2022-11-15,2022-11-15,2025-11-15,36,0,0,Basic,Standard
CUST_00640,CUST_00640_C2,2,교육,5-49인,2022-11-15,2025-11-16,2027-11-16,24,36,1,Basic,Enterprise
CUST_00640,CUST_00640_C3,3,교육,5-49인,2022-11-15,2027-11-17,2028-11-17,12,60,2,Basic,Priority
CUST_00641,CUST_00641_C1,1,제조업,5-49인,2025-05-05,2025-05-05,2027-05-05,24,0,0,Basic,Priority
CUST_00641,CUST_00641_C2,2,제조업,5-49인,2025-05-05,2027-05-06,2028-05-06,12,24,1,Basic,Standard
CUST_00642,CUST_00642_C1,1,유통/커머스,50-299인,2022-06-06,2022-06-06,2023-06-06,12,0,0,Premium,Priority
CUST_00642,CUST_00642_C2,2,유통/커머스,50-299인,2022-06-06,2023-06-07,2025-06-07,24,12,1,Premium,Enterprise
CUST_00642,CUST_00642_C3,3,유통/커머스,50-299인,2022-06-06,2025-06-08,2027-06-08,24,36,2,Premium,Enterprise
CUST_00643,CUST_00643_C1,1,IT/소프트웨어,5-49인,2025-05-06,2025-05-06,2027-05-06,24,0,0,Standard,Enterprise
CUST_00643,CUST_00643_C2,2,IT/소프트웨어,5-49인,2025-05-06,2027-05-07,2029-05-07,24,24,1,Standard,Priority
CUST_00644,CUST_00644_C1,1,제조업,5-49인,2022-09-18,2022-09-18,2023-09-18,12,0,0,Premium,Standard
CUST_00644,CUST_00644_C2,2,제조업,5-49인,2022-09-18,2023-09-19,2025-09-19,24,12,1,Premium,Enterprise
CUST_00645,CUST_00645_C1,1,기타서비스업,5-49인,2021-10-27,2021-10-27,2023-10-27,24,0,0,Standard,Priority
CUST_00645,CUST_00645_C2,2,기타서비스업,5-49인,2021-10-27,2023-10-28,2024-10-28,12,24,1,Standard,Priority
CUST_00646,CUST_00646_C1,1,교육,50-299인,2022-01-10,2022-01-10,2023-01-10,12,0,0,Standard,Enterprise
CUST_00647,CUST_00647_C1,1,의료/헬스케어,5-49인,2026-02-21,2026-02-21,2027-02-21,12,0,0,Basic,Priority
CUST_00648,CUST_00648_C1,1,유통/커머스,50-299인,2022-01-22,2022-01-22,2023-01-22,12,0,0,Standard,Standard
CUST_00649,CUST_00649_C1,1,유통/커머스,5-49인,2026-05-20,2026-05-20,2028-05-20,24,0,0,Basic,Standard
CUST_00650,CUST_00650_C1,1,물류/운송,5-49인,2023-06-17,2023-06-17,2024-06-17,12,0,0,Basic,Standard
CUST_00650,CUST_00650_C2,2,물류/운송,5-49인,2023-06-17,2024-06-18,2026-06-18,24,12,1,Basic,Standard
CUST_00651,CUST_00651_C1,1,제조업,50-299인,2022-11-24,2022-11-24,2025-11-24,36,0,0,Standard,Standard
CUST_00652,CUST_00652_C1,1,제조업,5-49인,2021-11-09,2021-11-09,2022-11-09,12,0,0,Basic,Standard
CUST_00653,CUST_00653_C1,1,제조업,5-49인,2025-04-10,2025-04-10,2026-04-10,12,0,0,Standard,Standard
CUST_00654,CUST_00654_C1,1,금융/보험,5-49인,2023-04-18,2023-04-18,2025-04-18,24,0,0,Basic,Standard
CUST_00654,CUST_00654_C2,2,금융/보험,5-49인,2023-04-18,2025-04-19,2026-04-19,12,24,1,Basic,Standard
CUST_00655,CUST_00655_C1,1,유통/커머스,50-299인,2025-04-24,2025-04-24,2026-04-24,12,0,0,Premium,Priority
CUST_00655,CUST_00655_C2,2,유통/커머스,50-299인,2025-04-24,2026-04-25,2029-04-25,36,12,1,Premium,Enterprise
CUST_00655,CUST_00655_C3,3,유통/커머스,50-299인,2025-04-24,2029-04-26,2031-04-26,24,48,2,Premium,Enterprise
CUST_00656,CUST_00656_C1,1,IT/소프트웨어,50-299인,2023-08-21,2023-08-21,2025-08-21,24,0,0,Basic,Standard
CUST_00657,CUST_00657_C1,1,유통/커머스,5-49인,2022-01-11,2022-01-11,2023-01-11,12,0,0,Basic,Standard
CUST_00658,CUST_00658_C1,1,의료/헬스케어,5-49인,2023-02-08,2023-02-08,2025-02-08,24,0,0,Basic,Priority
CUST_00659,CUST_00659_C1,1,제조업,5-49인,2023-02-06,2023-02-06,2025-02-06,24,0,0,Premium,Enterprise
CUST_00660,CUST_00660_C1,1,유통/커머스,300인이상,2023-12-24,2023-12-24,2026-12-24,36,0,0,Standard,Priority
CUST_00661,CUST_00661_C1,1,IT/소프트웨어,50-299인,2025-07-04,2025-07-04,2026-07-04,12,0,0,Premium,Enterprise
CUST_00661,CUST_00661_C2,2,IT/소프트웨어,50-299인,2025-07-04,2026-07-05,2027-07-05,12,12,1,Premium,Enterprise
CUST_00661,CUST_00661_C3,3,IT/소프트웨어,50-299인,2025-07-04,2027-07-06,2029-07-06,24,24,2,Premium,Enterprise
CUST_00662,CUST_00662_C1,1,유통/커머스,5-49인,2025-02-28,2025-02-28,2028-02-28,36,0,0,Basic,Standard
CUST_00663,CUST_00663_C1,1,유통/커머스,5-49인,2023-06-13,2023-06-13,2024-06-13,12,0,0,Standard,Enterprise
CUST_00664,CUST_00664_C1,1,의료/헬스케어,5-49인,2025-03-21,2025-03-21,2027-03-21,24,0,0,Basic,Standard
CUST_00665,CUST_00665_C1,1,제조업,5-49인,2023-04-07,2023-04-07,2024-04-07,12,0,0,Standard,Standard
CUST_00665,CUST_00665_C2,2,제조업,5-49인,2023-04-07,2024-04-08,2026-04-08,24,12,1,Standard,Standard
CUST_00665,CUST_00665_C3,3,제조업,5-49인,2023-04-07,2026-04-09,2027-04-09,12,36,2,Standard,Priority
CUST_00666,CUST_00666_C1,1,제조업,5-49인,2024-09-16,2024-09-16,2026-09-16,24,0,0,Basic,Standard
CUST_00667,CUST_00667_C1,1,제조업,5-49인,2021-11-28,2021-11-28,2022-11-28,12,0,0,Basic,Standard
CUST_00667,CUST_00667_C2,2,제조업,5-49인,2021-11-28,2022-11-29,2023-11-29,12,12,1,Basic,Priority
CUST_00668,CUST_00668_C1,1,교육,50-299인,2025-03-21,2025-03-21,2027-03-21,24,0,0,Premium,Standard
CUST_00669,CUST_00669_C1,1,제조업,5-49인,2026-03-02,2026-03-02,2027-03-02,12,0,0,Basic,Standard
CUST_00670,CUST_00670_C1,1,금융/보험,5-49인,2021-12-16,2021-12-16,2022-12-16,12,0,0,Basic,Enterprise
CUST_00671,CUST_00671_C1,1,제조업,300인이상,2025-12-03,2025-12-03,2027-12-03,24,0,0,Standard,Priority
CUST_00672,CUST_00672_C1,1,물류/운송,50-299인,2026-06-15,2026-06-15,2029-06-15,36,0,0,Standard,Priority
CUST_00672,CUST_00672_C2,2,물류/운송,50-299인,2026-06-15,2029-06-16,2031-06-16,24,36,1,Standard,Priority
CUST_00673,CUST_00673_C1,1,IT/소프트웨어,5-49인,2026-03-06,2026-03-06,2028-03-06,24,0,0,Basic,Priority
CUST_00674,CUST_00674_C1,1,물류/운송,5-49인,2025-06-16,2025-06-16,2027-06-16,24,0,0,Basic,Standard
CUST_00674,CUST_00674_C2,2,물류/운송,5-49인,2025-06-16,2027-06-17,2028-06-17,12,24,1,Basic,Standard
CUST_00675,CUST_00675_C1,1,유통/커머스,5-49인,2022-01-30,2022-01-30,2025-01-30,36,0,0,Basic,Standard
CUST_00676,CUST_00676_C1,1,의료/헬스케어,5-49인,2025-06-01,2025-06-01,2027-06-01,24,0,0,Basic,Standard
CUST_00677,CUST_00677_C1,1,제조업,50-299인,2022-12-12,2022-12-12,2023-12-12,12,0,0,Basic,Standard
CUST_00677,CUST_00677_C2,2,제조업,50-299인,2022-12-12,2023-12-13,2024-12-13,12,12,1,Basic,Standard
CUST_00678,CUST_00678_C1,1,IT/소프트웨어,50-299인,2022-10-20,2022-10-20,2024-10-20,24,0,0,Standard,Enterprise
CUST_00678,CUST_00678_C2,2,IT/소프트웨어,50-299인,2022-10-20,2024-10-21,2026-10-21,24,24,1,Standard,Priority
CUST_00679,CUST_00679_C1,1,IT/소프트웨어,5-49인,2026-01-13,2026-01-13,2028-01-13,24,0,0,Basic,Priority
CUST_00680,CUST_00680_C1,1,유통/커머스,5-49인,2022-07-16,2022-07-16,2024-07-16,24,0,0,Basic,Priority
CUST_00681,CUST_00681_C1,1,유통/커머스,5-49인,2025-08-30,2025-08-30,2026-08-30,12,0,0,Basic,Standard
CUST_00681,CUST_00681_C2,2,유통/커머스,5-49인,2025-08-30,2026-08-31,2027-08-31,12,12,1,Basic,Standard
CUST_00681,CUST_00681_C3,3,유통/커머스,5-49인,2025-08-30,2027-09-01,2029-09-01,24,25,2,Basic,Priority
CUST_00682,CUST_00682_C1,1,유통/커머스,5-49인,2024-03-08,2024-03-08,2025-03-08,12,0,0,Basic,Priority
CUST_00683,CUST_00683_C1,1,IT/소프트웨어,5-49인,2023-02-18,2023-02-18,2025-02-18,24,0,0,Basic,Priority
CUST_00684,CUST_00684_C1,1,IT/소프트웨어,5-49인,2023-07-11,2023-07-11,2024-07-11,12,0,0,Basic,Priority
CUST_00684,CUST_00684_C2,2,IT/소프트웨어,5-49인,2023-07-11,2024-07-12,2026-07-12,24,12,1,Basic,Standard
CUST_00685,CUST_00685_C1,1,유통/커머스,5-49인,2025-05-06,2025-05-06,2026-05-06,12,0,0,Basic,Standard
CUST_00685,CUST_00685_C2,2,유통/커머스,5-49인,2025-05-06,2026-05-07,2028-05-07,24,12,1,Basic,Standard
CUST_00686,CUST_00686_C1,1,제조업,50-299인,2024-02-18,2024-02-18,2025-02-18,12,0,0,Standard,Enterprise
CUST_00687,CUST_00687_C1,1,물류/운송,5-49인,2022-01-06,2022-01-06,2023-01-06,12,0,0,Basic,Standard
CUST_00688,CUST_00688_C1,1,IT/소프트웨어,5-49인,2024-06-02,2024-06-02,2025-06-02,12,0,0,Basic,Priority
CUST_00688,CUST_00688_C2,2,IT/소프트웨어,5-49인,2024-06-02,2025-06-03,2026-06-03,12,12,1,Basic,Standard
CUST_00688,CUST_00688_C3,3,IT/소프트웨어,5-49인,2024-06-02,2026-06-04,2027-06-04,12,24,2,Basic,Priority
CUST_00689,CUST_00689_C1,1,의료/헬스케어,50-299인,2024-02-06,2024-02-06,2027-02-06,36,0,0,Standard,Standard
CUST_00689,CUST_00689_C2,2,의료/헬스케어,50-299인,2024-02-06,2027-02-07,2029-02-07,24,36,1,Standard,Priority
CUST_00689,CUST_00689_C3,3,의료/헬스케어,50-299인,2024-02-06,2029-02-08,2031-02-08,24,60,2,Standard,Priority
CUST_00690,CUST_00690_C1,1,물류/운송,5-49인,2024-02-26,2024-02-26,2025-02-26,12,0,0,Basic,Standard
CUST_00690,CUST_00690_C2,2,물류/운송,5-49인,2024-02-26,2025-02-27,2026-02-27,12,12,1,Basic,Priority
CUST_00690,CUST_00690_C3,3,물류/운송,5-49인,2024-02-26,2026-02-28,2027-02-28,12,24,2,Basic,Standard
CUST_00691,CUST_00691_C1,1,제조업,5-49인,2022-08-22,2022-08-22,2023-08-22,12,0,0,Standard,Enterprise
CUST_00692,CUST_00692_C1,1,IT/소프트웨어,5-49인,2026-08-17,2026-08-17,2028-08-17,24,0,0,Basic,Standard
CUST_00693,CUST_00693_C1,1,기타서비스업,5-49인,2024-02-02,2024-02-02,2025-02-02,12,0,0,Basic,Standard
CUST_00693,CUST_00693_C2,2,기타서비스업,5-49인,2024-02-02,2025-02-03,2026-02-03,12,12,1,Basic,Standard
CUST_00693,CUST_00693_C3,3,기타서비스업,5-49인,2024-02-02,2026-02-04,2027-02-04,12,24,2,Basic,Standard
CUST_00694,CUST_00694_C1,1,제조업,50-299인,2023-06-25,2023-06-25,2024-06-25,12,0,0,Standard,Enterprise
CUST_00694,CUST_00694_C2,2,제조업,50-299인,2023-06-25,2024-06-26,2025-06-26,12,12,1,Standard,Priority
CUST_00695,CUST_00695_C1,1,금융/보험,5-49인,2023-03-20,2023-03-20,2025-03-20,24,0,0,Premium,Standard
CUST_00696,CUST_00696_C1,1,유통/커머스,50-299인,2024-12-18,2024-12-18,2026-12-18,24,0,0,Standard,Standard
CUST_00697,CUST_00697_C1,1,물류/운송,5-49인,2022-11-02,2022-11-02,2023-11-02,12,0,0,Basic,Priority
CUST_00697,CUST_00697_C2,2,물류/운송,5-49인,2022-11-02,2023-11-03,2025-11-03,24,12,1,Basic,Priority
CUST_00698,CUST_00698_C1,1,IT/소프트웨어,5-49인,2024-09-13,2024-09-13,2025-09-13,12,0,0,Premium,Priority
CUST_00699,CUST_00699_C1,1,제조업,5-49인,2023-07-19,2023-07-19,2024-07-19,12,0,0,Basic,Standard
CUST_00699,CUST_00699_C2,2,제조업,5-49인,2023-07-19,2024-07-20,2025-07-20,12,12,1,Basic,Standard
CUST_00699,CUST_00699_C3,3,제조업,5-49인,2023-07-19,2025-07-21,2026-07-21,12,24,2,Basic,Priority
CUST_00700,CUST_00700_C1,1,제조업,5-49인,2025-03-01,2025-03-01,2026-03-01,12,0,0,Basic,Priority
CUST_00701,CUST_00701_C1,1,IT/소프트웨어,5-49인,2025-05-04,2025-05-04,2026-05-04,12,0,0,Standard,Standard
CUST_00702,CUST_00702_C1,1,물류/운송,5-49인,2023-03-29,2023-03-29,2025-03-29,24,0,0,Basic,Priority
CUST_00702,CUST_00702_C2,2,물류/운송,5-49인,2023-03-29,2025-03-30,2027-03-30,24,24,1,Basic,Standard
CUST_00703,CUST_00703_C1,1,물류/운송,50-299인,2023-08-16,2023-08-16,2026-08-16,36,0,0,Premium,Priority
CUST_00704,CUST_00704_C1,1,제조업,5-49인,2022-02-20,2022-02-20,2023-02-20,12,0,0,Basic,Standard
CUST_00705,CUST_00705_C1,1,금융/보험,5-49인,2023-10-28,2023-10-28,2025-10-28,24,0,0,Basic,Standard
CUST_00706,CUST_00706_C1,1,유통/커머스,5-49인,2025-12-04,2025-12-04,2026-12-04,12,0,0,Standard,Priority
CUST_00707,CUST_00707_C1,1,IT/소프트웨어,5-49인,2026-08-02,2026-08-02,2027-08-02,12,0,0,Standard,Standard
CUST_00707,CUST_00707_C2,2,IT/소프트웨어,5-49인,2026-08-02,2027-08-03,2029-08-03,24,12,1,Standard,Enterprise
CUST_00707,CUST_00707_C3,3,IT/소프트웨어,5-49인,2026-08-02,2029-08-04,2030-08-04,12,36,2,Standard,Priority
CUST_00708,CUST_00708_C1,1,의료/헬스케어,5-49인,2024-09-27,2024-09-27,2025-09-27,12,0,0,Basic,Priority
CUST_00709,CUST_00709_C1,1,IT/소프트웨어,5-49인,2024-03-01,2024-03-01,2026-03-01,24,0,0,Basic,Standard
CUST_00709,CUST_00709_C2,2,IT/소프트웨어,5-49인,2024-03-01,2026-03-02,2027-03-02,12,24,1,Basic,Standard
CUST_00710,CUST_00710_C1,1,IT/소프트웨어,5-49인,2022-11-27,2022-11-27,2023-11-27,12,0,0,Basic,Enterprise
CUST_00711,CUST_00711_C1,1,IT/소프트웨어,5-49인,2023-06-15,2023-06-15,2025-06-15,24,0,0,Basic,Priority
CUST_00711,CUST_00711_C2,2,IT/소프트웨어,5-49인,2023-06-15,2025-06-16,2027-06-16,24,24,1,Basic,Enterprise
CUST_00711,CUST_00711_C3,3,IT/소프트웨어,5-49인,2023-06-15,2027-06-17,2028-06-17,12,48,2,Basic,Priority
CUST_00712,CUST_00712_C1,1,교육,5-49인,2026-01-24,2026-01-24,2028-01-24,24,0,0,Basic,Standard
CUST_00712,CUST_00712_C2,2,교육,5-49인,2026-01-24,2028-01-25,2030-01-25,24,24,1,Basic,Standard
CUST_00712,CUST_00712_C3,3,교육,5-49인,2026-01-24,2030-01-26,2032-01-26,24,48,2,Basic,Priority
CUST_00713,CUST_00713_C1,1,유통/커머스,50-299인,2024-04-03,2024-04-03,2025-04-03,12,0,0,Standard,Priority
CUST_00713,CUST_00713_C2,2,유통/커머스,50-299인,2024-04-03,2025-04-04,2026-04-04,12,12,1,Standard,Standard
CUST_00714,CUST_00714_C1,1,금융/보험,5-49인,2022-06-06,2022-06-06,2024-06-06,24,0,0,Basic,Standard
CUST_00715,CUST_00715_C1,1,교육,5-49인,2025-10-07,2025-10-07,2026-10-07,12,0,0,Basic,Standard
CUST_00716,CUST_00716_C1,1,물류/운송,5-49인,2025-11-07,2025-11-07,2028-11-07,36,0,0,Standard,Standard
CUST_00717,CUST_00717_C1,1,IT/소프트웨어,5-49인,2023-04-18,2023-04-18,2026-04-18,36,0,0,Basic,Standard
CUST_00718,CUST_00718_C1,1,제조업,5-49인,2024-06-06,2024-06-06,2025-06-06,12,0,0,Basic,Priority
CUST_00719,CUST_00719_C1,1,제조업,5-49인,2026-04-29,2026-04-29,2027-04-29,12,0,0,Basic,Priority
CUST_00720,CUST_00720_C1,1,유통/커머스,5-49인,2025-04-13,2025-04-13,2027-04-13,24,0,0,Basic,Standard
CUST_00720,CUST_00720_C2,2,유통/커머스,5-49인,2025-04-13,2027-04-14,2028-04-14,12,24,1,Basic,Standard
CUST_00720,CUST_00720_C3,3,유통/커머스,5-49인,2025-04-13,2028-04-15,2030-04-15,24,36,2,Basic,Priority
CUST_00721,CUST_00721_C1,1,제조업,5-49인,2022-05-27,2022-05-27,2024-05-27,24,0,0,Basic,Enterprise
CUST_00721,CUST_00721_C2,2,제조업,5-49인,2022-05-27,2024-05-28,2026-05-28,24,24,1,Basic,Standard
CUST_00721,CUST_00721_C3,3,제조업,5-49인,2022-05-27,2026-05-29,2028-05-29,24,48,2,Basic,Priority
CUST_00722,CUST_00722_C1,1,IT/소프트웨어,5-49인,2026-04-17,2026-04-17,2027-04-17,12,0,0,Basic,Standard
CUST_00723,CUST_00723_C1,1,교육,5-49인,2023-12-30,2023-12-30,2024-12-30,12,0,0,Basic,Priority
CUST_00723,CUST_00723_C2,2,교육,5-49인,2023-12-30,2024-12-31,2025-12-31,12,12,1,Basic,Standard
CUST_00723,CUST_00723_C3,3,교육,5-49인,2023-12-30,2026-01-01,2027-01-01,12,25,2,Basic,Standard
CUST_00724,CUST_00724_C1,1,제조업,50-299인,2022-07-29,2022-07-29,2024-07-29,24,0,0,Premium,Standard
CUST_00724,CUST_00724_C2,2,제조업,50-299인,2022-07-29,2024-07-30,2025-07-30,12,24,1,Premium,Enterprise
CUST_00724,CUST_00724_C3,3,제조업,50-299인,2022-07-29,2025-07-31,2027-07-31,24,36,2,Premium,Standard
CUST_00725,CUST_00725_C1,1,제조업,50-299인,2024-07-30,2024-07-30,2025-07-30,12,0,0,Premium,Enterprise
CUST_00726,CUST_00726_C1,1,유통/커머스,5-49인,2023-11-20,2023-11-20,2024-11-20,12,0,0,Premium,Priority
CUST_00726,CUST_00726_C2,2,유통/커머스,5-49인,2023-11-20,2024-11-21,2025-11-21,12,12,1,Premium,Enterprise
CUST_00727,CUST_00727_C1,1,제조업,5-49인,2023-08-04,2023-08-04,2026-08-04,36,0,0,Basic,Standard
CUST_00727,CUST_00727_C2,2,제조업,5-49인,2023-08-04,2026-08-05,2028-08-05,24,36,1,Basic,Standard
CUST_00727,CUST_00727_C3,3,제조업,5-49인,2023-08-04,2028-08-06,2029-08-06,12,60,2,Basic,Priority
CUST_00728,CUST_00728_C1,1,교육,5-49인,2024-05-04,2024-05-04,2025-05-04,12,0,0,Standard,Enterprise
CUST_00728,CUST_00728_C2,2,교육,5-49인,2024-05-04,2025-05-05,2027-05-05,24,12,1,Standard,Priority
CUST_00729,CUST_00729_C1,1,의료/헬스케어,5-49인,2023-11-04,2023-11-04,2025-11-04,24,0,0,Standard,Priority
CUST_00729,CUST_00729_C2,2,의료/헬스케어,5-49인,2023-11-04,2025-11-05,2026-11-05,12,24,1,Standard,Priority
CUST_00729,CUST_00729_C3,3,의료/헬스케어,5-49인,2023-11-04,2026-11-06,2028-11-06,24,36,2,Standard,Priority
CUST_00730,CUST_00730_C1,1,IT/소프트웨어,5-49인,2026-06-17,2026-06-17,2028-06-17,24,0,0,Basic,Standard
CUST_00730,CUST_00730_C2,2,IT/소프트웨어,5-49인,2026-06-17,2028-06-18,2030-06-18,24,24,1,Basic,Standard
CUST_00730,CUST_00730_C3,3,IT/소프트웨어,5-49인,2026-06-17,2030-06-19,2031-06-19,12,48,2,Basic,Standard
CUST_00731,CUST_00731_C1,1,IT/소프트웨어,5-49인,2024-10-23,2024-10-23,2025-10-23,12,0,0,Standard,Standard
CUST_00732,CUST_00732_C1,1,의료/헬스케어,5-49인,2025-04-22,2025-04-22,2026-04-22,12,0,0,Basic,Standard
CUST_00733,CUST_00733_C1,1,금융/보험,5-49인,2023-08-27,2023-08-27,2024-08-27,12,0,0,Basic,Standard
CUST_00733,CUST_00733_C2,2,금융/보험,5-49인,2023-08-27,2024-08-28,2025-08-28,12,12,1,Basic,Standard
CUST_00734,CUST_00734_C1,1,유통/커머스,5-49인,2021-10-30,2021-10-30,2022-10-30,12,0,0,Premium,Standard
CUST_00735,CUST_00735_C1,1,유통/커머스,5-49인,2022-10-20,2022-10-20,2024-10-20,24,0,0,Basic,Standard
CUST_00735,CUST_00735_C2,2,유통/커머스,5-49인,2022-10-20,2024-10-21,2026-10-21,24,24,1,Basic,Standard
CUST_00735,CUST_00735_C3,3,유통/커머스,5-49인,2022-10-20,2026-10-22,2027-10-22,12,48,2,Basic,Standard
CUST_00736,CUST_00736_C1,1,제조업,5-49인,2025-01-28,2025-01-28,2026-01-28,12,0,0,Standard,Priority
CUST_00736,CUST_00736_C2,2,제조업,5-49인,2025-01-28,2026-01-29,2027-01-29,12,12,1,Standard,Priority
CUST_00737,CUST_00737_C1,1,제조업,50-299인,2023-12-26,2023-12-26,2024-12-26,12,0,0,Premium,Enterprise
CUST_00737,CUST_00737_C2,2,제조업,50-299인,2023-12-26,2024-12-27,2026-12-27,24,12,1,Premium,Priority
CUST_00738,CUST_00738_C1,1,금융/보험,5-49인,2025-07-03,2025-07-03,2026-07-03,12,0,0,Standard,Enterprise
CUST_00738,CUST_00738_C2,2,금융/보험,5-49인,2025-07-03,2026-07-04,2027-07-04,12,12,1,Standard,Priority
CUST_00739,CUST_00739_C1,1,유통/커머스,5-49인,2022-04-06,2022-04-06,2024-04-06,24,0,0,Premium,Enterprise
CUST_00739,CUST_00739_C2,2,유통/커머스,5-49인,2022-04-06,2024-04-07,2025-04-07,12,24,1,Premium,Enterprise
CUST_00740,CUST_00740_C1,1,유통/커머스,5-49인,2024-11-18,2024-11-18,2025-11-18,12,0,0,Basic,Standard
CUST_00741,CUST_00741_C1,1,제조업,5-49인,2025-08-24,2025-08-24,2027-08-24,24,0,0,Basic,Standard
CUST_00742,CUST_00742_C1,1,금융/보험,5-49인,2022-11-09,2022-11-09,2023-11-09,12,0,0,Standard,Enterprise
CUST_00742,CUST_00742_C2,2,금융/보험,5-49인,2022-11-09,2023-11-10,2024-11-10,12,12,1,Standard,Standard
CUST_00742,CUST_00742_C3,3,금융/보험,5-49인,2022-11-09,2024-11-11,2025-11-11,12,24,2,Standard,Priority
CUST_00743,CUST_00743_C1,1,IT/소프트웨어,300인이상,2026-06-03,2026-06-03,2028-06-03,24,0,0,Premium,Enterprise
CUST_00743,CUST_00743_C2,2,IT/소프트웨어,300인이상,2026-06-03,2028-06-04,2029-06-04,12,24,1,Premium,Enterprise
CUST_00744,CUST_00744_C1,1,유통/커머스,5-49인,2025-03-25,2025-03-25,2026-03-25,12,0,0,Basic,Standard
CUST_00744,CUST_00744_C2,2,유통/커머스,5-49인,2025-03-25,2026-03-26,2028-03-26,24,12,1,Basic,Priority
CUST_00744,CUST_00744_C3,3,유통/커머스,5-49인,2025-03-25,2028-03-27,2029-03-27,12,36,2,Basic,Priority
CUST_00745,CUST_00745_C1,1,제조업,50-299인,2026-04-25,2026-04-25,2028-04-25,24,0,0,Premium,Enterprise
CUST_00746,CUST_00746_C1,1,기타서비스업,50-299인,2024-12-27,2024-12-27,2026-12-27,24,0,0,Standard,Priority
CUST_00746,CUST_00746_C2,2,기타서비스업,50-299인,2024-12-27,2026-12-28,2027-12-28,12,24,1,Standard,Priority
CUST_00747,CUST_00747_C1,1,유통/커머스,5-49인,2026-04-23,2026-04-23,2028-04-23,24,0,0,Basic,Priority
CUST_00748,CUST_00748_C1,1,유통/커머스,5-49인,2022-09-08,2022-09-08,2024-09-08,24,0,0,Premium,Enterprise
CUST_00749,CUST_00749_C1,1,의료/헬스케어,5-49인,2023-01-27,2023-01-27,2024-01-27,12,0,0,Basic,Standard
CUST_00750,CUST_00750_C1,1,IT/소프트웨어,5-49인,2024-06-30,2024-06-30,2026-06-30,24,0,0,Basic,Standard
CUST_00751,CUST_00751_C1,1,금융/보험,5-49인,2025-02-14,2025-02-14,2026-02-14,12,0,0,Basic,Enterprise
CUST_00751,CUST_00751_C2,2,금융/보험,5-49인,2025-02-14,2026-02-15,2028-02-15,24,12,1,Basic,Standard
CUST_00752,CUST_00752_C1,1,교육,5-49인,2025-07-20,2025-07-20,2027-07-20,24,0,0,Basic,Standard
CUST_00753,CUST_00753_C1,1,제조업,5-49인,2024-01-01,2024-01-01,2025-01-01,12,0,0,Basic,Standard
CUST_00754,CUST_00754_C1,1,제조업,5-49인,2026-06-25,2026-06-25,2027-06-25,12,0,0,Basic,Standard
CUST_00755,CUST_00755_C1,1,물류/운송,5-49인,2024-08-17,2024-08-17,2026-08-17,24,0,0,Basic,Standard
CUST_00755,CUST_00755_C2,2,물류/운송,5-49인,2024-08-17,2026-08-18,2028-08-18,24,24,1,Basic,Priority
CUST_00756,CUST_00756_C1,1,유통/커머스,5-49인,2025-04-19,2025-04-19,2027-04-19,24,0,0,Basic,Standard
CUST_00757,CUST_00757_C1,1,물류/운송,5-49인,2021-11-27,2021-11-27,2022-11-27,12,0,0,Basic,Priority
CUST_00758,CUST_00758_C1,1,물류/운송,5-49인,2022-04-28,2022-04-28,2025-04-28,36,0,0,Premium,Enterprise
CUST_00758,CUST_00758_C2,2,물류/운송,5-49인,2022-04-28,2025-04-29,2027-04-29,24,36,1,Premium,Enterprise
CUST_00759,CUST_00759_C1,1,제조업,5-49인,2024-03-24,2024-03-24,2025-03-24,12,0,0,Basic,Standard
CUST_00760,CUST_00760_C1,1,교육,5-49인,2026-06-08,2026-06-08,2029-06-08,36,0,0,Basic,Standard
CUST_00761,CUST_00761_C1,1,IT/소프트웨어,5-49인,2025-01-19,2025-01-19,2027-01-19,24,0,0,Standard,Standard
CUST_00762,CUST_00762_C1,1,유통/커머스,5-49인,2021-10-05,2021-10-05,2022-10-05,12,0,0,Basic,Priority
CUST_00762,CUST_00762_C2,2,유통/커머스,5-49인,2021-10-05,2022-10-06,2023-10-06,12,12,1,Basic,Standard
CUST_00763,CUST_00763_C1,1,제조업,5-49인,2024-01-11,2024-01-11,2025-01-11,12,0,0,Standard,Priority
CUST_00763,CUST_00763_C2,2,제조업,5-49인,2024-01-11,2025-01-12,2026-01-12,12,12,1,Standard,Enterprise
CUST_00763,CUST_00763_C3,3,제조업,5-49인,2024-01-11,2026-01-13,2027-01-13,12,24,2,Standard,Standard
CUST_00764,CUST_00764_C1,1,기타서비스업,5-49인,2022-02-16,2022-02-16,2023-02-16,12,0,0,Basic,Standard
CUST_00764,CUST_00764_C2,2,기타서비스업,5-49인,2022-02-16,2023-02-17,2025-02-17,24,12,1,Basic,Priority
CUST_00765,CUST_00765_C1,1,기타서비스업,5-49인,2023-04-08,2023-04-08,2024-04-08,12,0,0,Basic,Standard
CUST_00766,CUST_00766_C1,1,IT/소프트웨어,5-49인,2022-06-30,2022-06-30,2024-06-30,24,0,0,Basic,Priority
CUST_00767,CUST_00767_C1,1,제조업,5-49인,2023-08-06,2023-08-06,2025-08-06,24,0,0,Basic,Standard
CUST_00767,CUST_00767_C2,2,제조업,5-49인,2023-08-06,2025-08-07,2026-08-07,12,24,1,Basic,Priority
CUST_00768,CUST_00768_C1,1,금융/보험,50-299인,2024-04-13,2024-04-13,2025-04-13,12,0,0,Basic,Priority
CUST_00769,CUST_00769_C1,1,의료/헬스케어,5-49인,2024-04-28,2024-04-28,2026-04-28,24,0,0,Basic,Priority
CUST_00770,CUST_00770_C1,1,제조업,5-49인,2022-05-08,2022-05-08,2023-05-08,12,0,0,Standard,Priority
CUST_00771,CUST_00771_C1,1,기타서비스업,5-49인,2024-06-25,2024-06-25,2025-06-25,12,0,0,Standard,Standard
CUST_00772,CUST_00772_C1,1,유통/커머스,5-49인,2025-09-20,2025-09-20,2026-09-20,12,0,0,Standard,Enterprise
CUST_00773,CUST_00773_C1,1,금융/보험,5-49인,2025-06-03,2025-06-03,2026-06-03,12,0,0,Premium,Enterprise
CUST_00773,CUST_00773_C2,2,금융/보험,5-49인,2025-06-03,2026-06-04,2027-06-04,12,12,1,Premium,Enterprise
CUST_00774,CUST_00774_C1,1,유통/커머스,50-299인,2024-02-18,2024-02-18,2026-02-18,24,0,0,Standard,Enterprise
CUST_00774,CUST_00774_C2,2,유통/커머스,50-299인,2024-02-18,2026-02-19,2027-02-19,12,24,1,Standard,Standard
CUST_00775,CUST_00775_C1,1,IT/소프트웨어,5-49인,2024-01-28,2024-01-28,2025-01-28,12,0,0,Basic,Priority
CUST_00775,CUST_00775_C2,2,IT/소프트웨어,5-49인,2024-01-28,2025-01-29,2028-01-29,36,12,1,Basic,Standard
CUST_00776,CUST_00776_C1,1,유통/커머스,5-49인,2023-06-05,2023-06-05,2024-06-05,12,0,0,Basic,Standard
CUST_00776,CUST_00776_C2,2,유통/커머스,5-49인,2023-06-05,2024-06-06,2025-06-06,12,12,1,Basic,Standard
CUST_00777,CUST_00777_C1,1,기타서비스업,5-49인,2024-12-19,2024-12-19,2025-12-19,12,0,0,Basic,Priority
CUST_00777,CUST_00777_C2,2,기타서비스업,5-49인,2024-12-19,2025-12-20,2028-12-20,36,12,1,Basic,Standard
CUST_00777,CUST_00777_C3,3,기타서비스업,5-49인,2024-12-19,2028-12-21,2030-12-21,24,48,2,Basic,Priority
CUST_00778,CUST_00778_C1,1,제조업,5-49인,2023-10-02,2023-10-02,2024-10-02,12,0,0,Basic,Standard
CUST_00778,CUST_00778_C2,2,제조업,5-49인,2023-10-02,2024-10-03,2026-10-03,24,12,1,Basic,Standard
CUST_00779,CUST_00779_C1,1,유통/커머스,5-49인,2022-04-10,2022-04-10,2023-04-10,12,0,0,Standard,Standard
CUST_00779,CUST_00779_C2,2,유통/커머스,5-49인,2022-04-10,2023-04-11,2024-04-11,12,12,1,Standard,Priority
CUST_00779,CUST_00779_C3,3,유통/커머스,5-49인,2022-04-10,2024-04-12,2025-04-12,12,24,2,Standard,Enterprise
CUST_00780,CUST_00780_C1,1,제조업,5-49인,2024-03-26,2024-03-26,2026-03-26,24,0,0,Basic,Standard
CUST_00781,CUST_00781_C1,1,유통/커머스,5-49인,2023-11-05,2023-11-05,2025-11-05,24,0,0,Basic,Standard
CUST_00781,CUST_00781_C2,2,유통/커머스,5-49인,2023-11-05,2025-11-06,2026-11-06,12,24,1,Basic,Standard
CUST_00781,CUST_00781_C3,3,유통/커머스,5-49인,2023-11-05,2026-11-07,2028-11-07,24,36,2,Basic,Standard
CUST_00782,CUST_00782_C1,1,제조업,5-49인,2025-10-09,2025-10-09,2027-10-09,24,0,0,Basic,Standard
CUST_00783,CUST_00783_C1,1,제조업,5-49인,2022-10-11,2022-10-11,2024-10-11,24,0,0,Standard,Priority
CUST_00784,CUST_00784_C1,1,기타서비스업,50-299인,2026-06-17,2026-06-17,2029-06-17,36,0,0,Premium,Enterprise
CUST_00785,CUST_00785_C1,1,제조업,50-299인,2023-02-01,2023-02-01,2024-02-01,12,0,0,Premium,Standard
CUST_00785,CUST_00785_C2,2,제조업,50-299인,2023-02-01,2024-02-02,2025-02-02,12,12,1,Premium,Standard
CUST_00785,CUST_00785_C3,3,제조업,50-299인,2023-02-01,2025-02-03,2026-02-03,12,24,2,Premium,Enterprise
CUST_00786,CUST_00786_C1,1,교육,50-299인,2026-06-16,2026-06-16,2027-06-16,12,0,0,Standard,Standard
CUST_00786,CUST_00786_C2,2,교육,50-299인,2026-06-16,2027-06-17,2029-06-17,24,12,1,Standard,Enterprise
CUST_00786,CUST_00786_C3,3,교육,50-299인,2026-06-16,2029-06-18,2030-06-18,12,36,2,Standard,Standard
CUST_00787,CUST_00787_C1,1,금융/보험,5-49인,2025-06-15,2025-06-15,2026-06-15,12,0,0,Basic,Priority
CUST_00788,CUST_00788_C1,1,제조업,5-49인,2022-09-10,2022-09-10,2023-09-10,12,0,0,Basic,Standard
CUST_00789,CUST_00789_C1,1,유통/커머스,5-49인,2026-06-27,2026-06-27,2028-06-27,24,0,0,Standard,Priority
CUST_00790,CUST_00790_C1,1,제조업,5-49인,2026-01-02,2026-01-02,2029-01-02,36,0,0,Basic,Standard
CUST_00790,CUST_00790_C2,2,제조업,5-49인,2026-01-02,2029-01-03,2032-01-03,36,36,1,Basic,Priority
CUST_00791,CUST_00791_C1,1,IT/소프트웨어,5-49인,2026-02-12,2026-02-12,2027-02-12,12,0,0,Premium,Enterprise
CUST_00792,CUST_00792_C1,1,금융/보험,5-49인,2024-04-03,2024-04-03,2026-04-03,24,0,0,Standard,Priority
CUST_00792,CUST_00792_C2,2,금융/보험,5-49인,2024-04-03,2026-04-04,2027-04-04,12,24,1,Standard,Standard
CUST_00793,CUST_00793_C1,1,교육,5-49인,2022-01-18,2022-01-18,2024-01-18,24,0,0,Basic,Standard
CUST_00793,CUST_00793_C2,2,교육,5-49인,2022-01-18,2024-01-19,2025-01-19,12,24,1,Basic,Standard
CUST_00793,CUST_00793_C3,3,교육,5-49인,2022-01-18,2025-01-20,2026-01-20,12,36,2,Basic,Standard
CUST_00794,CUST_00794_C1,1,교육,5-49인,2022-11-10,2022-11-10,2023-11-10,12,0,0,Standard,Priority
CUST_00794,CUST_00794_C2,2,교육,5-49인,2022-11-10,2023-11-11,2025-11-11,24,12,1,Standard,Priority
CUST_00795,CUST_00795_C1,1,IT/소프트웨어,5-49인,2022-05-03,2022-05-03,2024-05-03,24,0,0,Basic,Standard
CUST_00795,CUST_00795_C2,2,IT/소프트웨어,5-49인,2022-05-03,2024-05-04,2025-05-04,12,24,1,Basic,Standard
CUST_00796,CUST_00796_C1,1,IT/소프트웨어,50-299인,2026-06-11,2026-06-11,2027-06-11,12,0,0,Standard,Priority
CUST_00797,CUST_00797_C1,1,IT/소프트웨어,5-49인,2026-02-26,2026-02-26,2028-02-26,24,0,0,Standard,Priority
CUST_00798,CUST_00798_C1,1,금융/보험,5-49인,2023-03-23,2023-03-23,2026-03-23,36,0,0,Basic,Priority
CUST_00798,CUST_00798_C2,2,금융/보험,5-49인,2023-03-23,2026-03-24,2028-03-24,24,36,1,Basic,Standard
CUST_00799,CUST_00799_C1,1,IT/소프트웨어,5-49인,2022-10-31,2022-10-31,2024-10-31,24,0,0,Standard,Enterprise
CUST_00799,CUST_00799_C2,2,IT/소프트웨어,5-49인,2022-10-31,2024-11-01,2025-11-01,12,25,1,Standard,Priority
CUST_00800,CUST_00800_C1,1,IT/소프트웨어,5-49인,2024-04-24,2024-04-24,2025-04-24,12,0,0,Basic,Standard
CUST_00801,CUST_00801_C1,1,제조업,5-49인,2023-07-21,2023-07-21,2024-07-21,12,0,0,Basic,Standard
CUST_00802,CUST_00802_C1,1,금융/보험,5-49인,2024-11-13,2024-11-13,2025-11-13,12,0,0,Basic,Standard
CUST_00803,CUST_00803_C1,1,유통/커머스,5-49인,2026-08-11,2026-08-11,2028-08-11,24,0,0,Basic,Standard
CUST_00803,CUST_00803_C2,2,유통/커머스,5-49인,2026-08-11,2028-08-12,2030-08-12,24,24,1,Basic,Priority
CUST_00803,CUST_00803_C3,3,유통/커머스,5-49인,2026-08-11,2030-08-13,2031-08-13,12,48,2,Basic,Standard
CUST_00804,CUST_00804_C1,1,유통/커머스,5-49인,2022-06-09,2022-06-09,2023-06-09,12,0,0,Basic,Priority
CUST_00805,CUST_00805_C1,1,물류/운송,5-49인,2024-01-27,2024-01-27,2025-01-27,12,0,0,Standard,Priority
CUST_00805,CUST_00805_C2,2,물류/운송,5-49인,2024-01-27,2025-01-28,2026-01-28,12,12,1,Standard,Priority
CUST_00805,CUST_00805_C3,3,물류/운송,5-49인,2024-01-27,2026-01-29,2028-01-29,24,24,2,Standard,Priority
CUST_00806,CUST_00806_C1,1,제조업,5-49인,2025-11-01,2025-11-01,2027-11-01,24,0,0,Standard,Standard
CUST_00807,CUST_00807_C1,1,유통/커머스,5-49인,2023-08-12,2023-08-12,2026-08-12,36,0,0,Basic,Standard
CUST_00808,CUST_00808_C1,1,의료/헬스케어,5-49인,2023-01-15,2023-01-15,2026-01-15,36,0,0,Basic,Standard
CUST_00808,CUST_00808_C2,2,의료/헬스케어,5-49인,2023-01-15,2026-01-16,2027-01-16,12,36,1,Basic,Standard
CUST_00809,CUST_00809_C1,1,금융/보험,5-49인,2023-07-04,2023-07-04,2025-07-04,24,0,0,Standard,Priority
CUST_00809,CUST_00809_C2,2,금융/보험,5-49인,2023-07-04,2025-07-05,2028-07-05,36,24,1,Standard,Priority
CUST_00810,CUST_00810_C1,1,교육,5-49인,2023-08-12,2023-08-12,2024-08-12,12,0,0,Basic,Standard
CUST_00810,CUST_00810_C2,2,교육,5-49인,2023-08-12,2024-08-13,2026-08-13,24,12,1,Basic,Standard
CUST_00810,CUST_00810_C3,3,교육,5-49인,2023-08-12,2026-08-14,2027-08-14,12,36,2,Basic,Standard
CUST_00811,CUST_00811_C1,1,물류/운송,5-49인,2025-11-09,2025-11-09,2026-11-09,12,0,0,Basic,Standard
CUST_00812,CUST_00812_C1,1,교육,5-49인,2023-01-21,2023-01-21,2024-01-21,12,0,0,Basic,Standard
CUST_00813,CUST_00813_C1,1,의료/헬스케어,5-49인,2023-09-17,2023-09-17,2024-09-17,12,0,0,Basic,Standard
CUST_00814,CUST_00814_C1,1,IT/소프트웨어,5-49인,2026-06-12,2026-06-12,2027-06-12,12,0,0,Basic,Priority
CUST_00814,CUST_00814_C2,2,IT/소프트웨어,5-49인,2026-06-12,2027-06-13,2028-06-13,12,12,1,Basic,Standard
CUST_00815,CUST_00815_C1,1,제조업,300인이상,2021-12-27,2021-12-27,2024-12-27,36,0,0,Standard,Priority
CUST_00815,CUST_00815_C2,2,제조업,300인이상,2021-12-27,2024-12-28,2026-12-28,24,36,1,Standard,Priority
CUST_00816,CUST_00816_C1,1,IT/소프트웨어,5-49인,2022-06-26,2022-06-26,2024-06-26,24,0,0,Basic,Standard
CUST_00816,CUST_00816_C2,2,IT/소프트웨어,5-49인,2022-06-26,2024-06-27,2026-06-27,24,24,1,Basic,Standard
CUST_00816,CUST_00816_C3,3,IT/소프트웨어,5-49인,2022-06-26,2026-06-28,2029-06-28,36,48,2,Basic,Standard
CUST_00817,CUST_00817_C1,1,교육,5-49인,2024-10-10,2024-10-10,2026-10-10,24,0,0,Basic,Standard
CUST_00817,CUST_00817_C2,2,교육,5-49인,2024-10-10,2026-10-11,2028-10-11,24,24,1,Basic,Standard
CUST_00818,CUST_00818_C1,1,제조업,5-49인,2025-12-04,2025-12-04,2026-12-04,12,0,0,Basic,Priority
CUST_00819,CUST_00819_C1,1,교육,5-49인,2023-07-09,2023-07-09,2024-07-09,12,0,0,Basic,Standard
CUST_00820,CUST_00820_C1,1,교육,5-49인,2023-09-26,2023-09-26,2024-09-26,12,0,0,Basic,Priority
CUST_00820,CUST_00820_C2,2,교육,5-49인,2023-09-26,2024-09-27,2025-09-27,12,12,1,Basic,Enterprise
CUST_00821,CUST_00821_C1,1,제조업,5-49인,2024-05-19,2024-05-19,2026-05-19,24,0,0,Basic,Priority
CUST_00822,CUST_00822_C1,1,제조업,50-299인,2024-01-23,2024-01-23,2025-01-23,12,0,0,Basic,Standard
CUST_00822,CUST_00822_C2,2,제조업,50-299인,2024-01-23,2025-01-24,2027-01-24,24,12,1,Basic,Standard
CUST_00823,CUST_00823_C1,1,금융/보험,5-49인,2026-07-09,2026-07-09,2027-07-09,12,0,0,Basic,Standard
CUST_00824,CUST_00824_C1,1,기타서비스업,5-49인,2023-12-30,2023-12-30,2024-12-30,12,0,0,Basic,Standard
CUST_00825,CUST_00825_C1,1,유통/커머스,5-49인,2021-12-02,2021-12-02,2022-12-02,12,0,0,Basic,Standard
CUST_00826,CUST_00826_C1,1,제조업,5-49인,2022-11-25,2022-11-25,2024-11-25,24,0,0,Basic,Standard
CUST_00827,CUST_00827_C1,1,IT/소프트웨어,5-49인,2022-07-30,2022-07-30,2023-07-30,12,0,0,Basic,Priority
CUST_00827,CUST_00827_C2,2,IT/소프트웨어,5-49인,2022-07-30,2023-07-31,2024-07-31,12,12,1,Basic,Standard
CUST_00828,CUST_00828_C1,1,제조업,5-49인,2023-05-23,2023-05-23,2024-05-23,12,0,0,Basic,Standard
CUST_00828,CUST_00828_C2,2,제조업,5-49인,2023-05-23,2024-05-24,2025-05-24,12,12,1,Basic,Standard
CUST_00828,CUST_00828_C3,3,제조업,5-49인,2023-05-23,2025-05-25,2027-05-25,24,24,2,Basic,Standard
CUST_00829,CUST_00829_C1,1,금융/보험,5-49인,2024-12-03,2024-12-03,2025-12-03,12,0,0,Standard,Priority
CUST_00829,CUST_00829_C2,2,금융/보험,5-49인,2024-12-03,2025-12-04,2027-12-04,24,12,1,Standard,Enterprise
CUST_00830,CUST_00830_C1,1,IT/소프트웨어,50-299인,2024-04-19,2024-04-19,2026-04-19,24,0,0,Standard,Priority
CUST_00831,CUST_00831_C1,1,유통/커머스,5-49인,2021-11-10,2021-11-10,2022-11-10,12,0,0,Basic,Standard
CUST_00832,CUST_00832_C1,1,IT/소프트웨어,5-49인,2024-04-08,2024-04-08,2025-04-08,12,0,0,Standard,Priority
CUST_00833,CUST_00833_C1,1,물류/운송,50-299인,2026-07-10,2026-07-10,2027-07-10,12,0,0,Standard,Priority
CUST_00833,CUST_00833_C2,2,물류/운송,50-299인,2026-07-10,2027-07-11,2028-07-11,12,12,1,Standard,Standard
CUST_00834,CUST_00834_C1,1,교육,5-49인,2024-10-16,2024-10-16,2025-10-16,12,0,0,Basic,Standard
CUST_00835,CUST_00835_C1,1,IT/소프트웨어,5-49인,2026-08-15,2026-08-15,2027-08-15,12,0,0,Basic,Priority
CUST_00836,CUST_00836_C1,1,금융/보험,5-49인,2023-11-19,2023-11-19,2024-11-19,12,0,0,Standard,Priority
CUST_00836,CUST_00836_C2,2,금융/보험,5-49인,2023-11-19,2024-11-20,2026-11-20,24,12,1,Standard,Enterprise
CUST_00837,CUST_00837_C1,1,IT/소프트웨어,5-49인,2025-03-15,2025-03-15,2026-03-15,12,0,0,Basic,Standard
CUST_00837,CUST_00837_C2,2,IT/소프트웨어,5-49인,2025-03-15,2026-03-16,2027-03-16,12,12,1,Basic,Standard
CUST_00838,CUST_00838_C1,1,제조업,5-49인,2022-11-28,2022-11-28,2025-11-28,36,0,0,Premium,Priority
CUST_00838,CUST_00838_C2,2,제조업,5-49인,2022-11-28,2025-11-29,2028-11-29,36,36,1,Premium,Priority
CUST_00839,CUST_00839_C1,1,유통/커머스,5-49인,2026-03-12,2026-03-12,2028-03-12,24,0,0,Standard,Standard
CUST_00840,CUST_00840_C1,1,유통/커머스,5-49인,2025-10-28,2025-10-28,2026-10-28,12,0,0,Basic,Priority
CUST_00841,CUST_00841_C1,1,제조업,5-49인,2021-12-01,2021-12-01,2023-12-01,24,0,0,Standard,Priority
CUST_00842,CUST_00842_C1,1,금융/보험,50-299인,2021-09-24,2021-09-24,2022-09-24,12,0,0,Basic,Standard
CUST_00843,CUST_00843_C1,1,제조업,5-49인,2023-11-24,2023-11-24,2024-11-24,12,0,0,Premium,Priority
CUST_00844,CUST_00844_C1,1,IT/소프트웨어,50-299인,2025-11-16,2025-11-16,2026-11-16,12,0,0,Standard,Priority
CUST_00844,CUST_00844_C2,2,IT/소프트웨어,50-299인,2025-11-16,2026-11-17,2027-11-17,12,12,1,Standard,Priority
CUST_00845,CUST_00845_C1,1,유통/커머스,5-49인,2026-08-13,2026-08-13,2029-08-13,36,0,0,Basic,Priority
CUST_00846,CUST_00846_C1,1,금융/보험,5-49인,2022-03-11,2022-03-11,2023-03-11,12,0,0,Basic,Standard
CUST_00847,CUST_00847_C1,1,유통/커머스,5-49인,2022-11-22,2022-11-22,2025-11-22,36,0,0,Standard,Enterprise
CUST_00847,CUST_00847_C2,2,유통/커머스,5-49인,2022-11-22,2025-11-23,2026-11-23,12,36,1,Standard,Priority
CUST_00848,CUST_00848_C1,1,물류/운송,5-49인,2026-08-14,2026-08-14,2027-08-14,12,0,0,Standard,Standard
CUST_00849,CUST_00849_C1,1,물류/운송,50-299인,2024-01-30,2024-01-30,2027-01-30,36,0,0,Premium,Enterprise
CUST_00850,CUST_00850_C1,1,제조업,5-49인,2025-08-23,2025-08-23,2028-08-23,36,0,0,Basic,Standard
CUST_00851,CUST_00851_C1,1,제조업,5-49인,2023-10-15,2023-10-15,2025-10-15,24,0,0,Standard,Priority
CUST_00851,CUST_00851_C2,2,제조업,5-49인,2023-10-15,2025-10-16,2027-10-16,24,24,1,Standard,Priority
CUST_00852,CUST_00852_C1,1,교육,5-49인,2025-11-03,2025-11-03,2027-11-03,24,0,0,Basic,Standard
CUST_00852,CUST_00852_C2,2,교육,5-49인,2025-11-03,2027-11-04,2028-11-04,12,24,1,Basic,Standard
CUST_00853,CUST_00853_C1,1,제조업,5-49인,2023-08-12,2023-08-12,2024-08-12,12,0,0,Basic,Standard
CUST_00854,CUST_00854_C1,1,물류/운송,5-49인,2026-06-07,2026-06-07,2027-06-07,12,0,0,Basic,Priority
CUST_00855,CUST_00855_C1,1,유통/커머스,5-49인,2023-11-21,2023-11-21,2025-11-21,24,0,0,Basic,Priority
CUST_00856,CUST_00856_C1,1,의료/헬스케어,5-49인,2024-04-21,2024-04-21,2025-04-21,12,0,0,Standard,Standard
CUST_00856,CUST_00856_C2,2,의료/헬스케어,5-49인,2024-04-21,2025-04-22,2027-04-22,24,12,1,Standard,Enterprise
CUST_00857,CUST_00857_C1,1,IT/소프트웨어,50-299인,2025-01-07,2025-01-07,2028-01-07,36,0,0,Standard,Priority
CUST_00858,CUST_00858_C1,1,제조업,5-49인,2024-08-05,2024-08-05,2027-08-05,36,0,0,Basic,Standard
CUST_00859,CUST_00859_C1,1,기타서비스업,5-49인,2024-12-14,2024-12-14,2025-12-14,12,0,0,Basic,Standard
CUST_00860,CUST_00860_C1,1,교육,5-49인,2023-04-10,2023-04-10,2025-04-10,24,0,0,Basic,Priority
CUST_00860,CUST_00860_C2,2,교육,5-49인,2023-04-10,2025-04-11,2026-04-11,12,24,1,Basic,Standard
CUST_00860,CUST_00860_C3,3,교육,5-49인,2023-04-10,2026-04-12,2027-04-12,12,36,2,Basic,Standard
CUST_00861,CUST_00861_C1,1,제조업,5-49인,2026-02-18,2026-02-18,2027-02-18,12,0,0,Basic,Priority
CUST_00862,CUST_00862_C1,1,금융/보험,5-49인,2024-03-10,2024-03-10,2025-03-10,12,0,0,Premium,Priority
CUST_00863,CUST_00863_C1,1,IT/소프트웨어,5-49인,2021-11-04,2021-11-04,2022-11-04,12,0,0,Basic,Standard
CUST_00863,CUST_00863_C2,2,IT/소프트웨어,5-49인,2021-11-04,2022-11-05,2024-11-05,24,12,1,Basic,Priority
CUST_00864,CUST_00864_C1,1,기타서비스업,5-49인,2023-12-27,2023-12-27,2026-12-27,36,0,0,Standard,Priority
CUST_00864,CUST_00864_C2,2,기타서비스업,5-49인,2023-12-27,2026-12-28,2027-12-28,12,36,1,Standard,Enterprise
CUST_00865,CUST_00865_C1,1,IT/소프트웨어,5-49인,2024-01-26,2024-01-26,2026-01-26,24,0,0,Basic,Standard
CUST_00865,CUST_00865_C2,2,IT/소프트웨어,5-49인,2024-01-26,2026-01-27,2028-01-27,24,24,1,Basic,Standard
CUST_00866,CUST_00866_C1,1,IT/소프트웨어,5-49인,2022-11-25,2022-11-25,2023-11-25,12,0,0,Basic,Enterprise
CUST_00867,CUST_00867_C1,1,유통/커머스,5-49인,2026-01-05,2026-01-05,2027-01-05,12,0,0,Standard,Priority
CUST_00868,CUST_00868_C1,1,제조업,5-49인,2024-02-11,2024-02-11,2025-02-11,12,0,0,Basic,Priority
CUST_00868,CUST_00868_C2,2,제조업,5-49인,2024-02-11,2025-02-12,2027-02-12,24,12,1,Basic,Standard
CUST_00869,CUST_00869_C1,1,유통/커머스,5-49인,2023-07-14,2023-07-14,2025-07-14,24,0,0,Standard,Priority
CUST_00870,CUST_00870_C1,1,금융/보험,5-49인,2025-11-21,2025-11-21,2026-11-21,12,0,0,Basic,Priority
CUST_00871,CUST_00871_C1,1,교육,5-49인,2024-05-16,2024-05-16,2025-05-16,12,0,0,Basic,Standard
CUST_00871,CUST_00871_C2,2,교육,5-49인,2024-05-16,2025-05-17,2027-05-17,24,12,1,Basic,Priority
CUST_00871,CUST_00871_C3,3,교육,5-49인,2024-05-16,2027-05-18,2028-05-18,12,36,2,Basic,Priority
CUST_00872,CUST_00872_C1,1,의료/헬스케어,5-49인,2023-10-17,2023-10-17,2024-10-17,12,0,0,Standard,Standard
CUST_00873,CUST_00873_C1,1,유통/커머스,5-49인,2024-04-07,2024-04-07,2025-04-07,12,0,0,Basic,Standard
CUST_00874,CUST_00874_C1,1,기타서비스업,5-49인,2023-12-28,2023-12-28,2025-12-28,24,0,0,Basic,Standard
CUST_00875,CUST_00875_C1,1,제조업,5-49인,2023-12-28,2023-12-28,2025-12-28,24,0,0,Standard,Priority
CUST_00876,CUST_00876_C1,1,금융/보험,5-49인,2021-11-22,2021-11-22,2022-11-22,12,0,0,Basic,Standard
CUST_00877,CUST_00877_C1,1,기타서비스업,5-49인,2024-03-16,2024-03-16,2026-03-16,24,0,0,Basic,Priority
CUST_00877,CUST_00877_C2,2,기타서비스업,5-49인,2024-03-16,2026-03-17,2028-03-17,24,24,1,Basic,Standard
CUST_00878,CUST_00878_C1,1,기타서비스업,5-49인,2023-11-12,2023-11-12,2026-11-12,36,0,0,Basic,Standard
CUST_00878,CUST_00878_C2,2,기타서비스업,5-49인,2023-11-12,2026-11-13,2027-11-13,12,36,1,Basic,Standard
CUST_00879,CUST_00879_C1,1,의료/헬스케어,5-49인,2023-01-29,2023-01-29,2024-01-29,12,0,0,Basic,Standard
CUST_00879,CUST_00879_C2,2,의료/헬스케어,5-49인,2023-01-29,2024-01-30,2027-01-30,36,12,1,Basic,Standard
CUST_00879,CUST_00879_C3,3,의료/헬스케어,5-49인,2023-01-29,2027-01-31,2029-01-31,24,48,2,Basic,Standard
CUST_00880,CUST_00880_C1,1,제조업,5-49인,2022-08-30,2022-08-30,2023-08-30,12,0,0,Basic,Standard
CUST_00880,CUST_00880_C2,2,제조업,5-49인,2022-08-30,2023-08-31,2025-08-31,24,12,1,Basic,Standard
CUST_00880,CUST_00880_C3,3,제조업,5-49인,2022-08-30,2025-09-01,2026-09-01,12,37,2,Basic,Standard
CUST_00881,CUST_00881_C1,1,IT/소프트웨어,5-49인,2025-09-10,2025-09-10,2026-09-10,12,0,0,Basic,Standard
CUST_00881,CUST_00881_C2,2,IT/소프트웨어,5-49인,2025-09-10,2026-09-11,2028-09-11,24,12,1,Basic,Priority
CUST_00881,CUST_00881_C3,3,IT/소프트웨어,5-49인,2025-09-10,2028-09-12,2029-09-12,12,36,2,Basic,Standard
CUST_00882,CUST_00882_C1,1,제조업,300인이상,2026-02-01,2026-02-01,2029-02-01,36,0,0,Basic,Standard
CUST_00883,CUST_00883_C1,1,IT/소프트웨어,50-299인,2023-02-04,2023-02-04,2024-02-04,12,0,0,Standard,Standard
CUST_00883,CUST_00883_C2,2,IT/소프트웨어,50-299인,2023-02-04,2024-02-05,2025-02-05,12,12,1,Standard,Priority
CUST_00884,CUST_00884_C1,1,IT/소프트웨어,5-49인,2022-08-20,2022-08-20,2024-08-20,24,0,0,Standard,Enterprise
CUST_00885,CUST_00885_C1,1,IT/소프트웨어,5-49인,2025-04-20,2025-04-20,2026-04-20,12,0,0,Basic,Standard
CUST_00885,CUST_00885_C2,2,IT/소프트웨어,5-49인,2025-04-20,2026-04-21,2027-04-21,12,12,1,Basic,Standard
CUST_00885,CUST_00885_C3,3,IT/소프트웨어,5-49인,2025-04-20,2027-04-22,2028-04-22,12,24,2,Basic,Standard
CUST_00886,CUST_00886_C1,1,IT/소프트웨어,50-299인,2023-08-19,2023-08-19,2025-08-19,24,0,0,Premium,Priority
CUST_00886,CUST_00886_C2,2,IT/소프트웨어,50-299인,2023-08-19,2025-08-20,2026-08-20,12,24,1,Premium,Enterprise
CUST_00887,CUST_00887_C1,1,물류/운송,5-49인,2022-02-16,2022-02-16,2025-02-16,36,0,0,Standard,Priority
CUST_00888,CUST_00888_C1,1,유통/커머스,5-49인,2024-02-09,2024-02-09,2025-02-09,12,0,0,Basic,Standard
CUST_00888,CUST_00888_C2,2,유통/커머스,5-49인,2024-02-09,2025-02-10,2027-02-10,24,12,1,Basic,Standard
CUST_00889,CUST_00889_C1,1,교육,5-49인,2024-02-16,2024-02-16,2025-02-16,12,0,0,Premium,Priority
CUST_00889,CUST_00889_C2,2,교육,5-49인,2024-02-16,2025-02-17,2026-02-17,12,12,1,Premium,Enterprise
CUST_00890,CUST_00890_C1,1,기타서비스업,5-49인,2025-07-22,2025-07-22,2026-07-22,12,0,0,Basic,Priority
CUST_00890,CUST_00890_C2,2,기타서비스업,5-49인,2025-07-22,2026-07-23,2027-07-23,12,12,1,Basic,Standard
CUST_00891,CUST_00891_C1,1,물류/운송,5-49인,2025-10-24,2025-10-24,2026-10-24,12,0,0,Basic,Priority
CUST_00891,CUST_00891_C2,2,물류/운송,5-49인,2025-10-24,2026-10-25,2027-10-25,12,12,1,Basic,Priority
CUST_00892,CUST_00892_C1,1,IT/소프트웨어,5-49인,2024-12-08,2024-12-08,2026-12-08,24,0,0,Basic,Priority
CUST_00892,CUST_00892_C2,2,IT/소프트웨어,5-49인,2024-12-08,2026-12-09,2027-12-09,12,24,1,Basic,Standard
CUST_00893,CUST_00893_C1,1,IT/소프트웨어,50-299인,2024-03-08,2024-03-08,2026-03-08,24,0,0,Premium,Standard
CUST_00893,CUST_00893_C2,2,IT/소프트웨어,50-299인,2024-03-08,2026-03-09,2028-03-09,24,24,1,Premium,Enterprise
CUST_00893,CUST_00893_C3,3,IT/소프트웨어,50-299인,2024-03-08,2028-03-10,2029-03-10,12,48,2,Premium,Enterprise
CUST_00894,CUST_00894_C1,1,금융/보험,5-49인,2023-04-15,2023-04-15,2025-04-15,24,0,0,Basic,Standard
CUST_00895,CUST_00895_C1,1,유통/커머스,5-49인,2025-12-06,2025-12-06,2027-12-06,24,0,0,Standard,Standard
CUST_00896,CUST_00896_C1,1,유통/커머스,50-299인,2025-09-27,2025-09-27,2026-09-27,12,0,0,Basic,Standard
CUST_00896,CUST_00896_C2,2,유통/커머스,50-299인,2025-09-27,2026-09-28,2028-09-28,24,12,1,Basic,Standard
CUST_00897,CUST_00897_C1,1,물류/운송,5-49인,2022-05-10,2022-05-10,2024-05-10,24,0,0,Standard,Standard
CUST_00898,CUST_00898_C1,1,교육,5-49인,2025-10-04,2025-10-04,2027-10-04,24,0,0,Standard,Priority
CUST_00899,CUST_00899_C1,1,물류/운송,5-49인,2021-12-14,2021-12-14,2024-12-14,36,0,0,Basic,Standard
CUST_00899,CUST_00899_C2,2,물류/운송,5-49인,2021-12-14,2024-12-15,2026-12-15,24,36,1,Basic,Priority
CUST_00899,CUST_00899_C3,3,물류/운송,5-49인,2021-12-14,2026-12-16,2027-12-16,12,60,2,Basic,Standard
CUST_00900,CUST_00900_C1,1,유통/커머스,300인이상,2022-10-23,2022-10-23,2024-10-23,24,0,0,Premium,Standard
CUST_00901,CUST_00901_C1,1,IT/소프트웨어,5-49인,2025-01-29,2025-01-29,2026-01-29,12,0,0,Standard,Priority
CUST_00902,CUST_00902_C1,1,교육,5-49인,2023-12-26,2023-12-26,2024-12-26,12,0,0,Basic,Priority
CUST_00903,CUST_00903_C1,1,의료/헬스케어,5-49인,2023-04-28,2023-04-28,2024-04-28,12,0,0,Basic,Standard
CUST_00903,CUST_00903_C2,2,의료/헬스케어,5-49인,2023-04-28,2024-04-29,2025-04-29,12,12,1,Basic,Standard
CUST_00903,CUST_00903_C3,3,의료/헬스케어,5-49인,2023-04-28,2025-04-30,2027-04-30,24,24,2,Basic,Standard
CUST_00904,CUST_00904_C1,1,IT/소프트웨어,5-49인,2022-11-06,2022-11-06,2023-11-06,12,0,0,Standard,Priority
CUST_00905,CUST_00905_C1,1,IT/소프트웨어,5-49인,2022-08-17,2022-08-17,2023-08-17,12,0,0,Basic,Standard
CUST_00905,CUST_00905_C2,2,IT/소프트웨어,5-49인,2022-08-17,2023-08-18,2024-08-18,12,12,1,Basic,Standard
CUST_00905,CUST_00905_C3,3,IT/소프트웨어,5-49인,2022-08-17,2024-08-19,2026-08-19,24,24,2,Basic,Priority
CUST_00906,CUST_00906_C1,1,기타서비스업,5-49인,2025-08-24,2025-08-24,2027-08-24,24,0,0,Standard,Standard
CUST_00907,CUST_00907_C1,1,제조업,5-49인,2025-10-28,2025-10-28,2026-10-28,12,0,0,Basic,Standard
CUST_00908,CUST_00908_C1,1,금융/보험,5-49인,2022-12-02,2022-12-02,2024-12-02,24,0,0,Basic,Standard
CUST_00909,CUST_00909_C1,1,유통/커머스,50-299인,2024-10-12,2024-10-12,2027-10-12,36,0,0,Standard,Standard
CUST_00910,CUST_00910_C1,1,물류/운송,5-49인,2024-12-08,2024-12-08,2026-12-08,24,0,0,Basic,Standard
CUST_00911,CUST_00911_C1,1,IT/소프트웨어,5-49인,2024-11-30,2024-11-30,2025-11-30,12,0,0,Standard,Priority
CUST_00912,CUST_00912_C1,1,유통/커머스,5-49인,2022-06-03,2022-06-03,2024-06-03,24,0,0,Basic,Standard
CUST_00912,CUST_00912_C2,2,유통/커머스,5-49인,2022-06-03,2024-06-04,2026-06-04,24,24,1,Basic,Priority
CUST_00913,CUST_00913_C1,1,유통/커머스,5-49인,2024-01-05,2024-01-05,2025-01-05,12,0,0,Basic,Standard
CUST_00913,CUST_00913_C2,2,유통/커머스,5-49인,2024-01-05,2025-01-06,2028-01-06,36,12,1,Basic,Standard
CUST_00913,CUST_00913_C3,3,유통/커머스,5-49인,2024-01-05,2028-01-07,2029-01-07,12,48,2,Basic,Standard
CUST_00914,CUST_00914_C1,1,제조업,5-49인,2022-05-12,2022-05-12,2023-05-12,12,0,0,Basic,Standard
CUST_00914,CUST_00914_C2,2,제조업,5-49인,2022-05-12,2023-05-13,2024-05-13,12,12,1,Basic,Standard
CUST_00915,CUST_00915_C1,1,IT/소프트웨어,5-49인,2026-06-18,2026-06-18,2027-06-18,12,0,0,Basic,Priority
CUST_00915,CUST_00915_C2,2,IT/소프트웨어,5-49인,2026-06-18,2027-06-19,2028-06-19,12,12,1,Basic,Priority
CUST_00916,CUST_00916_C1,1,IT/소프트웨어,5-49인,2023-07-07,2023-07-07,2025-07-07,24,0,0,Premium,Priority
CUST_00916,CUST_00916_C2,2,IT/소프트웨어,5-49인,2023-07-07,2025-07-08,2026-07-08,12,24,1,Premium,Enterprise
CUST_00917,CUST_00917_C1,1,유통/커머스,5-49인,2021-09-25,2021-09-25,2023-09-25,24,0,0,Basic,Enterprise
CUST_00918,CUST_00918_C1,1,물류/운송,5-49인,2024-06-28,2024-06-28,2026-06-28,24,0,0,Standard,Enterprise
CUST_00918,CUST_00918_C2,2,물류/운송,5-49인,2024-06-28,2026-06-29,2029-06-29,36,24,1,Standard,Priority
CUST_00919,CUST_00919_C1,1,유통/커머스,5-49인,2025-05-19,2025-05-19,2026-05-19,12,0,0,Basic,Priority
CUST_00919,CUST_00919_C2,2,유통/커머스,5-49인,2025-05-19,2026-05-20,2028-05-20,24,12,1,Premium,Priority
CUST_00919,CUST_00919_C3,3,유통/커머스,5-49인,2025-05-19,2028-05-21,2031-05-21,36,36,2,Premium,Enterprise
CUST_00920,CUST_00920_C1,1,유통/커머스,5-49인,2021-10-11,2021-10-11,2022-10-11,12,0,0,Basic,Standard
CUST_00921,CUST_00921_C1,1,금융/보험,5-49인,2023-06-11,2023-06-11,2024-06-11,12,0,0,Standard,Standard
CUST_00922,CUST_00922_C1,1,제조업,5-49인,2026-01-20,2026-01-20,2027-01-20,12,0,0,Standard,Standard
CUST_00923,CUST_00923_C1,1,물류/운송,50-299인,2025-11-05,2025-11-05,2027-11-05,24,0,0,Standard,Priority
CUST_00923,CUST_00923_C2,2,물류/운송,50-299인,2025-11-05,2027-11-06,2029-11-06,24,24,1,Standard,Standard
CUST_00923,CUST_00923_C3,3,물류/운송,50-299인,2025-11-05,2029-11-07,2031-11-07,24,48,2,Standard,Priority
CUST_00924,CUST_00924_C1,1,제조업,50-299인,2023-11-30,2023-11-30,2025-11-30,24,0,0,Basic,Standard
CUST_00925,CUST_00925_C1,1,IT/소프트웨어,5-49인,2021-11-28,2021-11-28,2023-11-28,24,0,0,Basic,Standard
CUST_00926,CUST_00926_C1,1,IT/소프트웨어,50-299인,2021-09-29,2021-09-29,2022-09-29,12,0,0,Basic,Standard
CUST_00927,CUST_00927_C1,1,제조업,5-49인,2023-09-18,2023-09-18,2025-09-18,24,0,0,Basic,Standard
CUST_00928,CUST_00928_C1,1,금융/보험,5-49인,2021-10-08,2021-10-08,2022-10-08,12,0,0,Basic,Standard
CUST_00928,CUST_00928_C2,2,금융/보험,5-49인,2021-10-08,2022-10-09,2023-10-09,12,12,1,Basic,Priority
CUST_00928,CUST_00928_C3,3,금융/보험,5-49인,2021-10-08,2023-10-10,2024-10-10,12,24,2,Basic,Standard
CUST_00929,CUST_00929_C1,1,IT/소프트웨어,5-49인,2025-06-03,2025-06-03,2028-06-03,36,0,0,Basic,Standard
CUST_00930,CUST_00930_C1,1,제조업,5-49인,2022-11-27,2022-11-27,2025-11-27,36,0,0,Basic,Standard
CUST_00930,CUST_00930_C2,2,제조업,5-49인,2022-11-27,2025-11-28,2027-11-28,24,36,1,Basic,Priority
CUST_00931,CUST_00931_C1,1,제조업,5-49인,2026-02-08,2026-02-08,2027-02-08,12,0,0,Basic,Standard
CUST_00932,CUST_00932_C1,1,유통/커머스,5-49인,2022-02-24,2022-02-24,2024-02-24,24,0,0,Basic,Standard
CUST_00933,CUST_00933_C1,1,기타서비스업,5-49인,2023-04-03,2023-04-03,2025-04-03,24,0,0,Standard,Priority
CUST_00934,CUST_00934_C1,1,금융/보험,5-49인,2025-04-26,2025-04-26,2026-04-26,12,0,0,Basic,Standard
CUST_00935,CUST_00935_C1,1,금융/보험,5-49인,2025-02-22,2025-02-22,2026-02-22,12,0,0,Basic,Standard
CUST_00936,CUST_00936_C1,1,물류/운송,5-49인,2024-03-14,2024-03-14,2026-03-14,24,0,0,Standard,Priority
CUST_00937,CUST_00937_C1,1,의료/헬스케어,5-49인,2022-06-11,2022-06-11,2023-06-11,12,0,0,Basic,Standard
CUST_00938,CUST_00938_C1,1,IT/소프트웨어,5-49인,2024-05-22,2024-05-22,2025-05-22,12,0,0,Basic,Enterprise
CUST_00938,CUST_00938_C2,2,IT/소프트웨어,5-49인,2024-05-22,2025-05-23,2027-05-23,24,12,1,Basic,Standard
CUST_00939,CUST_00939_C1,1,의료/헬스케어,5-49인,2022-12-31,2022-12-31,2023-12-31,12,0,0,Basic,Standard
CUST_00940,CUST_00940_C1,1,제조업,5-49인,2025-07-29,2025-07-29,2026-07-29,12,0,0,Basic,Enterprise
CUST_00941,CUST_00941_C1,1,유통/커머스,5-49인,2023-10-13,2023-10-13,2026-10-13,36,0,0,Basic,Priority
CUST_00942,CUST_00942_C1,1,물류/운송,5-49인,2022-05-02,2022-05-02,2024-05-02,24,0,0,Standard,Priority
CUST_00942,CUST_00942_C2,2,물류/운송,5-49인,2022-05-02,2024-05-03,2027-05-03,36,24,1,Standard,Priority
CUST_00943,CUST_00943_C1,1,유통/커머스,5-49인,2024-07-12,2024-07-12,2025-07-12,12,0,0,Premium,Enterprise
CUST_00943,CUST_00943_C2,2,유통/커머스,5-49인,2024-07-12,2025-07-13,2026-07-13,12,12,1,Premium,Enterprise
CUST_00943,CUST_00943_C3,3,유통/커머스,5-49인,2024-07-12,2026-07-14,2027-07-14,12,24,2,Premium,Enterprise
CUST_00944,CUST_00944_C1,1,물류/운송,5-49인,2022-01-19,2022-01-19,2023-01-19,12,0,0,Standard,Enterprise
CUST_00945,CUST_00945_C1,1,물류/운송,50-299인,2022-03-04,2022-03-04,2024-03-04,24,0,0,Standard,Priority
CUST_00945,CUST_00945_C2,2,물류/운송,50-299인,2022-03-04,2024-03-05,2025-03-05,12,24,1,Standard,Standard
CUST_00945,CUST_00945_C3,3,물류/운송,50-299인,2022-03-04,2025-03-06,2027-03-06,24,36,2,Standard,Enterprise
CUST_00946,CUST_00946_C1,1,유통/커머스,5-49인,2024-07-01,2024-07-01,2025-07-01,12,0,0,Standard,Priority
CUST_00947,CUST_00947_C1,1,기타서비스업,5-49인,2024-10-06,2024-10-06,2025-10-06,12,0,0,Standard,Priority
CUST_00948,CUST_00948_C1,1,물류/운송,5-49인,2022-09-22,2022-09-22,2023-09-22,12,0,0,Standard,Priority
CUST_00948,CUST_00948_C2,2,물류/운송,5-49인,2022-09-22,2023-09-23,2024-09-23,12,12,1,Standard,Standard
CUST_00948,CUST_00948_C3,3,물류/운송,5-49인,2022-09-22,2024-09-24,2026-09-24,24,24,2,Standard,Standard
CUST_00949,CUST_00949_C1,1,IT/소프트웨어,5-49인,2022-10-04,2022-10-04,2024-10-04,24,0,0,Standard,Standard
CUST_00950,CUST_00950_C1,1,유통/커머스,50-299인,2026-01-16,2026-01-16,2028-01-16,24,0,0,Premium,Enterprise
CUST_00951,CUST_00951_C1,1,제조업,5-49인,2023-03-03,2023-03-03,2024-03-03,12,0,0,Basic,Priority
CUST_00951,CUST_00951_C2,2,제조업,5-49인,2023-03-03,2024-03-04,2025-03-04,12,12,1,Basic,Standard
CUST_00952,CUST_00952_C1,1,금융/보험,5-49인,2022-07-01,2022-07-01,2023-07-01,12,0,0,Premium,Enterprise
CUST_00952,CUST_00952_C2,2,금융/보험,5-49인,2022-07-01,2023-07-02,2024-07-02,12,12,1,Premium,Priority
CUST_00952,CUST_00952_C3,3,금융/보험,5-49인,2022-07-01,2024-07-03,2025-07-03,12,24,2,Premium,Enterprise
CUST_00953,CUST_00953_C1,1,IT/소프트웨어,5-49인,2023-02-10,2023-02-10,2024-02-10,12,0,0,Basic,Priority
CUST_00953,CUST_00953_C2,2,IT/소프트웨어,5-49인,2023-02-10,2024-02-11,2025-02-11,12,12,1,Basic,Priority
CUST_00953,CUST_00953_C3,3,IT/소프트웨어,5-49인,2023-02-10,2025-02-12,2026-02-12,12,24,2,Basic,Priority
CUST_00954,CUST_00954_C1,1,유통/커머스,5-49인,2023-03-01,2023-03-01,2024-03-01,12,0,0,Basic,Priority
CUST_00955,CUST_00955_C1,1,제조업,5-49인,2026-06-22,2026-06-22,2027-06-22,12,0,0,Basic,Standard
CUST_00956,CUST_00956_C1,1,금융/보험,5-49인,2025-12-28,2025-12-28,2026-12-28,12,0,0,Standard,Priority
CUST_00956,CUST_00956_C2,2,금융/보험,5-49인,2025-12-28,2026-12-29,2027-12-29,12,12,1,Standard,Enterprise
CUST_00957,CUST_00957_C1,1,IT/소프트웨어,5-49인,2022-10-05,2022-10-05,2023-10-05,12,0,0,Basic,Standard
CUST_00958,CUST_00958_C1,1,유통/커머스,5-49인,2026-04-03,2026-04-03,2028-04-03,24,0,0,Standard,Priority
CUST_00958,CUST_00958_C2,2,유통/커머스,5-49인,2026-04-03,2028-04-04,2030-04-04,24,24,1,Standard,Standard
CUST_00959,CUST_00959_C1,1,IT/소프트웨어,5-49인,2024-01-04,2024-01-04,2026-01-04,24,0,0,Basic,Enterprise
CUST_00959,CUST_00959_C2,2,IT/소프트웨어,5-49인,2024-01-04,2026-01-05,2027-01-05,12,24,1,Basic,Standard
CUST_00960,CUST_00960_C1,1,IT/소프트웨어,5-49인,2024-02-26,2024-02-26,2025-02-26,12,0,0,Standard,Standard
CUST_00960,CUST_00960_C2,2,IT/소프트웨어,5-49인,2024-02-26,2025-02-27,2027-02-27,24,12,1,Standard,Priority
CUST_00961,CUST_00961_C1,1,제조업,5-49인,2023-11-20,2023-11-20,2024-11-20,12,0,0,Basic,Standard
CUST_00962,CUST_00962_C1,1,제조업,50-299인,2025-10-10,2025-10-10,2027-10-10,24,0,0,Premium,Enterprise
CUST_00963,CUST_00963_C1,1,제조업,5-49인,2025-09-17,2025-09-17,2026-09-17,12,0,0,Standard,Priority
CUST_00964,CUST_00964_C1,1,교육,5-49인,2023-09-22,2023-09-22,2026-09-22,36,0,0,Basic,Standard
CUST_00965,CUST_00965_C1,1,제조업,300인이상,2024-08-08,2024-08-08,2027-08-08,36,0,0,Standard,Enterprise
CUST_00965,CUST_00965_C2,2,제조업,300인이상,2024-08-08,2027-08-09,2028-08-09,12,36,1,Standard,Standard
CUST_00966,CUST_00966_C1,1,IT/소프트웨어,50-299인,2024-06-27,2024-06-27,2026-06-27,24,0,0,Premium,Enterprise
CUST_00967,CUST_00967_C1,1,물류/운송,5-49인,2022-06-04,2022-06-04,2024-06-04,24,0,0,Basic,Enterprise
CUST_00968,CUST_00968_C1,1,교육,5-49인,2023-05-05,2023-05-05,2025-05-05,24,0,0,Basic,Priority
CUST_00969,CUST_00969_C1,1,IT/소프트웨어,50-299인,2025-02-12,2025-02-12,2026-02-12,12,0,0,Standard,Priority
CUST_00970,CUST_00970_C1,1,제조업,5-49인,2025-03-03,2025-03-03,2027-03-03,24,0,0,Standard,Standard
CUST_00970,CUST_00970_C2,2,제조업,5-49인,2025-03-03,2027-03-04,2028-03-04,12,24,1,Standard,Priority
CUST_00971,CUST_00971_C1,1,IT/소프트웨어,5-49인,2025-08-30,2025-08-30,2027-08-30,24,0,0,Basic,Standard
CUST_00971,CUST_00971_C2,2,IT/소프트웨어,5-49인,2025-08-30,2027-08-31,2028-08-31,12,24,1,Basic,Priority
CUST_00972,CUST_00972_C1,1,유통/커머스,300인이상,2022-12-01,2022-12-01,2024-12-01,24,0,0,Premium,Standard
CUST_00972,CUST_00972_C2,2,유통/커머스,300인이상,2022-12-01,2024-12-02,2026-12-02,24,24,1,Premium,Priority
CUST_00973,CUST_00973_C1,1,제조업,5-49인,2025-06-14,2025-06-14,2026-06-14,12,0,0,Standard,Priority
CUST_00974,CUST_00974_C1,1,금융/보험,5-49인,2025-10-30,2025-10-30,2027-10-30,24,0,0,Standard,Priority
CUST_00975,CUST_00975_C1,1,제조업,50-299인,2024-05-08,2024-05-08,2026-05-08,24,0,0,Premium,Priority
CUST_00975,CUST_00975_C2,2,제조업,50-299인,2024-05-08,2026-05-09,2028-05-09,24,24,1,Basic,Standard
CUST_00976,CUST_00976_C1,1,유통/커머스,5-49인,2025-05-21,2025-05-21,2027-05-21,24,0,0,Basic,Priority
CUST_00977,CUST_00977_C1,1,기타서비스업,5-49인,2024-03-03,2024-03-03,2025-03-03,12,0,0,Standard,Standard
CUST_00977,CUST_00977_C2,2,기타서비스업,5-49인,2024-03-03,2025-03-04,2026-03-04,12,12,1,Standard,Standard
CUST_00978,CUST_00978_C1,1,제조업,5-49인,2026-02-13,2026-02-13,2027-02-13,12,0,0,Basic,Standard
CUST_00978,CUST_00978_C2,2,제조업,5-49인,2026-02-13,2027-02-14,2028-02-14,12,12,1,Basic,Standard
CUST_00978,CUST_00978_C3,3,제조업,5-49인,2026-02-13,2028-02-15,2029-02-15,12,24,2,Basic,Standard
CUST_00979,CUST_00979_C1,1,IT/소프트웨어,5-49인,2024-10-22,2024-10-22,2026-10-22,24,0,0,Basic,Standard
CUST_00980,CUST_00980_C1,1,IT/소프트웨어,5-49인,2025-09-26,2025-09-26,2027-09-26,24,0,0,Basic,Standard
CUST_00980,CUST_00980_C2,2,IT/소프트웨어,5-49인,2025-09-26,2027-09-27,2028-09-27,12,24,1,Basic,Standard
CUST_00981,CUST_00981_C1,1,금융/보험,50-299인,2022-03-27,2022-03-27,2024-03-27,24,0,0,Premium,Standard
CUST_00981,CUST_00981_C2,2,금융/보험,50-299인,2022-03-27,2024-03-28,2026-03-28,24,24,1,Premium,Priority
CUST_00981,CUST_00981_C3,3,금융/보험,50-299인,2022-03-27,2026-03-29,2028-03-29,24,48,2,Premium,Priority
CUST_00982,CUST_00982_C1,1,금융/보험,5-49인,2021-12-14,2021-12-14,2023-12-14,24,0,0,Basic,Priority
CUST_00983,CUST_00983_C1,1,의료/헬스케어,5-49인,2024-08-20,2024-08-20,2026-08-20,24,0,0,Basic,Standard
CUST_00984,CUST_00984_C1,1,IT/소프트웨어,5-49인,2024-09-16,2024-09-16,2025-09-16,12,0,0,Standard,Priority
CUST_00984,CUST_00984_C2,2,IT/소프트웨어,5-49인,2024-09-16,2025-09-17,2026-09-17,12,12,1,Standard,Enterprise
CUST_00985,CUST_00985_C1,1,교육,5-49인,2025-11-11,2025-11-11,2026-11-11,12,0,0,Basic,Priority
CUST_00985,CUST_00985_C2,2,교육,5-49인,2025-11-11,2026-11-12,2029-11-12,36,12,1,Basic,Standard
CUST_00985,CUST_00985_C3,3,교육,5-49인,2025-11-11,2029-11-13,2031-11-13,24,48,2,Basic,Standard
CUST_00986,CUST_00986_C1,1,유통/커머스,5-49인,2023-05-24,2023-05-24,2025-05-24,24,0,0,Basic,Standard
CUST_00987,CUST_00987_C1,1,IT/소프트웨어,50-299인,2024-02-02,2024-02-02,2027-02-02,36,0,0,Premium,Enterprise
CUST_00988,CUST_00988_C1,1,제조업,5-49인,2023-09-01,2023-09-01,2025-09-01,24,0,0,Basic,Enterprise
CUST_00989,CUST_00989_C1,1,유통/커머스,5-49인,2026-02-25,2026-02-25,2027-02-25,12,0,0,Basic,Standard
CUST_00990,CUST_00990_C1,1,유통/커머스,5-49인,2025-04-02,2025-04-02,2026-04-02,12,0,0,Basic,Standard
CUST_00990,CUST_00990_C2,2,유통/커머스,5-49인,2025-04-02,2026-04-03,2029-04-03,36,12,1,Basic,Standard
CUST_00991,CUST_00991_C1,1,IT/소프트웨어,50-299인,2023-11-01,2023-11-01,2024-11-01,12,0,0,Basic,Standard
CUST_00992,CUST_00992_C1,1,IT/소프트웨어,5-49인,2023-10-11,2023-10-11,2024-10-11,12,0,0,Basic,Standard
CUST_00993,CUST_00993_C1,1,IT/소프트웨어,5-49인,2024-08-01,2024-08-01,2025-08-01,12,0,0,Standard,Priority
CUST_00994,CUST_00994_C1,1,IT/소프트웨어,50-299인,2022-10-30,2022-10-30,2023-10-30,12,0,0,Premium,Enterprise
CUST_00995,CUST_00995_C1,1,의료/헬스케어,5-49인,2024-11-03,2024-11-03,2025-11-03,12,0,0,Basic,Standard
CUST_00996,CUST_00996_C1,1,교육,5-49인,2024-06-01,2024-06-01,2025-06-01,12,0,0,Basic,Standard
CUST_00997,CUST_00997_C1,1,제조업,5-49인,2025-10-11,2025-10-11,2026-10-11,12,0,0,Standard,Priority
CUST_00997,CUST_00997_C2,2,제조업,5-49인,2025-10-11,2026-10-12,2027-10-12,12,12,1,Standard,Priority
CUST_00997,CUST_00997_C3,3,제조업,5-49인,2025-10-11,2027-10-13,2028-10-13,12,24,2,Standard,Priority
CUST_00998,CUST_00998_C1,1,기타서비스업,50-299인,2025-01-22,2025-01-22,2027-01-22,24,0,0,Premium,Enterprise
CUST_00999,CUST_00999_C1,1,IT/소프트웨어,5-49인,2023-04-08,2023-04-08,2025-04-08,24,0,0,Basic,Priority
CUST_01000,CUST_01000_C1,1,물류/운송,5-49인,2021-12-07,2021-12-07,2022-12-07,12,0,0,Basic,Standard
CUST_01000,CUST_01000_C2,2,물류/운송,5-49인,2021-12-07,2022-12-08,2023-12-08,12,12,1,Basic,Enterprise
CUST_01001,CUST_01001_C1,1,금융/보험,5-49인,2022-05-11,2022-05-11,2023-05-11,12,0,0,Basic,Standard
CUST_01002,CUST_01002_C1,1,유통/커머스,5-49인,2026-07-26,2026-07-26,2027-07-26,12,0,0,Basic,Standard
CUST_01003,CUST_01003_C1,1,교육,5-49인,2022-10-08,2022-10-08,2024-10-08,24,0,0,Standard,Standard
CUST_01004,CUST_01004_C1,1,제조업,5-49인,2025-01-10,2025-01-10,2026-01-10,12,0,0,Basic,Standard
CUST_01005,CUST_01005_C1,1,교육,5-49인,2022-09-06,2022-09-06,2023-09-06,12,0,0,Basic,Standard
CUST_01005,CUST_01005_C2,2,교육,5-49인,2022-09-06,2023-09-07,2025-09-07,24,12,1,Basic,Standard
CUST_01005,CUST_01005_C3,3,교육,5-49인,2022-09-06,2025-09-08,2026-09-08,12,36,2,Basic,Standard
CUST_01006,CUST_01006_C1,1,유통/커머스,5-49인,2023-11-29,2023-11-29,2024-11-29,12,0,0,Premium,Priority
CUST_01007,CUST_01007_C1,1,제조업,5-49인,2023-05-24,2023-05-24,2024-05-24,12,0,0,Standard,Enterprise
CUST_01007,CUST_01007_C2,2,제조업,5-49인,2023-05-24,2024-05-25,2025-05-25,12,12,1,Standard,Enterprise
CUST_01008,CUST_01008_C1,1,IT/소프트웨어,5-49인,2023-04-21,2023-04-21,2025-04-21,24,0,0,Basic,Priority
CUST_01008,CUST_01008_C2,2,IT/소프트웨어,5-49인,2023-04-21,2025-04-22,2027-04-22,24,24,1,Basic,Standard
CUST_01008,CUST_01008_C3,3,IT/소프트웨어,5-49인,2023-04-21,2027-04-23,2028-04-23,12,48,2,Basic,Priority
CUST_01009,CUST_01009_C1,1,유통/커머스,5-49인,2021-11-03,2021-11-03,2022-11-03,12,0,0,Standard,Standard
CUST_01010,CUST_01010_C1,1,유통/커머스,5-49인,2023-06-22,2023-06-22,2025-06-22,24,0,0,Standard,Enterprise
CUST_01011,CUST_01011_C1,1,물류/운송,5-49인,2025-03-24,2025-03-24,2027-03-24,24,0,0,Basic,Standard
CUST_01012,CUST_01012_C1,1,유통/커머스,5-49인,2026-01-09,2026-01-09,2027-01-09,12,0,0,Standard,Priority
CUST_01013,CUST_01013_C1,1,IT/소프트웨어,5-49인,2022-12-09,2022-12-09,2023-12-09,12,0,0,Basic,Standard
CUST_01013,CUST_01013_C2,2,IT/소프트웨어,5-49인,2022-12-09,2023-12-10,2024-12-10,12,12,1,Basic,Standard
CUST_01014,CUST_01014_C1,1,금융/보험,5-49인,2022-12-30,2022-12-30,2024-12-30,24,0,0,Basic,Standard
CUST_01015,CUST_01015_C1,1,금융/보험,5-49인,2022-11-09,2022-11-09,2023-11-09,12,0,0,Premium,Priority
CUST_01015,CUST_01015_C2,2,금융/보험,5-49인,2022-11-09,2023-11-10,2024-11-10,12,12,1,Premium,Enterprise
CUST_01015,CUST_01015_C3,3,금융/보험,5-49인,2022-11-09,2024-11-11,2026-11-11,24,24,2,Premium,Enterprise
CUST_01016,CUST_01016_C1,1,제조업,5-49인,2023-04-21,2023-04-21,2024-04-21,12,0,0,Basic,Priority
CUST_01017,CUST_01017_C1,1,물류/운송,5-49인,2024-08-19,2024-08-19,2025-08-19,12,0,0,Basic,Standard
CUST_01017,CUST_01017_C2,2,물류/운송,5-49인,2024-08-19,2025-08-20,2028-08-20,36,12,1,Basic,Standard
CUST_01018,CUST_01018_C1,1,교육,5-49인,2021-10-11,2021-10-11,2023-10-11,24,0,0,Standard,Priority
CUST_01018,CUST_01018_C2,2,교육,5-49인,2021-10-11,2023-10-12,2025-10-12,24,24,1,Standard,Priority
CUST_01019,CUST_01019_C1,1,금융/보험,5-49인,2025-01-13,2025-01-13,2026-01-13,12,0,0,Basic,Standard
CUST_01020,CUST_01020_C1,1,유통/커머스,50-299인,2025-05-04,2025-05-04,2027-05-04,24,0,0,Standard,Priority
CUST_01021,CUST_01021_C1,1,제조업,5-49인,2024-08-08,2024-08-08,2025-08-08,12,0,0,Basic,Standard
CUST_01022,CUST_01022_C1,1,의료/헬스케어,50-299인,2022-03-31,2022-03-31,2025-03-31,36,0,0,Standard,Priority
CUST_01023,CUST_01023_C1,1,제조업,5-49인,2025-09-25,2025-09-25,2027-09-25,24,0,0,Basic,Standard
CUST_01023,CUST_01023_C2,2,제조업,5-49인,2025-09-25,2027-09-26,2028-09-26,12,24,1,Basic,Standard
CUST_01024,CUST_01024_C1,1,IT/소프트웨어,5-49인,2024-08-16,2024-08-16,2025-08-16,12,0,0,Basic,Priority
CUST_01025,CUST_01025_C1,1,유통/커머스,5-49인,2023-09-22,2023-09-22,2025-09-22,24,0,0,Basic,Priority
CUST_01026,CUST_01026_C1,1,IT/소프트웨어,5-49인,2025-01-16,2025-01-16,2026-01-16,12,0,0,Basic,Standard
CUST_01026,CUST_01026_C2,2,IT/소프트웨어,5-49인,2025-01-16,2026-01-17,2028-01-17,24,12,1,Basic,Standard
CUST_01027,CUST_01027_C1,1,제조업,5-49인,2025-08-31,2025-08-31,2026-08-31,12,0,0,Standard,Standard
CUST_01028,CUST_01028_C1,1,제조업,5-49인,2025-05-11,2025-05-11,2027-05-11,24,0,0,Basic,Standard
CUST_01028,CUST_01028_C2,2,제조업,5-49인,2025-05-11,2027-05-12,2029-05-12,24,24,1,Basic,Standard
CUST_01029,CUST_01029_C1,1,제조업,5-49인,2024-10-09,2024-10-09,2025-10-09,12,0,0,Premium,Priority
CUST_01030,CUST_01030_C1,1,IT/소프트웨어,5-49인,2024-05-10,2024-05-10,2027-05-10,36,0,0,Premium,Enterprise
CUST_01031,CUST_01031_C1,1,제조업,50-299인,2022-04-17,2022-04-17,2025-04-17,36,0,0,Standard,Priority
CUST_01031,CUST_01031_C2,2,제조업,50-299인,2022-04-17,2025-04-18,2028-04-18,36,36,1,Standard,Priority
CUST_01031,CUST_01031_C3,3,제조업,50-299인,2022-04-17,2028-04-19,2029-04-19,12,72,2,Standard,Standard
CUST_01032,CUST_01032_C1,1,IT/소프트웨어,50-299인,2024-07-24,2024-07-24,2026-07-24,24,0,0,Standard,Priority
CUST_01032,CUST_01032_C2,2,IT/소프트웨어,50-299인,2024-07-24,2026-07-25,2027-07-25,12,24,1,Standard,Enterprise
CUST_01032,CUST_01032_C3,3,IT/소프트웨어,50-299인,2024-07-24,2027-07-26,2029-07-26,24,36,2,Standard,Standard
CUST_01033,CUST_01033_C1,1,IT/소프트웨어,5-49인,2024-10-01,2024-10-01,2025-10-01,12,0,0,Basic,Priority
CUST_01033,CUST_01033_C2,2,IT/소프트웨어,5-49인,2024-10-01,2025-10-02,2026-10-02,12,12,1,Basic,Priority
CUST_01033,CUST_01033_C3,3,IT/소프트웨어,5-49인,2024-10-01,2026-10-03,2028-10-03,24,24,2,Basic,Standard
CUST_01034,CUST_01034_C1,1,교육,5-49인,2023-11-13,2023-11-13,2025-11-13,24,0,0,Standard,Priority
CUST_01035,CUST_01035_C1,1,유통/커머스,5-49인,2022-03-26,2022-03-26,2024-03-26,24,0,0,Standard,Enterprise
CUST_01035,CUST_01035_C2,2,유통/커머스,5-49인,2022-03-26,2024-03-27,2025-03-27,12,24,1,Standard,Priority
CUST_01036,CUST_01036_C1,1,금융/보험,50-299인,2025-07-14,2025-07-14,2027-07-14,24,0,0,Premium,Enterprise
CUST_01037,CUST_01037_C1,1,금융/보험,5-49인,2025-11-10,2025-11-10,2026-11-10,12,0,0,Basic,Standard
CUST_01037,CUST_01037_C2,2,금융/보험,5-49인,2025-11-10,2026-11-11,2027-11-11,12,12,1,Basic,Standard
CUST_01037,CUST_01037_C3,3,금융/보험,5-49인,2025-11-10,2027-11-12,2028-11-12,12,24,2,Basic,Standard
CUST_01038,CUST_01038_C1,1,물류/운송,5-49인,2022-06-22,2022-06-22,2024-06-22,24,0,0,Basic,Standard
CUST_01039,CUST_01039_C1,1,제조업,50-299인,2024-03-20,2024-03-20,2026-03-20,24,0,0,Premium,Standard
CUST_01040,CUST_01040_C1,1,의료/헬스케어,50-299인,2021-11-03,2021-11-03,2024-11-03,36,0,0,Standard,Priority
CUST_01041,CUST_01041_C1,1,금융/보험,5-49인,2023-06-05,2023-06-05,2025-06-05,24,0,0,Basic,Enterprise
CUST_01042,CUST_01042_C1,1,물류/운송,5-49인,2024-03-22,2024-03-22,2025-03-22,12,0,0,Standard,Priority
CUST_01042,CUST_01042_C2,2,물류/운송,5-49인,2024-03-22,2025-03-23,2028-03-23,36,12,1,Standard,Standard
CUST_01043,CUST_01043_C1,1,금융/보험,5-49인,2025-02-25,2025-02-25,2026-02-25,12,0,0,Basic,Priority
CUST_01044,CUST_01044_C1,1,유통/커머스,300인이상,2023-12-06,2023-12-06,2026-12-06,36,0,0,Premium,Priority
CUST_01045,CUST_01045_C1,1,교육,50-299인,2023-07-03,2023-07-03,2026-07-03,36,0,0,Basic,Standard
CUST_01046,CUST_01046_C1,1,IT/소프트웨어,5-49인,2022-02-08,2022-02-08,2023-02-08,12,0,0,Basic,Standard
CUST_01047,CUST_01047_C1,1,교육,5-49인,2022-06-29,2022-06-29,2023-06-29,12,0,0,Premium,Enterprise
CUST_01047,CUST_01047_C2,2,교육,5-49인,2022-06-29,2023-06-30,2025-06-30,24,12,1,Premium,Enterprise
CUST_01048,CUST_01048_C1,1,금융/보험,5-49인,2026-03-11,2026-03-11,2027-03-11,12,0,0,Basic,Standard
CUST_01048,CUST_01048_C2,2,금융/보험,5-49인,2026-03-11,2027-03-12,2029-03-12,24,12,1,Basic,Standard
CUST_01049,CUST_01049_C1,1,교육,5-49인,2022-10-13,2022-10-13,2025-10-13,36,0,0,Standard,Priority
CUST_01049,CUST_01049_C2,2,교육,5-49인,2022-10-13,2025-10-14,2027-10-14,24,36,1,Standard,Priority
CUST_01049,CUST_01049_C3,3,교육,5-49인,2022-10-13,2027-10-15,2028-10-15,12,60,2,Standard,Priority
CUST_01050,CUST_01050_C1,1,의료/헬스케어,5-49인,2021-11-30,2021-11-30,2022-11-30,12,0,0,Basic,Standard
CUST_01050,CUST_01050_C2,2,의료/헬스케어,5-49인,2021-11-30,2022-12-01,2025-12-01,36,13,1,Basic,Priority
CUST_01051,CUST_01051_C1,1,기타서비스업,50-299인,2026-04-14,2026-04-14,2027-04-14,12,0,0,Premium,Enterprise
CUST_01051,CUST_01051_C2,2,기타서비스업,50-299인,2026-04-14,2027-04-15,2028-04-15,12,12,1,Premium,Enterprise
CUST_01051,CUST_01051_C3,3,기타서비스업,50-299인,2026-04-14,2028-04-16,2031-04-16,36,24,2,Premium,Priority
CUST_01052,CUST_01052_C1,1,제조업,5-49인,2025-04-08,2025-04-08,2027-04-08,24,0,0,Premium,Enterprise
CUST_01052,CUST_01052_C2,2,제조업,5-49인,2025-04-08,2027-04-09,2028-04-09,12,24,1,Premium,Priority
CUST_01053,CUST_01053_C1,1,IT/소프트웨어,5-49인,2022-06-27,2022-06-27,2023-06-27,12,0,0,Basic,Enterprise
CUST_01053,CUST_01053_C2,2,IT/소프트웨어,5-49인,2022-06-27,2023-06-28,2025-06-28,24,12,1,Basic,Standard
CUST_01054,CUST_01054_C1,1,금융/보험,5-49인,2025-05-08,2025-05-08,2026-05-08,12,0,0,Basic,Standard
CUST_01055,CUST_01055_C1,1,교육,5-49인,2025-10-22,2025-10-22,2027-10-22,24,0,0,Basic,Priority
CUST_01055,CUST_01055_C2,2,교육,5-49인,2025-10-22,2027-10-23,2029-10-23,24,24,1,Basic,Priority
CUST_01055,CUST_01055_C3,3,교육,5-49인,2025-10-22,2029-10-24,2030-10-24,12,48,2,Basic,Standard
CUST_01056,CUST_01056_C1,1,IT/소프트웨어,5-49인,2025-08-14,2025-08-14,2028-08-14,36,0,0,Basic,Standard
CUST_01056,CUST_01056_C2,2,IT/소프트웨어,5-49인,2025-08-14,2028-08-15,2030-08-15,24,36,1,Basic,Standard
CUST_01056,CUST_01056_C3,3,IT/소프트웨어,5-49인,2025-08-14,2030-08-16,2032-08-16,24,60,2,Basic,Standard
CUST_01057,CUST_01057_C1,1,IT/소프트웨어,5-49인,2022-08-06,2022-08-06,2024-08-06,24,0,0,Basic,Standard
CUST_01057,CUST_01057_C2,2,IT/소프트웨어,5-49인,2022-08-06,2024-08-07,2025-08-07,12,24,1,Basic,Standard
CUST_01058,CUST_01058_C1,1,교육,50-299인,2023-09-10,2023-09-10,2025-09-10,24,0,0,Premium,Enterprise
CUST_01058,CUST_01058_C2,2,교육,50-299인,2023-09-10,2025-09-11,2028-09-11,36,24,1,Premium,Enterprise
CUST_01058,CUST_01058_C3,3,교육,50-299인,2023-09-10,2028-09-12,2029-09-12,12,60,2,Premium,Standard
CUST_01059,CUST_01059_C1,1,물류/운송,5-49인,2025-07-03,2025-07-03,2027-07-03,24,0,0,Standard,Priority
CUST_01060,CUST_01060_C1,1,금융/보험,5-49인,2026-01-30,2026-01-30,2027-01-30,12,0,0,Basic,Standard
CUST_01061,CUST_01061_C1,1,제조업,50-299인,2026-01-03,2026-01-03,2027-01-03,12,0,0,Premium,Enterprise
CUST_01062,CUST_01062_C1,1,기타서비스업,5-49인,2026-06-26,2026-06-26,2027-06-26,12,0,0,Basic,Priority
CUST_01063,CUST_01063_C1,1,물류/운송,5-49인,2023-10-19,2023-10-19,2024-10-19,12,0,0,Basic,Enterprise
CUST_01064,CUST_01064_C1,1,금융/보험,5-49인,2021-12-13,2021-12-13,2022-12-13,12,0,0,Standard,Standard
CUST_01065,CUST_01065_C1,1,물류/운송,5-49인,2022-07-24,2022-07-24,2023-07-24,12,0,0,Basic,Priority
CUST_01066,CUST_01066_C1,1,금융/보험,5-49인,2024-11-16,2024-11-16,2025-11-16,12,0,0,Basic,Standard
CUST_01067,CUST_01067_C1,1,유통/커머스,5-49인,2022-03-21,2022-03-21,2024-03-21,24,0,0,Basic,Standard
CUST_01067,CUST_01067_C2,2,유통/커머스,5-49인,2022-03-21,2024-03-22,2025-03-22,12,24,1,Basic,Priority
CUST_01068,CUST_01068_C1,1,유통/커머스,50-299인,2023-12-04,2023-12-04,2026-12-04,36,0,0,Standard,Priority
CUST_01069,CUST_01069_C1,1,교육,5-49인,2023-10-18,2023-10-18,2026-10-18,36,0,0,Basic,Standard
CUST_01070,CUST_01070_C1,1,IT/소프트웨어,5-49인,2023-03-04,2023-03-04,2025-03-04,24,0,0,Basic,Standard
CUST_01071,CUST_01071_C1,1,제조업,5-49인,2023-02-15,2023-02-15,2025-02-15,24,0,0,Basic,Enterprise
CUST_01071,CUST_01071_C2,2,제조업,5-49인,2023-02-15,2025-02-16,2026-02-16,12,24,1,Basic,Priority
CUST_01072,CUST_01072_C1,1,IT/소프트웨어,5-49인,2025-10-02,2025-10-02,2026-10-02,12,0,0,Standard,Priority
CUST_01073,CUST_01073_C1,1,유통/커머스,5-49인,2023-08-30,2023-08-30,2024-08-30,12,0,0,Basic,Priority
CUST_01073,CUST_01073_C2,2,유통/커머스,5-49인,2023-08-30,2024-08-31,2025-08-31,12,12,1,Basic,Standard
CUST_01073,CUST_01073_C3,3,유통/커머스,5-49인,2023-08-30,2025-09-01,2027-09-01,24,25,2,Basic,Standard
CUST_01074,CUST_01074_C1,1,IT/소프트웨어,5-49인,2026-08-19,2026-08-19,2028-08-19,24,0,0,Standard,Priority
CUST_01074,CUST_01074_C2,2,IT/소프트웨어,5-49인,2026-08-19,2028-08-20,2029-08-20,12,24,1,Standard,Enterprise
CUST_01075,CUST_01075_C1,1,IT/소프트웨어,5-49인,2025-09-06,2025-09-06,2026-09-06,12,0,0,Standard,Priority
CUST_01076,CUST_01076_C1,1,물류/운송,5-49인,2025-12-29,2025-12-29,2027-12-29,24,0,0,Standard,Priority
CUST_01077,CUST_01077_C1,1,금융/보험,5-49인,2025-02-18,2025-02-18,2026-02-18,12,0,0,Basic,Standard
CUST_01077,CUST_01077_C2,2,금융/보험,5-49인,2025-02-18,2026-02-19,2027-02-19,12,12,1,Basic,Standard
CUST_01078,CUST_01078_C1,1,제조업,5-49인,2023-01-31,2023-01-31,2024-01-31,12,0,0,Standard,Priority
CUST_01079,CUST_01079_C1,1,IT/소프트웨어,50-299인,2021-11-24,2021-11-24,2024-11-24,36,0,0,Premium,Enterprise
CUST_01080,CUST_01080_C1,1,유통/커머스,5-49인,2022-02-05,2022-02-05,2024-02-05,24,0,0,Basic,Standard
CUST_01081,CUST_01081_C1,1,기타서비스업,5-49인,2025-10-25,2025-10-25,2028-10-25,36,0,0,Basic,Priority
CUST_01081,CUST_01081_C2,2,기타서비스업,5-49인,2025-10-25,2028-10-26,2029-10-26,12,36,1,Basic,Standard
CUST_01081,CUST_01081_C3,3,기타서비스업,5-49인,2025-10-25,2029-10-27,2031-10-27,24,48,2,Basic,Standard
CUST_01082,CUST_01082_C1,1,유통/커머스,50-299인,2026-05-06,2026-05-06,2027-05-06,12,0,0,Standard,Enterprise
CUST_01083,CUST_01083_C1,1,IT/소프트웨어,50-299인,2026-05-23,2026-05-23,2028-05-23,24,0,0,Premium,Priority
CUST_01083,CUST_01083_C2,2,IT/소프트웨어,50-299인,2026-05-23,2028-05-24,2029-05-24,12,24,1,Premium,Priority
CUST_01084,CUST_01084_C1,1,IT/소프트웨어,5-49인,2025-08-10,2025-08-10,2028-08-10,36,0,0,Premium,Priority
CUST_01085,CUST_01085_C1,1,제조업,5-49인,2022-11-14,2022-11-14,2024-11-14,24,0,0,Standard,Priority
CUST_01086,CUST_01086_C1,1,유통/커머스,5-49인,2022-07-01,2022-07-01,2024-07-01,24,0,0,Standard,Priority
CUST_01086,CUST_01086_C2,2,유통/커머스,5-49인,2022-07-01,2024-07-02,2027-07-02,36,24,1,Standard,Standard
CUST_01087,CUST_01087_C1,1,IT/소프트웨어,5-49인,2022-04-07,2022-04-07,2024-04-07,24,0,0,Basic,Priority
CUST_01088,CUST_01088_C1,1,제조업,5-49인,2024-03-24,2024-03-24,2025-03-24,12,0,0,Basic,Standard
CUST_01089,CUST_01089_C1,1,유통/커머스,5-49인,2025-12-18,2025-12-18,2028-12-18,36,0,0,Basic,Standard
CUST_01090,CUST_01090_C1,1,금융/보험,5-49인,2022-02-09,2022-02-09,2024-02-09,24,0,0,Basic,Standard
CUST_01091,CUST_01091_C1,1,IT/소프트웨어,50-299인,2021-11-23,2021-11-23,2022-11-23,12,0,0,Basic,Standard
CUST_01092,CUST_01092_C1,1,IT/소프트웨어,5-49인,2024-08-25,2024-08-25,2025-08-25,12,0,0,Standard,Standard
CUST_01093,CUST_01093_C1,1,유통/커머스,5-49인,2025-05-25,2025-05-25,2027-05-25,24,0,0,Standard,Standard
CUST_01094,CUST_01094_C1,1,유통/커머스,5-49인,2024-12-10,2024-12-10,2026-12-10,24,0,0,Basic,Standard
CUST_01094,CUST_01094_C2,2,유통/커머스,5-49인,2024-12-10,2026-12-11,2029-12-11,36,24,1,Basic,Standard
CUST_01094,CUST_01094_C3,3,유통/커머스,5-49인,2024-12-10,2029-12-12,2031-12-12,24,60,2,Basic,Priority
CUST_01095,CUST_01095_C1,1,의료/헬스케어,5-49인,2022-04-12,2022-04-12,2023-04-12,12,0,0,Basic,Priority
CUST_01096,CUST_01096_C1,1,기타서비스업,5-49인,2026-07-18,2026-07-18,2027-07-18,12,0,0,Basic,Priority
CUST_01097,CUST_01097_C1,1,제조업,5-49인,2024-10-31,2024-10-31,2025-10-31,12,0,0,Basic,Priority
CUST_01098,CUST_01098_C1,1,IT/소프트웨어,5-49인,2023-11-26,2023-11-26,2024-11-26,12,0,0,Premium,Enterprise
CUST_01098,CUST_01098_C2,2,IT/소프트웨어,5-49인,2023-11-26,2024-11-27,2025-11-27,12,12,1,Premium,Enterprise
CUST_01099,CUST_01099_C1,1,유통/커머스,5-49인,2022-02-06,2022-02-06,2024-02-06,24,0,0,Basic,Standard
CUST_01100,CUST_01100_C1,1,유통/커머스,5-49인,2022-02-10,2022-02-10,2023-02-10,12,0,0,Basic,Priority
CUST_01101,CUST_01101_C1,1,기타서비스업,5-49인,2026-02-18,2026-02-18,2027-02-18,12,0,0,Basic,Standard
CUST_01102,CUST_01102_C1,1,IT/소프트웨어,50-299인,2023-02-08,2023-02-08,2024-02-08,12,0,0,Basic,Standard
CUST_01103,CUST_01103_C1,1,교육,5-49인,2022-01-18,2022-01-18,2023-01-18,12,0,0,Basic,Priority
CUST_01103,CUST_01103_C2,2,교육,5-49인,2022-01-18,2023-01-19,2025-01-19,24,12,1,Basic,Standard
CUST_01104,CUST_01104_C1,1,IT/소프트웨어,5-49인,2023-07-07,2023-07-07,2025-07-07,24,0,0,Basic,Priority
CUST_01104,CUST_01104_C2,2,IT/소프트웨어,5-49인,2023-07-07,2025-07-08,2026-07-08,12,24,1,Basic,Standard
CUST_01105,CUST_01105_C1,1,제조업,5-49인,2023-03-27,2023-03-27,2024-03-27,12,0,0,Basic,Priority
CUST_01106,CUST_01106_C1,1,IT/소프트웨어,5-49인,2021-11-07,2021-11-07,2024-11-07,36,0,0,Standard,Standard
CUST_01106,CUST_01106_C2,2,IT/소프트웨어,5-49인,2021-11-07,2024-11-08,2025-11-08,12,36,1,Standard,Standard
CUST_01107,CUST_01107_C1,1,기타서비스업,50-299인,2023-05-14,2023-05-14,2024-05-14,12,0,0,Premium,Priority
CUST_01108,CUST_01108_C1,1,유통/커머스,5-49인,2024-08-09,2024-08-09,2025-08-09,12,0,0,Basic,Priority
CUST_01108,CUST_01108_C2,2,유통/커머스,5-49인,2024-08-09,2025-08-10,2026-08-10,12,12,1,Basic,Standard
CUST_01108,CUST_01108_C3,3,유통/커머스,5-49인,2024-08-09,2026-08-11,2028-08-11,24,24,2,Basic,Standard
CUST_01109,CUST_01109_C1,1,제조업,5-49인,2023-06-29,2023-06-29,2025-06-29,24,0,0,Basic,Standard
CUST_01109,CUST_01109_C2,2,제조업,5-49인,2023-06-29,2025-06-30,2026-06-30,12,24,1,Basic,Standard
CUST_01110,CUST_01110_C1,1,기타서비스업,5-49인,2023-08-27,2023-08-27,2024-08-27,12,0,0,Standard,Priority
CUST_01111,CUST_01111_C1,1,IT/소프트웨어,5-49인,2026-04-17,2026-04-17,2028-04-17,24,0,0,Standard,Enterprise
CUST_01111,CUST_01111_C2,2,IT/소프트웨어,5-49인,2026-04-17,2028-04-18,2029-04-18,12,24,1,Standard,Priority
CUST_01111,CUST_01111_C3,3,IT/소프트웨어,5-49인,2026-04-17,2029-04-19,2030-04-19,12,36,2,Standard,Priority
CUST_01112,CUST_01112_C1,1,제조업,5-49인,2024-09-04,2024-09-04,2025-09-04,12,0,0,Standard,Priority
CUST_01112,CUST_01112_C2,2,제조업,5-49인,2024-09-04,2025-09-05,2027-09-05,24,12,1,Standard,Priority
CUST_01113,CUST_01113_C1,1,IT/소프트웨어,5-49인,2023-01-07,2023-01-07,2025-01-07,24,0,0,Basic,Standard
CUST_01114,CUST_01114_C1,1,금융/보험,5-49인,2023-04-04,2023-04-04,2024-04-04,12,0,0,Basic,Standard
CUST_01114,CUST_01114_C2,2,금융/보험,5-49인,2023-04-04,2024-04-05,2025-04-05,12,12,1,Basic,Standard
CUST_01114,CUST_01114_C3,3,금융/보험,5-49인,2023-04-04,2025-04-06,2026-04-06,12,24,2,Basic,Standard
CUST_01115,CUST_01115_C1,1,금융/보험,5-49인,2025-06-17,2025-06-17,2026-06-17,12,0,0,Basic,Standard
CUST_01116,CUST_01116_C1,1,유통/커머스,5-49인,2023-11-17,2023-11-17,2024-11-17,12,0,0,Standard,Priority
CUST_01116,CUST_01116_C2,2,유통/커머스,5-49인,2023-11-17,2024-11-18,2025-11-18,12,12,1,Standard,Enterprise
CUST_01117,CUST_01117_C1,1,의료/헬스케어,5-49인,2023-03-19,2023-03-19,2024-03-19,12,0,0,Basic,Standard
CUST_01117,CUST_01117_C2,2,의료/헬스케어,5-49인,2023-03-19,2024-03-20,2025-03-20,12,12,1,Basic,Standard
CUST_01117,CUST_01117_C3,3,의료/헬스케어,5-49인,2023-03-19,2025-03-21,2026-03-21,12,24,2,Basic,Standard
CUST_01118,CUST_01118_C1,1,유통/커머스,5-49인,2022-04-23,2022-04-23,2023-04-23,12,0,0,Standard,Priority
CUST_01118,CUST_01118_C2,2,유통/커머스,5-49인,2022-04-23,2023-04-24,2024-04-24,12,12,1,Standard,Standard
CUST_01118,CUST_01118_C3,3,유통/커머스,5-49인,2022-04-23,2024-04-25,2025-04-25,12,24,2,Standard,Enterprise
CUST_01119,CUST_01119_C1,1,금융/보험,50-299인,2024-09-12,2024-09-12,2026-09-12,24,0,0,Premium,Enterprise
CUST_01120,CUST_01120_C1,1,물류/운송,5-49인,2023-01-22,2023-01-22,2025-01-22,24,0,0,Basic,Priority
CUST_01120,CUST_01120_C2,2,물류/운송,5-49인,2023-01-22,2025-01-23,2028-01-23,36,24,1,Basic,Standard
CUST_01120,CUST_01120_C3,3,물류/운송,5-49인,2023-01-22,2028-01-24,2030-01-24,24,60,2,Basic,Standard
CUST_01121,CUST_01121_C1,1,금융/보험,5-49인,2024-08-08,2024-08-08,2025-08-08,12,0,0,Basic,Standard
CUST_01121,CUST_01121_C2,2,금융/보험,5-49인,2024-08-08,2025-08-09,2027-08-09,24,12,1,Basic,Standard
CUST_01121,CUST_01121_C3,3,금융/보험,5-49인,2024-08-08,2027-08-10,2028-08-10,12,36,2,Basic,Standard
CUST_01122,CUST_01122_C1,1,물류/운송,5-49인,2026-02-03,2026-02-03,2028-02-03,24,0,0,Basic,Priority
CUST_01123,CUST_01123_C1,1,IT/소프트웨어,5-49인,2022-01-17,2022-01-17,2023-01-17,12,0,0,Standard,Standard
CUST_01124,CUST_01124_C1,1,유통/커머스,5-49인,2022-06-11,2022-06-11,2023-06-11,12,0,0,Basic,Standard
CUST_01124,CUST_01124_C2,2,유통/커머스,5-49인,2022-06-11,2023-06-12,2025-06-12,24,12,1,Basic,Standard
CUST_01125,CUST_01125_C1,1,교육,50-299인,2026-02-27,2026-02-27,2028-02-27,24,0,0,Standard,Priority
CUST_01126,CUST_01126_C1,1,교육,5-49인,2026-01-28,2026-01-28,2027-01-28,12,0,0,Standard,Priority
CUST_01127,CUST_01127_C1,1,제조업,5-49인,2025-04-15,2025-04-15,2028-04-15,36,0,0,Basic,Standard
CUST_01128,CUST_01128_C1,1,기타서비스업,5-49인,2024-05-26,2024-05-26,2025-05-26,12,0,0,Basic,Standard
CUST_01129,CUST_01129_C1,1,교육,5-49인,2025-08-31,2025-08-31,2027-08-31,24,0,0,Standard,Standard
CUST_01130,CUST_01130_C1,1,기타서비스업,5-49인,2022-06-27,2022-06-27,2023-06-27,12,0,0,Basic,Priority
CUST_01131,CUST_01131_C1,1,유통/커머스,50-299인,2026-08-20,2026-08-20,2029-08-20,36,0,0,Premium,Priority
CUST_01132,CUST_01132_C1,1,제조업,5-49인,2022-06-13,2022-06-13,2023-06-13,12,0,0,Standard,Priority
CUST_01133,CUST_01133_C1,1,IT/소프트웨어,5-49인,2024-12-19,2024-12-19,2025-12-19,12,0,0,Basic,Priority
CUST_01134,CUST_01134_C1,1,금융/보험,5-49인,2025-04-01,2025-04-01,2027-04-01,24,0,0,Basic,Standard
CUST_01135,CUST_01135_C1,1,물류/운송,5-49인,2025-08-06,2025-08-06,2026-08-06,12,0,0,Standard,Standard
CUST_01136,CUST_01136_C1,1,IT/소프트웨어,5-49인,2024-07-31,2024-07-31,2026-07-31,24,0,0,Basic,Priority
CUST_01137,CUST_01137_C1,1,IT/소프트웨어,5-49인,2023-08-28,2023-08-28,2025-08-28,24,0,0,Basic,Standard
CUST_01138,CUST_01138_C1,1,유통/커머스,50-299인,2024-11-28,2024-11-28,2026-11-28,24,0,0,Basic,Standard
CUST_01139,CUST_01139_C1,1,제조업,5-49인,2025-05-25,2025-05-25,2026-05-25,12,0,0,Basic,Standard
CUST_01140,CUST_01140_C1,1,교육,5-49인,2025-07-31,2025-07-31,2026-07-31,12,0,0,Basic,Standard
CUST_01141,CUST_01141_C1,1,교육,5-49인,2023-05-04,2023-05-04,2024-05-04,12,0,0,Basic,Priority
CUST_01142,CUST_01142_C1,1,제조업,5-49인,2026-07-07,2026-07-07,2027-07-07,12,0,0,Basic,Standard
CUST_01143,CUST_01143_C1,1,의료/헬스케어,5-49인,2026-07-06,2026-07-06,2028-07-06,24,0,0,Basic,Priority
CUST_01144,CUST_01144_C1,1,IT/소프트웨어,5-49인,2026-08-10,2026-08-10,2028-08-10,24,0,0,Basic,Standard
CUST_01145,CUST_01145_C1,1,제조업,5-49인,2026-03-05,2026-03-05,2027-03-05,12,0,0,Basic,Priority
CUST_01146,CUST_01146_C1,1,의료/헬스케어,5-49인,2024-06-03,2024-06-03,2025-06-03,12,0,0,Basic,Standard
CUST_01147,CUST_01147_C1,1,의료/헬스케어,5-49인,2024-04-04,2024-04-04,2025-04-04,12,0,0,Premium,Priority
CUST_01148,CUST_01148_C1,1,금융/보험,5-49인,2025-07-30,2025-07-30,2026-07-30,12,0,0,Basic,Priority
CUST_01148,CUST_01148_C2,2,금융/보험,5-49인,2025-07-30,2026-07-31,2027-07-31,12,12,1,Basic,Standard
CUST_01149,CUST_01149_C1,1,IT/소프트웨어,5-49인,2023-10-22,2023-10-22,2024-10-22,12,0,0,Standard,Priority
CUST_01150,CUST_01150_C1,1,IT/소프트웨어,5-49인,2022-12-13,2022-12-13,2025-12-13,36,0,0,Basic,Priority
CUST_01150,CUST_01150_C2,2,IT/소프트웨어,5-49인,2022-12-13,2025-12-14,2026-12-14,12,36,1,Basic,Standard
CUST_01151,CUST_01151_C1,1,IT/소프트웨어,300인이상,2023-01-03,2023-01-03,2024-01-03,12,0,0,Premium,Enterprise
CUST_01151,CUST_01151_C2,2,IT/소프트웨어,300인이상,2023-01-03,2024-01-04,2027-01-04,36,12,1,Premium,Priority
CUST_01152,CUST_01152_C1,1,유통/커머스,5-49인,2024-04-13,2024-04-13,2025-04-13,12,0,0,Basic,Enterprise
CUST_01152,CUST_01152_C2,2,유통/커머스,5-49인,2024-04-13,2025-04-14,2026-04-14,12,12,1,Basic,Standard
CUST_01152,CUST_01152_C3,3,유통/커머스,5-49인,2024-04-13,2026-04-15,2027-04-15,12,24,2,Basic,Standard
CUST_01153,CUST_01153_C1,1,의료/헬스케어,5-49인,2023-04-17,2023-04-17,2024-04-17,12,0,0,Basic,Standard
CUST_01154,CUST_01154_C1,1,IT/소프트웨어,5-49인,2022-08-31,2022-08-31,2024-08-31,24,0,0,Basic,Enterprise
CUST_01154,CUST_01154_C2,2,IT/소프트웨어,5-49인,2022-08-31,2024-09-01,2026-09-01,24,25,1,Basic,Standard
CUST_01155,CUST_01155_C1,1,IT/소프트웨어,5-49인,2024-01-04,2024-01-04,2026-01-04,24,0,0,Basic,Standard
CUST_01156,CUST_01156_C1,1,교육,5-49인,2022-03-08,2022-03-08,2023-03-08,12,0,0,Basic,Priority
CUST_01156,CUST_01156_C2,2,교육,5-49인,2022-03-08,2023-03-09,2024-03-09,12,12,1,Basic,Standard
CUST_01157,CUST_01157_C1,1,의료/헬스케어,5-49인,2023-10-21,2023-10-21,2024-10-21,12,0,0,Standard,Enterprise
CUST_01157,CUST_01157_C2,2,의료/헬스케어,5-49인,2023-10-21,2024-10-22,2025-10-22,12,12,1,Standard,Priority
CUST_01158,CUST_01158_C1,1,물류/운송,5-49인,2022-01-01,2022-01-01,2024-01-01,24,0,0,Basic,Standard
CUST_01159,CUST_01159_C1,1,유통/커머스,5-49인,2023-05-09,2023-05-09,2026-05-09,36,0,0,Standard,Standard
CUST_01159,CUST_01159_C2,2,유통/커머스,5-49인,2023-05-09,2026-05-10,2028-05-10,24,36,1,Standard,Standard
CUST_01160,CUST_01160_C1,1,유통/커머스,5-49인,2025-03-28,2025-03-28,2028-03-28,36,0,0,Basic,Standard
CUST_01161,CUST_01161_C1,1,제조업,5-49인,2026-06-01,2026-06-01,2028-06-01,24,0,0,Basic,Standard
CUST_01162,CUST_01162_C1,1,IT/소프트웨어,5-49인,2025-09-24,2025-09-24,2027-09-24,24,0,0,Basic,Standard
CUST_01163,CUST_01163_C1,1,IT/소프트웨어,5-49인,2022-09-22,2022-09-22,2023-09-22,12,0,0,Basic,Standard
CUST_01164,CUST_01164_C1,1,교육,5-49인,2021-10-30,2021-10-30,2022-10-30,12,0,0,Basic,Priority
CUST_01165,CUST_01165_C1,1,IT/소프트웨어,5-49인,2024-02-16,2024-02-16,2025-02-16,12,0,0,Basic,Standard
CUST_01166,CUST_01166_C1,1,제조업,5-49인,2024-06-23,2024-06-23,2025-06-23,12,0,0,Basic,Standard
CUST_01166,CUST_01166_C2,2,제조업,5-49인,2024-06-23,2025-06-24,2026-06-24,12,12,1,Basic,Standard
CUST_01167,CUST_01167_C1,1,제조업,5-49인,2026-08-15,2026-08-15,2027-08-15,12,0,0,Basic,Standard
CUST_01167,CUST_01167_C2,2,제조업,5-49인,2026-08-15,2027-08-16,2028-08-16,12,12,1,Basic,Standard
CUST_01167,CUST_01167_C3,3,제조업,5-49인,2026-08-15,2028-08-17,2030-08-17,24,24,2,Basic,Standard
CUST_01168,CUST_01168_C1,1,금융/보험,5-49인,2023-08-21,2023-08-21,2025-08-21,24,0,0,Basic,Priority
CUST_01169,CUST_01169_C1,1,제조업,50-299인,2023-12-31,2023-12-31,2025-12-31,24,0,0,Premium,Enterprise
CUST_01169,CUST_01169_C2,2,제조업,50-299인,2023-12-31,2026-01-01,2027-01-01,12,25,1,Premium,Enterprise
CUST_01170,CUST_01170_C1,1,교육,5-49인,2022-11-02,2022-11-02,2025-11-02,36,0,0,Basic,Enterprise
CUST_01170,CUST_01170_C2,2,교육,5-49인,2022-11-02,2025-11-03,2027-11-03,24,36,1,Basic,Standard
CUST_01170,CUST_01170_C3,3,교육,5-49인,2022-11-02,2027-11-04,2028-11-04,12,60,2,Basic,Standard
CUST_01171,CUST_01171_C1,1,의료/헬스케어,5-49인,2023-10-16,2023-10-16,2024-10-16,12,0,0,Standard,Standard
CUST_01172,CUST_01172_C1,1,금융/보험,5-49인,2022-01-24,2022-01-24,2023-01-24,12,0,0,Premium,Enterprise
CUST_01172,CUST_01172_C2,2,금융/보험,5-49인,2022-01-24,2023-01-25,2024-01-25,12,12,1,Premium,Priority
CUST_01173,CUST_01173_C1,1,기타서비스업,5-49인,2025-11-13,2025-11-13,2027-11-13,24,0,0,Basic,Standard
CUST_01174,CUST_01174_C1,1,제조업,5-49인,2026-07-30,2026-07-30,2027-07-30,12,0,0,Basic,Standard
CUST_01174,CUST_01174_C2,2,제조업,5-49인,2026-07-30,2027-07-31,2028-07-31,12,12,1,Basic,Standard
CUST_01175,CUST_01175_C1,1,금융/보험,5-49인,2023-01-16,2023-01-16,2025-01-16,24,0,0,Standard,Priority
CUST_01176,CUST_01176_C1,1,유통/커머스,5-49인,2022-07-29,2022-07-29,2023-07-29,12,0,0,Standard,Standard
CUST_01177,CUST_01177_C1,1,제조업,5-49인,2025-02-01,2025-02-01,2026-02-01,12,0,0,Standard,Priority
CUST_01177,CUST_01177_C2,2,제조업,5-49인,2025-02-01,2026-02-02,2029-02-02,36,12,1,Standard,Enterprise
CUST_01178,CUST_01178_C1,1,교육,5-49인,2025-12-30,2025-12-30,2026-12-30,12,0,0,Basic,Standard
CUST_01179,CUST_01179_C1,1,교육,50-299인,2024-04-15,2024-04-15,2027-04-15,36,0,0,Basic,Standard
CUST_01180,CUST_01180_C1,1,물류/운송,5-49인,2026-04-06,2026-04-06,2027-04-06,12,0,0,Basic,Priority
CUST_01181,CUST_01181_C1,1,IT/소프트웨어,5-49인,2022-08-26,2022-08-26,2023-08-26,12,0,0,Basic,Standard
CUST_01181,CUST_01181_C2,2,IT/소프트웨어,5-49인,2022-08-26,2023-08-27,2026-08-27,36,12,1,Basic,Standard
CUST_01182,CUST_01182_C1,1,교육,5-49인,2024-03-04,2024-03-04,2025-03-04,12,0,0,Basic,Standard
CUST_01183,CUST_01183_C1,1,제조업,5-49인,2026-02-03,2026-02-03,2027-02-03,12,0,0,Standard,Enterprise
CUST_01183,CUST_01183_C2,2,제조업,5-49인,2026-02-03,2027-02-04,2028-02-04,12,12,1,Standard,Priority
CUST_01184,CUST_01184_C1,1,IT/소프트웨어,5-49인,2023-10-09,2023-10-09,2024-10-09,12,0,0,Basic,Priority
CUST_01184,CUST_01184_C2,2,IT/소프트웨어,5-49인,2023-10-09,2024-10-10,2027-10-10,36,12,1,Basic,Standard
CUST_01185,CUST_01185_C1,1,IT/소프트웨어,5-49인,2024-11-27,2024-11-27,2026-11-27,24,0,0,Basic,Standard
CUST_01186,CUST_01186_C1,1,물류/운송,5-49인,2026-08-12,2026-08-12,2028-08-12,24,0,0,Basic,Standard
CUST_01186,CUST_01186_C2,2,물류/운송,5-49인,2026-08-12,2028-08-13,2029-08-13,12,24,1,Basic,Standard
CUST_01187,CUST_01187_C1,1,물류/운송,5-49인,2021-12-02,2021-12-02,2022-12-02,12,0,0,Basic,Priority
CUST_01188,CUST_01188_C1,1,교육,5-49인,2023-05-23,2023-05-23,2024-05-23,12,0,0,Basic,Priority
CUST_01189,CUST_01189_C1,1,제조업,5-49인,2024-03-20,2024-03-20,2025-03-20,12,0,0,Standard,Priority
CUST_01190,CUST_01190_C1,1,의료/헬스케어,300인이상,2024-06-09,2024-06-09,2027-06-09,36,0,0,Standard,Enterprise
CUST_01191,CUST_01191_C1,1,IT/소프트웨어,5-49인,2026-06-07,2026-06-07,2028-06-07,24,0,0,Standard,Priority
CUST_01192,CUST_01192_C1,1,유통/커머스,50-299인,2023-01-16,2023-01-16,2024-01-16,12,0,0,Standard,Priority
CUST_01192,CUST_01192_C2,2,유통/커머스,50-299인,2023-01-16,2024-01-17,2025-01-17,12,12,1,Standard,Standard
CUST_01193,CUST_01193_C1,1,제조업,5-49인,2026-05-22,2026-05-22,2028-05-22,24,0,0,Premium,Enterprise
CUST_01193,CUST_01193_C2,2,제조업,5-49인,2026-05-22,2028-05-23,2030-05-23,24,24,1,Premium,Enterprise
CUST_01194,CUST_01194_C1,1,기타서비스업,5-49인,2024-02-16,2024-02-16,2025-02-16,12,0,0,Basic,Standard
CUST_01194,CUST_01194_C2,2,기타서비스업,5-49인,2024-02-16,2025-02-17,2027-02-17,24,12,1,Basic,Standard
CUST_01195,CUST_01195_C1,1,IT/소프트웨어,5-49인,2026-03-22,2026-03-22,2027-03-22,12,0,0,Standard,Priority
CUST_01195,CUST_01195_C2,2,IT/소프트웨어,5-49인,2026-03-22,2027-03-23,2028-03-23,12,12,1,Standard,Standard
CUST_01196,CUST_01196_C1,1,제조업,5-49인,2024-05-29,2024-05-29,2025-05-29,12,0,0,Basic,Standard
CUST_01197,CUST_01197_C1,1,IT/소프트웨어,300인이상,2025-09-19,2025-09-19,2026-09-19,12,0,0,Standard,Enterprise
CUST_01198,CUST_01198_C1,1,금융/보험,5-49인,2024-11-24,2024-11-24,2026-11-24,24,0,0,Standard,Priority
CUST_01198,CUST_01198_C2,2,금융/보험,5-49인,2024-11-24,2026-11-25,2027-11-25,12,24,1,Standard,Priority
CUST_01198,CUST_01198_C3,3,금융/보험,5-49인,2024-11-24,2027-11-26,2029-11-26,24,36,2,Standard,Priority
CUST_01199,CUST_01199_C1,1,물류/운송,5-49인,2022-02-06,2022-02-06,2024-02-06,24,0,0,Basic,Standard
CUST_01199,CUST_01199_C2,2,물류/운송,5-49인,2022-02-06,2024-02-07,2025-02-07,12,24,1,Basic,Standard
CUST_01199,CUST_01199_C3,3,물류/운송,5-49인,2022-02-06,2025-02-08,2026-02-08,12,36,2,Basic,Standard
CUST_01200,CUST_01200_C1,1,유통/커머스,5-49인,2024-06-21,2024-06-21,2025-06-21,12,0,0,Basic,Enterprise
CUST_01201,CUST_01201_C1,1,의료/헬스케어,5-49인,2024-10-05,2024-10-05,2026-10-05,24,0,0,Premium,Enterprise
CUST_01202,CUST_01202_C1,1,의료/헬스케어,5-49인,2023-05-01,2023-05-01,2024-05-01,12,0,0,Basic,Standard
CUST_01203,CUST_01203_C1,1,물류/운송,5-49인,2026-06-07,2026-06-07,2027-06-07,12,0,0,Basic,Standard
CUST_01203,CUST_01203_C2,2,물류/운송,5-49인,2026-06-07,2027-06-08,2028-06-08,12,12,1,Basic,Priority
CUST_01204,CUST_01204_C1,1,IT/소프트웨어,50-299인,2023-02-11,2023-02-11,2024-02-11,12,0,0,Premium,Priority
CUST_01204,CUST_01204_C2,2,IT/소프트웨어,50-299인,2023-02-11,2024-02-12,2027-02-12,36,12,1,Premium,Enterprise
CUST_01205,CUST_01205_C1,1,의료/헬스케어,5-49인,2022-02-15,2022-02-15,2023-02-15,12,0,0,Basic,Standard
CUST_01206,CUST_01206_C1,1,IT/소프트웨어,5-49인,2025-11-12,2025-11-12,2026-11-12,12,0,0,Standard,Priority
CUST_01207,CUST_01207_C1,1,제조업,5-49인,2025-10-30,2025-10-30,2027-10-30,24,0,0,Basic,Standard
CUST_01208,CUST_01208_C1,1,IT/소프트웨어,5-49인,2023-08-30,2023-08-30,2024-08-30,12,0,0,Basic,Priority
CUST_01209,CUST_01209_C1,1,제조업,5-49인,2026-02-27,2026-02-27,2027-02-27,12,0,0,Standard,Priority
CUST_01209,CUST_01209_C2,2,제조업,5-49인,2026-02-27,2027-02-28,2028-02-28,12,12,1,Standard,Priority
CUST_01210,CUST_01210_C1,1,교육,5-49인,2024-12-07,2024-12-07,2025-12-07,12,0,0,Standard,Priority
CUST_01210,CUST_01210_C2,2,교육,5-49인,2024-12-07,2025-12-08,2026-12-08,12,12,1,Standard,Standard
CUST_01210,CUST_01210_C3,3,교육,5-49인,2024-12-07,2026-12-09,2028-12-09,24,24,2,Standard,Standard
CUST_01211,CUST_01211_C1,1,유통/커머스,5-49인,2024-02-23,2024-02-23,2026-02-23,24,0,0,Basic,Standard
CUST_01212,CUST_01212_C1,1,제조업,5-49인,2025-09-18,2025-09-18,2026-09-18,12,0,0,Basic,Standard
CUST_01213,CUST_01213_C1,1,의료/헬스케어,5-49인,2023-12-23,2023-12-23,2024-12-23,12,0,0,Standard,Priority
CUST_01213,CUST_01213_C2,2,의료/헬스케어,5-49인,2023-12-23,2024-12-24,2026-12-24,24,12,1,Standard,Enterprise
CUST_01213,CUST_01213_C3,3,의료/헬스케어,5-49인,2023-12-23,2026-12-25,2027-12-25,12,36,2,Standard,Enterprise
CUST_01214,CUST_01214_C1,1,의료/헬스케어,50-299인,2026-01-28,2026-01-28,2028-01-28,24,0,0,Standard,Priority
CUST_01215,CUST_01215_C1,1,제조업,5-49인,2022-04-20,2022-04-20,2024-04-20,24,0,0,Standard,Priority
CUST_01216,CUST_01216_C1,1,IT/소프트웨어,5-49인,2025-01-08,2025-01-08,2027-01-08,24,0,0,Basic,Standard
CUST_01216,CUST_01216_C2,2,IT/소프트웨어,5-49인,2025-01-08,2027-01-09,2028-01-09,12,24,1,Basic,Standard
CUST_01217,CUST_01217_C1,1,유통/커머스,5-49인,2022-03-12,2022-03-12,2024-03-12,24,0,0,Basic,Standard
CUST_01218,CUST_01218_C1,1,제조업,5-49인,2025-03-14,2025-03-14,2026-03-14,12,0,0,Standard,Priority
CUST_01219,CUST_01219_C1,1,의료/헬스케어,50-299인,2025-07-23,2025-07-23,2027-07-23,24,0,0,Basic,Standard
CUST_01219,CUST_01219_C2,2,의료/헬스케어,50-299인,2025-07-23,2027-07-24,2028-07-24,12,24,1,Basic,Standard
CUST_01220,CUST_01220_C1,1,IT/소프트웨어,5-49인,2023-01-01,2023-01-01,2024-01-01,12,0,0,Basic,Standard
CUST_01221,CUST_01221_C1,1,유통/커머스,5-49인,2026-01-24,2026-01-24,2027-01-24,12,0,0,Standard,Priority
CUST_01222,CUST_01222_C1,1,금융/보험,5-49인,2026-02-10,2026-02-10,2028-02-10,24,0,0,Basic,Standard
CUST_01223,CUST_01223_C1,1,물류/운송,5-49인,2026-07-14,2026-07-14,2027-07-14,12,0,0,Standard,Priority
CUST_01223,CUST_01223_C2,2,물류/운송,5-49인,2026-07-14,2027-07-15,2029-07-15,24,12,1,Standard,Priority
CUST_01224,CUST_01224_C1,1,유통/커머스,50-299인,2024-01-28,2024-01-28,2026-01-28,24,0,0,Basic,Priority
CUST_01225,CUST_01225_C1,1,제조업,50-299인,2025-01-12,2025-01-12,2027-01-12,24,0,0,Standard,Enterprise
CUST_01225,CUST_01225_C2,2,제조업,50-299인,2025-01-12,2027-01-13,2030-01-13,36,24,1,Standard,Standard
CUST_01226,CUST_01226_C1,1,유통/커머스,5-49인,2026-04-07,2026-04-07,2028-04-07,24,0,0,Basic,Standard
CUST_01226,CUST_01226_C2,2,유통/커머스,5-49인,2026-04-07,2028-04-08,2029-04-08,12,24,1,Basic,Standard
CUST_01227,CUST_01227_C1,1,교육,5-49인,2024-11-28,2024-11-28,2025-11-28,12,0,0,Basic,Standard
CUST_01227,CUST_01227_C2,2,교육,5-49인,2024-11-28,2025-11-29,2026-11-29,12,12,1,Basic,Priority
CUST_01228,CUST_01228_C1,1,IT/소프트웨어,50-299인,2023-02-05,2023-02-05,2025-02-05,24,0,0,Standard,Enterprise
CUST_01228,CUST_01228_C2,2,IT/소프트웨어,50-299인,2023-02-05,2025-02-06,2027-02-06,24,24,1,Standard,Standard
CUST_01228,CUST_01228_C3,3,IT/소프트웨어,50-299인,2023-02-05,2027-02-07,2028-02-07,12,48,2,Standard,Enterprise
CUST_01229,CUST_01229_C1,1,IT/소프트웨어,5-49인,2026-04-21,2026-04-21,2027-04-21,12,0,0,Standard,Standard
CUST_01230,CUST_01230_C1,1,IT/소프트웨어,5-49인,2023-10-01,2023-10-01,2024-10-01,12,0,0,Basic,Standard
CUST_01231,CUST_01231_C1,1,유통/커머스,5-49인,2026-07-25,2026-07-25,2027-07-25,12,0,0,Standard,Priority
CUST_01231,CUST_01231_C2,2,유통/커머스,5-49인,2026-07-25,2027-07-26,2028-07-26,12,12,1,Standard,Enterprise
CUST_01232,CUST_01232_C1,1,제조업,50-299인,2024-03-06,2024-03-06,2026-03-06,24,0,0,Standard,Enterprise
CUST_01233,CUST_01233_C1,1,의료/헬스케어,5-49인,2025-04-10,2025-04-10,2026-04-10,12,0,0,Basic,Standard
CUST_01234,CUST_01234_C1,1,제조업,5-49인,2024-02-07,2024-02-07,2027-02-07,36,0,0,Basic,Standard
CUST_01235,CUST_01235_C1,1,물류/운송,5-49인,2022-04-03,2022-04-03,2023-04-03,12,0,0,Basic,Standard
CUST_01236,CUST_01236_C1,1,제조업,5-49인,2025-01-14,2025-01-14,2026-01-14,12,0,0,Basic,Standard
CUST_01237,CUST_01237_C1,1,금융/보험,5-49인,2025-12-09,2025-12-09,2026-12-09,12,0,0,Basic,Standard
CUST_01237,CUST_01237_C2,2,금융/보험,5-49인,2025-12-09,2026-12-10,2027-12-10,12,12,1,Basic,Standard
CUST_01238,CUST_01238_C1,1,IT/소프트웨어,300인이상,2025-04-26,2025-04-26,2027-04-26,24,0,0,Premium,Enterprise
CUST_01239,CUST_01239_C1,1,유통/커머스,5-49인,2026-01-29,2026-01-29,2029-01-29,36,0,0,Basic,Standard
CUST_01239,CUST_01239_C2,2,유통/커머스,5-49인,2026-01-29,2029-01-30,2031-01-30,24,36,1,Basic,Standard
CUST_01239,CUST_01239_C3,3,유통/커머스,5-49인,2026-01-29,2031-01-31,2032-01-31,12,60,2,Basic,Standard
CUST_01240,CUST_01240_C1,1,IT/소프트웨어,5-49인,2023-06-05,2023-06-05,2024-06-05,12,0,0,Standard,Enterprise
CUST_01240,CUST_01240_C2,2,IT/소프트웨어,5-49인,2023-06-05,2024-06-06,2026-06-06,24,12,1,Standard,Standard
CUST_01240,CUST_01240_C3,3,IT/소프트웨어,5-49인,2023-06-05,2026-06-07,2027-06-07,12,36,2,Standard,Enterprise
CUST_01241,CUST_01241_C1,1,제조업,5-49인,2026-04-25,2026-04-25,2027-04-25,12,0,0,Basic,Standard
CUST_01242,CUST_01242_C1,1,의료/헬스케어,5-49인,2026-02-01,2026-02-01,2028-02-01,24,0,0,Basic,Standard
CUST_01242,CUST_01242_C2,2,의료/헬스케어,5-49인,2026-02-01,2028-02-02,2030-02-02,24,24,1,Basic,Standard
CUST_01243,CUST_01243_C1,1,IT/소프트웨어,5-49인,2022-12-28,2022-12-28,2024-12-28,24,0,0,Basic,Standard
CUST_01243,CUST_01243_C2,2,IT/소프트웨어,5-49인,2022-12-28,2024-12-29,2025-12-29,12,24,1,Basic,Standard
CUST_01244,CUST_01244_C1,1,유통/커머스,5-49인,2025-08-25,2025-08-25,2028-08-25,36,0,0,Basic,Priority
CUST_01245,CUST_01245_C1,1,물류/운송,5-49인,2026-02-20,2026-02-20,2029-02-20,36,0,0,Basic,Standard
CUST_01246,CUST_01246_C1,1,유통/커머스,5-49인,2023-01-25,2023-01-25,2024-01-25,12,0,0,Basic,Standard
CUST_01247,CUST_01247_C1,1,제조업,5-49인,2026-07-13,2026-07-13,2029-07-13,36,0,0,Basic,Standard
CUST_01247,CUST_01247_C2,2,제조업,5-49인,2026-07-13,2029-07-14,2030-07-14,12,36,1,Basic,Standard
CUST_01248,CUST_01248_C1,1,유통/커머스,5-49인,2025-12-20,2025-12-20,2026-12-20,12,0,0,Basic,Standard
CUST_01249,CUST_01249_C1,1,기타서비스업,5-49인,2025-01-22,2025-01-22,2027-01-22,24,0,0,Basic,Standard
CUST_01250,CUST_01250_C1,1,IT/소프트웨어,5-49인,2025-04-24,2025-04-24,2027-04-24,24,0,0,Standard,Priority
CUST_01251,CUST_01251_C1,1,금융/보험,5-49인,2022-03-08,2022-03-08,2025-03-08,36,0,0,Basic,Priority
CUST_01251,CUST_01251_C2,2,금융/보험,5-49인,2022-03-08,2025-03-09,2027-03-09,24,36,1,Basic,Standard
CUST_01252,CUST_01252_C1,1,IT/소프트웨어,5-49인,2022-04-27,2022-04-27,2024-04-27,24,0,0,Basic,Standard
CUST_01252,CUST_01252_C2,2,IT/소프트웨어,5-49인,2022-04-27,2024-04-28,2026-04-28,24,24,1,Basic,Standard
CUST_01252,CUST_01252_C3,3,IT/소프트웨어,5-49인,2022-04-27,2026-04-29,2027-04-29,12,48,2,Basic,Priority
CUST_01253,CUST_01253_C1,1,IT/소프트웨어,5-49인,2023-10-16,2023-10-16,2024-10-16,12,0,0,Premium,Enterprise
CUST_01253,CUST_01253_C2,2,IT/소프트웨어,5-49인,2023-10-16,2024-10-17,2026-10-17,24,12,1,Premium,Enterprise
CUST_01253,CUST_01253_C3,3,IT/소프트웨어,5-49인,2023-10-16,2026-10-18,2028-10-18,24,36,2,Premium,Enterprise
CUST_01254,CUST_01254_C1,1,IT/소프트웨어,5-49인,2025-02-18,2025-02-18,2027-02-18,24,0,0,Basic,Standard
CUST_01255,CUST_01255_C1,1,금융/보험,5-49인,2022-05-30,2022-05-30,2023-05-30,12,0,0,Basic,Standard
CUST_01255,CUST_01255_C2,2,금융/보험,5-49인,2022-05-30,2023-05-31,2025-05-31,24,12,1,Basic,Standard
CUST_01256,CUST_01256_C1,1,IT/소프트웨어,5-49인,2026-02-17,2026-02-17,2028-02-17,24,0,0,Basic,Standard
CUST_01257,CUST_01257_C1,1,교육,50-299인,2026-02-23,2026-02-23,2027-02-23,12,0,0,Standard,Standard
CUST_01258,CUST_01258_C1,1,물류/운송,50-299인,2024-07-04,2024-07-04,2027-07-04,36,0,0,Standard,Priority
CUST_01258,CUST_01258_C2,2,물류/운송,50-299인,2024-07-04,2027-07-05,2028-07-05,12,36,1,Standard,Priority
CUST_01258,CUST_01258_C3,3,물류/운송,50-299인,2024-07-04,2028-07-06,2029-07-06,12,48,2,Standard,Priority
CUST_01259,CUST_01259_C1,1,제조업,5-49인,2026-03-04,2026-03-04,2028-03-04,24,0,0,Standard,Priority
CUST_01260,CUST_01260_C1,1,제조업,5-49인,2025-01-09,2025-01-09,2027-01-09,24,0,0,Basic,Priority
CUST_01260,CUST_01260_C2,2,제조업,5-49인,2025-01-09,2027-01-10,2028-01-10,12,24,1,Basic,Standard
CUST_01261,CUST_01261_C1,1,제조업,50-299인,2023-07-09,2023-07-09,2024-07-09,12,0,0,Basic,Priority
CUST_01261,CUST_01261_C2,2,제조업,50-299인,2023-07-09,2024-07-10,2026-07-10,24,12,1,Basic,Standard
CUST_01261,CUST_01261_C3,3,제조업,50-299인,2023-07-09,2026-07-11,2027-07-11,12,36,2,Basic,Priority
CUST_01262,CUST_01262_C1,1,기타서비스업,5-49인,2024-06-21,2024-06-21,2026-06-21,24,0,0,Basic,Standard
CUST_01263,CUST_01263_C1,1,기타서비스업,5-49인,2026-03-02,2026-03-02,2029-03-02,36,0,0,Basic,Standard
CUST_01263,CUST_01263_C2,2,기타서비스업,5-49인,2026-03-02,2029-03-03,2030-03-03,12,36,1,Basic,Standard
CUST_01264,CUST_01264_C1,1,제조업,5-49인,2023-03-14,2023-03-14,2025-03-14,24,0,0,Basic,Priority
CUST_01265,CUST_01265_C1,1,금융/보험,5-49인,2025-12-23,2025-12-23,2027-12-23,24,0,0,Basic,Standard
CUST_01265,CUST_01265_C2,2,금융/보험,5-49인,2025-12-23,2027-12-24,2028-12-24,12,24,1,Basic,Standard
CUST_01266,CUST_01266_C1,1,유통/커머스,5-49인,2022-11-29,2022-11-29,2023-11-29,12,0,0,Standard,Priority
CUST_01266,CUST_01266_C2,2,유통/커머스,5-49인,2022-11-29,2023-11-30,2024-11-30,12,12,1,Standard,Standard
CUST_01266,CUST_01266_C3,3,유통/커머스,5-49인,2022-11-29,2024-12-01,2026-12-01,24,25,2,Standard,Priority
CUST_01267,CUST_01267_C1,1,의료/헬스케어,50-299인,2025-11-09,2025-11-09,2027-11-09,24,0,0,Basic,Standard
CUST_01267,CUST_01267_C2,2,의료/헬스케어,50-299인,2025-11-09,2027-11-10,2028-11-10,12,24,1,Basic,Priority
CUST_01267,CUST_01267_C3,3,의료/헬스케어,50-299인,2025-11-09,2028-11-11,2030-11-11,24,36,2,Basic,Standard
CUST_01268,CUST_01268_C1,1,IT/소프트웨어,5-49인,2025-10-03,2025-10-03,2028-10-03,36,0,0,Basic,Standard
CUST_01269,CUST_01269_C1,1,유통/커머스,5-49인,2023-08-19,2023-08-19,2024-08-19,12,0,0,Basic,Standard
CUST_01270,CUST_01270_C1,1,금융/보험,5-49인,2022-03-30,2022-03-30,2023-03-30,12,0,0,Basic,Standard
CUST_01271,CUST_01271_C1,1,IT/소프트웨어,5-49인,2026-06-26,2026-06-26,2029-06-26,36,0,0,Basic,Priority
CUST_01272,CUST_01272_C1,1,IT/소프트웨어,300인이상,2026-01-23,2026-01-23,2029-01-23,36,0,0,Standard,Standard
CUST_01273,CUST_01273_C1,1,IT/소프트웨어,5-49인,2023-12-29,2023-12-29,2024-12-29,12,0,0,Standard,Priority
CUST_01274,CUST_01274_C1,1,교육,5-49인,2023-10-02,2023-10-02,2024-10-02,12,0,0,Basic,Standard
CUST_01275,CUST_01275_C1,1,IT/소프트웨어,5-49인,2026-04-12,2026-04-12,2027-04-12,12,0,0,Standard,Standard
CUST_01276,CUST_01276_C1,1,제조업,5-49인,2024-12-20,2024-12-20,2026-12-20,24,0,0,Standard,Priority
CUST_01276,CUST_01276_C2,2,제조업,5-49인,2024-12-20,2026-12-21,2028-12-21,24,24,1,Standard,Priority
CUST_01277,CUST_01277_C1,1,제조업,5-49인,2025-01-07,2025-01-07,2026-01-07,12,0,0,Basic,Enterprise
CUST_01277,CUST_01277_C2,2,제조업,5-49인,2025-01-07,2026-01-08,2029-01-08,36,12,1,Basic,Standard
CUST_01278,CUST_01278_C1,1,IT/소프트웨어,5-49인,2022-08-03,2022-08-03,2023-08-03,12,0,0,Basic,Standard
CUST_01279,CUST_01279_C1,1,교육,5-49인,2022-12-11,2022-12-11,2023-12-11,12,0,0,Basic,Standard
CUST_01279,CUST_01279_C2,2,교육,5-49인,2022-12-11,2023-12-12,2024-12-12,12,12,1,Basic,Standard
CUST_01280,CUST_01280_C1,1,제조업,5-49인,2022-04-18,2022-04-18,2023-04-18,12,0,0,Standard,Enterprise
CUST_01281,CUST_01281_C1,1,제조업,5-49인,2026-04-05,2026-04-05,2027-04-05,12,0,0,Basic,Standard
CUST_01282,CUST_01282_C1,1,IT/소프트웨어,5-49인,2025-10-01,2025-10-01,2026-10-01,12,0,0,Basic,Priority
CUST_01282,CUST_01282_C2,2,IT/소프트웨어,5-49인,2025-10-01,2026-10-02,2028-10-02,24,12,1,Basic,Priority
CUST_01283,CUST_01283_C1,1,기타서비스업,50-299인,2025-07-30,2025-07-30,2027-07-30,24,0,0,Basic,Priority
CUST_01284,CUST_01284_C1,1,유통/커머스,5-49인,2024-06-01,2024-06-01,2026-06-01,24,0,0,Basic,Standard
CUST_01284,CUST_01284_C2,2,유통/커머스,5-49인,2024-06-01,2026-06-02,2028-06-02,24,24,1,Basic,Standard
CUST_01285,CUST_01285_C1,1,금융/보험,5-49인,2022-04-06,2022-04-06,2023-04-06,12,0,0,Standard,Standard
CUST_01285,CUST_01285_C2,2,금융/보험,5-49인,2022-04-06,2023-04-07,2024-04-07,12,12,1,Standard,Priority
CUST_01286,CUST_01286_C1,1,의료/헬스케어,5-49인,2021-09-26,2021-09-26,2022-09-26,12,0,0,Basic,Standard
CUST_01286,CUST_01286_C2,2,의료/헬스케어,5-49인,2021-09-26,2022-09-27,2023-09-27,12,12,1,Basic,Priority
CUST_01287,CUST_01287_C1,1,교육,50-299인,2024-08-23,2024-08-23,2026-08-23,24,0,0,Standard,Standard
CUST_01288,CUST_01288_C1,1,기타서비스업,5-49인,2025-08-01,2025-08-01,2027-08-01,24,0,0,Basic,Standard
CUST_01288,CUST_01288_C2,2,기타서비스업,5-49인,2025-08-01,2027-08-02,2029-08-02,24,24,1,Basic,Enterprise
CUST_01288,CUST_01288_C3,3,기타서비스업,5-49인,2025-08-01,2029-08-03,2030-08-03,12,48,2,Basic,Priority
CUST_01289,CUST_01289_C1,1,금융/보험,5-49인,2023-05-23,2023-05-23,2024-05-23,12,0,0,Basic,Priority
CUST_01290,CUST_01290_C1,1,IT/소프트웨어,5-49인,2024-03-22,2024-03-22,2025-03-22,12,0,0,Basic,Standard
CUST_01290,CUST_01290_C2,2,IT/소프트웨어,5-49인,2024-03-22,2025-03-23,2027-03-23,24,12,1,Basic,Standard
CUST_01290,CUST_01290_C3,3,IT/소프트웨어,5-49인,2024-03-22,2027-03-24,2028-03-24,12,36,2,Basic,Standard
CUST_01291,CUST_01291_C1,1,제조업,50-299인,2024-02-17,2024-02-17,2026-02-17,24,0,0,Standard,Priority
CUST_01291,CUST_01291_C2,2,제조업,50-299인,2024-02-17,2026-02-18,2028-02-18,24,24,1,Standard,Enterprise
CUST_01292,CUST_01292_C1,1,IT/소프트웨어,5-49인,2025-03-16,2025-03-16,2026-03-16,12,0,0,Basic,Standard
CUST_01293,CUST_01293_C1,1,교육,5-49인,2022-01-17,2022-01-17,2024-01-17,24,0,0,Basic,Enterprise
CUST_01293,CUST_01293_C2,2,교육,5-49인,2022-01-17,2024-01-18,2026-01-18,24,24,1,Basic,Priority
CUST_01294,CUST_01294_C1,1,의료/헬스케어,50-299인,2026-08-19,2026-08-19,2027-08-19,12,0,0,Standard,Standard
CUST_01295,CUST_01295_C1,1,제조업,5-49인,2022-12-13,2022-12-13,2023-12-13,12,0,0,Basic,Standard
CUST_01296,CUST_01296_C1,1,교육,50-299인,2026-07-31,2026-07-31,2028-07-31,24,0,0,Standard,Priority
CUST_01297,CUST_01297_C1,1,IT/소프트웨어,5-49인,2024-02-01,2024-02-01,2025-02-01,12,0,0,Basic,Standard
CUST_01298,CUST_01298_C1,1,물류/운송,5-49인,2025-04-09,2025-04-09,2027-04-09,24,0,0,Basic,Standard
CUST_01299,CUST_01299_C1,1,금융/보험,5-49인,2022-01-16,2022-01-16,2025-01-16,36,0,0,Standard,Standard
CUST_01300,CUST_01300_C1,1,물류/운송,50-299인,2025-06-24,2025-06-24,2027-06-24,24,0,0,Basic,Standard
CUST_01301,CUST_01301_C1,1,기타서비스업,5-49인,2023-02-15,2023-02-15,2024-02-15,12,0,0,Basic,Priority
CUST_01302,CUST_01302_C1,1,제조업,50-299인,2025-03-16,2025-03-16,2027-03-16,24,0,0,Standard,Priority
CUST_01302,CUST_01302_C2,2,제조업,50-299인,2025-03-16,2027-03-17,2028-03-17,12,24,1,Standard,Priority
CUST_01303,CUST_01303_C1,1,제조업,5-49인,2024-01-03,2024-01-03,2026-01-03,24,0,0,Basic,Priority
CUST_01303,CUST_01303_C2,2,제조업,5-49인,2024-01-03,2026-01-04,2029-01-04,36,24,1,Basic,Priority
CUST_01304,CUST_01304_C1,1,물류/운송,5-49인,2022-10-20,2022-10-20,2023-10-20,12,0,0,Basic,Standard
CUST_01305,CUST_01305_C1,1,물류/운송,5-49인,2023-01-16,2023-01-16,2026-01-16,36,0,0,Basic,Priority
CUST_01306,CUST_01306_C1,1,IT/소프트웨어,50-299인,2022-05-23,2022-05-23,2024-05-23,24,0,0,Basic,Priority
CUST_01306,CUST_01306_C2,2,IT/소프트웨어,50-299인,2022-05-23,2024-05-24,2026-05-24,24,24,1,Basic,Priority
CUST_01307,CUST_01307_C1,1,IT/소프트웨어,50-299인,2025-07-26,2025-07-26,2027-07-26,24,0,0,Premium,Enterprise
CUST_01308,CUST_01308_C1,1,제조업,5-49인,2026-08-10,2026-08-10,2027-08-10,12,0,0,Standard,Priority
CUST_01308,CUST_01308_C2,2,제조업,5-49인,2026-08-10,2027-08-11,2028-08-11,12,12,1,Standard,Standard
CUST_01309,CUST_01309_C1,1,제조업,50-299인,2025-04-20,2025-04-20,2026-04-20,12,0,0,Standard,Enterprise
CUST_01310,CUST_01310_C1,1,IT/소프트웨어,5-49인,2022-09-06,2022-09-06,2025-09-06,36,0,0,Basic,Standard
CUST_01310,CUST_01310_C2,2,IT/소프트웨어,5-49인,2022-09-06,2025-09-07,2026-09-07,12,36,1,Basic,Standard
CUST_01310,CUST_01310_C3,3,IT/소프트웨어,5-49인,2022-09-06,2026-09-08,2027-09-08,12,48,2,Basic,Standard
CUST_01311,CUST_01311_C1,1,제조업,5-49인,2023-06-03,2023-06-03,2025-06-03,24,0,0,Standard,Enterprise
CUST_01312,CUST_01312_C1,1,금융/보험,50-299인,2024-12-24,2024-12-24,2025-12-24,12,0,0,Basic,Standard
CUST_01313,CUST_01313_C1,1,IT/소프트웨어,5-49인,2024-11-15,2024-11-15,2025-11-15,12,0,0,Basic,Standard
CUST_01314,CUST_01314_C1,1,금융/보험,5-49인,2025-08-18,2025-08-18,2028-08-18,36,0,0,Standard,Priority
CUST_01314,CUST_01314_C2,2,금융/보험,5-49인,2025-08-18,2028-08-19,2030-08-19,24,36,1,Standard,Standard
CUST_01314,CUST_01314_C3,3,금융/보험,5-49인,2025-08-18,2030-08-20,2032-08-20,24,60,2,Standard,Enterprise
CUST_01315,CUST_01315_C1,1,제조업,5-49인,2023-05-21,2023-05-21,2024-05-21,12,0,0,Standard,Standard
CUST_01315,CUST_01315_C2,2,제조업,5-49인,2023-05-21,2024-05-22,2025-05-22,12,12,1,Standard,Standard
CUST_01316,CUST_01316_C1,1,제조업,5-49인,2022-04-30,2022-04-30,2024-04-30,24,0,0,Basic,Standard
CUST_01317,CUST_01317_C1,1,유통/커머스,5-49인,2024-04-24,2024-04-24,2026-04-24,24,0,0,Basic,Standard
CUST_01317,CUST_01317_C2,2,유통/커머스,5-49인,2024-04-24,2026-04-25,2027-04-25,12,24,1,Basic,Enterprise
CUST_01318,CUST_01318_C1,1,유통/커머스,5-49인,2025-05-07,2025-05-07,2026-05-07,12,0,0,Standard,Priority
CUST_01318,CUST_01318_C2,2,유통/커머스,5-49인,2025-05-07,2026-05-08,2027-05-08,12,12,1,Standard,Priority
CUST_01319,CUST_01319_C1,1,유통/커머스,5-49인,2025-03-11,2025-03-11,2026-03-11,12,0,0,Basic,Standard
CUST_01320,CUST_01320_C1,1,유통/커머스,50-299인,2022-07-11,2022-07-11,2025-07-11,36,0,0,Premium,Enterprise
CUST_01321,CUST_01321_C1,1,유통/커머스,5-49인,2023-01-18,2023-01-18,2026-01-18,36,0,0,Basic,Standard
CUST_01322,CUST_01322_C1,1,교육,50-299인,2023-08-29,2023-08-29,2026-08-29,36,0,0,Premium,Enterprise
CUST_01322,CUST_01322_C2,2,교육,50-299인,2023-08-29,2026-08-30,2027-08-30,12,36,1,Premium,Priority
CUST_01323,CUST_01323_C1,1,IT/소프트웨어,50-299인,2021-12-29,2021-12-29,2024-12-29,36,0,0,Basic,Standard
CUST_01323,CUST_01323_C2,2,IT/소프트웨어,50-299인,2021-12-29,2024-12-30,2025-12-30,12,36,1,Basic,Enterprise
CUST_01324,CUST_01324_C1,1,유통/커머스,50-299인,2022-03-06,2022-03-06,2024-03-06,24,0,0,Premium,Enterprise
CUST_01324,CUST_01324_C2,2,유통/커머스,50-299인,2022-03-06,2024-03-07,2025-03-07,12,24,1,Premium,Enterprise
CUST_01325,CUST_01325_C1,1,의료/헬스케어,5-49인,2024-10-07,2024-10-07,2026-10-07,24,0,0,Standard,Priority
CUST_01325,CUST_01325_C2,2,의료/헬스케어,5-49인,2024-10-07,2026-10-08,2027-10-08,12,24,1,Standard,Priority
CUST_01326,CUST_01326_C1,1,제조업,5-49인,2025-12-19,2025-12-19,2027-12-19,24,0,0,Basic,Enterprise
CUST_01327,CUST_01327_C1,1,의료/헬스케어,5-49인,2026-01-29,2026-01-29,2027-01-29,12,0,0,Standard,Priority
CUST_01328,CUST_01328_C1,1,교육,300인이상,2022-06-27,2022-06-27,2024-06-27,24,0,0,Premium,Enterprise
CUST_01328,CUST_01328_C2,2,교육,300인이상,2022-06-27,2024-06-28,2027-06-28,36,24,1,Premium,Enterprise
CUST_01328,CUST_01328_C3,3,교육,300인이상,2022-06-27,2027-06-29,2028-06-29,12,60,2,Premium,Enterprise
CUST_01329,CUST_01329_C1,1,IT/소프트웨어,5-49인,2023-03-31,2023-03-31,2024-03-31,12,0,0,Standard,Standard
CUST_01329,CUST_01329_C2,2,IT/소프트웨어,5-49인,2023-03-31,2024-04-01,2026-04-01,24,13,1,Standard,Priority
CUST_01330,CUST_01330_C1,1,제조업,5-49인,2022-07-06,2022-07-06,2023-07-06,12,0,0,Basic,Priority
CUST_01330,CUST_01330_C2,2,제조업,5-49인,2022-07-06,2023-07-07,2024-07-07,12,12,1,Basic,Standard
CUST_01331,CUST_01331_C1,1,금융/보험,5-49인,2024-07-20,2024-07-20,2025-07-20,12,0,0,Standard,Priority
CUST_01332,CUST_01332_C1,1,의료/헬스케어,5-49인,2023-11-22,2023-11-22,2024-11-22,12,0,0,Basic,Standard
CUST_01333,CUST_01333_C1,1,제조업,5-49인,2024-04-18,2024-04-18,2025-04-18,12,0,0,Basic,Standard
CUST_01333,CUST_01333_C2,2,제조업,5-49인,2024-04-18,2025-04-19,2026-04-19,12,12,1,Basic,Priority
CUST_01334,CUST_01334_C1,1,물류/운송,5-49인,2023-07-20,2023-07-20,2024-07-20,12,0,0,Basic,Priority
CUST_01335,CUST_01335_C1,1,제조업,5-49인,2025-08-01,2025-08-01,2026-08-01,12,0,0,Basic,Standard
CUST_01336,CUST_01336_C1,1,제조업,5-49인,2023-11-08,2023-11-08,2026-11-08,36,0,0,Standard,Priority
CUST_01336,CUST_01336_C2,2,제조업,5-49인,2023-11-08,2026-11-09,2029-11-09,36,36,1,Standard,Priority
CUST_01337,CUST_01337_C1,1,제조업,5-49인,2023-02-27,2023-02-27,2025-02-27,24,0,0,Basic,Priority
CUST_01338,CUST_01338_C1,1,교육,300인이상,2026-01-21,2026-01-21,2028-01-21,24,0,0,Premium,Priority
CUST_01339,CUST_01339_C1,1,교육,5-49인,2022-05-30,2022-05-30,2025-05-30,36,0,0,Basic,Standard
CUST_01340,CUST_01340_C1,1,유통/커머스,50-299인,2022-02-02,2022-02-02,2023-02-02,12,0,0,Premium,Priority
CUST_01341,CUST_01341_C1,1,의료/헬스케어,50-299인,2026-06-09,2026-06-09,2028-06-09,24,0,0,Premium,Enterprise
CUST_01342,CUST_01342_C1,1,금융/보험,5-49인,2023-09-02,2023-09-02,2026-09-02,36,0,0,Basic,Standard
CUST_01343,CUST_01343_C1,1,물류/운송,5-49인,2021-09-25,2021-09-25,2022-09-25,12,0,0,Basic,Standard
CUST_01344,CUST_01344_C1,1,제조업,5-49인,2021-11-24,2021-11-24,2022-11-24,12,0,0,Standard,Standard
CUST_01345,CUST_01345_C1,1,기타서비스업,50-299인,2024-05-12,2024-05-12,2025-05-12,12,0,0,Standard,Priority
CUST_01346,CUST_01346_C1,1,유통/커머스,5-49인,2023-08-04,2023-08-04,2024-08-04,12,0,0,Basic,Standard
CUST_01347,CUST_01347_C1,1,유통/커머스,5-49인,2023-08-29,2023-08-29,2024-08-29,12,0,0,Standard,Enterprise
CUST_01348,CUST_01348_C1,1,물류/운송,5-49인,2024-12-23,2024-12-23,2025-12-23,12,0,0,Standard,Priority
CUST_01348,CUST_01348_C2,2,물류/운송,5-49인,2024-12-23,2025-12-24,2026-12-24,12,12,1,Standard,Priority
CUST_01348,CUST_01348_C3,3,물류/운송,5-49인,2024-12-23,2026-12-25,2027-12-25,12,24,2,Standard,Priority
CUST_01349,CUST_01349_C1,1,교육,5-49인,2024-01-18,2024-01-18,2025-01-18,12,0,0,Basic,Standard
CUST_01350,CUST_01350_C1,1,기타서비스업,300인이상,2025-03-27,2025-03-27,2028-03-27,36,0,0,Standard,Standard
CUST_01351,CUST_01351_C1,1,금융/보험,5-49인,2024-08-02,2024-08-02,2026-08-02,24,0,0,Basic,Standard
CUST_01351,CUST_01351_C2,2,금융/보험,5-49인,2024-08-02,2026-08-03,2028-08-03,24,24,1,Basic,Standard
CUST_01351,CUST_01351_C3,3,금융/보험,5-49인,2024-08-02,2028-08-04,2029-08-04,12,48,2,Basic,Standard
CUST_01352,CUST_01352_C1,1,IT/소프트웨어,5-49인,2025-11-06,2025-11-06,2027-11-06,24,0,0,Basic,Enterprise
CUST_01352,CUST_01352_C2,2,IT/소프트웨어,5-49인,2025-11-06,2027-11-07,2028-11-07,12,24,1,Basic,Standard
CUST_01352,CUST_01352_C3,3,IT/소프트웨어,5-49인,2025-11-06,2028-11-08,2029-11-08,12,36,2,Basic,Standard
CUST_01353,CUST_01353_C1,1,유통/커머스,5-49인,2025-10-08,2025-10-08,2027-10-08,24,0,0,Basic,Standard
CUST_01354,CUST_01354_C1,1,제조업,5-49인,2022-03-21,2022-03-21,2023-03-21,12,0,0,Standard,Enterprise
CUST_01355,CUST_01355_C1,1,의료/헬스케어,5-49인,2022-10-03,2022-10-03,2023-10-03,12,0,0,Basic,Enterprise
CUST_01356,CUST_01356_C1,1,제조업,5-49인,2022-12-14,2022-12-14,2023-12-14,12,0,0,Basic,Standard
CUST_01357,CUST_01357_C1,1,금융/보험,5-49인,2026-02-06,2026-02-06,2028-02-06,24,0,0,Basic,Standard
CUST_01358,CUST_01358_C1,1,유통/커머스,5-49인,2022-10-12,2022-10-12,2025-10-12,36,0,0,Standard,Enterprise
CUST_01359,CUST_01359_C1,1,IT/소프트웨어,5-49인,2023-06-09,2023-06-09,2024-06-09,12,0,0,Basic,Standard
CUST_01360,CUST_01360_C1,1,제조업,5-49인,2026-06-16,2026-06-16,2027-06-16,12,0,0,Basic,Standard
CUST_01361,CUST_01361_C1,1,IT/소프트웨어,5-49인,2025-10-11,2025-10-11,2028-10-11,36,0,0,Standard,Enterprise
CUST_01361,CUST_01361_C2,2,IT/소프트웨어,5-49인,2025-10-11,2028-10-12,2029-10-12,12,36,1,Standard,Standard
CUST_01362,CUST_01362_C1,1,제조업,5-49인,2021-11-13,2021-11-13,2022-11-13,12,0,0,Basic,Standard
CUST_01362,CUST_01362_C2,2,제조업,5-49인,2021-11-13,2022-11-14,2024-11-14,24,12,1,Basic,Standard
CUST_01363,CUST_01363_C1,1,IT/소프트웨어,50-299인,2026-02-24,2026-02-24,2028-02-24,24,0,0,Premium,Enterprise
CUST_01364,CUST_01364_C1,1,IT/소프트웨어,5-49인,2023-05-13,2023-05-13,2025-05-13,24,0,0,Standard,Priority
CUST_01364,CUST_01364_C2,2,IT/소프트웨어,5-49인,2023-05-13,2025-05-14,2026-05-14,12,24,1,Standard,Priority
CUST_01364,CUST_01364_C3,3,IT/소프트웨어,5-49인,2023-05-13,2026-05-15,2028-05-15,24,36,2,Standard,Standard
CUST_01365,CUST_01365_C1,1,교육,5-49인,2025-04-05,2025-04-05,2026-04-05,12,0,0,Premium,Priority
CUST_01365,CUST_01365_C2,2,교육,5-49인,2025-04-05,2026-04-06,2028-04-06,24,12,1,Premium,Enterprise
CUST_01366,CUST_01366_C1,1,물류/운송,5-49인,2022-04-20,2022-04-20,2023-04-20,12,0,0,Basic,Standard
CUST_01367,CUST_01367_C1,1,제조업,5-49인,2022-07-11,2022-07-11,2023-07-11,12,0,0,Basic,Priority
CUST_01368,CUST_01368_C1,1,유통/커머스,5-49인,2022-03-24,2022-03-24,2024-03-24,24,0,0,Basic,Priority
CUST_01368,CUST_01368_C2,2,유통/커머스,5-49인,2022-03-24,2024-03-25,2025-03-25,12,24,1,Basic,Standard
CUST_01369,CUST_01369_C1,1,금융/보험,5-49인,2022-05-26,2022-05-26,2025-05-26,36,0,0,Basic,Standard
CUST_01369,CUST_01369_C2,2,금융/보험,5-49인,2022-05-26,2025-05-27,2028-05-27,36,36,1,Basic,Standard
CUST_01369,CUST_01369_C3,3,금융/보험,5-49인,2022-05-26,2028-05-28,2030-05-28,24,72,2,Basic,Standard
CUST_01370,CUST_01370_C1,1,제조업,5-49인,2021-11-21,2021-11-21,2022-11-21,12,0,0,Basic,Priority
CUST_01370,CUST_01370_C2,2,제조업,5-49인,2021-11-21,2022-11-22,2025-11-22,36,12,1,Basic,Priority
CUST_01370,CUST_01370_C3,3,제조업,5-49인,2021-11-21,2025-11-23,2028-11-23,36,48,2,Basic,Standard
CUST_01371,CUST_01371_C1,1,IT/소프트웨어,5-49인,2025-12-02,2025-12-02,2028-12-02,36,0,0,Basic,Standard
CUST_01372,CUST_01372_C1,1,제조업,5-49인,2023-10-12,2023-10-12,2024-10-12,12,0,0,Basic,Standard
CUST_01372,CUST_01372_C2,2,제조업,5-49인,2023-10-12,2024-10-13,2025-10-13,12,12,1,Basic,Standard
CUST_01372,CUST_01372_C3,3,제조업,5-49인,2023-10-12,2025-10-14,2026-10-14,12,24,2,Basic,Standard
CUST_01373,CUST_01373_C1,1,제조업,50-299인,2026-03-17,2026-03-17,2028-03-17,24,0,0,Premium,Priority
CUST_01374,CUST_01374_C1,1,의료/헬스케어,50-299인,2023-05-18,2023-05-18,2026-05-18,36,0,0,Basic,Enterprise
CUST_01374,CUST_01374_C2,2,의료/헬스케어,50-299인,2023-05-18,2026-05-19,2027-05-19,12,36,1,Basic,Standard
CUST_01374,CUST_01374_C3,3,의료/헬스케어,50-299인,2023-05-18,2027-05-20,2029-05-20,24,48,2,Basic,Priority
CUST_01375,CUST_01375_C1,1,제조업,50-299인,2023-07-29,2023-07-29,2024-07-29,12,0,0,Standard,Enterprise
CUST_01375,CUST_01375_C2,2,제조업,50-299인,2023-07-29,2024-07-30,2026-07-30,24,12,1,Standard,Priority
CUST_01376,CUST_01376_C1,1,유통/커머스,50-299인,2023-03-29,2023-03-29,2025-03-29,24,0,0,Premium,Enterprise
CUST_01377,CUST_01377_C1,1,제조업,5-49인,2022-05-10,2022-05-10,2023-05-10,12,0,0,Standard,Enterprise
CUST_01377,CUST_01377_C2,2,제조업,5-49인,2022-05-10,2023-05-11,2024-05-11,12,12,1,Standard,Priority
CUST_01378,CUST_01378_C1,1,물류/운송,50-299인,2026-04-15,2026-04-15,2028-04-15,24,0,0,Standard,Standard
CUST_01379,CUST_01379_C1,1,물류/운송,5-49인,2022-07-21,2022-07-21,2024-07-21,24,0,0,Basic,Priority
CUST_01380,CUST_01380_C1,1,IT/소프트웨어,5-49인,2025-07-23,2025-07-23,2026-07-23,12,0,0,Basic,Standard
CUST_01381,CUST_01381_C1,1,IT/소프트웨어,5-49인,2022-05-21,2022-05-21,2023-05-21,12,0,0,Standard,Priority
CUST_01382,CUST_01382_C1,1,유통/커머스,5-49인,2022-12-30,2022-12-30,2023-12-30,12,0,0,Standard,Priority
CUST_01382,CUST_01382_C2,2,유통/커머스,5-49인,2022-12-30,2023-12-31,2025-12-31,24,12,1,Standard,Standard
CUST_01383,CUST_01383_C1,1,금융/보험,5-49인,2024-04-25,2024-04-25,2025-04-25,12,0,0,Basic,Priority
CUST_01384,CUST_01384_C1,1,기타서비스업,300인이상,2025-07-12,2025-07-12,2028-07-12,36,0,0,Premium,Enterprise
CUST_01385,CUST_01385_C1,1,제조업,5-49인,2025-01-24,2025-01-24,2028-01-24,36,0,0,Basic,Standard
CUST_01386,CUST_01386_C1,1,유통/커머스,5-49인,2021-11-17,2021-11-17,2022-11-17,12,0,0,Basic,Standard
CUST_01386,CUST_01386_C2,2,유통/커머스,5-49인,2021-11-17,2022-11-18,2023-11-18,12,12,1,Basic,Standard
CUST_01387,CUST_01387_C1,1,유통/커머스,5-49인,2022-04-02,2022-04-02,2024-04-02,24,0,0,Premium,Standard
CUST_01387,CUST_01387_C2,2,유통/커머스,5-49인,2022-04-02,2024-04-03,2025-04-03,12,24,1,Premium,Enterprise
CUST_01387,CUST_01387_C3,3,유통/커머스,5-49인,2022-04-02,2025-04-04,2026-04-04,12,36,2,Premium,Priority
CUST_01388,CUST_01388_C1,1,유통/커머스,5-49인,2021-09-30,2021-09-30,2022-09-30,12,0,0,Standard,Enterprise
CUST_01389,CUST_01389_C1,1,제조업,5-49인,2022-07-12,2022-07-12,2024-07-12,24,0,0,Basic,Priority
CUST_01389,CUST_01389_C2,2,제조업,5-49인,2022-07-12,2024-07-13,2027-07-13,36,24,1,Basic,Standard
CUST_01389,CUST_01389_C3,3,제조업,5-49인,2022-07-12,2027-07-14,2030-07-14,36,60,2,Basic,Standard
CUST_01390,CUST_01390_C1,1,IT/소프트웨어,50-299인,2021-12-04,2021-12-04,2022-12-04,12,0,0,Premium,Enterprise
CUST_01391,CUST_01391_C1,1,유통/커머스,5-49인,2026-07-10,2026-07-10,2027-07-10,12,0,0,Basic,Priority
CUST_01392,CUST_01392_C1,1,IT/소프트웨어,50-299인,2021-11-13,2021-11-13,2024-11-13,36,0,0,Standard,Standard
CUST_01393,CUST_01393_C1,1,물류/운송,50-299인,2023-06-04,2023-06-04,2024-06-04,12,0,0,Standard,Priority
CUST_01394,CUST_01394_C1,1,의료/헬스케어,300인이상,2025-08-01,2025-08-01,2027-08-01,24,0,0,Premium,Enterprise
CUST_01395,CUST_01395_C1,1,물류/운송,5-49인,2026-07-15,2026-07-15,2028-07-15,24,0,0,Premium,Priority
CUST_01396,CUST_01396_C1,1,제조업,50-299인,2024-12-09,2024-12-09,2026-12-09,24,0,0,Premium,Standard
CUST_01397,CUST_01397_C1,1,IT/소프트웨어,5-49인,2022-09-12,2022-09-12,2025-09-12,36,0,0,Basic,Standard
CUST_01397,CUST_01397_C2,2,IT/소프트웨어,5-49인,2022-09-12,2025-09-13,2026-09-13,12,36,1,Basic,Standard
CUST_01398,CUST_01398_C1,1,물류/운송,5-49인,2024-03-17,2024-03-17,2027-03-17,36,0,0,Basic,Standard
CUST_01399,CUST_01399_C1,1,IT/소프트웨어,5-49인,2022-01-17,2022-01-17,2023-01-17,12,0,0,Basic,Standard
CUST_01400,CUST_01400_C1,1,유통/커머스,5-49인,2022-04-04,2022-04-04,2023-04-04,12,0,0,Basic,Standard
CUST_01400,CUST_01400_C2,2,유통/커머스,5-49인,2022-04-04,2023-04-05,2024-04-05,12,12,1,Basic,Standard
CUST_01401,CUST_01401_C1,1,기타서비스업,5-49인,2023-01-22,2023-01-22,2026-01-22,36,0,0,Basic,Standard
CUST_01402,CUST_01402_C1,1,금융/보험,5-49인,2025-07-24,2025-07-24,2026-07-24,12,0,0,Premium,Enterprise
CUST_01403,CUST_01403_C1,1,의료/헬스케어,5-49인,2025-07-18,2025-07-18,2028-07-18,36,0,0,Basic,Standard
CUST_01404,CUST_01404_C1,1,IT/소프트웨어,5-49인,2024-10-15,2024-10-15,2026-10-15,24,0,0,Standard,Priority
CUST_01404,CUST_01404_C2,2,IT/소프트웨어,5-49인,2024-10-15,2026-10-16,2029-10-16,36,24,1,Standard,Standard
CUST_01404,CUST_01404_C3,3,IT/소프트웨어,5-49인,2024-10-15,2029-10-17,2032-10-17,36,60,2,Standard,Standard
CUST_01405,CUST_01405_C1,1,물류/운송,5-49인,2022-01-02,2022-01-02,2023-01-02,12,0,0,Basic,Priority
CUST_01405,CUST_01405_C2,2,물류/운송,5-49인,2022-01-02,2023-01-03,2024-01-03,12,12,1,Basic,Priority
CUST_01405,CUST_01405_C3,3,물류/운송,5-49인,2022-01-02,2024-01-04,2025-01-04,12,24,2,Basic,Standard
CUST_01406,CUST_01406_C1,1,금융/보험,5-49인,2022-04-07,2022-04-07,2024-04-07,24,0,0,Basic,Standard
CUST_01406,CUST_01406_C2,2,금융/보험,5-49인,2022-04-07,2024-04-08,2027-04-08,36,24,1,Basic,Standard
CUST_01407,CUST_01407_C1,1,제조업,5-49인,2024-06-15,2024-06-15,2027-06-15,36,0,0,Basic,Priority
CUST_01407,CUST_01407_C2,2,제조업,5-49인,2024-06-15,2027-06-16,2028-06-16,12,36,1,Basic,Standard
CUST_01407,CUST_01407_C3,3,제조업,5-49인,2024-06-15,2028-06-17,2029-06-17,12,48,2,Basic,Standard
CUST_01408,CUST_01408_C1,1,유통/커머스,300인이상,2025-04-10,2025-04-10,2028-04-10,36,0,0,Premium,Priority
CUST_01408,CUST_01408_C2,2,유통/커머스,300인이상,2025-04-10,2028-04-11,2031-04-11,36,36,1,Premium,Standard
CUST_01409,CUST_01409_C1,1,IT/소프트웨어,5-49인,2026-05-20,2026-05-20,2027-05-20,12,0,0,Standard,Priority
CUST_01410,CUST_01410_C1,1,IT/소프트웨어,5-49인,2025-08-26,2025-08-26,2026-08-26,12,0,0,Basic,Priority
CUST_01410,CUST_01410_C2,2,IT/소프트웨어,5-49인,2025-08-26,2026-08-27,2028-08-27,24,12,1,Basic,Standard
CUST_01410,CUST_01410_C3,3,IT/소프트웨어,5-49인,2025-08-26,2028-08-28,2029-08-28,12,36,2,Basic,Standard
CUST_01411,CUST_01411_C1,1,물류/운송,50-299인,2024-03-10,2024-03-10,2025-03-10,12,0,0,Basic,Priority
CUST_01412,CUST_01412_C1,1,제조업,5-49인,2023-01-13,2023-01-13,2026-01-13,36,0,0,Basic,Priority
CUST_01413,CUST_01413_C1,1,금융/보험,5-49인,2024-09-18,2024-09-18,2026-09-18,24,0,0,Basic,Standard
CUST_01413,CUST_01413_C2,2,금융/보험,5-49인,2024-09-18,2026-09-19,2027-09-19,12,24,1,Basic,Priority
CUST_01414,CUST_01414_C1,1,기타서비스업,5-49인,2023-03-07,2023-03-07,2025-03-07,24,0,0,Basic,Priority
CUST_01415,CUST_01415_C1,1,교육,300인이상,2025-01-22,2025-01-22,2027-01-22,24,0,0,Basic,Standard
CUST_01416,CUST_01416_C1,1,의료/헬스케어,5-49인,2023-05-20,2023-05-20,2026-05-20,36,0,0,Standard,Priority
CUST_01416,CUST_01416_C2,2,의료/헬스케어,5-49인,2023-05-20,2026-05-21,2027-05-21,12,36,1,Standard,Priority
CUST_01416,CUST_01416_C3,3,의료/헬스케어,5-49인,2023-05-20,2027-05-22,2028-05-22,12,48,2,Standard,Enterprise
CUST_01417,CUST_01417_C1,1,유통/커머스,50-299인,2024-06-07,2024-06-07,2025-06-07,12,0,0,Basic,Standard
CUST_01417,CUST_01417_C2,2,유통/커머스,50-299인,2024-06-07,2025-06-08,2027-06-08,24,12,1,Basic,Enterprise
CUST_01418,CUST_01418_C1,1,교육,50-299인,2022-03-19,2022-03-19,2023-03-19,12,0,0,Standard,Standard
CUST_01418,CUST_01418_C2,2,교육,50-299인,2022-03-19,2023-03-20,2024-03-20,12,12,1,Standard,Standard
CUST_01419,CUST_01419_C1,1,유통/커머스,5-49인,2026-04-06,2026-04-06,2027-04-06,12,0,0,Basic,Priority
CUST_01420,CUST_01420_C1,1,IT/소프트웨어,5-49인,2025-09-24,2025-09-24,2026-09-24,12,0,0,Basic,Standard
CUST_01421,CUST_01421_C1,1,의료/헬스케어,5-49인,2024-06-10,2024-06-10,2027-06-10,36,0,0,Premium,Enterprise
CUST_01421,CUST_01421_C2,2,의료/헬스케어,5-49인,2024-06-10,2027-06-11,2028-06-11,12,36,1,Premium,Enterprise
CUST_01421,CUST_01421_C3,3,의료/헬스케어,5-49인,2024-06-10,2028-06-12,2029-06-12,12,48,2,Premium,Enterprise
CUST_01422,CUST_01422_C1,1,금융/보험,5-49인,2023-01-11,2023-01-11,2025-01-11,24,0,0,Basic,Standard
CUST_01423,CUST_01423_C1,1,기타서비스업,5-49인,2026-01-12,2026-01-12,2027-01-12,12,0,0,Basic,Standard
CUST_01424,CUST_01424_C1,1,기타서비스업,5-49인,2024-11-27,2024-11-27,2025-11-27,12,0,0,Basic,Priority
CUST_01425,CUST_01425_C1,1,제조업,5-49인,2022-05-06,2022-05-06,2023-05-06,12,0,0,Standard,Priority
CUST_01425,CUST_01425_C2,2,제조업,5-49인,2022-05-06,2023-05-07,2024-05-07,12,12,1,Standard,Priority
CUST_01426,CUST_01426_C1,1,IT/소프트웨어,5-49인,2024-09-17,2024-09-17,2025-09-17,12,0,0,Basic,Standard
CUST_01427,CUST_01427_C1,1,IT/소프트웨어,5-49인,2025-07-09,2025-07-09,2026-07-09,12,0,0,Basic,Priority
CUST_01427,CUST_01427_C2,2,IT/소프트웨어,5-49인,2025-07-09,2026-07-10,2027-07-10,12,12,1,Basic,Enterprise
CUST_01428,CUST_01428_C1,1,제조업,5-49인,2025-01-30,2025-01-30,2027-01-30,24,0,0,Standard,Priority
CUST_01429,CUST_01429_C1,1,제조업,5-49인,2021-12-13,2021-12-13,2022-12-13,12,0,0,Standard,Priority
CUST_01429,CUST_01429_C2,2,제조업,5-49인,2021-12-13,2022-12-14,2025-12-14,36,12,1,Standard,Priority
CUST_01429,CUST_01429_C3,3,제조업,5-49인,2021-12-13,2025-12-15,2026-12-15,12,48,2,Standard,Priority
CUST_01430,CUST_01430_C1,1,교육,50-299인,2024-04-11,2024-04-11,2026-04-11,24,0,0,Basic,Standard
CUST_01430,CUST_01430_C2,2,교육,50-299인,2024-04-11,2026-04-12,2029-04-12,36,24,1,Basic,Standard
CUST_01431,CUST_01431_C1,1,금융/보험,5-49인,2025-05-18,2025-05-18,2027-05-18,24,0,0,Standard,Priority
CUST_01431,CUST_01431_C2,2,금융/보험,5-49인,2025-05-18,2027-05-19,2030-05-19,36,24,1,Standard,Standard
CUST_01431,CUST_01431_C3,3,금융/보험,5-49인,2025-05-18,2030-05-20,2031-05-20,12,60,2,Standard,Enterprise
CUST_01432,CUST_01432_C1,1,IT/소프트웨어,5-49인,2023-07-16,2023-07-16,2025-07-16,24,0,0,Standard,Standard
CUST_01433,CUST_01433_C1,1,기타서비스업,5-49인,2024-01-06,2024-01-06,2027-01-06,36,0,0,Basic,Standard
CUST_01434,CUST_01434_C1,1,IT/소프트웨어,5-49인,2024-07-09,2024-07-09,2027-07-09,36,0,0,Basic,Standard
CUST_01435,CUST_01435_C1,1,금융/보험,5-49인,2026-04-20,2026-04-20,2027-04-20,12,0,0,Basic,Priority
CUST_01435,CUST_01435_C2,2,금융/보험,5-49인,2026-04-20,2027-04-21,2028-04-21,12,12,1,Basic,Standard
CUST_01436,CUST_01436_C1,1,유통/커머스,5-49인,2021-09-24,2021-09-24,2022-09-24,12,0,0,Basic,Priority
CUST_01437,CUST_01437_C1,1,물류/운송,5-49인,2025-05-23,2025-05-23,2027-05-23,24,0,0,Basic,Standard
CUST_01438,CUST_01438_C1,1,교육,50-299인,2025-04-29,2025-04-29,2027-04-29,24,0,0,Basic,Enterprise
CUST_01438,CUST_01438_C2,2,교육,50-299인,2025-04-29,2027-04-30,2028-04-30,12,24,1,Basic,Priority
CUST_01439,CUST_01439_C1,1,기타서비스업,5-49인,2022-02-04,2022-02-04,2024-02-04,24,0,0,Basic,Priority
CUST_01440,CUST_01440_C1,1,기타서비스업,5-49인,2025-02-05,2025-02-05,2026-02-05,12,0,0,Basic,Standard
CUST_01440,CUST_01440_C2,2,기타서비스업,5-49인,2025-02-05,2026-02-06,2028-02-06,24,12,1,Basic,Standard
CUST_01440,CUST_01440_C3,3,기타서비스업,5-49인,2025-02-05,2028-02-07,2031-02-07,36,36,2,Basic,Standard
CUST_01441,CUST_01441_C1,1,유통/커머스,5-49인,2024-07-27,2024-07-27,2026-07-27,24,0,0,Standard,Priority
CUST_01442,CUST_01442_C1,1,IT/소프트웨어,5-49인,2026-01-11,2026-01-11,2029-01-11,36,0,0,Basic,Standard
CUST_01443,CUST_01443_C1,1,교육,5-49인,2024-11-29,2024-11-29,2025-11-29,12,0,0,Basic,Standard
CUST_01444,CUST_01444_C1,1,물류/운송,5-49인,2024-08-14,2024-08-14,2025-08-14,12,0,0,Premium,Enterprise
CUST_01445,CUST_01445_C1,1,IT/소프트웨어,5-49인,2022-01-07,2022-01-07,2023-01-07,12,0,0,Basic,Standard
CUST_01446,CUST_01446_C1,1,IT/소프트웨어,5-49인,2026-03-01,2026-03-01,2028-03-01,24,0,0,Basic,Priority
CUST_01446,CUST_01446_C2,2,IT/소프트웨어,5-49인,2026-03-01,2028-03-02,2029-03-02,12,24,1,Basic,Standard
CUST_01447,CUST_01447_C1,1,유통/커머스,5-49인,2022-06-09,2022-06-09,2024-06-09,24,0,0,Basic,Standard
CUST_01447,CUST_01447_C2,2,유통/커머스,5-49인,2022-06-09,2024-06-10,2025-06-10,12,24,1,Basic,Enterprise
CUST_01448,CUST_01448_C1,1,IT/소프트웨어,5-49인,2024-04-29,2024-04-29,2025-04-29,12,0,0,Basic,Priority
CUST_01449,CUST_01449_C1,1,IT/소프트웨어,5-49인,2026-04-04,2026-04-04,2027-04-04,12,0,0,Basic,Standard
CUST_01449,CUST_01449_C2,2,IT/소프트웨어,5-49인,2026-04-04,2027-04-05,2029-04-05,24,12,1,Basic,Standard
CUST_01450,CUST_01450_C1,1,물류/운송,5-49인,2023-05-29,2023-05-29,2025-05-29,24,0,0,Standard,Enterprise
CUST_01451,CUST_01451_C1,1,물류/운송,50-299인,2023-12-19,2023-12-19,2024-12-19,12,0,0,Standard,Enterprise
CUST_01451,CUST_01451_C2,2,물류/운송,50-299인,2023-12-19,2024-12-20,2027-12-20,36,12,1,Standard,Enterprise
CUST_01452,CUST_01452_C1,1,IT/소프트웨어,5-49인,2022-01-19,2022-01-19,2024-01-19,24,0,0,Basic,Standard
CUST_01453,CUST_01453_C1,1,물류/운송,5-49인,2022-01-24,2022-01-24,2023-01-24,12,0,0,Basic,Priority
CUST_01453,CUST_01453_C2,2,물류/운송,5-49인,2022-01-24,2023-01-25,2025-01-25,24,12,1,Basic,Standard
CUST_01454,CUST_01454_C1,1,IT/소프트웨어,5-49인,2025-06-14,2025-06-14,2026-06-14,12,0,0,Premium,Enterprise
CUST_01455,CUST_01455_C1,1,물류/운송,50-299인,2022-08-05,2022-08-05,2024-08-05,24,0,0,Standard,Standard
CUST_01455,CUST_01455_C2,2,물류/운송,50-299인,2022-08-05,2024-08-06,2026-08-06,24,24,1,Standard,Standard
CUST_01456,CUST_01456_C1,1,IT/소프트웨어,5-49인,2025-02-22,2025-02-22,2027-02-22,24,0,0,Basic,Priority
CUST_01456,CUST_01456_C2,2,IT/소프트웨어,5-49인,2025-02-22,2027-02-23,2028-02-23,12,24,1,Basic,Standard
CUST_01456,CUST_01456_C3,3,IT/소프트웨어,5-49인,2025-02-22,2028-02-24,2031-02-24,36,36,2,Basic,Standard
CUST_01457,CUST_01457_C1,1,물류/운송,50-299인,2023-09-05,2023-09-05,2025-09-05,24,0,0,Standard,Priority
CUST_01458,CUST_01458_C1,1,유통/커머스,5-49인,2025-04-15,2025-04-15,2026-04-15,12,0,0,Standard,Standard
CUST_01459,CUST_01459_C1,1,IT/소프트웨어,50-299인,2025-10-18,2025-10-18,2026-10-18,12,0,0,Basic,Standard
CUST_01460,CUST_01460_C1,1,금융/보험,5-49인,2022-04-28,2022-04-28,2025-04-28,36,0,0,Basic,Standard
CUST_01461,CUST_01461_C1,1,의료/헬스케어,5-49인,2024-04-27,2024-04-27,2026-04-27,24,0,0,Standard,Priority
CUST_01462,CUST_01462_C1,1,제조업,5-49인,2023-05-25,2023-05-25,2024-05-25,12,0,0,Standard,Priority
CUST_01462,CUST_01462_C2,2,제조업,5-49인,2023-05-25,2024-05-26,2026-05-26,24,12,1,Standard,Enterprise
CUST_01463,CUST_01463_C1,1,물류/운송,5-49인,2024-03-30,2024-03-30,2026-03-30,24,0,0,Standard,Priority
CUST_01464,CUST_01464_C1,1,물류/운송,5-49인,2024-12-29,2024-12-29,2025-12-29,12,0,0,Standard,Enterprise
CUST_01464,CUST_01464_C2,2,물류/운송,5-49인,2024-12-29,2025-12-30,2026-12-30,12,12,1,Standard,Standard
CUST_01465,CUST_01465_C1,1,물류/운송,5-49인,2023-06-28,2023-06-28,2024-06-28,12,0,0,Standard,Standard
CUST_01466,CUST_01466_C1,1,유통/커머스,5-49인,2022-02-17,2022-02-17,2024-02-17,24,0,0,Standard,Standard
CUST_01467,CUST_01467_C1,1,유통/커머스,5-49인,2023-09-02,2023-09-02,2024-09-02,12,0,0,Basic,Standard
CUST_01468,CUST_01468_C1,1,교육,300인이상,2023-09-18,2023-09-18,2026-09-18,36,0,0,Basic,Standard
CUST_01469,CUST_01469_C1,1,기타서비스업,5-49인,2025-10-18,2025-10-18,2027-10-18,24,0,0,Basic,Standard
CUST_01470,CUST_01470_C1,1,교육,5-49인,2024-12-11,2024-12-11,2025-12-11,12,0,0,Standard,Standard
CUST_01471,CUST_01471_C1,1,금융/보험,5-49인,2022-01-21,2022-01-21,2024-01-21,24,0,0,Basic,Standard
CUST_01471,CUST_01471_C2,2,금융/보험,5-49인,2022-01-21,2024-01-22,2025-01-22,12,24,1,Basic,Priority
CUST_01472,CUST_01472_C1,1,물류/운송,5-49인,2025-10-10,2025-10-10,2026-10-10,12,0,0,Basic,Standard
CUST_01472,CUST_01472_C2,2,물류/운송,5-49인,2025-10-10,2026-10-11,2027-10-11,12,12,1,Basic,Standard
CUST_01473,CUST_01473_C1,1,유통/커머스,50-299인,2025-08-10,2025-08-10,2026-08-10,12,0,0,Basic,Standard
CUST_01473,CUST_01473_C2,2,유통/커머스,50-299인,2025-08-10,2026-08-11,2027-08-11,12,12,1,Standard,Priority
CUST_01474,CUST_01474_C1,1,기타서비스업,50-299인,2025-12-22,2025-12-22,2028-12-22,36,0,0,Premium,Enterprise
CUST_01475,CUST_01475_C1,1,IT/소프트웨어,5-49인,2022-04-11,2022-04-11,2023-04-11,12,0,0,Standard,Standard
CUST_01476,CUST_01476_C1,1,의료/헬스케어,5-49인,2024-09-05,2024-09-05,2025-09-05,12,0,0,Basic,Standard
CUST_01476,CUST_01476_C2,2,의료/헬스케어,5-49인,2024-09-05,2025-09-06,2026-09-06,12,12,1,Basic,Priority
CUST_01476,CUST_01476_C3,3,의료/헬스케어,5-49인,2024-09-05,2026-09-07,2027-09-07,12,24,2,Basic,Standard
CUST_01477,CUST_01477_C1,1,금융/보험,5-49인,2022-11-28,2022-11-28,2024-11-28,24,0,0,Basic,Standard
CUST_01478,CUST_01478_C1,1,의료/헬스케어,5-49인,2025-01-23,2025-01-23,2026-01-23,12,0,0,Standard,Priority
CUST_01479,CUST_01479_C1,1,교육,5-49인,2024-04-23,2024-04-23,2025-04-23,12,0,0,Basic,Standard
CUST_01480,CUST_01480_C1,1,제조업,5-49인,2022-05-28,2022-05-28,2024-05-28,24,0,0,Basic,Priority
CUST_01480,CUST_01480_C2,2,제조업,5-49인,2022-05-28,2024-05-29,2025-05-29,12,24,1,Basic,Standard
CUST_01481,CUST_01481_C1,1,유통/커머스,5-49인,2023-04-08,2023-04-08,2025-04-08,24,0,0,Standard,Priority
CUST_01482,CUST_01482_C1,1,제조업,50-299인,2024-12-11,2024-12-11,2025-12-11,12,0,0,Basic,Priority
CUST_01482,CUST_01482_C2,2,제조업,50-299인,2024-12-11,2025-12-12,2027-12-12,24,12,1,Basic,Standard
CUST_01483,CUST_01483_C1,1,제조업,5-49인,2024-12-06,2024-12-06,2025-12-06,12,0,0,Standard,Priority
CUST_01483,CUST_01483_C2,2,제조업,5-49인,2024-12-06,2025-12-07,2026-12-07,12,12,1,Standard,Priority
CUST_01484,CUST_01484_C1,1,유통/커머스,5-49인,2023-05-30,2023-05-30,2024-05-30,12,0,0,Basic,Standard
CUST_01485,CUST_01485_C1,1,IT/소프트웨어,5-49인,2023-09-16,2023-09-16,2024-09-16,12,0,0,Premium,Standard
CUST_01486,CUST_01486_C1,1,IT/소프트웨어,5-49인,2026-01-06,2026-01-06,2028-01-06,24,0,0,Basic,Standard
CUST_01487,CUST_01487_C1,1,교육,5-49인,2022-10-06,2022-10-06,2023-10-06,12,0,0,Basic,Standard
CUST_01488,CUST_01488_C1,1,IT/소프트웨어,5-49인,2022-10-10,2022-10-10,2023-10-10,12,0,0,Basic,Standard
CUST_01489,CUST_01489_C1,1,제조업,5-49인,2024-09-20,2024-09-20,2025-09-20,12,0,0,Standard,Standard
CUST_01489,CUST_01489_C2,2,제조업,5-49인,2024-09-20,2025-09-21,2026-09-21,12,12,1,Standard,Priority
CUST_01490,CUST_01490_C1,1,IT/소프트웨어,5-49인,2026-04-28,2026-04-28,2029-04-28,36,0,0,Basic,Standard
CUST_01491,CUST_01491_C1,1,기타서비스업,5-49인,2023-11-08,2023-11-08,2024-11-08,12,0,0,Basic,Priority
CUST_01491,CUST_01491_C2,2,기타서비스업,5-49인,2023-11-08,2024-11-09,2026-11-09,24,12,1,Basic,Standard
CUST_01491,CUST_01491_C3,3,기타서비스업,5-49인,2023-11-08,2026-11-10,2027-11-10,12,36,2,Basic,Standard
CUST_01492,CUST_01492_C1,1,물류/운송,5-49인,2023-01-11,2023-01-11,2025-01-11,24,0,0,Standard,Enterprise
CUST_01493,CUST_01493_C1,1,제조업,5-49인,2022-07-28,2022-07-28,2023-07-28,12,0,0,Basic,Standard
CUST_01493,CUST_01493_C2,2,제조업,5-49인,2022-07-28,2023-07-29,2024-07-29,12,12,1,Basic,Standard
CUST_01494,CUST_01494_C1,1,제조업,5-49인,2023-11-26,2023-11-26,2024-11-26,12,0,0,Standard,Priority
CUST_01495,CUST_01495_C1,1,금융/보험,50-299인,2022-01-07,2022-01-07,2025-01-07,36,0,0,Premium,Enterprise
CUST_01496,CUST_01496_C1,1,유통/커머스,50-299인,2022-07-29,2022-07-29,2023-07-29,12,0,0,Standard,Priority
CUST_01497,CUST_01497_C1,1,제조업,5-49인,2024-06-14,2024-06-14,2027-06-14,36,0,0,Basic,Standard
CUST_01498,CUST_01498_C1,1,제조업,5-49인,2024-06-12,2024-06-12,2025-06-12,12,0,0,Standard,Priority
CUST_01498,CUST_01498_C2,2,제조업,5-49인,2024-06-12,2025-06-13,2028-06-13,36,12,1,Standard,Standard
CUST_01499,CUST_01499_C1,1,교육,5-49인,2022-09-18,2022-09-18,2024-09-18,24,0,0,Standard,Priority
CUST_01499,CUST_01499_C2,2,교육,5-49인,2022-09-18,2024-09-19,2027-09-19,36,24,1,Standard,Standard
CUST_01499,CUST_01499_C3,3,교육,5-49인,2022-09-18,2027-09-20,2028-09-20,12,60,2,Standard,Priority
CUST_01500,CUST_01500_C1,1,물류/운송,5-49인,2024-04-06,2024-04-06,2026-04-06,24,0,0,Basic,Standard
CUST_01501,CUST_01501_C1,1,의료/헬스케어,5-49인,2025-08-26,2025-08-26,2027-08-26,24,0,0,Basic,Standard
CUST_01501,CUST_01501_C2,2,의료/헬스케어,5-49인,2025-08-26,2027-08-27,2029-08-27,24,24,1,Basic,Priority
CUST_01502,CUST_01502_C1,1,IT/소프트웨어,5-49인,2024-08-20,2024-08-20,2027-08-20,36,0,0,Standard,Priority
CUST_01502,CUST_01502_C2,2,IT/소프트웨어,5-49인,2024-08-20,2027-08-21,2030-08-21,36,36,1,Standard,Standard
CUST_01502,CUST_01502_C3,3,IT/소프트웨어,5-49인,2024-08-20,2030-08-22,2031-08-22,12,72,2,Standard,Enterprise
CUST_01503,CUST_01503_C1,1,제조업,50-299인,2024-01-26,2024-01-26,2026-01-26,24,0,0,Standard,Priority
CUST_01503,CUST_01503_C2,2,제조업,50-299인,2024-01-26,2026-01-27,2027-01-27,12,24,1,Standard,Priority
CUST_01504,CUST_01504_C1,1,교육,5-49인,2025-06-25,2025-06-25,2026-06-25,12,0,0,Basic,Standard
CUST_01505,CUST_01505_C1,1,제조업,5-49인,2024-05-14,2024-05-14,2025-05-14,12,0,0,Basic,Priority
CUST_01505,CUST_01505_C2,2,제조업,5-49인,2024-05-14,2025-05-15,2026-05-15,12,12,1,Basic,Standard
CUST_01506,CUST_01506_C1,1,유통/커머스,50-299인,2022-09-10,2022-09-10,2025-09-10,36,0,0,Standard,Enterprise
CUST_01507,CUST_01507_C1,1,금융/보험,5-49인,2023-10-18,2023-10-18,2024-10-18,12,0,0,Standard,Enterprise
CUST_01507,CUST_01507_C2,2,금융/보험,5-49인,2023-10-18,2024-10-19,2026-10-19,24,12,1,Standard,Priority
CUST_01508,CUST_01508_C1,1,금융/보험,5-49인,2023-08-09,2023-08-09,2024-08-09,12,0,0,Basic,Standard
CUST_01509,CUST_01509_C1,1,기타서비스업,5-49인,2022-02-05,2022-02-05,2023-02-05,12,0,0,Basic,Standard
CUST_01509,CUST_01509_C2,2,기타서비스업,5-49인,2022-02-05,2023-02-06,2025-02-06,24,12,1,Basic,Priority
CUST_01510,CUST_01510_C1,1,제조업,50-299인,2024-10-25,2024-10-25,2025-10-25,12,0,0,Standard,Standard
CUST_01510,CUST_01510_C2,2,제조업,50-299인,2024-10-25,2025-10-26,2026-10-26,12,12,1,Standard,Priority
CUST_01511,CUST_01511_C1,1,제조업,5-49인,2024-08-27,2024-08-27,2025-08-27,12,0,0,Basic,Priority
CUST_01512,CUST_01512_C1,1,제조업,5-49인,2023-12-10,2023-12-10,2024-12-10,12,0,0,Basic,Enterprise
CUST_01512,CUST_01512_C2,2,제조업,5-49인,2023-12-10,2024-12-11,2025-12-11,12,12,1,Basic,Standard
CUST_01513,CUST_01513_C1,1,기타서비스업,5-49인,2025-10-01,2025-10-01,2026-10-01,12,0,0,Standard,Standard
CUST_01513,CUST_01513_C2,2,기타서비스업,5-49인,2025-10-01,2026-10-02,2027-10-02,12,12,1,Standard,Standard
CUST_01513,CUST_01513_C3,3,기타서비스업,5-49인,2025-10-01,2027-10-03,2028-10-03,12,24,2,Standard,Standard
CUST_01514,CUST_01514_C1,1,IT/소프트웨어,5-49인,2024-10-31,2024-10-31,2026-10-31,24,0,0,Basic,Standard
CUST_01515,CUST_01515_C1,1,IT/소프트웨어,5-49인,2026-02-11,2026-02-11,2028-02-11,24,0,0,Standard,Priority
CUST_01515,CUST_01515_C2,2,IT/소프트웨어,5-49인,2026-02-11,2028-02-12,2029-02-12,12,24,1,Standard,Enterprise
CUST_01515,CUST_01515_C3,3,IT/소프트웨어,5-49인,2026-02-11,2029-02-13,2031-02-13,24,36,2,Standard,Standard
CUST_01516,CUST_01516_C1,1,IT/소프트웨어,50-299인,2022-04-11,2022-04-11,2024-04-11,24,0,0,Basic,Standard
CUST_01516,CUST_01516_C2,2,IT/소프트웨어,50-299인,2022-04-11,2024-04-12,2026-04-12,24,24,1,Basic,Standard
CUST_01517,CUST_01517_C1,1,유통/커머스,5-49인,2026-02-23,2026-02-23,2028-02-23,24,0,0,Standard,Standard
CUST_01517,CUST_01517_C2,2,유통/커머스,5-49인,2026-02-23,2028-02-24,2031-02-24,36,24,1,Standard,Enterprise
CUST_01518,CUST_01518_C1,1,IT/소프트웨어,5-49인,2023-08-16,2023-08-16,2025-08-16,24,0,0,Standard,Standard
CUST_01519,CUST_01519_C1,1,금융/보험,5-49인,2022-08-01,2022-08-01,2023-08-01,12,0,0,Basic,Standard
CUST_01520,CUST_01520_C1,1,의료/헬스케어,5-49인,2024-12-24,2024-12-24,2026-12-24,24,0,0,Standard,Standard
CUST_01521,CUST_01521_C1,1,유통/커머스,5-49인,2025-08-24,2025-08-24,2026-08-24,12,0,0,Premium,Standard
CUST_01522,CUST_01522_C1,1,IT/소프트웨어,5-49인,2024-04-08,2024-04-08,2025-04-08,12,0,0,Standard,Enterprise
CUST_01523,CUST_01523_C1,1,제조업,5-49인,2022-07-02,2022-07-02,2024-07-02,24,0,0,Basic,Priority
CUST_01523,CUST_01523_C2,2,제조업,5-49인,2022-07-02,2024-07-03,2025-07-03,12,24,1,Basic,Priority
CUST_01524,CUST_01524_C1,1,IT/소프트웨어,5-49인,2025-10-26,2025-10-26,2026-10-26,12,0,0,Premium,Enterprise
CUST_01524,CUST_01524_C2,2,IT/소프트웨어,5-49인,2025-10-26,2026-10-27,2027-10-27,12,12,1,Premium,Priority
CUST_01524,CUST_01524_C3,3,IT/소프트웨어,5-49인,2025-10-26,2027-10-28,2030-10-28,36,24,2,Premium,Enterprise
CUST_01525,CUST_01525_C1,1,유통/커머스,5-49인,2021-12-09,2021-12-09,2023-12-09,24,0,0,Standard,Enterprise
CUST_01526,CUST_01526_C1,1,물류/운송,5-49인,2025-01-12,2025-01-12,2027-01-12,24,0,0,Basic,Standard
CUST_01526,CUST_01526_C2,2,물류/운송,5-49인,2025-01-12,2027-01-13,2028-01-13,12,24,1,Basic,Priority
CUST_01526,CUST_01526_C3,3,물류/운송,5-49인,2025-01-12,2028-01-14,2029-01-14,12,36,2,Basic,Priority
CUST_01527,CUST_01527_C1,1,교육,5-49인,2022-02-01,2022-02-01,2024-02-01,24,0,0,Standard,Standard
CUST_01527,CUST_01527_C2,2,교육,5-49인,2022-02-01,2024-02-02,2026-02-02,24,24,1,Standard,Enterprise
CUST_01527,CUST_01527_C3,3,교육,5-49인,2022-02-01,2026-02-03,2027-02-03,12,48,2,Standard,Enterprise
CUST_01528,CUST_01528_C1,1,금융/보험,5-49인,2024-08-08,2024-08-08,2026-08-08,24,0,0,Basic,Standard
CUST_01528,CUST_01528_C2,2,금융/보험,5-49인,2024-08-08,2026-08-09,2027-08-09,12,24,1,Basic,Standard
CUST_01528,CUST_01528_C3,3,금융/보험,5-49인,2024-08-08,2027-08-10,2029-08-10,24,36,2,Basic,Standard
CUST_01529,CUST_01529_C1,1,금융/보험,5-49인,2021-11-26,2021-11-26,2023-11-26,24,0,0,Basic,Standard
CUST_01530,CUST_01530_C1,1,제조업,5-49인,2021-09-22,2021-09-22,2023-09-22,24,0,0,Basic,Standard
CUST_01530,CUST_01530_C2,2,제조업,5-49인,2021-09-22,2023-09-23,2024-09-23,12,24,1,Basic,Standard
CUST_01530,CUST_01530_C3,3,제조업,5-49인,2021-09-22,2024-09-24,2025-09-24,12,36,2,Basic,Priority
CUST_01531,CUST_01531_C1,1,물류/운송,5-49인,2024-03-06,2024-03-06,2026-03-06,24,0,0,Basic,Standard
CUST_01532,CUST_01532_C1,1,제조업,5-49인,2025-02-20,2025-02-20,2027-02-20,24,0,0,Premium,Enterprise
CUST_01532,CUST_01532_C2,2,제조업,5-49인,2025-02-20,2027-02-21,2028-02-21,12,24,1,Premium,Enterprise
CUST_01533,CUST_01533_C1,1,IT/소프트웨어,50-299인,2026-06-13,2026-06-13,2029-06-13,36,0,0,Premium,Priority
CUST_01534,CUST_01534_C1,1,물류/운송,300인이상,2022-06-10,2022-06-10,2024-06-10,24,0,0,Standard,Priority
CUST_01534,CUST_01534_C2,2,물류/운송,300인이상,2022-06-10,2024-06-11,2026-06-11,24,24,1,Standard,Standard
CUST_01535,CUST_01535_C1,1,유통/커머스,5-49인,2026-02-26,2026-02-26,2029-02-26,36,0,0,Standard,Enterprise
CUST_01535,CUST_01535_C2,2,유통/커머스,5-49인,2026-02-26,2029-02-27,2030-02-27,12,36,1,Standard,Priority
CUST_01536,CUST_01536_C1,1,의료/헬스케어,50-299인,2026-06-24,2026-06-24,2029-06-24,36,0,0,Basic,Standard
CUST_01537,CUST_01537_C1,1,물류/운송,50-299인,2024-02-21,2024-02-21,2025-02-21,12,0,0,Standard,Enterprise
CUST_01538,CUST_01538_C1,1,금융/보험,50-299인,2024-02-23,2024-02-23,2025-02-23,12,0,0,Standard,Priority
CUST_01539,CUST_01539_C1,1,유통/커머스,5-49인,2022-04-01,2022-04-01,2023-04-01,12,0,0,Basic,Standard
CUST_01539,CUST_01539_C2,2,유통/커머스,5-49인,2022-04-01,2023-04-02,2024-04-02,12,12,1,Basic,Standard
CUST_01540,CUST_01540_C1,1,유통/커머스,50-299인,2022-05-09,2022-05-09,2024-05-09,24,0,0,Basic,Priority
CUST_01541,CUST_01541_C1,1,금융/보험,5-49인,2024-05-28,2024-05-28,2026-05-28,24,0,0,Basic,Standard
CUST_01542,CUST_01542_C1,1,물류/운송,5-49인,2022-01-08,2022-01-08,2023-01-08,12,0,0,Basic,Priority
CUST_01543,CUST_01543_C1,1,IT/소프트웨어,5-49인,2022-08-26,2022-08-26,2024-08-26,24,0,0,Basic,Standard
CUST_01544,CUST_01544_C1,1,교육,5-49인,2026-04-22,2026-04-22,2027-04-22,12,0,0,Standard,Priority
CUST_01545,CUST_01545_C1,1,유통/커머스,50-299인,2022-06-06,2022-06-06,2024-06-06,24,0,0,Premium,Enterprise
CUST_01546,CUST_01546_C1,1,의료/헬스케어,5-49인,2026-03-22,2026-03-22,2029-03-22,36,0,0,Basic,Standard
CUST_01547,CUST_01547_C1,1,제조업,5-49인,2025-12-26,2025-12-26,2026-12-26,12,0,0,Basic,Standard
CUST_01548,CUST_01548_C1,1,물류/운송,5-49인,2022-09-04,2022-09-04,2023-09-04,12,0,0,Basic,Standard
CUST_01549,CUST_01549_C1,1,IT/소프트웨어,5-49인,2025-04-15,2025-04-15,2026-04-15,12,0,0,Basic,Standard
CUST_01550,CUST_01550_C1,1,금융/보험,50-299인,2026-08-05,2026-08-05,2027-08-05,12,0,0,Basic,Standard
CUST_01551,CUST_01551_C1,1,물류/운송,5-49인,2023-01-13,2023-01-13,2024-01-13,12,0,0,Standard,Priority
CUST_01551,CUST_01551_C2,2,물류/운송,5-49인,2023-01-13,2024-01-14,2027-01-14,36,12,1,Standard,Priority
CUST_01551,CUST_01551_C3,3,물류/운송,5-49인,2023-01-13,2027-01-15,2028-01-15,12,48,2,Standard,Priority
CUST_01552,CUST_01552_C1,1,제조업,5-49인,2024-10-01,2024-10-01,2025-10-01,12,0,0,Basic,Standard
CUST_01553,CUST_01553_C1,1,물류/운송,5-49인,2025-10-09,2025-10-09,2026-10-09,12,0,0,Basic,Standard
CUST_01554,CUST_01554_C1,1,물류/운송,5-49인,2024-10-21,2024-10-21,2025-10-21,12,0,0,Basic,Standard
CUST_01555,CUST_01555_C1,1,유통/커머스,50-299인,2022-01-18,2022-01-18,2024-01-18,24,0,0,Standard,Enterprise
CUST_01556,CUST_01556_C1,1,유통/커머스,5-49인,2025-08-19,2025-08-19,2027-08-19,24,0,0,Basic,Standard
CUST_01556,CUST_01556_C2,2,유통/커머스,5-49인,2025-08-19,2027-08-20,2028-08-20,12,24,1,Basic,Standard
CUST_01557,CUST_01557_C1,1,IT/소프트웨어,5-49인,2025-10-06,2025-10-06,2027-10-06,24,0,0,Basic,Standard
CUST_01557,CUST_01557_C2,2,IT/소프트웨어,5-49인,2025-10-06,2027-10-07,2029-10-07,24,24,1,Basic,Standard
CUST_01558,CUST_01558_C1,1,제조업,5-49인,2025-07-05,2025-07-05,2027-07-05,24,0,0,Standard,Priority
CUST_01559,CUST_01559_C1,1,제조업,5-49인,2024-08-30,2024-08-30,2027-08-30,36,0,0,Standard,Priority
CUST_01560,CUST_01560_C1,1,기타서비스업,5-49인,2025-01-12,2025-01-12,2026-01-12,12,0,0,Basic,Standard
CUST_01560,CUST_01560_C2,2,기타서비스업,5-49인,2025-01-12,2026-01-13,2027-01-13,12,12,1,Basic,Priority
CUST_01560,CUST_01560_C3,3,기타서비스업,5-49인,2025-01-12,2027-01-14,2028-01-14,12,24,2,Basic,Priority
CUST_01561,CUST_01561_C1,1,의료/헬스케어,5-49인,2022-06-27,2022-06-27,2023-06-27,12,0,0,Basic,Standard
CUST_01561,CUST_01561_C2,2,의료/헬스케어,5-49인,2022-06-27,2023-06-28,2025-06-28,24,12,1,Basic,Standard
CUST_01562,CUST_01562_C1,1,제조업,5-49인,2025-12-24,2025-12-24,2026-12-24,12,0,0,Basic,Standard
CUST_01563,CUST_01563_C1,1,금융/보험,5-49인,2024-03-24,2024-03-24,2025-03-24,12,0,0,Standard,Standard
CUST_01563,CUST_01563_C2,2,금융/보험,5-49인,2024-03-24,2025-03-25,2026-03-25,12,12,1,Standard,Priority
CUST_01563,CUST_01563_C3,3,금융/보험,5-49인,2024-03-24,2026-03-26,2027-03-26,12,24,2,Standard,Priority
CUST_01564,CUST_01564_C1,1,의료/헬스케어,5-49인,2024-12-19,2024-12-19,2025-12-19,12,0,0,Basic,Standard
CUST_01565,CUST_01565_C1,1,유통/커머스,50-299인,2024-08-22,2024-08-22,2027-08-22,36,0,0,Basic,Standard
CUST_01565,CUST_01565_C2,2,유통/커머스,50-299인,2024-08-22,2027-08-23,2030-08-23,36,36,1,Basic,Standard
CUST_01566,CUST_01566_C1,1,제조업,5-49인,2021-10-13,2021-10-13,2024-10-13,36,0,0,Standard,Enterprise
CUST_01566,CUST_01566_C2,2,제조업,5-49인,2021-10-13,2024-10-14,2025-10-14,12,36,1,Standard,Priority
CUST_01567,CUST_01567_C1,1,기타서비스업,5-49인,2022-06-17,2022-06-17,2024-06-17,24,0,0,Basic,Priority
CUST_01568,CUST_01568_C1,1,기타서비스업,5-49인,2022-06-17,2022-06-17,2023-06-17,12,0,0,Basic,Priority
CUST_01568,CUST_01568_C2,2,기타서비스업,5-49인,2022-06-17,2023-06-18,2024-06-18,12,12,1,Basic,Standard
CUST_01569,CUST_01569_C1,1,유통/커머스,50-299인,2024-08-07,2024-08-07,2027-08-07,36,0,0,Standard,Priority
CUST_01570,CUST_01570_C1,1,금융/보험,50-299인,2023-10-18,2023-10-18,2024-10-18,12,0,0,Premium,Enterprise
CUST_01570,CUST_01570_C2,2,금융/보험,50-299인,2023-10-18,2024-10-19,2025-10-19,12,12,1,Premium,Enterprise
CUST_01571,CUST_01571_C1,1,유통/커머스,5-49인,2024-06-07,2024-06-07,2025-06-07,12,0,0,Standard,Priority
CUST_01571,CUST_01571_C2,2,유통/커머스,5-49인,2024-06-07,2025-06-08,2026-06-08,12,12,1,Standard,Priority
CUST_01572,CUST_01572_C1,1,IT/소프트웨어,5-49인,2026-07-07,2026-07-07,2028-07-07,24,0,0,Standard,Enterprise
CUST_01573,CUST_01573_C1,1,제조업,5-49인,2022-12-23,2022-12-23,2023-12-23,12,0,0,Basic,Standard
CUST_01573,CUST_01573_C2,2,제조업,5-49인,2022-12-23,2023-12-24,2024-12-24,12,12,1,Basic,Priority
CUST_01574,CUST_01574_C1,1,제조업,50-299인,2024-06-06,2024-06-06,2026-06-06,24,0,0,Premium,Enterprise
CUST_01574,CUST_01574_C2,2,제조업,50-299인,2024-06-06,2026-06-07,2027-06-07,12,24,1,Premium,Enterprise
CUST_01575,CUST_01575_C1,1,교육,5-49인,2022-05-09,2022-05-09,2025-05-09,36,0,0,Standard,Priority
CUST_01575,CUST_01575_C2,2,교육,5-49인,2022-05-09,2025-05-10,2027-05-10,24,36,1,Standard,Enterprise
CUST_01576,CUST_01576_C1,1,금융/보험,50-299인,2025-03-29,2025-03-29,2026-03-29,12,0,0,Basic,Standard
CUST_01576,CUST_01576_C2,2,금융/보험,50-299인,2025-03-29,2026-03-30,2029-03-30,36,12,1,Basic,Standard
CUST_01576,CUST_01576_C3,3,금융/보험,50-299인,2025-03-29,2029-03-31,2031-03-31,24,48,2,Basic,Standard
CUST_01577,CUST_01577_C1,1,제조업,5-49인,2024-01-22,2024-01-22,2026-01-22,24,0,0,Basic,Priority
CUST_01578,CUST_01578_C1,1,유통/커머스,5-49인,2022-08-06,2022-08-06,2023-08-06,12,0,0,Basic,Standard
CUST_01579,CUST_01579_C1,1,기타서비스업,50-299인,2025-08-09,2025-08-09,2027-08-09,24,0,0,Basic,Standard
CUST_01579,CUST_01579_C2,2,기타서비스업,50-299인,2025-08-09,2027-08-10,2028-08-10,12,24,1,Basic,Standard
CUST_01580,CUST_01580_C1,1,유통/커머스,5-49인,2026-03-04,2026-03-04,2027-03-04,12,0,0,Basic,Standard
CUST_01581,CUST_01581_C1,1,제조업,5-49인,2021-10-05,2021-10-05,2022-10-05,12,0,0,Premium,Priority
CUST_01581,CUST_01581_C2,2,제조업,5-49인,2021-10-05,2022-10-06,2023-10-06,12,12,1,Premium,Enterprise
CUST_01581,CUST_01581_C3,3,제조업,5-49인,2021-10-05,2023-10-07,2024-10-07,12,24,2,Premium,Priority
CUST_01582,CUST_01582_C1,1,교육,300인이상,2024-06-03,2024-06-03,2027-06-03,36,0,0,Basic,Standard
CUST_01582,CUST_01582_C2,2,교육,300인이상,2024-06-03,2027-06-04,2028-06-04,12,36,1,Basic,Enterprise
CUST_01583,CUST_01583_C1,1,의료/헬스케어,5-49인,2022-12-21,2022-12-21,2023-12-21,12,0,0,Basic,Standard
CUST_01583,CUST_01583_C2,2,의료/헬스케어,5-49인,2022-12-21,2023-12-22,2024-12-22,12,12,1,Basic,Standard
CUST_01583,CUST_01583_C3,3,의료/헬스케어,5-49인,2022-12-21,2024-12-23,2025-12-23,12,24,2,Basic,Standard
CUST_01584,CUST_01584_C1,1,IT/소프트웨어,5-49인,2026-05-01,2026-05-01,2028-05-01,24,0,0,Premium,Enterprise
CUST_01585,CUST_01585_C1,1,교육,300인이상,2024-08-20,2024-08-20,2026-08-20,24,0,0,Standard,Priority
CUST_01586,CUST_01586_C1,1,제조업,5-49인,2024-01-30,2024-01-30,2025-01-30,12,0,0,Basic,Priority
CUST_01586,CUST_01586_C2,2,제조업,5-49인,2024-01-30,2025-01-31,2027-01-31,24,12,1,Basic,Standard
CUST_01587,CUST_01587_C1,1,유통/커머스,5-49인,2025-09-25,2025-09-25,2026-09-25,12,0,0,Basic,Enterprise
CUST_01587,CUST_01587_C2,2,유통/커머스,5-49인,2025-09-25,2026-09-26,2027-09-26,12,12,1,Basic,Standard
CUST_01587,CUST_01587_C3,3,유통/커머스,5-49인,2025-09-25,2027-09-27,2028-09-27,12,24,2,Basic,Standard
CUST_01588,CUST_01588_C1,1,IT/소프트웨어,5-49인,2023-10-11,2023-10-11,2024-10-11,12,0,0,Basic,Standard
CUST_01589,CUST_01589_C1,1,교육,5-49인,2022-01-13,2022-01-13,2023-01-13,12,0,0,Standard,Priority
CUST_01589,CUST_01589_C2,2,교육,5-49인,2022-01-13,2023-01-14,2024-01-14,12,12,1,Standard,Standard
CUST_01589,CUST_01589_C3,3,교육,5-49인,2022-01-13,2024-01-15,2025-01-15,12,24,2,Standard,Standard
CUST_01590,CUST_01590_C1,1,교육,50-299인,2026-03-25,2026-03-25,2027-03-25,12,0,0,Premium,Enterprise
CUST_01591,CUST_01591_C1,1,제조업,5-49인,2024-06-08,2024-06-08,2025-06-08,12,0,0,Basic,Standard
CUST_01592,CUST_01592_C1,1,IT/소프트웨어,50-299인,2024-12-18,2024-12-18,2027-12-18,36,0,0,Standard,Standard
CUST_01593,CUST_01593_C1,1,물류/운송,5-49인,2023-02-11,2023-02-11,2024-02-11,12,0,0,Standard,Standard
CUST_01594,CUST_01594_C1,1,물류/운송,5-49인,2022-12-27,2022-12-27,2023-12-27,12,0,0,Basic,Standard
CUST_01595,CUST_01595_C1,1,물류/운송,5-49인,2022-10-30,2022-10-30,2023-10-30,12,0,0,Basic,Standard
CUST_01595,CUST_01595_C2,2,물류/운송,5-49인,2022-10-30,2023-10-31,2025-10-31,24,12,1,Basic,Standard
CUST_01596,CUST_01596_C1,1,제조업,50-299인,2024-11-15,2024-11-15,2026-11-15,24,0,0,Basic,Standard
CUST_01597,CUST_01597_C1,1,금융/보험,5-49인,2022-12-27,2022-12-27,2023-12-27,12,0,0,Standard,Enterprise
CUST_01598,CUST_01598_C1,1,유통/커머스,5-49인,2024-05-07,2024-05-07,2025-05-07,12,0,0,Basic,Standard
CUST_01598,CUST_01598_C2,2,유통/커머스,5-49인,2024-05-07,2025-05-08,2027-05-08,24,12,1,Basic,Priority
CUST_01599,CUST_01599_C1,1,제조업,5-49인,2026-07-07,2026-07-07,2027-07-07,12,0,0,Basic,Priority
CUST_01600,CUST_01600_C1,1,IT/소프트웨어,5-49인,2021-12-11,2021-12-11,2022-12-11,12,0,0,Standard,Priority
CUST_01601,CUST_01601_C1,1,기타서비스업,5-49인,2025-10-17,2025-10-17,2027-10-17,24,0,0,Basic,Enterprise
CUST_01601,CUST_01601_C2,2,기타서비스업,5-49인,2025-10-17,2027-10-18,2028-10-18,12,24,1,Basic,Standard
CUST_01602,CUST_01602_C1,1,기타서비스업,5-49인,2022-02-20,2022-02-20,2024-02-20,24,0,0,Basic,Standard
CUST_01602,CUST_01602_C2,2,기타서비스업,5-49인,2022-02-20,2024-02-21,2025-02-21,12,24,1,Basic,Enterprise
CUST_01603,CUST_01603_C1,1,IT/소프트웨어,5-49인,2023-11-12,2023-11-12,2026-11-12,36,0,0,Basic,Standard
CUST_01603,CUST_01603_C2,2,IT/소프트웨어,5-49인,2023-11-12,2026-11-13,2028-11-13,24,36,1,Basic,Standard
CUST_01604,CUST_01604_C1,1,IT/소프트웨어,5-49인,2026-01-04,2026-01-04,2028-01-04,24,0,0,Basic,Priority
CUST_01605,CUST_01605_C1,1,유통/커머스,5-49인,2021-10-31,2021-10-31,2022-10-31,12,0,0,Basic,Standard
CUST_01605,CUST_01605_C2,2,유통/커머스,5-49인,2021-10-31,2022-11-01,2024-11-01,24,13,1,Basic,Standard
CUST_01606,CUST_01606_C1,1,IT/소프트웨어,5-49인,2021-10-05,2021-10-05,2022-10-05,12,0,0,Basic,Standard
CUST_01606,CUST_01606_C2,2,IT/소프트웨어,5-49인,2021-10-05,2022-10-06,2023-10-06,12,12,1,Basic,Standard
CUST_01607,CUST_01607_C1,1,IT/소프트웨어,5-49인,2023-06-28,2023-06-28,2025-06-28,24,0,0,Standard,Priority
CUST_01608,CUST_01608_C1,1,의료/헬스케어,5-49인,2025-09-15,2025-09-15,2026-09-15,12,0,0,Standard,Standard
CUST_01608,CUST_01608_C2,2,의료/헬스케어,5-49인,2025-09-15,2026-09-16,2027-09-16,12,12,1,Standard,Enterprise
CUST_01609,CUST_01609_C1,1,제조업,50-299인,2026-02-16,2026-02-16,2029-02-16,36,0,0,Standard,Enterprise
CUST_01609,CUST_01609_C2,2,제조업,50-299인,2026-02-16,2029-02-17,2030-02-17,12,36,1,Standard,Standard
CUST_01610,CUST_01610_C1,1,IT/소프트웨어,5-49인,2022-10-18,2022-10-18,2025-10-18,36,0,0,Basic,Standard
CUST_01611,CUST_01611_C1,1,의료/헬스케어,5-49인,2022-08-13,2022-08-13,2024-08-13,24,0,0,Basic,Priority
CUST_01611,CUST_01611_C2,2,의료/헬스케어,5-49인,2022-08-13,2024-08-14,2025-08-14,12,24,1,Basic,Standard
CUST_01612,CUST_01612_C1,1,유통/커머스,5-49인,2023-01-03,2023-01-03,2025-01-03,24,0,0,Basic,Standard
CUST_01613,CUST_01613_C1,1,금융/보험,5-49인,2025-06-18,2025-06-18,2026-06-18,12,0,0,Basic,Enterprise
CUST_01614,CUST_01614_C1,1,금융/보험,5-49인,2022-04-06,2022-04-06,2023-04-06,12,0,0,Standard,Priority
CUST_01615,CUST_01615_C1,1,금융/보험,5-49인,2024-03-10,2024-03-10,2027-03-10,36,0,0,Basic,Standard
CUST_01616,CUST_01616_C1,1,기타서비스업,5-49인,2025-03-13,2025-03-13,2026-03-13,12,0,0,Basic,Standard
CUST_01616,CUST_01616_C2,2,기타서비스업,5-49인,2025-03-13,2026-03-14,2028-03-14,24,12,1,Basic,Standard
CUST_01616,CUST_01616_C3,3,기타서비스업,5-49인,2025-03-13,2028-03-15,2029-03-15,12,36,2,Basic,Standard
CUST_01617,CUST_01617_C1,1,유통/커머스,5-49인,2022-07-03,2022-07-03,2023-07-03,12,0,0,Basic,Standard
CUST_01618,CUST_01618_C1,1,의료/헬스케어,5-49인,2024-04-13,2024-04-13,2025-04-13,12,0,0,Basic,Standard
CUST_01619,CUST_01619_C1,1,제조업,5-49인,2023-01-20,2023-01-20,2024-01-20,12,0,0,Basic,Standard
CUST_01620,CUST_01620_C1,1,제조업,5-49인,2023-10-26,2023-10-26,2025-10-26,24,0,0,Basic,Standard
CUST_01621,CUST_01621_C1,1,기타서비스업,5-49인,2022-04-14,2022-04-14,2024-04-14,24,0,0,Basic,Enterprise
CUST_01621,CUST_01621_C2,2,기타서비스업,5-49인,2022-04-14,2024-04-15,2027-04-15,36,24,1,Basic,Priority
CUST_01622,CUST_01622_C1,1,IT/소프트웨어,5-49인,2025-09-04,2025-09-04,2026-09-04,12,0,0,Standard,Priority
CUST_01622,CUST_01622_C2,2,IT/소프트웨어,5-49인,2025-09-04,2026-09-05,2027-09-05,12,12,1,Standard,Priority
CUST_01623,CUST_01623_C1,1,물류/운송,5-49인,2022-05-31,2022-05-31,2023-05-31,12,0,0,Standard,Standard
CUST_01624,CUST_01624_C1,1,물류/운송,5-49인,2023-08-13,2023-08-13,2026-08-13,36,0,0,Basic,Priority
CUST_01625,CUST_01625_C1,1,제조업,5-49인,2022-12-06,2022-12-06,2023-12-06,12,0,0,Standard,Standard
CUST_01626,CUST_01626_C1,1,교육,5-49인,2025-05-14,2025-05-14,2027-05-14,24,0,0,Basic,Priority
CUST_01627,CUST_01627_C1,1,물류/운송,50-299인,2026-04-21,2026-04-21,2029-04-21,36,0,0,Basic,Standard
CUST_01628,CUST_01628_C1,1,IT/소프트웨어,5-49인,2024-07-26,2024-07-26,2026-07-26,24,0,0,Basic,Standard
CUST_01628,CUST_01628_C2,2,IT/소프트웨어,5-49인,2024-07-26,2026-07-27,2027-07-27,12,24,1,Basic,Standard
CUST_01629,CUST_01629_C1,1,기타서비스업,5-49인,2026-08-15,2026-08-15,2027-08-15,12,0,0,Basic,Priority
CUST_01629,CUST_01629_C2,2,기타서비스업,5-49인,2026-08-15,2027-08-16,2028-08-16,12,12,1,Basic,Standard
CUST_01630,CUST_01630_C1,1,제조업,5-49인,2024-09-20,2024-09-20,2025-09-20,12,0,0,Basic,Priority
CUST_01631,CUST_01631_C1,1,제조업,5-49인,2023-06-17,2023-06-17,2024-06-17,12,0,0,Basic,Standard
CUST_01632,CUST_01632_C1,1,교육,5-49인,2022-03-24,2022-03-24,2023-03-24,12,0,0,Standard,Standard
CUST_01633,CUST_01633_C1,1,제조업,5-49인,2025-11-07,2025-11-07,2026-11-07,12,0,0,Basic,Priority
CUST_01634,CUST_01634_C1,1,IT/소프트웨어,5-49인,2024-08-12,2024-08-12,2027-08-12,36,0,0,Standard,Priority
CUST_01635,CUST_01635_C1,1,금융/보험,5-49인,2022-01-21,2022-01-21,2023-01-21,12,0,0,Basic,Priority
CUST_01635,CUST_01635_C2,2,금융/보험,5-49인,2022-01-21,2023-01-22,2024-01-22,12,12,1,Basic,Priority
CUST_01635,CUST_01635_C3,3,금융/보험,5-49인,2022-01-21,2024-01-23,2025-01-23,12,24,2,Basic,Standard
CUST_01636,CUST_01636_C1,1,유통/커머스,5-49인,2023-10-17,2023-10-17,2024-10-17,12,0,0,Basic,Enterprise
CUST_01637,CUST_01637_C1,1,교육,5-49인,2025-03-22,2025-03-22,2026-03-22,12,0,0,Basic,Standard
CUST_01638,CUST_01638_C1,1,의료/헬스케어,5-49인,2024-02-11,2024-02-11,2026-02-11,24,0,0,Basic,Standard
CUST_01639,CUST_01639_C1,1,제조업,5-49인,2022-09-07,2022-09-07,2024-09-07,24,0,0,Standard,Priority
CUST_01639,CUST_01639_C2,2,제조업,5-49인,2022-09-07,2024-09-08,2025-09-08,12,24,1,Standard,Standard
CUST_01639,CUST_01639_C3,3,제조업,5-49인,2022-09-07,2025-09-09,2027-09-09,24,36,2,Standard,Priority
CUST_01640,CUST_01640_C1,1,금융/보험,5-49인,2022-11-30,2022-11-30,2023-11-30,12,0,0,Standard,Enterprise
CUST_01640,CUST_01640_C2,2,금융/보험,5-49인,2022-11-30,2023-12-01,2024-12-01,12,13,1,Standard,Enterprise
CUST_01641,CUST_01641_C1,1,유통/커머스,5-49인,2026-06-29,2026-06-29,2027-06-29,12,0,0,Basic,Standard
CUST_01642,CUST_01642_C1,1,IT/소프트웨어,5-49인,2022-05-12,2022-05-12,2023-05-12,12,0,0,Basic,Standard
CUST_01642,CUST_01642_C2,2,IT/소프트웨어,5-49인,2022-05-12,2023-05-13,2024-05-13,12,12,1,Basic,Standard
CUST_01643,CUST_01643_C1,1,기타서비스업,50-299인,2024-05-11,2024-05-11,2025-05-11,12,0,0,Basic,Priority
CUST_01644,CUST_01644_C1,1,기타서비스업,5-49인,2022-06-26,2022-06-26,2023-06-26,12,0,0,Basic,Standard
CUST_01644,CUST_01644_C2,2,기타서비스업,5-49인,2022-06-26,2023-06-27,2024-06-27,12,12,1,Basic,Priority
CUST_01644,CUST_01644_C3,3,기타서비스업,5-49인,2022-06-26,2024-06-28,2025-06-28,12,24,2,Basic,Standard
CUST_01645,CUST_01645_C1,1,제조업,5-49인,2022-06-08,2022-06-08,2023-06-08,12,0,0,Basic,Standard
CUST_01645,CUST_01645_C2,2,제조업,5-49인,2022-06-08,2023-06-09,2024-06-09,12,12,1,Basic,Standard
CUST_01646,CUST_01646_C1,1,제조업,5-49인,2024-12-19,2024-12-19,2026-12-19,24,0,0,Basic,Standard
CUST_01646,CUST_01646_C2,2,제조업,5-49인,2024-12-19,2026-12-20,2028-12-20,24,24,1,Basic,Standard
CUST_01646,CUST_01646_C3,3,제조업,5-49인,2024-12-19,2028-12-21,2029-12-21,12,48,2,Basic,Standard
CUST_01647,CUST_01647_C1,1,금융/보험,5-49인,2022-06-14,2022-06-14,2023-06-14,12,0,0,Basic,Standard
CUST_01648,CUST_01648_C1,1,제조업,5-49인,2024-05-14,2024-05-14,2026-05-14,24,0,0,Standard,Standard
CUST_01648,CUST_01648_C2,2,제조업,5-49인,2024-05-14,2026-05-15,2027-05-15,12,24,1,Standard,Priority
CUST_01649,CUST_01649_C1,1,금융/보험,5-49인,2023-05-26,2023-05-26,2025-05-26,24,0,0,Standard,Standard
CUST_01649,CUST_01649_C2,2,금융/보험,5-49인,2023-05-26,2025-05-27,2027-05-27,24,24,1,Standard,Standard
CUST_01650,CUST_01650_C1,1,유통/커머스,5-49인,2022-05-31,2022-05-31,2023-05-31,12,0,0,Basic,Standard
CUST_01651,CUST_01651_C1,1,금융/보험,50-299인,2024-09-13,2024-09-13,2025-09-13,12,0,0,Basic,Standard
CUST_01651,CUST_01651_C2,2,금융/보험,50-299인,2024-09-13,2025-09-14,2028-09-14,36,12,1,Basic,Standard
CUST_01652,CUST_01652_C1,1,금융/보험,50-299인,2022-12-03,2022-12-03,2023-12-03,12,0,0,Standard,Standard
CUST_01653,CUST_01653_C1,1,IT/소프트웨어,5-49인,2021-12-06,2021-12-06,2022-12-06,12,0,0,Basic,Priority
CUST_01654,CUST_01654_C1,1,교육,5-49인,2023-02-26,2023-02-26,2025-02-26,24,0,0,Standard,Priority
CUST_01654,CUST_01654_C2,2,교육,5-49인,2023-02-26,2025-02-27,2026-02-27,12,24,1,Standard,Priority
CUST_01655,CUST_01655_C1,1,금융/보험,5-49인,2026-03-27,2026-03-27,2028-03-27,24,0,0,Basic,Standard
CUST_01656,CUST_01656_C1,1,물류/운송,50-299인,2023-12-13,2023-12-13,2024-12-13,12,0,0,Standard,Priority
CUST_01657,CUST_01657_C1,1,유통/커머스,50-299인,2022-10-03,2022-10-03,2023-10-03,12,0,0,Standard,Enterprise
CUST_01658,CUST_01658_C1,1,금융/보험,50-299인,2024-12-02,2024-12-02,2026-12-02,24,0,0,Premium,Priority
CUST_01659,CUST_01659_C1,1,교육,5-49인,2025-05-17,2025-05-17,2026-05-17,12,0,0,Standard,Priority
CUST_01659,CUST_01659_C2,2,교육,5-49인,2025-05-17,2026-05-18,2027-05-18,12,12,1,Standard,Priority
CUST_01660,CUST_01660_C1,1,제조업,5-49인,2024-09-30,2024-09-30,2025-09-30,12,0,0,Basic,Priority
CUST_01661,CUST_01661_C1,1,유통/커머스,5-49인,2025-09-30,2025-09-30,2026-09-30,12,0,0,Basic,Enterprise
CUST_01661,CUST_01661_C2,2,유통/커머스,5-49인,2025-09-30,2026-10-01,2028-10-01,24,13,1,Basic,Priority
CUST_01662,CUST_01662_C1,1,IT/소프트웨어,5-49인,2023-12-29,2023-12-29,2024-12-29,12,0,0,Basic,Priority
CUST_01662,CUST_01662_C2,2,IT/소프트웨어,5-49인,2023-12-29,2024-12-30,2025-12-30,12,12,1,Basic,Standard
CUST_01663,CUST_01663_C1,1,유통/커머스,5-49인,2023-05-22,2023-05-22,2025-05-22,24,0,0,Basic,Standard
CUST_01664,CUST_01664_C1,1,제조업,5-49인,2026-07-10,2026-07-10,2027-07-10,12,0,0,Standard,Standard
CUST_01665,CUST_01665_C1,1,교육,5-49인,2023-07-26,2023-07-26,2026-07-26,36,0,0,Standard,Standard
CUST_01666,CUST_01666_C1,1,물류/운송,5-49인,2022-01-31,2022-01-31,2024-01-31,24,0,0,Basic,Priority
CUST_01666,CUST_01666_C2,2,물류/운송,5-49인,2022-01-31,2024-02-01,2025-02-01,12,25,1,Basic,Priority
CUST_01667,CUST_01667_C1,1,의료/헬스케어,50-299인,2022-07-01,2022-07-01,2023-07-01,12,0,0,Basic,Standard
CUST_01667,CUST_01667_C2,2,의료/헬스케어,50-299인,2022-07-01,2023-07-02,2026-07-02,36,12,1,Basic,Standard
CUST_01668,CUST_01668_C1,1,제조업,5-49인,2024-06-10,2024-06-10,2026-06-10,24,0,0,Basic,Standard
CUST_01668,CUST_01668_C2,2,제조업,5-49인,2024-06-10,2026-06-11,2028-06-11,24,24,1,Basic,Standard
CUST_01669,CUST_01669_C1,1,유통/커머스,50-299인,2023-09-10,2023-09-10,2024-09-10,12,0,0,Premium,Enterprise
CUST_01669,CUST_01669_C2,2,유통/커머스,50-299인,2023-09-10,2024-09-11,2026-09-11,24,12,1,Premium,Enterprise
CUST_01670,CUST_01670_C1,1,IT/소프트웨어,5-49인,2025-03-08,2025-03-08,2027-03-08,24,0,0,Basic,Priority
CUST_01671,CUST_01671_C1,1,IT/소프트웨어,5-49인,2025-01-03,2025-01-03,2027-01-03,24,0,0,Basic,Standard
CUST_01672,CUST_01672_C1,1,물류/운송,5-49인,2022-03-09,2022-03-09,2023-03-09,12,0,0,Basic,Standard
CUST_01673,CUST_01673_C1,1,제조업,50-299인,2025-12-26,2025-12-26,2027-12-26,24,0,0,Standard,Priority
CUST_01673,CUST_01673_C2,2,제조업,50-299인,2025-12-26,2027-12-27,2030-12-27,36,24,1,Standard,Priority
CUST_01673,CUST_01673_C3,3,제조업,50-299인,2025-12-26,2030-12-28,2031-12-28,12,60,2,Standard,Priority
CUST_01674,CUST_01674_C1,1,유통/커머스,5-49인,2022-01-14,2022-01-14,2025-01-14,36,0,0,Basic,Standard
CUST_01675,CUST_01675_C1,1,기타서비스업,5-49인,2026-03-03,2026-03-03,2029-03-03,36,0,0,Standard,Standard
CUST_01676,CUST_01676_C1,1,IT/소프트웨어,5-49인,2022-02-04,2022-02-04,2023-02-04,12,0,0,Standard,Priority
CUST_01676,CUST_01676_C2,2,IT/소프트웨어,5-49인,2022-02-04,2023-02-05,2024-02-05,12,12,1,Standard,Standard
CUST_01677,CUST_01677_C1,1,IT/소프트웨어,5-49인,2025-02-02,2025-02-02,2026-02-02,12,0,0,Premium,Enterprise
CUST_01677,CUST_01677_C2,2,IT/소프트웨어,5-49인,2025-02-02,2026-02-03,2029-02-03,36,12,1,Premium,Enterprise
CUST_01678,CUST_01678_C1,1,유통/커머스,5-49인,2025-02-04,2025-02-04,2027-02-04,24,0,0,Basic,Standard
CUST_01679,CUST_01679_C1,1,교육,50-299인,2022-05-30,2022-05-30,2024-05-30,24,0,0,Standard,Enterprise
CUST_01679,CUST_01679_C2,2,교육,50-299인,2022-05-30,2024-05-31,2026-05-31,24,24,1,Standard,Standard
CUST_01679,CUST_01679_C3,3,교육,50-299인,2022-05-30,2026-06-01,2027-06-01,12,49,2,Standard,Standard
CUST_01680,CUST_01680_C1,1,제조업,5-49인,2024-02-05,2024-02-05,2025-02-05,12,0,0,Premium,Enterprise
CUST_01680,CUST_01680_C2,2,제조업,5-49인,2024-02-05,2025-02-06,2026-02-06,12,12,1,Premium,Enterprise
CUST_01681,CUST_01681_C1,1,유통/커머스,5-49인,2025-05-24,2025-05-24,2026-05-24,12,0,0,Basic,Standard
CUST_01681,CUST_01681_C2,2,유통/커머스,5-49인,2025-05-24,2026-05-25,2028-05-25,24,12,1,Basic,Standard
CUST_01682,CUST_01682_C1,1,의료/헬스케어,5-49인,2024-06-12,2024-06-12,2025-06-12,12,0,0,Basic,Priority
CUST_01683,CUST_01683_C1,1,의료/헬스케어,50-299인,2025-06-20,2025-06-20,2027-06-20,24,0,0,Basic,Standard
CUST_01683,CUST_01683_C2,2,의료/헬스케어,50-299인,2025-06-20,2027-06-21,2030-06-21,36,24,1,Basic,Standard
CUST_01683,CUST_01683_C3,3,의료/헬스케어,50-299인,2025-06-20,2030-06-22,2031-06-22,12,60,2,Basic,Priority
CUST_01684,CUST_01684_C1,1,제조업,50-299인,2023-01-26,2023-01-26,2024-01-26,12,0,0,Standard,Priority
CUST_01685,CUST_01685_C1,1,물류/운송,5-49인,2021-11-09,2021-11-09,2022-11-09,12,0,0,Standard,Priority
CUST_01686,CUST_01686_C1,1,물류/운송,5-49인,2024-03-30,2024-03-30,2025-03-30,12,0,0,Basic,Standard
CUST_01686,CUST_01686_C2,2,물류/운송,5-49인,2024-03-30,2025-03-31,2027-03-31,24,12,1,Basic,Standard
CUST_01687,CUST_01687_C1,1,의료/헬스케어,5-49인,2023-11-02,2023-11-02,2024-11-02,12,0,0,Basic,Standard
CUST_01688,CUST_01688_C1,1,IT/소프트웨어,5-49인,2023-01-08,2023-01-08,2024-01-08,12,0,0,Basic,Priority
CUST_01689,CUST_01689_C1,1,제조업,5-49인,2023-03-15,2023-03-15,2024-03-15,12,0,0,Basic,Standard
CUST_01690,CUST_01690_C1,1,물류/운송,300인이상,2022-07-14,2022-07-14,2025-07-14,36,0,0,Premium,Priority
CUST_01690,CUST_01690_C2,2,물류/운송,300인이상,2022-07-14,2025-07-15,2027-07-15,24,36,1,Premium,Enterprise
CUST_01690,CUST_01690_C3,3,물류/운송,300인이상,2022-07-14,2027-07-16,2030-07-16,36,60,2,Premium,Enterprise
CUST_01691,CUST_01691_C1,1,유통/커머스,5-49인,2023-05-22,2023-05-22,2024-05-22,12,0,0,Basic,Priority
CUST_01692,CUST_01692_C1,1,IT/소프트웨어,5-49인,2022-06-02,2022-06-02,2023-06-02,12,0,0,Basic,Priority
CUST_01692,CUST_01692_C2,2,IT/소프트웨어,5-49인,2022-06-02,2023-06-03,2024-06-03,12,12,1,Basic,Standard
CUST_01692,CUST_01692_C3,3,IT/소프트웨어,5-49인,2022-06-02,2024-06-04,2025-06-04,12,24,2,Basic,Priority
CUST_01693,CUST_01693_C1,1,제조업,5-49인,2023-11-23,2023-11-23,2025-11-23,24,0,0,Basic,Standard
CUST_01693,CUST_01693_C2,2,제조업,5-49인,2023-11-23,2025-11-24,2026-11-24,12,24,1,Basic,Standard
CUST_01694,CUST_01694_C1,1,물류/운송,50-299인,2024-11-25,2024-11-25,2025-11-25,12,0,0,Standard,Priority
CUST_01695,CUST_01695_C1,1,교육,5-49인,2026-07-31,2026-07-31,2027-07-31,12,0,0,Standard,Enterprise
CUST_01696,CUST_01696_C1,1,제조업,5-49인,2022-10-14,2022-10-14,2024-10-14,24,0,0,Standard,Priority
CUST_01697,CUST_01697_C1,1,제조업,5-49인,2025-07-21,2025-07-21,2028-07-21,36,0,0,Standard,Enterprise
CUST_01698,CUST_01698_C1,1,IT/소프트웨어,5-49인,2025-05-10,2025-05-10,2027-05-10,24,0,0,Basic,Priority
CUST_01698,CUST_01698_C2,2,IT/소프트웨어,5-49인,2025-05-10,2027-05-11,2029-05-11,24,24,1,Basic,Priority
CUST_01699,CUST_01699_C1,1,금융/보험,50-299인,2023-01-30,2023-01-30,2025-01-30,24,0,0,Standard,Priority
CUST_01700,CUST_01700_C1,1,제조업,50-299인,2026-05-14,2026-05-14,2027-05-14,12,0,0,Premium,Enterprise
CUST_01701,CUST_01701_C1,1,제조업,5-49인,2023-01-30,2023-01-30,2024-01-30,12,0,0,Standard,Priority
CUST_01702,CUST_01702_C1,1,교육,5-49인,2022-09-26,2022-09-26,2023-09-26,12,0,0,Basic,Standard
CUST_01703,CUST_01703_C1,1,IT/소프트웨어,5-49인,2023-02-08,2023-02-08,2026-02-08,36,0,0,Basic,Standard
CUST_01704,CUST_01704_C1,1,IT/소프트웨어,5-49인,2025-10-05,2025-10-05,2026-10-05,12,0,0,Standard,Priority
CUST_01704,CUST_01704_C2,2,IT/소프트웨어,5-49인,2025-10-05,2026-10-06,2028-10-06,24,12,1,Standard,Standard
CUST_01704,CUST_01704_C3,3,IT/소프트웨어,5-49인,2025-10-05,2028-10-07,2030-10-07,24,36,2,Standard,Standard
CUST_01705,CUST_01705_C1,1,IT/소프트웨어,5-49인,2023-03-29,2023-03-29,2024-03-29,12,0,0,Standard,Standard
CUST_01706,CUST_01706_C1,1,제조업,5-49인,2025-02-03,2025-02-03,2026-02-03,12,0,0,Basic,Standard
CUST_01707,CUST_01707_C1,1,유통/커머스,50-299인,2023-10-24,2023-10-24,2025-10-24,24,0,0,Standard,Enterprise
CUST_01708,CUST_01708_C1,1,IT/소프트웨어,300인이상,2025-09-17,2025-09-17,2027-09-17,24,0,0,Standard,Priority
CUST_01709,CUST_01709_C1,1,교육,5-49인,2024-03-31,2024-03-31,2026-03-31,24,0,0,Standard,Priority
CUST_01709,CUST_01709_C2,2,교육,5-49인,2024-03-31,2026-04-01,2027-04-01,12,25,1,Standard,Priority
CUST_01710,CUST_01710_C1,1,유통/커머스,5-49인,2026-01-06,2026-01-06,2028-01-06,24,0,0,Basic,Standard
CUST_01710,CUST_01710_C2,2,유통/커머스,5-49인,2026-01-06,2028-01-07,2029-01-07,12,24,1,Basic,Priority
CUST_01711,CUST_01711_C1,1,제조업,50-299인,2025-10-14,2025-10-14,2026-10-14,12,0,0,Basic,Priority
CUST_01711,CUST_01711_C2,2,제조업,50-299인,2025-10-14,2026-10-15,2029-10-15,36,12,1,Basic,Standard
CUST_01712,CUST_01712_C1,1,교육,5-49인,2026-02-06,2026-02-06,2027-02-06,12,0,0,Standard,Priority
CUST_01713,CUST_01713_C1,1,제조업,5-49인,2023-12-14,2023-12-14,2024-12-14,12,0,0,Basic,Standard
CUST_01714,CUST_01714_C1,1,제조업,5-49인,2026-05-04,2026-05-04,2027-05-04,12,0,0,Basic,Standard
CUST_01715,CUST_01715_C1,1,IT/소프트웨어,5-49인,2025-03-26,2025-03-26,2028-03-26,36,0,0,Basic,Priority
CUST_01716,CUST_01716_C1,1,제조업,5-49인,2024-08-05,2024-08-05,2025-08-05,12,0,0,Basic,Standard
CUST_01717,CUST_01717_C1,1,물류/운송,5-49인,2022-12-28,2022-12-28,2023-12-28,12,0,0,Basic,Standard
CUST_01718,CUST_01718_C1,1,제조업,5-49인,2025-04-22,2025-04-22,2026-04-22,12,0,0,Basic,Priority
CUST_01718,CUST_01718_C2,2,제조업,5-49인,2025-04-22,2026-04-23,2027-04-23,12,12,1,Basic,Standard
CUST_01719,CUST_01719_C1,1,IT/소프트웨어,5-49인,2025-01-09,2025-01-09,2026-01-09,12,0,0,Basic,Standard
CUST_01719,CUST_01719_C2,2,IT/소프트웨어,5-49인,2025-01-09,2026-01-10,2028-01-10,24,12,1,Basic,Standard
CUST_01719,CUST_01719_C3,3,IT/소프트웨어,5-49인,2025-01-09,2028-01-11,2029-01-11,12,36,2,Basic,Standard
CUST_01720,CUST_01720_C1,1,금융/보험,5-49인,2023-11-07,2023-11-07,2024-11-07,12,0,0,Standard,Priority
CUST_01720,CUST_01720_C2,2,금융/보험,5-49인,2023-11-07,2024-11-08,2025-11-08,12,12,1,Standard,Priority
CUST_01721,CUST_01721_C1,1,유통/커머스,5-49인,2023-04-01,2023-04-01,2024-04-01,12,0,0,Standard,Priority
CUST_01722,CUST_01722_C1,1,유통/커머스,5-49인,2023-03-25,2023-03-25,2024-03-25,12,0,0,Standard,Priority
CUST_01723,CUST_01723_C1,1,유통/커머스,5-49인,2023-11-21,2023-11-21,2024-11-21,12,0,0,Basic,Standard
CUST_01723,CUST_01723_C2,2,유통/커머스,5-49인,2023-11-21,2024-11-22,2025-11-22,12,12,1,Basic,Standard
CUST_01723,CUST_01723_C3,3,유통/커머스,5-49인,2023-11-21,2025-11-23,2027-11-23,24,24,2,Basic,Standard
CUST_01724,CUST_01724_C1,1,물류/운송,5-49인,2024-08-15,2024-08-15,2025-08-15,12,0,0,Standard,Standard
CUST_01725,CUST_01725_C1,1,제조업,5-49인,2023-04-25,2023-04-25,2024-04-25,12,0,0,Basic,Standard
CUST_01726,CUST_01726_C1,1,IT/소프트웨어,5-49인,2026-05-09,2026-05-09,2028-05-09,24,0,0,Basic,Enterprise
CUST_01727,CUST_01727_C1,1,유통/커머스,5-49인,2026-05-28,2026-05-28,2027-05-28,12,0,0,Basic,Standard
CUST_01728,CUST_01728_C1,1,유통/커머스,5-49인,2025-11-12,2025-11-12,2027-11-12,24,0,0,Standard,Enterprise
CUST_01729,CUST_01729_C1,1,IT/소프트웨어,50-299인,2026-05-17,2026-05-17,2028-05-17,24,0,0,Basic,Standard
CUST_01729,CUST_01729_C2,2,IT/소프트웨어,50-299인,2026-05-17,2028-05-18,2031-05-18,36,24,1,Basic,Standard
CUST_01729,CUST_01729_C3,3,IT/소프트웨어,50-299인,2026-05-17,2031-05-19,2032-05-19,12,60,2,Basic,Standard
CUST_01730,CUST_01730_C1,1,제조업,5-49인,2026-02-23,2026-02-23,2027-02-23,12,0,0,Basic,Priority
CUST_01730,CUST_01730_C2,2,제조업,5-49인,2026-02-23,2027-02-24,2028-02-24,12,12,1,Basic,Standard
CUST_01731,CUST_01731_C1,1,교육,5-49인,2025-02-12,2025-02-12,2026-02-12,12,0,0,Basic,Priority
CUST_01732,CUST_01732_C1,1,유통/커머스,5-49인,2025-09-27,2025-09-27,2026-09-27,12,0,0,Standard,Enterprise
CUST_01732,CUST_01732_C2,2,유통/커머스,5-49인,2025-09-27,2026-09-28,2027-09-28,12,12,1,Standard,Enterprise
CUST_01733,CUST_01733_C1,1,IT/소프트웨어,50-299인,2026-05-13,2026-05-13,2029-05-13,36,0,0,Standard,Priority
CUST_01734,CUST_01734_C1,1,금융/보험,5-49인,2023-05-16,2023-05-16,2026-05-16,36,0,0,Basic,Standard
CUST_01734,CUST_01734_C2,2,금융/보험,5-49인,2023-05-16,2026-05-17,2027-05-17,12,36,1,Basic,Priority
CUST_01735,CUST_01735_C1,1,IT/소프트웨어,5-49인,2025-01-16,2025-01-16,2026-01-16,12,0,0,Basic,Enterprise
CUST_01736,CUST_01736_C1,1,물류/운송,5-49인,2024-11-19,2024-11-19,2027-11-19,36,0,0,Basic,Standard
CUST_01736,CUST_01736_C2,2,물류/운송,5-49인,2024-11-19,2027-11-20,2029-11-20,24,36,1,Basic,Standard
CUST_01737,CUST_01737_C1,1,IT/소프트웨어,5-49인,2024-11-02,2024-11-02,2026-11-02,24,0,0,Basic,Standard
CUST_01738,CUST_01738_C1,1,금융/보험,5-49인,2023-06-15,2023-06-15,2024-06-15,12,0,0,Basic,Standard
CUST_01738,CUST_01738_C2,2,금융/보험,5-49인,2023-06-15,2024-06-16,2025-06-16,12,12,1,Basic,Standard
CUST_01739,CUST_01739_C1,1,금융/보험,5-49인,2022-08-26,2022-08-26,2024-08-26,24,0,0,Basic,Standard
CUST_01740,CUST_01740_C1,1,기타서비스업,50-299인,2024-04-25,2024-04-25,2026-04-25,24,0,0,Standard,Priority
CUST_01741,CUST_01741_C1,1,금융/보험,5-49인,2024-04-24,2024-04-24,2026-04-24,24,0,0,Basic,Standard
CUST_01742,CUST_01742_C1,1,기타서비스업,5-49인,2022-06-11,2022-06-11,2024-06-11,24,0,0,Basic,Priority
CUST_01743,CUST_01743_C1,1,기타서비스업,5-49인,2022-11-03,2022-11-03,2023-11-03,12,0,0,Basic,Standard
CUST_01744,CUST_01744_C1,1,IT/소프트웨어,5-49인,2023-05-26,2023-05-26,2024-05-26,12,0,0,Standard,Priority
CUST_01744,CUST_01744_C2,2,IT/소프트웨어,5-49인,2023-05-26,2024-05-27,2025-05-27,12,12,1,Standard,Standard
CUST_01744,CUST_01744_C3,3,IT/소프트웨어,5-49인,2023-05-26,2025-05-28,2026-05-28,12,24,2,Standard,Priority
CUST_01745,CUST_01745_C1,1,의료/헬스케어,300인이상,2021-10-22,2021-10-22,2023-10-22,24,0,0,Standard,Enterprise
CUST_01746,CUST_01746_C1,1,유통/커머스,5-49인,2024-01-03,2024-01-03,2025-01-03,12,0,0,Basic,Standard
CUST_01747,CUST_01747_C1,1,IT/소프트웨어,5-49인,2022-11-13,2022-11-13,2024-11-13,24,0,0,Basic,Standard
CUST_01748,CUST_01748_C1,1,IT/소프트웨어,300인이상,2025-08-10,2025-08-10,2026-08-10,12,0,0,Standard,Enterprise
CUST_01748,CUST_01748_C2,2,IT/소프트웨어,300인이상,2025-08-10,2026-08-11,2029-08-11,36,12,1,Standard,Standard
CUST_01749,CUST_01749_C1,1,기타서비스업,5-49인,2026-03-12,2026-03-12,2027-03-12,12,0,0,Basic,Standard
CUST_01749,CUST_01749_C2,2,기타서비스업,5-49인,2026-03-12,2027-03-13,2029-03-13,24,12,1,Basic,Standard
CUST_01750,CUST_01750_C1,1,제조업,5-49인,2023-07-10,2023-07-10,2024-07-10,12,0,0,Basic,Standard
CUST_01750,CUST_01750_C2,2,제조업,5-49인,2023-07-10,2024-07-11,2025-07-11,12,12,1,Basic,Standard
CUST_01751,CUST_01751_C1,1,유통/커머스,5-49인,2026-07-20,2026-07-20,2029-07-20,36,0,0,Basic,Standard
CUST_01751,CUST_01751_C2,2,유통/커머스,5-49인,2026-07-20,2029-07-21,2030-07-21,12,36,1,Basic,Standard
CUST_01752,CUST_01752_C1,1,유통/커머스,5-49인,2023-04-27,2023-04-27,2024-04-27,12,0,0,Basic,Priority
CUST_01753,CUST_01753_C1,1,금융/보험,50-299인,2022-04-24,2022-04-24,2024-04-24,24,0,0,Basic,Standard
CUST_01753,CUST_01753_C2,2,금융/보험,50-299인,2022-04-24,2024-04-25,2026-04-25,24,24,1,Standard,Standard
CUST_01753,CUST_01753_C3,3,금융/보험,50-299인,2022-04-24,2026-04-26,2027-04-26,12,48,2,Standard,Priority
CUST_01754,CUST_01754_C1,1,의료/헬스케어,5-49인,2024-12-13,2024-12-13,2027-12-13,36,0,0,Basic,Standard
CUST_01754,CUST_01754_C2,2,의료/헬스케어,5-49인,2024-12-13,2027-12-14,2029-12-14,24,36,1,Basic,Standard
CUST_01754,CUST_01754_C3,3,의료/헬스케어,5-49인,2024-12-13,2029-12-15,2030-12-15,12,60,2,Basic,Standard
CUST_01755,CUST_01755_C1,1,의료/헬스케어,5-49인,2023-01-02,2023-01-02,2024-01-02,12,0,0,Basic,Priority
CUST_01756,CUST_01756_C1,1,교육,300인이상,2025-11-18,2025-11-18,2026-11-18,12,0,0,Premium,Enterprise
CUST_01757,CUST_01757_C1,1,금융/보험,5-49인,2024-03-11,2024-03-11,2025-03-11,12,0,0,Basic,Standard
CUST_01757,CUST_01757_C2,2,금융/보험,5-49인,2024-03-11,2025-03-12,2027-03-12,24,12,1,Basic,Standard
CUST_01758,CUST_01758_C1,1,제조업,5-49인,2023-06-07,2023-06-07,2024-06-07,12,0,0,Basic,Priority
CUST_01759,CUST_01759_C1,1,물류/운송,5-49인,2023-05-05,2023-05-05,2024-05-05,12,0,0,Basic,Priority
CUST_01759,CUST_01759_C2,2,물류/운송,5-49인,2023-05-05,2024-05-06,2025-05-06,12,12,1,Basic,Priority
CUST_01760,CUST_01760_C1,1,금융/보험,5-49인,2022-09-30,2022-09-30,2025-09-30,36,0,0,Basic,Priority
CUST_01761,CUST_01761_C1,1,제조업,5-49인,2022-06-01,2022-06-01,2023-06-01,12,0,0,Basic,Standard
CUST_01762,CUST_01762_C1,1,물류/운송,5-49인,2026-03-18,2026-03-18,2029-03-18,36,0,0,Basic,Priority
CUST_01762,CUST_01762_C2,2,물류/운송,5-49인,2026-03-18,2029-03-19,2030-03-19,12,36,1,Basic,Enterprise
CUST_01763,CUST_01763_C1,1,의료/헬스케어,5-49인,2024-12-10,2024-12-10,2025-12-10,12,0,0,Basic,Priority
CUST_01764,CUST_01764_C1,1,제조업,5-49인,2026-03-08,2026-03-08,2027-03-08,12,0,0,Basic,Standard
CUST_01764,CUST_01764_C2,2,제조업,5-49인,2026-03-08,2027-03-09,2028-03-09,12,12,1,Basic,Standard
CUST_01765,CUST_01765_C1,1,교육,50-299인,2026-02-18,2026-02-18,2029-02-18,36,0,0,Basic,Enterprise
CUST_01765,CUST_01765_C2,2,교육,50-299인,2026-02-18,2029-02-19,2032-02-19,36,36,1,Basic,Standard
CUST_01766,CUST_01766_C1,1,제조업,5-49인,2024-12-09,2024-12-09,2026-12-09,24,0,0,Basic,Standard
CUST_01766,CUST_01766_C2,2,제조업,5-49인,2024-12-09,2026-12-10,2028-12-10,24,24,1,Basic,Standard
CUST_01766,CUST_01766_C3,3,제조업,5-49인,2024-12-09,2028-12-11,2030-12-11,24,48,2,Basic,Standard
CUST_01767,CUST_01767_C1,1,금융/보험,5-49인,2024-05-08,2024-05-08,2025-05-08,12,0,0,Basic,Standard
CUST_01768,CUST_01768_C1,1,금융/보험,5-49인,2025-12-01,2025-12-01,2027-12-01,24,0,0,Standard,Priority
CUST_01769,CUST_01769_C1,1,IT/소프트웨어,5-49인,2025-02-08,2025-02-08,2028-02-08,36,0,0,Standard,Priority
CUST_01769,CUST_01769_C2,2,IT/소프트웨어,5-49인,2025-02-08,2028-02-09,2029-02-09,12,36,1,Standard,Standard
CUST_01769,CUST_01769_C3,3,IT/소프트웨어,5-49인,2025-02-08,2029-02-10,2030-02-10,12,48,2,Standard,Priority
CUST_01770,CUST_01770_C1,1,유통/커머스,5-49인,2026-03-19,2026-03-19,2027-03-19,12,0,0,Basic,Priority
CUST_01770,CUST_01770_C2,2,유통/커머스,5-49인,2026-03-19,2027-03-20,2028-03-20,12,12,1,Basic,Standard
CUST_01771,CUST_01771_C1,1,기타서비스업,50-299인,2025-08-01,2025-08-01,2026-08-01,12,0,0,Standard,Priority
CUST_01772,CUST_01772_C1,1,물류/운송,5-49인,2023-08-30,2023-08-30,2024-08-30,12,0,0,Basic,Standard
CUST_01772,CUST_01772_C2,2,물류/운송,5-49인,2023-08-30,2024-08-31,2025-08-31,12,12,1,Basic,Standard
CUST_01773,CUST_01773_C1,1,교육,5-49인,2023-04-29,2023-04-29,2025-04-29,24,0,0,Basic,Standard
CUST_01774,CUST_01774_C1,1,IT/소프트웨어,5-49인,2022-04-02,2022-04-02,2023-04-02,12,0,0,Basic,Priority
CUST_01775,CUST_01775_C1,1,IT/소프트웨어,5-49인,2024-06-24,2024-06-24,2025-06-24,12,0,0,Basic,Standard
CUST_01776,CUST_01776_C1,1,유통/커머스,5-49인,2021-11-24,2021-11-24,2022-11-24,12,0,0,Basic,Priority
CUST_01777,CUST_01777_C1,1,교육,5-49인,2023-06-23,2023-06-23,2025-06-23,24,0,0,Basic,Priority
CUST_01777,CUST_01777_C2,2,교육,5-49인,2023-06-23,2025-06-24,2026-06-24,12,24,1,Basic,Priority
CUST_01778,CUST_01778_C1,1,교육,5-49인,2026-01-05,2026-01-05,2028-01-05,24,0,0,Standard,Standard
CUST_01778,CUST_01778_C2,2,교육,5-49인,2026-01-05,2028-01-06,2029-01-06,12,24,1,Standard,Priority
CUST_01778,CUST_01778_C3,3,교육,5-49인,2026-01-05,2029-01-07,2031-01-07,24,36,2,Standard,Priority
CUST_01779,CUST_01779_C1,1,제조업,5-49인,2023-07-13,2023-07-13,2024-07-13,12,0,0,Basic,Enterprise
CUST_01779,CUST_01779_C2,2,제조업,5-49인,2023-07-13,2024-07-14,2025-07-14,12,12,1,Basic,Standard
CUST_01779,CUST_01779_C3,3,제조업,5-49인,2023-07-13,2025-07-15,2027-07-15,24,24,2,Basic,Standard
CUST_01780,CUST_01780_C1,1,제조업,5-49인,2025-10-27,2025-10-27,2026-10-27,12,0,0,Standard,Standard
CUST_01781,CUST_01781_C1,1,제조업,5-49인,2021-11-14,2021-11-14,2024-11-14,36,0,0,Basic,Standard
CUST_01782,CUST_01782_C1,1,제조업,5-49인,2026-02-04,2026-02-04,2027-02-04,12,0,0,Standard,Priority
CUST_01783,CUST_01783_C1,1,물류/운송,5-49인,2024-06-04,2024-06-04,2026-06-04,24,0,0,Basic,Priority
CUST_01783,CUST_01783_C2,2,물류/운송,5-49인,2024-06-04,2026-06-05,2027-06-05,12,24,1,Basic,Standard
CUST_01783,CUST_01783_C3,3,물류/운송,5-49인,2024-06-04,2027-06-06,2028-06-06,12,36,2,Basic,Standard
CUST_01784,CUST_01784_C1,1,기타서비스업,5-49인,2025-06-10,2025-06-10,2026-06-10,12,0,0,Basic,Standard
CUST_01785,CUST_01785_C1,1,IT/소프트웨어,300인이상,2022-01-27,2022-01-27,2024-01-27,24,0,0,Premium,Enterprise
CUST_01786,CUST_01786_C1,1,금융/보험,5-49인,2023-09-14,2023-09-14,2024-09-14,12,0,0,Premium,Enterprise
CUST_01786,CUST_01786_C2,2,금융/보험,5-49인,2023-09-14,2024-09-15,2026-09-15,24,12,1,Premium,Priority
CUST_01786,CUST_01786_C3,3,금융/보험,5-49인,2023-09-14,2026-09-16,2027-09-16,12,36,2,Premium,Priority
CUST_01787,CUST_01787_C1,1,유통/커머스,50-299인,2021-11-11,2021-11-11,2022-11-11,12,0,0,Basic,Priority
CUST_01788,CUST_01788_C1,1,IT/소프트웨어,5-49인,2024-06-10,2024-06-10,2025-06-10,12,0,0,Basic,Standard
CUST_01788,CUST_01788_C2,2,IT/소프트웨어,5-49인,2024-06-10,2025-06-11,2027-06-11,24,12,1,Basic,Standard
CUST_01788,CUST_01788_C3,3,IT/소프트웨어,5-49인,2024-06-10,2027-06-12,2028-06-12,12,36,2,Basic,Priority
CUST_01789,CUST_01789_C1,1,제조업,5-49인,2024-07-20,2024-07-20,2026-07-20,24,0,0,Basic,Standard
CUST_01790,CUST_01790_C1,1,교육,50-299인,2022-10-28,2022-10-28,2024-10-28,24,0,0,Standard,Enterprise
CUST_01790,CUST_01790_C2,2,교육,50-299인,2022-10-28,2024-10-29,2025-10-29,12,24,1,Standard,Standard
CUST_01791,CUST_01791_C1,1,물류/운송,5-49인,2024-12-13,2024-12-13,2025-12-13,12,0,0,Basic,Standard
CUST_01791,CUST_01791_C2,2,물류/운송,5-49인,2024-12-13,2025-12-14,2026-12-14,12,12,1,Basic,Enterprise
CUST_01792,CUST_01792_C1,1,유통/커머스,5-49인,2022-12-14,2022-12-14,2024-12-14,24,0,0,Premium,Enterprise
CUST_01792,CUST_01792_C2,2,유통/커머스,5-49인,2022-12-14,2024-12-15,2025-12-15,12,24,1,Premium,Enterprise
CUST_01793,CUST_01793_C1,1,유통/커머스,5-49인,2023-03-20,2023-03-20,2025-03-20,24,0,0,Basic,Priority
CUST_01793,CUST_01793_C2,2,유통/커머스,5-49인,2023-03-20,2025-03-21,2027-03-21,24,24,1,Basic,Standard
CUST_01794,CUST_01794_C1,1,금융/보험,5-49인,2026-07-26,2026-07-26,2027-07-26,12,0,0,Standard,Priority
CUST_01795,CUST_01795_C1,1,물류/운송,5-49인,2022-04-17,2022-04-17,2025-04-17,36,0,0,Basic,Priority
CUST_01795,CUST_01795_C2,2,물류/운송,5-49인,2022-04-17,2025-04-18,2027-04-18,24,36,1,Basic,Standard
CUST_01796,CUST_01796_C1,1,유통/커머스,5-49인,2025-04-27,2025-04-27,2026-04-27,12,0,0,Standard,Enterprise
CUST_01796,CUST_01796_C2,2,유통/커머스,5-49인,2025-04-27,2026-04-28,2027-04-28,12,12,1,Standard,Priority
CUST_01797,CUST_01797_C1,1,유통/커머스,5-49인,2026-01-13,2026-01-13,2028-01-13,24,0,0,Basic,Standard
CUST_01797,CUST_01797_C2,2,유통/커머스,5-49인,2026-01-13,2028-01-14,2029-01-14,12,24,1,Basic,Standard
CUST_01798,CUST_01798_C1,1,물류/운송,50-299인,2024-07-26,2024-07-26,2027-07-26,36,0,0,Standard,Standard
CUST_01799,CUST_01799_C1,1,유통/커머스,5-49인,2024-08-03,2024-08-03,2027-08-03,36,0,0,Basic,Standard
CUST_01800,CUST_01800_C1,1,IT/소프트웨어,5-49인,2024-04-22,2024-04-22,2025-04-22,12,0,0,Standard,Priority
CUST_01801,CUST_01801_C1,1,기타서비스업,5-49인,2022-11-06,2022-11-06,2023-11-06,12,0,0,Basic,Standard
CUST_01802,CUST_01802_C1,1,제조업,5-49인,2023-05-05,2023-05-05,2026-05-05,36,0,0,Basic,Standard
CUST_01803,CUST_01803_C1,1,제조업,5-49인,2025-03-16,2025-03-16,2028-03-16,36,0,0,Basic,Standard
CUST_01804,CUST_01804_C1,1,의료/헬스케어,5-49인,2022-12-09,2022-12-09,2023-12-09,12,0,0,Standard,Standard
CUST_01805,CUST_01805_C1,1,물류/운송,5-49인,2022-06-20,2022-06-20,2023-06-20,12,0,0,Standard,Priority
CUST_01806,CUST_01806_C1,1,금융/보험,5-49인,2025-06-08,2025-06-08,2026-06-08,12,0,0,Premium,Priority
CUST_01807,CUST_01807_C1,1,제조업,5-49인,2024-01-17,2024-01-17,2025-01-17,12,0,0,Basic,Standard
CUST_01808,CUST_01808_C1,1,제조업,5-49인,2022-09-30,2022-09-30,2023-09-30,12,0,0,Basic,Standard
CUST_01808,CUST_01808_C2,2,제조업,5-49인,2022-09-30,2023-10-01,2024-10-01,12,13,1,Basic,Standard
CUST_01809,CUST_01809_C1,1,제조업,5-49인,2022-07-15,2022-07-15,2025-07-15,36,0,0,Basic,Priority
CUST_01810,CUST_01810_C1,1,유통/커머스,5-49인,2024-05-16,2024-05-16,2025-05-16,12,0,0,Basic,Standard
CUST_01810,CUST_01810_C2,2,유통/커머스,5-49인,2024-05-16,2025-05-17,2027-05-17,24,12,1,Basic,Standard
CUST_01811,CUST_01811_C1,1,물류/운송,5-49인,2024-11-11,2024-11-11,2025-11-11,12,0,0,Basic,Standard
CUST_01811,CUST_01811_C2,2,물류/운송,5-49인,2024-11-11,2025-11-12,2026-11-12,12,12,1,Basic,Standard
CUST_01812,CUST_01812_C1,1,IT/소프트웨어,5-49인,2026-02-17,2026-02-17,2027-02-17,12,0,0,Basic,Standard
CUST_01813,CUST_01813_C1,1,IT/소프트웨어,5-49인,2023-12-27,2023-12-27,2024-12-27,12,0,0,Standard,Priority
CUST_01814,CUST_01814_C1,1,교육,5-49인,2024-06-07,2024-06-07,2025-06-07,12,0,0,Basic,Standard
CUST_01815,CUST_01815_C1,1,교육,5-49인,2025-10-22,2025-10-22,2027-10-22,24,0,0,Basic,Standard
CUST_01816,CUST_01816_C1,1,기타서비스업,5-49인,2021-11-26,2021-11-26,2023-11-26,24,0,0,Standard,Enterprise
CUST_01816,CUST_01816_C2,2,기타서비스업,5-49인,2021-11-26,2023-11-27,2024-11-27,12,24,1,Standard,Standard
CUST_01817,CUST_01817_C1,1,유통/커머스,5-49인,2025-03-17,2025-03-17,2027-03-17,24,0,0,Standard,Standard
CUST_01818,CUST_01818_C1,1,IT/소프트웨어,5-49인,2025-06-25,2025-06-25,2026-06-25,12,0,0,Standard,Priority
CUST_01819,CUST_01819_C1,1,제조업,5-49인,2024-04-09,2024-04-09,2026-04-09,24,0,0,Basic,Priority
CUST_01819,CUST_01819_C2,2,제조업,5-49인,2024-04-09,2026-04-10,2027-04-10,12,24,1,Basic,Standard
CUST_01820,CUST_01820_C1,1,금융/보험,5-49인,2023-02-12,2023-02-12,2026-02-12,36,0,0,Basic,Standard
CUST_01821,CUST_01821_C1,1,유통/커머스,5-49인,2025-05-15,2025-05-15,2026-05-15,12,0,0,Basic,Standard
CUST_01822,CUST_01822_C1,1,금융/보험,5-49인,2023-03-13,2023-03-13,2026-03-13,36,0,0,Standard,Standard
CUST_01822,CUST_01822_C2,2,금융/보험,5-49인,2023-03-13,2026-03-14,2027-03-14,12,36,1,Standard,Enterprise
CUST_01823,CUST_01823_C1,1,제조업,5-49인,2025-06-02,2025-06-02,2026-06-02,12,0,0,Standard,Priority
CUST_01823,CUST_01823_C2,2,제조업,5-49인,2025-06-02,2026-06-03,2027-06-03,12,12,1,Standard,Priority
CUST_01824,CUST_01824_C1,1,제조업,5-49인,2024-12-02,2024-12-02,2026-12-02,24,0,0,Basic,Priority
CUST_01825,CUST_01825_C1,1,IT/소프트웨어,5-49인,2025-01-17,2025-01-17,2026-01-17,12,0,0,Standard,Enterprise
CUST_01825,CUST_01825_C2,2,IT/소프트웨어,5-49인,2025-01-17,2026-01-18,2028-01-18,24,12,1,Standard,Priority
CUST_01826,CUST_01826_C1,1,IT/소프트웨어,5-49인,2025-09-22,2025-09-22,2027-09-22,24,0,0,Basic,Standard
CUST_01827,CUST_01827_C1,1,IT/소프트웨어,5-49인,2023-05-30,2023-05-30,2025-05-30,24,0,0,Standard,Priority
CUST_01828,CUST_01828_C1,1,물류/운송,5-49인,2026-03-07,2026-03-07,2027-03-07,12,0,0,Standard,Priority
CUST_01828,CUST_01828_C2,2,물류/운송,5-49인,2026-03-07,2027-03-08,2028-03-08,12,12,1,Standard,Priority
CUST_01829,CUST_01829_C1,1,IT/소프트웨어,50-299인,2023-03-22,2023-03-22,2024-03-22,12,0,0,Premium,Enterprise
CUST_01830,CUST_01830_C1,1,IT/소프트웨어,5-49인,2025-12-16,2025-12-16,2026-12-16,12,0,0,Basic,Standard
CUST_01831,CUST_01831_C1,1,제조업,5-49인,2026-05-29,2026-05-29,2027-05-29,12,0,0,Basic,Priority
CUST_01831,CUST_01831_C2,2,제조업,5-49인,2026-05-29,2027-05-30,2028-05-30,12,12,1,Basic,Standard
CUST_01832,CUST_01832_C1,1,IT/소프트웨어,5-49인,2024-01-29,2024-01-29,2027-01-29,36,0,0,Basic,Standard
CUST_01832,CUST_01832_C2,2,IT/소프트웨어,5-49인,2024-01-29,2027-01-30,2028-01-30,12,36,1,Basic,Priority
CUST_01832,CUST_01832_C3,3,IT/소프트웨어,5-49인,2024-01-29,2028-01-31,2029-01-31,12,48,2,Basic,Standard
CUST_01833,CUST_01833_C1,1,제조업,5-49인,2022-06-12,2022-06-12,2025-06-12,36,0,0,Standard,Priority
CUST_01834,CUST_01834_C1,1,의료/헬스케어,5-49인,2026-04-05,2026-04-05,2028-04-05,24,0,0,Standard,Standard
CUST_01834,CUST_01834_C2,2,의료/헬스케어,5-49인,2026-04-05,2028-04-06,2030-04-06,24,24,1,Standard,Enterprise
CUST_01834,CUST_01834_C3,3,의료/헬스케어,5-49인,2026-04-05,2030-04-07,2032-04-07,24,48,2,Standard,Priority
CUST_01835,CUST_01835_C1,1,금융/보험,5-49인,2025-05-28,2025-05-28,2027-05-28,24,0,0,Basic,Priority
CUST_01836,CUST_01836_C1,1,교육,5-49인,2025-04-25,2025-04-25,2027-04-25,24,0,0,Basic,Standard
CUST_01837,CUST_01837_C1,1,기타서비스업,5-49인,2022-07-12,2022-07-12,2025-07-12,36,0,0,Standard,Standard
CUST_01838,CUST_01838_C1,1,금융/보험,5-49인,2024-09-27,2024-09-27,2025-09-27,12,0,0,Standard,Priority
CUST_01839,CUST_01839_C1,1,물류/운송,5-49인,2024-11-24,2024-11-24,2025-11-24,12,0,0,Basic,Standard
CUST_01839,CUST_01839_C2,2,물류/운송,5-49인,2024-11-24,2025-11-25,2027-11-25,24,12,1,Basic,Standard
CUST_01839,CUST_01839_C3,3,물류/운송,5-49인,2024-11-24,2027-11-26,2028-11-26,12,36,2,Basic,Standard
CUST_01840,CUST_01840_C1,1,제조업,5-49인,2025-05-03,2025-05-03,2027-05-03,24,0,0,Basic,Standard
CUST_01840,CUST_01840_C2,2,제조업,5-49인,2025-05-03,2027-05-04,2029-05-04,24,24,1,Basic,Standard
CUST_01840,CUST_01840_C3,3,제조업,5-49인,2025-05-03,2029-05-05,2030-05-05,12,48,2,Basic,Standard
CUST_01841,CUST_01841_C1,1,교육,5-49인,2022-08-01,2022-08-01,2025-08-01,36,0,0,Basic,Standard
CUST_01842,CUST_01842_C1,1,제조업,5-49인,2022-04-03,2022-04-03,2024-04-03,24,0,0,Basic,Standard
CUST_01842,CUST_01842_C2,2,제조업,5-49인,2022-04-03,2024-04-04,2025-04-04,12,24,1,Basic,Priority
CUST_01842,CUST_01842_C3,3,제조업,5-49인,2022-04-03,2025-04-05,2027-04-05,24,36,2,Basic,Enterprise
CUST_01843,CUST_01843_C1,1,유통/커머스,300인이상,2026-02-15,2026-02-15,2027-02-15,12,0,0,Premium,Enterprise
CUST_01843,CUST_01843_C2,2,유통/커머스,300인이상,2026-02-15,2027-02-16,2029-02-16,24,12,1,Premium,Enterprise
CUST_01844,CUST_01844_C1,1,교육,5-49인,2025-11-10,2025-11-10,2026-11-10,12,0,0,Standard,Priority
CUST_01845,CUST_01845_C1,1,IT/소프트웨어,5-49인,2023-06-30,2023-06-30,2025-06-30,24,0,0,Standard,Priority
CUST_01846,CUST_01846_C1,1,교육,5-49인,2022-08-12,2022-08-12,2023-08-12,12,0,0,Basic,Standard
CUST_01847,CUST_01847_C1,1,금융/보험,50-299인,2022-02-17,2022-02-17,2024-02-17,24,0,0,Basic,Standard
CUST_01848,CUST_01848_C1,1,유통/커머스,5-49인,2026-01-16,2026-01-16,2027-01-16,12,0,0,Standard,Standard
CUST_01849,CUST_01849_C1,1,유통/커머스,5-49인,2022-05-27,2022-05-27,2024-05-27,24,0,0,Basic,Standard
CUST_01849,CUST_01849_C2,2,유통/커머스,5-49인,2022-05-27,2024-05-28,2027-05-28,36,24,1,Basic,Priority
CUST_01849,CUST_01849_C3,3,유통/커머스,5-49인,2022-05-27,2027-05-29,2028-05-29,12,60,2,Basic,Standard
CUST_01850,CUST_01850_C1,1,유통/커머스,5-49인,2024-05-19,2024-05-19,2025-05-19,12,0,0,Premium,Enterprise
CUST_01850,CUST_01850_C2,2,유통/커머스,5-49인,2024-05-19,2025-05-20,2026-05-20,12,12,1,Premium,Priority
CUST_01850,CUST_01850_C3,3,유통/커머스,5-49인,2024-05-19,2026-05-21,2028-05-21,24,24,2,Premium,Enterprise
CUST_01851,CUST_01851_C1,1,IT/소프트웨어,5-49인,2021-12-29,2021-12-29,2023-12-29,24,0,0,Basic,Priority
CUST_01852,CUST_01852_C1,1,금융/보험,5-49인,2025-07-17,2025-07-17,2026-07-17,12,0,0,Standard,Priority
CUST_01852,CUST_01852_C2,2,금융/보험,5-49인,2025-07-17,2026-07-18,2028-07-18,24,12,1,Standard,Enterprise
CUST_01853,CUST_01853_C1,1,IT/소프트웨어,5-49인,2023-09-28,2023-09-28,2024-09-28,12,0,0,Standard,Priority
CUST_01853,CUST_01853_C2,2,IT/소프트웨어,5-49인,2023-09-28,2024-09-29,2025-09-29,12,12,1,Standard,Standard
CUST_01853,CUST_01853_C3,3,IT/소프트웨어,5-49인,2023-09-28,2025-09-30,2027-09-30,24,24,2,Standard,Priority
CUST_01854,CUST_01854_C1,1,기타서비스업,5-49인,2025-05-31,2025-05-31,2027-05-31,24,0,0,Basic,Priority
CUST_01855,CUST_01855_C1,1,제조업,50-299인,2023-10-08,2023-10-08,2025-10-08,24,0,0,Basic,Priority
CUST_01856,CUST_01856_C1,1,제조업,5-49인,2025-07-19,2025-07-19,2027-07-19,24,0,0,Basic,Standard
CUST_01856,CUST_01856_C2,2,제조업,5-49인,2025-07-19,2027-07-20,2028-07-20,12,24,1,Basic,Standard
CUST_01857,CUST_01857_C1,1,IT/소프트웨어,50-299인,2021-10-24,2021-10-24,2023-10-24,24,0,0,Standard,Priority
CUST_01858,CUST_01858_C1,1,유통/커머스,5-49인,2026-07-28,2026-07-28,2027-07-28,12,0,0,Basic,Priority
CUST_01858,CUST_01858_C2,2,유통/커머스,5-49인,2026-07-28,2027-07-29,2029-07-29,24,12,1,Basic,Standard
CUST_01858,CUST_01858_C3,3,유통/커머스,5-49인,2026-07-28,2029-07-30,2031-07-30,24,36,2,Basic,Priority
CUST_01859,CUST_01859_C1,1,제조업,5-49인,2022-09-09,2022-09-09,2023-09-09,12,0,0,Basic,Standard
CUST_01859,CUST_01859_C2,2,제조업,5-49인,2022-09-09,2023-09-10,2025-09-10,24,12,1,Basic,Standard
CUST_01859,CUST_01859_C3,3,제조업,5-49인,2022-09-09,2025-09-11,2026-09-11,12,36,2,Basic,Standard
CUST_01860,CUST_01860_C1,1,IT/소프트웨어,5-49인,2025-06-08,2025-06-08,2026-06-08,12,0,0,Basic,Standard
CUST_01860,CUST_01860_C2,2,IT/소프트웨어,5-49인,2025-06-08,2026-06-09,2027-06-09,12,12,1,Basic,Standard
CUST_01861,CUST_01861_C1,1,제조업,5-49인,2023-07-13,2023-07-13,2025-07-13,24,0,0,Basic,Enterprise
CUST_01862,CUST_01862_C1,1,유통/커머스,50-299인,2023-08-20,2023-08-20,2025-08-20,24,0,0,Standard,Priority
CUST_01863,CUST_01863_C1,1,IT/소프트웨어,5-49인,2026-03-09,2026-03-09,2028-03-09,24,0,0,Basic,Standard
CUST_01864,CUST_01864_C1,1,IT/소프트웨어,5-49인,2022-06-06,2022-06-06,2024-06-06,24,0,0,Basic,Standard
CUST_01864,CUST_01864_C2,2,IT/소프트웨어,5-49인,2022-06-06,2024-06-07,2026-06-07,24,24,1,Basic,Standard
CUST_01865,CUST_01865_C1,1,기타서비스업,5-49인,2025-03-01,2025-03-01,2026-03-01,12,0,0,Basic,Priority
CUST_01866,CUST_01866_C1,1,금융/보험,50-299인,2024-10-25,2024-10-25,2026-10-25,24,0,0,Basic,Priority
CUST_01867,CUST_01867_C1,1,유통/커머스,5-49인,2026-07-08,2026-07-08,2027-07-08,12,0,0,Basic,Priority
CUST_01868,CUST_01868_C1,1,IT/소프트웨어,50-299인,2024-01-08,2024-01-08,2025-01-08,12,0,0,Basic,Standard
CUST_01869,CUST_01869_C1,1,유통/커머스,50-299인,2022-10-09,2022-10-09,2023-10-09,12,0,0,Standard,Priority
CUST_01869,CUST_01869_C2,2,유통/커머스,50-299인,2022-10-09,2023-10-10,2025-10-10,24,12,1,Standard,Standard
CUST_01869,CUST_01869_C3,3,유통/커머스,50-299인,2022-10-09,2025-10-11,2026-10-11,12,36,2,Standard,Enterprise
CUST_01870,CUST_01870_C1,1,IT/소프트웨어,5-49인,2024-07-16,2024-07-16,2027-07-16,36,0,0,Standard,Standard
CUST_01870,CUST_01870_C2,2,IT/소프트웨어,5-49인,2024-07-16,2027-07-17,2028-07-17,12,36,1,Standard,Priority
CUST_01871,CUST_01871_C1,1,제조업,50-299인,2022-03-11,2022-03-11,2025-03-11,36,0,0,Standard,Priority
CUST_01872,CUST_01872_C1,1,금융/보험,5-49인,2021-11-05,2021-11-05,2023-11-05,24,0,0,Basic,Priority
CUST_01872,CUST_01872_C2,2,금융/보험,5-49인,2021-11-05,2023-11-06,2025-11-06,24,24,1,Basic,Standard
CUST_01872,CUST_01872_C3,3,금융/보험,5-49인,2021-11-05,2025-11-07,2026-11-07,12,48,2,Basic,Standard
CUST_01873,CUST_01873_C1,1,교육,300인이상,2024-05-19,2024-05-19,2026-05-19,24,0,0,Premium,Standard
CUST_01873,CUST_01873_C2,2,교육,300인이상,2024-05-19,2026-05-20,2027-05-20,12,24,1,Premium,Enterprise
CUST_01874,CUST_01874_C1,1,의료/헬스케어,5-49인,2023-02-06,2023-02-06,2025-02-06,24,0,0,Basic,Standard
CUST_01875,CUST_01875_C1,1,유통/커머스,5-49인,2023-04-01,2023-04-01,2024-04-01,12,0,0,Basic,Standard
CUST_01876,CUST_01876_C1,1,기타서비스업,5-49인,2023-02-22,2023-02-22,2024-02-22,12,0,0,Standard,Priority
CUST_01876,CUST_01876_C2,2,기타서비스업,5-49인,2023-02-22,2024-02-23,2025-02-23,12,12,1,Standard,Priority
CUST_01877,CUST_01877_C1,1,물류/운송,5-49인,2022-08-01,2022-08-01,2024-08-01,24,0,0,Basic,Standard
CUST_01877,CUST_01877_C2,2,물류/운송,5-49인,2022-08-01,2024-08-02,2025-08-02,12,24,1,Basic,Priority
CUST_01878,CUST_01878_C1,1,교육,50-299인,2023-01-01,2023-01-01,2024-01-01,12,0,0,Premium,Enterprise
CUST_01879,CUST_01879_C1,1,유통/커머스,50-299인,2024-02-18,2024-02-18,2026-02-18,24,0,0,Premium,Standard
CUST_01879,CUST_01879_C2,2,유통/커머스,50-299인,2024-02-18,2026-02-19,2029-02-19,36,24,1,Premium,Enterprise
CUST_01880,CUST_01880_C1,1,IT/소프트웨어,5-49인,2025-06-23,2025-06-23,2026-06-23,12,0,0,Standard,Priority
CUST_01881,CUST_01881_C1,1,제조업,5-49인,2022-07-12,2022-07-12,2023-07-12,12,0,0,Basic,Standard
CUST_01881,CUST_01881_C2,2,제조업,5-49인,2022-07-12,2023-07-13,2024-07-13,12,12,1,Basic,Priority
CUST_01882,CUST_01882_C1,1,물류/운송,5-49인,2023-11-13,2023-11-13,2024-11-13,12,0,0,Basic,Standard
CUST_01883,CUST_01883_C1,1,IT/소프트웨어,5-49인,2024-01-16,2024-01-16,2026-01-16,24,0,0,Basic,Standard
CUST_01883,CUST_01883_C2,2,IT/소프트웨어,5-49인,2024-01-16,2026-01-17,2027-01-17,12,24,1,Basic,Standard
CUST_01884,CUST_01884_C1,1,유통/커머스,5-49인,2022-09-27,2022-09-27,2023-09-27,12,0,0,Basic,Standard
CUST_01885,CUST_01885_C1,1,기타서비스업,5-49인,2022-11-06,2022-11-06,2023-11-06,12,0,0,Standard,Standard
CUST_01885,CUST_01885_C2,2,기타서비스업,5-49인,2022-11-06,2023-11-07,2025-11-07,24,12,1,Standard,Enterprise
CUST_01886,CUST_01886_C1,1,IT/소프트웨어,5-49인,2025-02-04,2025-02-04,2027-02-04,24,0,0,Basic,Standard
CUST_01887,CUST_01887_C1,1,제조업,5-49인,2021-12-29,2021-12-29,2023-12-29,24,0,0,Basic,Standard
CUST_01887,CUST_01887_C2,2,제조업,5-49인,2021-12-29,2023-12-30,2026-12-30,36,24,1,Basic,Standard
CUST_01887,CUST_01887_C3,3,제조업,5-49인,2021-12-29,2026-12-31,2028-12-31,24,60,2,Basic,Standard
CUST_01888,CUST_01888_C1,1,유통/커머스,5-49인,2025-11-06,2025-11-06,2026-11-06,12,0,0,Basic,Standard
CUST_01889,CUST_01889_C1,1,유통/커머스,5-49인,2022-01-28,2022-01-28,2023-01-28,12,0,0,Standard,Priority
CUST_01890,CUST_01890_C1,1,교육,5-49인,2026-03-25,2026-03-25,2027-03-25,12,0,0,Basic,Standard
CUST_01891,CUST_01891_C1,1,의료/헬스케어,5-49인,2025-03-23,2025-03-23,2027-03-23,24,0,0,Standard,Priority
CUST_01891,CUST_01891_C2,2,의료/헬스케어,5-49인,2025-03-23,2027-03-24,2028-03-24,12,24,1,Standard,Standard
CUST_01892,CUST_01892_C1,1,교육,5-49인,2022-12-26,2022-12-26,2024-12-26,24,0,0,Standard,Standard
CUST_01893,CUST_01893_C1,1,제조업,5-49인,2026-02-07,2026-02-07,2027-02-07,12,0,0,Basic,Standard
CUST_01893,CUST_01893_C2,2,제조업,5-49인,2026-02-07,2027-02-08,2028-02-08,12,12,1,Basic,Standard
CUST_01893,CUST_01893_C3,3,제조업,5-49인,2026-02-07,2028-02-09,2031-02-09,36,24,2,Basic,Standard
CUST_01894,CUST_01894_C1,1,IT/소프트웨어,5-49인,2024-07-18,2024-07-18,2025-07-18,12,0,0,Basic,Priority
CUST_01895,CUST_01895_C1,1,유통/커머스,5-49인,2025-03-03,2025-03-03,2026-03-03,12,0,0,Basic,Standard
CUST_01896,CUST_01896_C1,1,유통/커머스,5-49인,2026-04-11,2026-04-11,2028-04-11,24,0,0,Basic,Standard
CUST_01897,CUST_01897_C1,1,제조업,50-299인,2023-05-30,2023-05-30,2026-05-30,36,0,0,Basic,Standard
CUST_01898,CUST_01898_C1,1,의료/헬스케어,50-299인,2023-09-18,2023-09-18,2025-09-18,24,0,0,Basic,Standard
CUST_01898,CUST_01898_C2,2,의료/헬스케어,50-299인,2023-09-18,2025-09-19,2026-09-19,12,24,1,Basic,Standard
CUST_01899,CUST_01899_C1,1,의료/헬스케어,5-49인,2021-10-20,2021-10-20,2022-10-20,12,0,0,Standard,Standard
CUST_01900,CUST_01900_C1,1,금융/보험,5-49인,2022-01-03,2022-01-03,2025-01-03,36,0,0,Basic,Standard
CUST_01901,CUST_01901_C1,1,의료/헬스케어,50-299인,2024-12-11,2024-12-11,2025-12-11,12,0,0,Basic,Standard
CUST_01901,CUST_01901_C2,2,의료/헬스케어,50-299인,2024-12-11,2025-12-12,2028-12-12,36,12,1,Basic,Standard
CUST_01901,CUST_01901_C3,3,의료/헬스케어,50-299인,2024-12-11,2028-12-13,2029-12-13,12,48,2,Basic,Priority
CUST_01902,CUST_01902_C1,1,제조업,50-299인,2022-06-07,2022-06-07,2024-06-07,24,0,0,Basic,Priority
CUST_01903,CUST_01903_C1,1,유통/커머스,50-299인,2024-02-08,2024-02-08,2027-02-08,36,0,0,Basic,Standard
CUST_01904,CUST_01904_C1,1,유통/커머스,5-49인,2022-04-06,2022-04-06,2025-04-06,36,0,0,Standard,Priority
CUST_01904,CUST_01904_C2,2,유통/커머스,5-49인,2022-04-06,2025-04-07,2027-04-07,24,36,1,Standard,Standard
CUST_01905,CUST_01905_C1,1,의료/헬스케어,5-49인,2025-09-30,2025-09-30,2026-09-30,12,0,0,Basic,Standard
CUST_01905,CUST_01905_C2,2,의료/헬스케어,5-49인,2025-09-30,2026-10-01,2027-10-01,12,13,1,Basic,Standard
CUST_01906,CUST_01906_C1,1,유통/커머스,5-49인,2022-08-28,2022-08-28,2024-08-28,24,0,0,Standard,Priority
CUST_01907,CUST_01907_C1,1,금융/보험,5-49인,2024-08-20,2024-08-20,2025-08-20,12,0,0,Premium,Enterprise
CUST_01908,CUST_01908_C1,1,제조업,5-49인,2025-03-23,2025-03-23,2026-03-23,12,0,0,Standard,Priority
CUST_01908,CUST_01908_C2,2,제조업,5-49인,2025-03-23,2026-03-24,2028-03-24,24,12,1,Standard,Priority
CUST_01909,CUST_01909_C1,1,의료/헬스케어,5-49인,2026-02-15,2026-02-15,2027-02-15,12,0,0,Basic,Standard
CUST_01909,CUST_01909_C2,2,의료/헬스케어,5-49인,2026-02-15,2027-02-16,2028-02-16,12,12,1,Basic,Standard
CUST_01909,CUST_01909_C3,3,의료/헬스케어,5-49인,2026-02-15,2028-02-17,2030-02-17,24,24,2,Basic,Priority
CUST_01910,CUST_01910_C1,1,IT/소프트웨어,5-49인,2023-07-07,2023-07-07,2025-07-07,24,0,0,Basic,Priority
CUST_01911,CUST_01911_C1,1,교육,5-49인,2023-06-11,2023-06-11,2024-06-11,12,0,0,Standard,Priority
CUST_01912,CUST_01912_C1,1,유통/커머스,5-49인,2023-03-15,2023-03-15,2025-03-15,24,0,0,Basic,Standard
CUST_01913,CUST_01913_C1,1,제조업,5-49인,2022-02-09,2022-02-09,2023-02-09,12,0,0,Basic,Priority
CUST_01914,CUST_01914_C1,1,IT/소프트웨어,5-49인,2026-05-30,2026-05-30,2029-05-30,36,0,0,Basic,Standard
CUST_01915,CUST_01915_C1,1,제조업,5-49인,2024-03-22,2024-03-22,2026-03-22,24,0,0,Basic,Standard
CUST_01916,CUST_01916_C1,1,IT/소프트웨어,5-49인,2022-09-17,2022-09-17,2024-09-17,24,0,0,Basic,Priority
CUST_01916,CUST_01916_C2,2,IT/소프트웨어,5-49인,2022-09-17,2024-09-18,2025-09-18,12,24,1,Basic,Standard
CUST_01917,CUST_01917_C1,1,유통/커머스,5-49인,2023-09-08,2023-09-08,2025-09-08,24,0,0,Basic,Standard
CUST_01918,CUST_01918_C1,1,교육,5-49인,2021-12-12,2021-12-12,2024-12-12,36,0,0,Basic,Priority
CUST_01919,CUST_01919_C1,1,유통/커머스,5-49인,2025-09-03,2025-09-03,2026-09-03,12,0,0,Basic,Standard
CUST_01919,CUST_01919_C2,2,유통/커머스,5-49인,2025-09-03,2026-09-04,2028-09-04,24,12,1,Basic,Priority
CUST_01919,CUST_01919_C3,3,유통/커머스,5-49인,2025-09-03,2028-09-05,2029-09-05,12,36,2,Basic,Standard
CUST_01920,CUST_01920_C1,1,IT/소프트웨어,5-49인,2023-12-12,2023-12-12,2024-12-12,12,0,0,Basic,Enterprise
CUST_01921,CUST_01921_C1,1,제조업,5-49인,2025-11-20,2025-11-20,2026-11-20,12,0,0,Basic,Standard
CUST_01921,CUST_01921_C2,2,제조업,5-49인,2025-11-20,2026-11-21,2028-11-21,24,12,1,Basic,Standard
CUST_01922,CUST_01922_C1,1,제조업,5-49인,2022-05-30,2022-05-30,2023-05-30,12,0,0,Standard,Standard
CUST_01923,CUST_01923_C1,1,금융/보험,5-49인,2022-10-25,2022-10-25,2023-10-25,12,0,0,Basic,Standard
CUST_01923,CUST_01923_C2,2,금융/보험,5-49인,2022-10-25,2023-10-26,2024-10-26,12,12,1,Basic,Priority
CUST_01924,CUST_01924_C1,1,기타서비스업,5-49인,2021-10-21,2021-10-21,2022-10-21,12,0,0,Standard,Priority
CUST_01924,CUST_01924_C2,2,기타서비스업,5-49인,2021-10-21,2022-10-22,2024-10-22,24,12,1,Standard,Standard
CUST_01924,CUST_01924_C3,3,기타서비스업,5-49인,2021-10-21,2024-10-23,2026-10-23,24,36,2,Standard,Priority
CUST_01925,CUST_01925_C1,1,제조업,5-49인,2024-07-06,2024-07-06,2025-07-06,12,0,0,Basic,Standard
CUST_01926,CUST_01926_C1,1,금융/보험,50-299인,2023-12-05,2023-12-05,2025-12-05,24,0,0,Premium,Priority
CUST_01927,CUST_01927_C1,1,IT/소프트웨어,5-49인,2026-06-30,2026-06-30,2028-06-30,24,0,0,Basic,Priority
CUST_01928,CUST_01928_C1,1,물류/운송,50-299인,2025-09-22,2025-09-22,2028-09-22,36,0,0,Standard,Priority
CUST_01928,CUST_01928_C2,2,물류/운송,50-299인,2025-09-22,2028-09-23,2030-09-23,24,36,1,Standard,Priority
CUST_01929,CUST_01929_C1,1,제조업,5-49인,2023-01-19,2023-01-19,2025-01-19,24,0,0,Basic,Standard
CUST_01930,CUST_01930_C1,1,금융/보험,5-49인,2023-02-15,2023-02-15,2024-02-15,12,0,0,Premium,Enterprise
CUST_01931,CUST_01931_C1,1,유통/커머스,5-49인,2025-04-16,2025-04-16,2027-04-16,24,0,0,Standard,Priority
CUST_01931,CUST_01931_C2,2,유통/커머스,5-49인,2025-04-16,2027-04-17,2030-04-17,36,24,1,Standard,Priority
CUST_01932,CUST_01932_C1,1,의료/헬스케어,5-49인,2023-04-07,2023-04-07,2025-04-07,24,0,0,Basic,Standard
CUST_01933,CUST_01933_C1,1,금융/보험,5-49인,2025-04-21,2025-04-21,2027-04-21,24,0,0,Basic,Standard
CUST_01934,CUST_01934_C1,1,IT/소프트웨어,50-299인,2026-02-08,2026-02-08,2027-02-08,12,0,0,Basic,Priority
CUST_01934,CUST_01934_C2,2,IT/소프트웨어,50-299인,2026-02-08,2027-02-09,2029-02-09,24,12,1,Basic,Standard
CUST_01934,CUST_01934_C3,3,IT/소프트웨어,50-299인,2026-02-08,2029-02-10,2031-02-10,24,36,2,Basic,Priority
CUST_01935,CUST_01935_C1,1,교육,50-299인,2022-01-26,2022-01-26,2024-01-26,24,0,0,Standard,Priority
CUST_01936,CUST_01936_C1,1,교육,5-49인,2025-10-13,2025-10-13,2027-10-13,24,0,0,Basic,Standard
CUST_01936,CUST_01936_C2,2,교육,5-49인,2025-10-13,2027-10-14,2029-10-14,24,24,1,Basic,Standard
CUST_01937,CUST_01937_C1,1,유통/커머스,5-49인,2023-08-23,2023-08-23,2024-08-23,12,0,0,Basic,Standard
CUST_01938,CUST_01938_C1,1,금융/보험,5-49인,2025-03-01,2025-03-01,2028-03-01,36,0,0,Standard,Standard
CUST_01939,CUST_01939_C1,1,금융/보험,5-49인,2021-11-05,2021-11-05,2022-11-05,12,0,0,Basic,Standard
CUST_01939,CUST_01939_C2,2,금융/보험,5-49인,2021-11-05,2022-11-06,2024-11-06,24,12,1,Basic,Enterprise
CUST_01940,CUST_01940_C1,1,금융/보험,50-299인,2022-03-09,2022-03-09,2024-03-09,24,0,0,Standard,Enterprise
CUST_01941,CUST_01941_C1,1,금융/보험,5-49인,2022-03-30,2022-03-30,2023-03-30,12,0,0,Standard,Standard
CUST_01942,CUST_01942_C1,1,제조업,5-49인,2025-11-21,2025-11-21,2026-11-21,12,0,0,Premium,Standard
CUST_01943,CUST_01943_C1,1,제조업,5-49인,2022-10-05,2022-10-05,2023-10-05,12,0,0,Basic,Standard
CUST_01943,CUST_01943_C2,2,제조업,5-49인,2022-10-05,2023-10-06,2025-10-06,24,12,1,Basic,Priority
CUST_01943,CUST_01943_C3,3,제조업,5-49인,2022-10-05,2025-10-07,2026-10-07,12,36,2,Basic,Standard
CUST_01944,CUST_01944_C1,1,물류/운송,5-49인,2025-12-05,2025-12-05,2028-12-05,36,0,0,Basic,Standard
CUST_01944,CUST_01944_C2,2,물류/운송,5-49인,2025-12-05,2028-12-06,2029-12-06,12,36,1,Basic,Standard
CUST_01945,CUST_01945_C1,1,금융/보험,5-49인,2021-12-30,2021-12-30,2022-12-30,12,0,0,Standard,Enterprise
CUST_01946,CUST_01946_C1,1,유통/커머스,5-49인,2022-07-09,2022-07-09,2024-07-09,24,0,0,Standard,Standard
CUST_01946,CUST_01946_C2,2,유통/커머스,5-49인,2022-07-09,2024-07-10,2027-07-10,36,24,1,Standard,Priority
CUST_01947,CUST_01947_C1,1,IT/소프트웨어,5-49인,2021-09-29,2021-09-29,2023-09-29,24,0,0,Basic,Standard
CUST_01948,CUST_01948_C1,1,의료/헬스케어,50-299인,2023-01-09,2023-01-09,2025-01-09,24,0,0,Standard,Priority
CUST_01949,CUST_01949_C1,1,교육,5-49인,2022-09-23,2022-09-23,2025-09-23,36,0,0,Basic,Standard
CUST_01949,CUST_01949_C2,2,교육,5-49인,2022-09-23,2025-09-24,2028-09-24,36,36,1,Basic,Priority
CUST_01949,CUST_01949_C3,3,교육,5-49인,2022-09-23,2028-09-25,2030-09-25,24,72,2,Basic,Standard
CUST_01950,CUST_01950_C1,1,IT/소프트웨어,5-49인,2026-02-23,2026-02-23,2027-02-23,12,0,0,Basic,Priority
CUST_01951,CUST_01951_C1,1,제조업,5-49인,2025-02-10,2025-02-10,2026-02-10,12,0,0,Standard,Priority
CUST_01951,CUST_01951_C2,2,제조업,5-49인,2025-02-10,2026-02-11,2027-02-11,12,12,1,Standard,Enterprise
CUST_01952,CUST_01952_C1,1,금융/보험,5-49인,2023-02-23,2023-02-23,2024-02-23,12,0,0,Basic,Standard
CUST_01953,CUST_01953_C1,1,IT/소프트웨어,50-299인,2023-12-27,2023-12-27,2024-12-27,12,0,0,Standard,Priority
CUST_01953,CUST_01953_C2,2,IT/소프트웨어,50-299인,2023-12-27,2024-12-28,2025-12-28,12,12,1,Standard,Priority
CUST_01953,CUST_01953_C3,3,IT/소프트웨어,50-299인,2023-12-27,2025-12-29,2026-12-29,12,24,2,Standard,Standard
CUST_01954,CUST_01954_C1,1,유통/커머스,5-49인,2026-02-15,2026-02-15,2027-02-15,12,0,0,Basic,Priority
CUST_01955,CUST_01955_C1,1,의료/헬스케어,5-49인,2023-06-10,2023-06-10,2024-06-10,12,0,0,Standard,Enterprise
CUST_01955,CUST_01955_C2,2,의료/헬스케어,5-49인,2023-06-10,2024-06-11,2026-06-11,24,12,1,Standard,Standard
CUST_01955,CUST_01955_C3,3,의료/헬스케어,5-49인,2023-06-10,2026-06-12,2027-06-12,12,36,2,Standard,Standard
CUST_01956,CUST_01956_C1,1,제조업,5-49인,2022-08-27,2022-08-27,2024-08-27,24,0,0,Basic,Standard
CUST_01957,CUST_01957_C1,1,제조업,5-49인,2025-07-16,2025-07-16,2027-07-16,24,0,0,Basic,Standard
CUST_01958,CUST_01958_C1,1,제조업,300인이상,2023-11-01,2023-11-01,2025-11-01,24,0,0,Premium,Enterprise
CUST_01959,CUST_01959_C1,1,IT/소프트웨어,5-49인,2024-08-23,2024-08-23,2025-08-23,12,0,0,Basic,Priority
CUST_01960,CUST_01960_C1,1,IT/소프트웨어,50-299인,2022-08-17,2022-08-17,2023-08-17,12,0,0,Standard,Standard
CUST_01961,CUST_01961_C1,1,제조업,5-49인,2025-05-23,2025-05-23,2027-05-23,24,0,0,Standard,Priority
CUST_01961,CUST_01961_C2,2,제조업,5-49인,2025-05-23,2027-05-24,2028-05-24,12,24,1,Standard,Standard
CUST_01962,CUST_01962_C1,1,제조업,5-49인,2023-04-02,2023-04-02,2026-04-02,36,0,0,Basic,Standard
CUST_01962,CUST_01962_C2,2,제조업,5-49인,2023-04-02,2026-04-03,2027-04-03,12,36,1,Basic,Priority
CUST_01962,CUST_01962_C3,3,제조업,5-49인,2023-04-02,2027-04-04,2028-04-04,12,48,2,Basic,Standard
CUST_01963,CUST_01963_C1,1,금융/보험,5-49인,2023-07-25,2023-07-25,2024-07-25,12,0,0,Basic,Standard
CUST_01964,CUST_01964_C1,1,금융/보험,5-49인,2024-01-15,2024-01-15,2025-01-15,12,0,0,Standard,Priority
CUST_01965,CUST_01965_C1,1,물류/운송,5-49인,2025-05-12,2025-05-12,2028-05-12,36,0,0,Basic,Standard
CUST_01966,CUST_01966_C1,1,IT/소프트웨어,50-299인,2024-12-24,2024-12-24,2027-12-24,36,0,0,Premium,Enterprise
CUST_01967,CUST_01967_C1,1,유통/커머스,5-49인,2026-07-12,2026-07-12,2028-07-12,24,0,0,Basic,Standard
CUST_01967,CUST_01967_C2,2,유통/커머스,5-49인,2026-07-12,2028-07-13,2031-07-13,36,24,1,Basic,Standard
CUST_01968,CUST_01968_C1,1,IT/소프트웨어,50-299인,2024-04-23,2024-04-23,2026-04-23,24,0,0,Standard,Enterprise
CUST_01969,CUST_01969_C1,1,유통/커머스,5-49인,2025-06-08,2025-06-08,2026-06-08,12,0,0,Standard,Priority
CUST_01969,CUST_01969_C2,2,유통/커머스,5-49인,2025-06-08,2026-06-09,2028-06-09,24,12,1,Standard,Enterprise
CUST_01969,CUST_01969_C3,3,유통/커머스,5-49인,2025-06-08,2028-06-10,2029-06-10,12,36,2,Standard,Priority
CUST_01970,CUST_01970_C1,1,IT/소프트웨어,50-299인,2022-10-17,2022-10-17,2023-10-17,12,0,0,Basic,Standard
CUST_01971,CUST_01971_C1,1,유통/커머스,5-49인,2021-11-03,2021-11-03,2022-11-03,12,0,0,Basic,Priority
CUST_01971,CUST_01971_C2,2,유통/커머스,5-49인,2021-11-03,2022-11-04,2023-11-04,12,12,1,Basic,Priority
CUST_01972,CUST_01972_C1,1,물류/운송,5-49인,2022-05-27,2022-05-27,2025-05-27,36,0,0,Standard,Priority
CUST_01973,CUST_01973_C1,1,제조업,5-49인,2023-04-07,2023-04-07,2025-04-07,24,0,0,Standard,Priority
CUST_01974,CUST_01974_C1,1,유통/커머스,5-49인,2024-05-27,2024-05-27,2025-05-27,12,0,0,Basic,Standard
CUST_01975,CUST_01975_C1,1,IT/소프트웨어,50-299인,2022-01-30,2022-01-30,2023-01-30,12,0,0,Premium,Priority
CUST_01975,CUST_01975_C2,2,IT/소프트웨어,50-299인,2022-01-30,2023-01-31,2025-01-31,24,12,1,Standard,Priority
CUST_01976,CUST_01976_C1,1,유통/커머스,5-49인,2024-03-27,2024-03-27,2025-03-27,12,0,0,Basic,Standard
CUST_01977,CUST_01977_C1,1,유통/커머스,50-299인,2022-02-26,2022-02-26,2023-02-26,12,0,0,Standard,Priority
CUST_01978,CUST_01978_C1,1,기타서비스업,5-49인,2022-12-18,2022-12-18,2023-12-18,12,0,0,Basic,Standard
CUST_01978,CUST_01978_C2,2,기타서비스업,5-49인,2022-12-18,2023-12-19,2024-12-19,12,12,1,Basic,Standard
CUST_01979,CUST_01979_C1,1,의료/헬스케어,5-49인,2025-11-01,2025-11-01,2027-11-01,24,0,0,Basic,Standard
CUST_01980,CUST_01980_C1,1,금융/보험,5-49인,2024-01-21,2024-01-21,2025-01-21,12,0,0,Basic,Standard
CUST_01980,CUST_01980_C2,2,금융/보험,5-49인,2024-01-21,2025-01-22,2026-01-22,12,12,1,Basic,Standard
CUST_01980,CUST_01980_C3,3,금융/보험,5-49인,2024-01-21,2026-01-23,2027-01-23,12,24,2,Basic,Standard
CUST_01981,CUST_01981_C1,1,제조업,5-49인,2023-11-09,2023-11-09,2024-11-09,12,0,0,Basic,Standard
CUST_01981,CUST_01981_C2,2,제조업,5-49인,2023-11-09,2024-11-10,2026-11-10,24,12,1,Basic,Standard
CUST_01982,CUST_01982_C1,1,의료/헬스케어,5-49인,2025-12-24,2025-12-24,2026-12-24,12,0,0,Basic,Standard
CUST_01983,CUST_01983_C1,1,IT/소프트웨어,5-49인,2023-11-28,2023-11-28,2025-11-28,24,0,0,Standard,Enterprise
CUST_01984,CUST_01984_C1,1,제조업,5-49인,2026-04-08,2026-04-08,2027-04-08,12,0,0,Standard,Priority
CUST_01984,CUST_01984_C2,2,제조업,5-49인,2026-04-08,2027-04-09,2028-04-09,12,12,1,Standard,Standard
CUST_01985,CUST_01985_C1,1,물류/운송,5-49인,2025-07-10,2025-07-10,2026-07-10,12,0,0,Basic,Priority
CUST_01986,CUST_01986_C1,1,유통/커머스,5-49인,2026-03-20,2026-03-20,2028-03-20,24,0,0,Premium,Enterprise
CUST_01986,CUST_01986_C2,2,유통/커머스,5-49인,2026-03-20,2028-03-21,2029-03-21,12,24,1,Premium,Priority
CUST_01987,CUST_01987_C1,1,기타서비스업,50-299인,2023-07-03,2023-07-03,2026-07-03,36,0,0,Basic,Standard
CUST_01988,CUST_01988_C1,1,교육,5-49인,2023-01-10,2023-01-10,2025-01-10,24,0,0,Standard,Standard
CUST_01989,CUST_01989_C1,1,교육,5-49인,2023-07-22,2023-07-22,2024-07-22,12,0,0,Basic,Standard
CUST_01990,CUST_01990_C1,1,IT/소프트웨어,50-299인,2023-12-02,2023-12-02,2024-12-02,12,0,0,Standard,Enterprise
CUST_01990,CUST_01990_C2,2,IT/소프트웨어,50-299인,2023-12-02,2024-12-03,2025-12-03,12,12,1,Standard,Standard
CUST_01991,CUST_01991_C1,1,제조업,5-49인,2025-03-30,2025-03-30,2026-03-30,12,0,0,Premium,Priority
CUST_01992,CUST_01992_C1,1,IT/소프트웨어,5-49인,2021-10-15,2021-10-15,2022-10-15,12,0,0,Basic,Standard
CUST_01993,CUST_01993_C1,1,IT/소프트웨어,5-49인,2026-01-06,2026-01-06,2027-01-06,12,0,0,Basic,Standard
CUST_01994,CUST_01994_C1,1,교육,5-49인,2025-07-29,2025-07-29,2028-07-29,36,0,0,Basic,Standard
CUST_01995,CUST_01995_C1,1,물류/운송,5-49인,2023-11-09,2023-11-09,2024-11-09,12,0,0,Basic,Standard
CUST_01996,CUST_01996_C1,1,물류/운송,5-49인,2024-05-23,2024-05-23,2025-05-23,12,0,0,Basic,Standard
CUST_01996,CUST_01996_C2,2,물류/운송,5-49인,2024-05-23,2025-05-24,2026-05-24,12,12,1,Basic,Standard
CUST_01997,CUST_01997_C1,1,유통/커머스,5-49인,2025-08-17,2025-08-17,2026-08-17,12,0,0,Standard,Enterprise
CUST_01998,CUST_01998_C1,1,유통/커머스,5-49인,2022-05-07,2022-05-07,2023-05-07,12,0,0,Standard,Priority
CUST_01999,CUST_01999_C1,1,제조업,5-49인,2023-09-03,2023-09-03,2026-09-03,36,0,0,Basic,Standard
CUST_02000,CUST_02000_C1,1,금융/보험,5-49인,2026-04-23,2026-04-23,2028-04-23,24,0,0,Premium,Priority
CUST_02001,CUST_02001_C1,1,의료/헬스케어,5-49인,2025-09-03,2025-09-03,2026-09-03,12,0,0,Standard,Standard
CUST_02001,CUST_02001_C2,2,의료/헬스케어,5-49인,2025-09-03,2026-09-04,2028-09-04,24,12,1,Standard,Priority
CUST_02002,CUST_02002_C1,1,유통/커머스,5-49인,2026-02-13,2026-02-13,2028-02-13,24,0,0,Basic,Standard
CUST_02003,CUST_02003_C1,1,IT/소프트웨어,50-299인,2023-08-28,2023-08-28,2024-08-28,12,0,0,Premium,Standard
CUST_02004,CUST_02004_C1,1,교육,5-49인,2023-06-12,2023-06-12,2026-06-12,36,0,0,Standard,Standard
CUST_02005,CUST_02005_C1,1,IT/소프트웨어,5-49인,2026-02-25,2026-02-25,2027-02-25,12,0,0,Premium,Standard
CUST_02005,CUST_02005_C2,2,IT/소프트웨어,5-49인,2026-02-25,2027-02-26,2028-02-26,12,12,1,Premium,Enterprise
CUST_02006,CUST_02006_C1,1,IT/소프트웨어,5-49인,2022-10-13,2022-10-13,2023-10-13,12,0,0,Basic,Standard
CUST_02006,CUST_02006_C2,2,IT/소프트웨어,5-49인,2022-10-13,2023-10-14,2024-10-14,12,12,1,Basic,Standard
CUST_02007,CUST_02007_C1,1,유통/커머스,5-49인,2022-12-13,2022-12-13,2023-12-13,12,0,0,Basic,Priority
CUST_02007,CUST_02007_C2,2,유통/커머스,5-49인,2022-12-13,2023-12-14,2024-12-14,12,12,1,Basic,Standard
CUST_02008,CUST_02008_C1,1,IT/소프트웨어,50-299인,2025-01-27,2025-01-27,2026-01-27,12,0,0,Basic,Priority
CUST_02008,CUST_02008_C2,2,IT/소프트웨어,50-299인,2025-01-27,2026-01-28,2027-01-28,12,12,1,Basic,Standard
CUST_02008,CUST_02008_C3,3,IT/소프트웨어,50-299인,2025-01-27,2027-01-29,2030-01-29,36,24,2,Basic,Standard
CUST_02009,CUST_02009_C1,1,제조업,5-49인,2023-08-06,2023-08-06,2025-08-06,24,0,0,Basic,Standard
CUST_02009,CUST_02009_C2,2,제조업,5-49인,2023-08-06,2025-08-07,2026-08-07,12,24,1,Basic,Standard
CUST_02010,CUST_02010_C1,1,의료/헬스케어,5-49인,2025-11-16,2025-11-16,2026-11-16,12,0,0,Premium,Enterprise
CUST_02011,CUST_02011_C1,1,IT/소프트웨어,50-299인,2024-02-27,2024-02-27,2026-02-27,24,0,0,Basic,Standard
CUST_02012,CUST_02012_C1,1,IT/소프트웨어,5-49인,2024-02-09,2024-02-09,2025-02-09,12,0,0,Standard,Priority
CUST_02013,CUST_02013_C1,1,유통/커머스,50-299인,2024-04-23,2024-04-23,2027-04-23,36,0,0,Standard,Standard
CUST_02014,CUST_02014_C1,1,제조업,5-49인,2026-07-17,2026-07-17,2027-07-17,12,0,0,Basic,Standard
CUST_02015,CUST_02015_C1,1,물류/운송,5-49인,2024-09-22,2024-09-22,2026-09-22,24,0,0,Basic,Standard
CUST_02016,CUST_02016_C1,1,금융/보험,5-49인,2024-10-08,2024-10-08,2025-10-08,12,0,0,Basic,Standard
CUST_02016,CUST_02016_C2,2,금융/보험,5-49인,2024-10-08,2025-10-09,2027-10-09,24,12,1,Basic,Priority
CUST_02017,CUST_02017_C1,1,금융/보험,50-299인,2022-03-18,2022-03-18,2023-03-18,12,0,0,Basic,Standard
CUST_02017,CUST_02017_C2,2,금융/보험,50-299인,2022-03-18,2023-03-19,2024-03-19,12,12,1,Basic,Standard
CUST_02017,CUST_02017_C3,3,금융/보험,50-299인,2022-03-18,2024-03-20,2026-03-20,24,24,2,Basic,Standard
CUST_02018,CUST_02018_C1,1,물류/운송,5-49인,2023-11-29,2023-11-29,2024-11-29,12,0,0,Standard,Enterprise
CUST_02019,CUST_02019_C1,1,제조업,5-49인,2026-05-30,2026-05-30,2027-05-30,12,0,0,Basic,Standard
CUST_02019,CUST_02019_C2,2,제조업,5-49인,2026-05-30,2027-05-31,2029-05-31,24,12,1,Basic,Standard
CUST_02019,CUST_02019_C3,3,제조업,5-49인,2026-05-30,2029-06-01,2030-06-01,12,37,2,Basic,Standard
CUST_02020,CUST_02020_C1,1,기타서비스업,5-49인,2025-07-28,2025-07-28,2028-07-28,36,0,0,Basic,Standard
CUST_02020,CUST_02020_C2,2,기타서비스업,5-49인,2025-07-28,2028-07-29,2029-07-29,12,36,1,Basic,Standard
CUST_02021,CUST_02021_C1,1,제조업,5-49인,2022-05-23,2022-05-23,2023-05-23,12,0,0,Standard,Enterprise
CUST_02021,CUST_02021_C2,2,제조업,5-49인,2022-05-23,2023-05-24,2024-05-24,12,12,1,Standard,Enterprise
CUST_02022,CUST_02022_C1,1,유통/커머스,50-299인,2024-01-30,2024-01-30,2026-01-30,24,0,0,Standard,Standard
CUST_02023,CUST_02023_C1,1,IT/소프트웨어,5-49인,2022-04-16,2022-04-16,2023-04-16,12,0,0,Basic,Enterprise
CUST_02023,CUST_02023_C2,2,IT/소프트웨어,5-49인,2022-04-16,2023-04-17,2024-04-17,12,12,1,Basic,Priority
CUST_02024,CUST_02024_C1,1,유통/커머스,5-49인,2024-04-15,2024-04-15,2025-04-15,12,0,0,Basic,Standard
CUST_02025,CUST_02025_C1,1,유통/커머스,50-299인,2023-09-21,2023-09-21,2024-09-21,12,0,0,Standard,Priority
CUST_02026,CUST_02026_C1,1,제조업,50-299인,2023-09-21,2023-09-21,2025-09-21,24,0,0,Basic,Enterprise
CUST_02027,CUST_02027_C1,1,제조업,5-49인,2024-07-26,2024-07-26,2025-07-26,12,0,0,Basic,Standard
CUST_02028,CUST_02028_C1,1,IT/소프트웨어,5-49인,2022-11-30,2022-11-30,2024-11-30,24,0,0,Basic,Priority
CUST_02028,CUST_02028_C2,2,IT/소프트웨어,5-49인,2022-11-30,2024-12-01,2026-12-01,24,25,1,Basic,Standard
CUST_02028,CUST_02028_C3,3,IT/소프트웨어,5-49인,2022-11-30,2026-12-02,2028-12-02,24,49,2,Basic,Standard
CUST_02029,CUST_02029_C1,1,의료/헬스케어,5-49인,2024-06-04,2024-06-04,2025-06-04,12,0,0,Basic,Standard
CUST_02030,CUST_02030_C1,1,IT/소프트웨어,50-299인,2025-11-17,2025-11-17,2027-11-17,24,0,0,Standard,Enterprise
CUST_02031,CUST_02031_C1,1,IT/소프트웨어,50-299인,2025-11-19,2025-11-19,2026-11-19,12,0,0,Standard,Priority
CUST_02031,CUST_02031_C2,2,IT/소프트웨어,50-299인,2025-11-19,2026-11-20,2029-11-20,36,12,1,Standard,Enterprise
CUST_02032,CUST_02032_C1,1,유통/커머스,5-49인,2023-03-02,2023-03-02,2026-03-02,36,0,0,Standard,Standard
CUST_02033,CUST_02033_C1,1,제조업,5-49인,2022-03-29,2022-03-29,2024-03-29,24,0,0,Basic,Standard
CUST_02034,CUST_02034_C1,1,유통/커머스,5-49인,2026-02-02,2026-02-02,2028-02-02,24,0,0,Basic,Standard
CUST_02035,CUST_02035_C1,1,제조업,5-49인,2025-11-05,2025-11-05,2026-11-05,12,0,0,Basic,Priority
CUST_02036,CUST_02036_C1,1,제조업,5-49인,2026-08-11,2026-08-11,2027-08-11,12,0,0,Premium,Priority
CUST_02036,CUST_02036_C2,2,제조업,5-49인,2026-08-11,2027-08-12,2028-08-12,12,12,1,Premium,Priority
CUST_02036,CUST_02036_C3,3,제조업,5-49인,2026-08-11,2028-08-13,2029-08-13,12,24,2,Premium,Enterprise
CUST_02037,CUST_02037_C1,1,IT/소프트웨어,5-49인,2022-07-28,2022-07-28,2023-07-28,12,0,0,Basic,Priority
CUST_02038,CUST_02038_C1,1,IT/소프트웨어,5-49인,2025-09-28,2025-09-28,2026-09-28,12,0,0,Basic,Priority
CUST_02038,CUST_02038_C2,2,IT/소프트웨어,5-49인,2025-09-28,2026-09-29,2028-09-29,24,12,1,Basic,Priority
CUST_02039,CUST_02039_C1,1,물류/운송,5-49인,2023-10-05,2023-10-05,2025-10-05,24,0,0,Basic,Priority
CUST_02040,CUST_02040_C1,1,금융/보험,5-49인,2022-08-06,2022-08-06,2023-08-06,12,0,0,Standard,Standard
CUST_02041,CUST_02041_C1,1,제조업,5-49인,2026-07-07,2026-07-07,2027-07-07,12,0,0,Basic,Standard
CUST_02042,CUST_02042_C1,1,IT/소프트웨어,50-299인,2023-03-10,2023-03-10,2024-03-10,12,0,0,Standard,Priority
CUST_02042,CUST_02042_C2,2,IT/소프트웨어,50-299인,2023-03-10,2024-03-11,2025-03-11,12,12,1,Standard,Enterprise
CUST_02043,CUST_02043_C1,1,제조업,5-49인,2022-03-27,2022-03-27,2023-03-27,12,0,0,Basic,Priority
CUST_02044,CUST_02044_C1,1,유통/커머스,5-49인,2023-02-09,2023-02-09,2025-02-09,24,0,0,Standard,Priority
CUST_02045,CUST_02045_C1,1,제조업,5-49인,2024-02-14,2024-02-14,2025-02-14,12,0,0,Basic,Priority
CUST_02046,CUST_02046_C1,1,금융/보험,5-49인,2025-07-01,2025-07-01,2026-07-01,12,0,0,Basic,Standard
CUST_02046,CUST_02046_C2,2,금융/보험,5-49인,2025-07-01,2026-07-02,2029-07-02,36,12,1,Basic,Standard
CUST_02047,CUST_02047_C1,1,유통/커머스,5-49인,2024-05-13,2024-05-13,2025-05-13,12,0,0,Standard,Enterprise
CUST_02048,CUST_02048_C1,1,유통/커머스,5-49인,2024-04-11,2024-04-11,2026-04-11,24,0,0,Standard,Priority
CUST_02049,CUST_02049_C1,1,금융/보험,5-49인,2024-03-09,2024-03-09,2025-03-09,12,0,0,Standard,Enterprise
CUST_02049,CUST_02049_C2,2,금융/보험,5-49인,2024-03-09,2025-03-10,2027-03-10,24,12,1,Standard,Priority
CUST_02050,CUST_02050_C1,1,의료/헬스케어,5-49인,2025-08-17,2025-08-17,2027-08-17,24,0,0,Basic,Priority
CUST_02051,CUST_02051_C1,1,유통/커머스,5-49인,2025-10-08,2025-10-08,2026-10-08,12,0,0,Basic,Standard
CUST_02051,CUST_02051_C2,2,유통/커머스,5-49인,2025-10-08,2026-10-09,2027-10-09,12,12,1,Basic,Standard
CUST_02052,CUST_02052_C1,1,교육,5-49인,2021-10-29,2021-10-29,2022-10-29,12,0,0,Basic,Priority
CUST_02052,CUST_02052_C2,2,교육,5-49인,2021-10-29,2022-10-30,2023-10-30,12,12,1,Basic,Standard
CUST_02053,CUST_02053_C1,1,IT/소프트웨어,5-49인,2021-12-10,2021-12-10,2022-12-10,12,0,0,Standard,Priority
CUST_02053,CUST_02053_C2,2,IT/소프트웨어,5-49인,2021-12-10,2022-12-11,2023-12-11,12,12,1,Standard,Standard
CUST_02054,CUST_02054_C1,1,기타서비스업,5-49인,2025-12-15,2025-12-15,2026-12-15,12,0,0,Basic,Standard
CUST_02055,CUST_02055_C1,1,유통/커머스,5-49인,2023-12-10,2023-12-10,2024-12-10,12,0,0,Basic,Standard
CUST_02056,CUST_02056_C1,1,기타서비스업,5-49인,2025-12-09,2025-12-09,2026-12-09,12,0,0,Basic,Enterprise
CUST_02056,CUST_02056_C2,2,기타서비스업,5-49인,2025-12-09,2026-12-10,2029-12-10,36,12,1,Basic,Priority
CUST_02056,CUST_02056_C3,3,기타서비스업,5-49인,2025-12-09,2029-12-11,2030-12-11,12,48,2,Basic,Priority
CUST_02057,CUST_02057_C1,1,물류/운송,5-49인,2026-05-07,2026-05-07,2027-05-07,12,0,0,Basic,Standard
CUST_02057,CUST_02057_C2,2,물류/운송,5-49인,2026-05-07,2027-05-08,2028-05-08,12,12,1,Basic,Standard
CUST_02058,CUST_02058_C1,1,IT/소프트웨어,50-299인,2026-02-23,2026-02-23,2027-02-23,12,0,0,Standard,Enterprise
CUST_02058,CUST_02058_C2,2,IT/소프트웨어,50-299인,2026-02-23,2027-02-24,2028-02-24,12,12,1,Standard,Priority
CUST_02058,CUST_02058_C3,3,IT/소프트웨어,50-299인,2026-02-23,2028-02-25,2029-02-25,12,24,2,Standard,Priority
CUST_02059,CUST_02059_C1,1,제조업,50-299인,2026-01-05,2026-01-05,2028-01-05,24,0,0,Basic,Standard
CUST_02060,CUST_02060_C1,1,제조업,5-49인,2023-12-12,2023-12-12,2024-12-12,12,0,0,Basic,Standard
CUST_02060,CUST_02060_C2,2,제조업,5-49인,2023-12-12,2024-12-13,2027-12-13,36,12,1,Basic,Priority
CUST_02061,CUST_02061_C1,1,IT/소프트웨어,5-49인,2025-03-30,2025-03-30,2026-03-30,12,0,0,Basic,Standard
CUST_02062,CUST_02062_C1,1,금융/보험,5-49인,2024-08-01,2024-08-01,2025-08-01,12,0,0,Standard,Standard
CUST_02063,CUST_02063_C1,1,물류/운송,5-49인,2023-12-14,2023-12-14,2024-12-14,12,0,0,Basic,Standard
CUST_02064,CUST_02064_C1,1,제조업,5-49인,2022-11-30,2022-11-30,2023-11-30,12,0,0,Standard,Standard
CUST_02064,CUST_02064_C2,2,제조업,5-49인,2022-11-30,2023-12-01,2025-12-01,24,13,1,Standard,Enterprise
CUST_02065,CUST_02065_C1,1,금융/보험,5-49인,2023-06-15,2023-06-15,2025-06-15,24,0,0,Standard,Priority
CUST_02065,CUST_02065_C2,2,금융/보험,5-49인,2023-06-15,2025-06-16,2026-06-16,12,24,1,Standard,Standard
CUST_02065,CUST_02065_C3,3,금융/보험,5-49인,2023-06-15,2026-06-17,2027-06-17,12,36,2,Standard,Priority
CUST_02066,CUST_02066_C1,1,제조업,50-299인,2024-10-30,2024-10-30,2027-10-30,36,0,0,Standard,Standard
CUST_02066,CUST_02066_C2,2,제조업,50-299인,2024-10-30,2027-10-31,2029-10-31,24,36,1,Standard,Priority
CUST_02066,CUST_02066_C3,3,제조업,50-299인,2024-10-30,2029-11-01,2030-11-01,12,61,2,Standard,Enterprise
CUST_02067,CUST_02067_C1,1,제조업,5-49인,2024-05-28,2024-05-28,2026-05-28,24,0,0,Basic,Priority
CUST_02068,CUST_02068_C1,1,유통/커머스,5-49인,2025-06-12,2025-06-12,2026-06-12,12,0,0,Basic,Standard
CUST_02069,CUST_02069_C1,1,IT/소프트웨어,5-49인,2024-01-22,2024-01-22,2026-01-22,24,0,0,Standard,Priority
CUST_02069,CUST_02069_C2,2,IT/소프트웨어,5-49인,2024-01-22,2026-01-23,2027-01-23,12,24,1,Standard,Enterprise
CUST_02069,CUST_02069_C3,3,IT/소프트웨어,5-49인,2024-01-22,2027-01-24,2028-01-24,12,36,2,Standard,Priority
CUST_02070,CUST_02070_C1,1,물류/운송,5-49인,2023-01-16,2023-01-16,2024-01-16,12,0,0,Basic,Enterprise
CUST_02070,CUST_02070_C2,2,물류/운송,5-49인,2023-01-16,2024-01-17,2025-01-17,12,12,1,Basic,Priority
CUST_02071,CUST_02071_C1,1,유통/커머스,5-49인,2026-05-04,2026-05-04,2027-05-04,12,0,0,Basic,Priority
CUST_02072,CUST_02072_C1,1,유통/커머스,50-299인,2021-10-03,2021-10-03,2024-10-03,36,0,0,Premium,Priority
CUST_02073,CUST_02073_C1,1,의료/헬스케어,50-299인,2024-02-18,2024-02-18,2026-02-18,24,0,0,Standard,Enterprise
CUST_02073,CUST_02073_C2,2,의료/헬스케어,50-299인,2024-02-18,2026-02-19,2029-02-19,36,24,1,Standard,Standard
CUST_02073,CUST_02073_C3,3,의료/헬스케어,50-299인,2024-02-18,2029-02-20,2032-02-20,36,60,2,Standard,Standard
CUST_02074,CUST_02074_C1,1,유통/커머스,5-49인,2026-05-18,2026-05-18,2028-05-18,24,0,0,Standard,Enterprise
CUST_02074,CUST_02074_C2,2,유통/커머스,5-49인,2026-05-18,2028-05-19,2031-05-19,36,24,1,Standard,Priority
CUST_02075,CUST_02075_C1,1,IT/소프트웨어,5-49인,2025-09-28,2025-09-28,2026-09-28,12,0,0,Basic,Priority
CUST_02075,CUST_02075_C2,2,IT/소프트웨어,5-49인,2025-09-28,2026-09-29,2027-09-29,12,12,1,Basic,Standard
CUST_02075,CUST_02075_C3,3,IT/소프트웨어,5-49인,2025-09-28,2027-09-30,2028-09-30,12,24,2,Basic,Standard
CUST_02076,CUST_02076_C1,1,기타서비스업,5-49인,2023-07-09,2023-07-09,2024-07-09,12,0,0,Basic,Standard
CUST_02077,CUST_02077_C1,1,금융/보험,50-299인,2024-07-29,2024-07-29,2025-07-29,12,0,0,Standard,Standard
CUST_02078,CUST_02078_C1,1,교육,5-49인,2026-02-14,2026-02-14,2027-02-14,12,0,0,Basic,Standard
CUST_02078,CUST_02078_C2,2,교육,5-49인,2026-02-14,2027-02-15,2030-02-15,36,12,1,Basic,Standard
CUST_02078,CUST_02078_C3,3,교육,5-49인,2026-02-14,2030-02-16,2031-02-16,12,48,2,Basic,Standard
CUST_02079,CUST_02079_C1,1,제조업,5-49인,2025-06-09,2025-06-09,2027-06-09,24,0,0,Standard,Standard
CUST_02079,CUST_02079_C2,2,제조업,5-49인,2025-06-09,2027-06-10,2029-06-10,24,24,1,Standard,Standard
CUST_02080,CUST_02080_C1,1,물류/운송,300인이상,2025-03-27,2025-03-27,2028-03-27,36,0,0,Standard,Enterprise
CUST_02081,CUST_02081_C1,1,IT/소프트웨어,5-49인,2022-08-26,2022-08-26,2023-08-26,12,0,0,Basic,Priority
CUST_02081,CUST_02081_C2,2,IT/소프트웨어,5-49인,2022-08-26,2023-08-27,2025-08-27,24,12,1,Basic,Priority
CUST_02081,CUST_02081_C3,3,IT/소프트웨어,5-49인,2022-08-26,2025-08-28,2026-08-28,12,36,2,Basic,Priority
CUST_02082,CUST_02082_C1,1,물류/운송,5-49인,2023-12-18,2023-12-18,2024-12-18,12,0,0,Basic,Priority
CUST_02083,CUST_02083_C1,1,제조업,5-49인,2023-10-21,2023-10-21,2025-10-21,24,0,0,Basic,Standard
CUST_02084,CUST_02084_C1,1,금융/보험,50-299인,2021-10-16,2021-10-16,2024-10-16,36,0,0,Basic,Standard
CUST_02084,CUST_02084_C2,2,금융/보험,50-299인,2021-10-16,2024-10-17,2026-10-17,24,36,1,Basic,Standard
CUST_02084,CUST_02084_C3,3,금융/보험,50-299인,2021-10-16,2026-10-18,2027-10-18,12,60,2,Basic,Enterprise
CUST_02085,CUST_02085_C1,1,기타서비스업,5-49인,2025-04-02,2025-04-02,2028-04-02,36,0,0,Basic,Standard
CUST_02086,CUST_02086_C1,1,의료/헬스케어,5-49인,2024-11-06,2024-11-06,2025-11-06,12,0,0,Basic,Standard
CUST_02086,CUST_02086_C2,2,의료/헬스케어,5-49인,2024-11-06,2025-11-07,2026-11-07,12,12,1,Basic,Standard
CUST_02087,CUST_02087_C1,1,의료/헬스케어,5-49인,2026-06-07,2026-06-07,2027-06-07,12,0,0,Standard,Standard
CUST_02087,CUST_02087_C2,2,의료/헬스케어,5-49인,2026-06-07,2027-06-08,2028-06-08,12,12,1,Standard,Standard
CUST_02087,CUST_02087_C3,3,의료/헬스케어,5-49인,2026-06-07,2028-06-09,2029-06-09,12,24,2,Standard,Priority
CUST_02088,CUST_02088_C1,1,물류/운송,50-299인,2026-04-07,2026-04-07,2029-04-07,36,0,0,Premium,Enterprise
CUST_02089,CUST_02089_C1,1,유통/커머스,5-49인,2026-07-11,2026-07-11,2027-07-11,12,0,0,Standard,Priority
CUST_02090,CUST_02090_C1,1,교육,5-49인,2024-12-17,2024-12-17,2025-12-17,12,0,0,Basic,Enterprise
CUST_02091,CUST_02091_C1,1,유통/커머스,5-49인,2022-04-04,2022-04-04,2024-04-04,24,0,0,Standard,Priority
CUST_02091,CUST_02091_C2,2,유통/커머스,5-49인,2022-04-04,2024-04-05,2027-04-05,36,24,1,Standard,Standard
CUST_02092,CUST_02092_C1,1,유통/커머스,5-49인,2024-03-16,2024-03-16,2026-03-16,24,0,0,Basic,Standard
CUST_02093,CUST_02093_C1,1,기타서비스업,5-49인,2024-12-19,2024-12-19,2025-12-19,12,0,0,Basic,Standard
CUST_02094,CUST_02094_C1,1,제조업,5-49인,2023-05-19,2023-05-19,2026-05-19,36,0,0,Basic,Standard
CUST_02094,CUST_02094_C2,2,제조업,5-49인,2023-05-19,2026-05-20,2027-05-20,12,36,1,Basic,Standard
CUST_02095,CUST_02095_C1,1,기타서비스업,5-49인,2024-03-12,2024-03-12,2027-03-12,36,0,0,Basic,Standard
CUST_02096,CUST_02096_C1,1,금융/보험,5-49인,2025-12-13,2025-12-13,2026-12-13,12,0,0,Premium,Priority
CUST_02097,CUST_02097_C1,1,의료/헬스케어,5-49인,2025-09-06,2025-09-06,2027-09-06,24,0,0,Standard,Priority
CUST_02098,CUST_02098_C1,1,제조업,5-49인,2025-05-22,2025-05-22,2026-05-22,12,0,0,Basic,Standard
CUST_02099,CUST_02099_C1,1,제조업,5-49인,2022-11-05,2022-11-05,2023-11-05,12,0,0,Standard,Priority
CUST_02099,CUST_02099_C2,2,제조업,5-49인,2022-11-05,2023-11-06,2024-11-06,12,12,1,Standard,Standard
CUST_02099,CUST_02099_C3,3,제조업,5-49인,2022-11-05,2024-11-07,2026-11-07,24,24,2,Standard,Priority
CUST_02100,CUST_02100_C1,1,제조업,5-49인,2023-03-02,2023-03-02,2024-03-02,12,0,0,Standard,Standard
CUST_02101,CUST_02101_C1,1,유통/커머스,50-299인,2025-04-27,2025-04-27,2028-04-27,36,0,0,Basic,Standard
CUST_02102,CUST_02102_C1,1,IT/소프트웨어,5-49인,2025-08-07,2025-08-07,2026-08-07,12,0,0,Basic,Standard
CUST_02103,CUST_02103_C1,1,물류/운송,5-49인,2022-04-25,2022-04-25,2024-04-25,24,0,0,Basic,Priority
CUST_02104,CUST_02104_C1,1,유통/커머스,5-49인,2025-05-06,2025-05-06,2027-05-06,24,0,0,Basic,Priority
CUST_02105,CUST_02105_C1,1,물류/운송,5-49인,2023-05-02,2023-05-02,2025-05-02,24,0,0,Basic,Standard
CUST_02106,CUST_02106_C1,1,제조업,5-49인,2025-10-15,2025-10-15,2027-10-15,24,0,0,Standard,Enterprise
CUST_02106,CUST_02106_C2,2,제조업,5-49인,2025-10-15,2027-10-16,2029-10-16,24,24,1,Standard,Standard
CUST_02107,CUST_02107_C1,1,의료/헬스케어,5-49인,2025-04-13,2025-04-13,2026-04-13,12,0,0,Basic,Standard
CUST_02108,CUST_02108_C1,1,제조업,5-49인,2026-08-16,2026-08-16,2027-08-16,12,0,0,Basic,Standard
CUST_02108,CUST_02108_C2,2,제조업,5-49인,2026-08-16,2027-08-17,2029-08-17,24,12,1,Basic,Standard
CUST_02108,CUST_02108_C3,3,제조업,5-49인,2026-08-16,2029-08-18,2030-08-18,12,36,2,Basic,Standard
CUST_02109,CUST_02109_C1,1,물류/운송,5-49인,2024-12-03,2024-12-03,2025-12-03,12,0,0,Standard,Priority
CUST_02109,CUST_02109_C2,2,물류/운송,5-49인,2024-12-03,2025-12-04,2026-12-04,12,12,1,Standard,Enterprise
CUST_02109,CUST_02109_C3,3,물류/운송,5-49인,2024-12-03,2026-12-05,2027-12-05,12,24,2,Standard,Priority
CUST_02110,CUST_02110_C1,1,IT/소프트웨어,5-49인,2024-12-20,2024-12-20,2027-12-20,36,0,0,Basic,Standard
CUST_02110,CUST_02110_C2,2,IT/소프트웨어,5-49인,2024-12-20,2027-12-21,2030-12-21,36,36,1,Basic,Priority
CUST_02110,CUST_02110_C3,3,IT/소프트웨어,5-49인,2024-12-20,2030-12-22,2032-12-22,24,72,2,Basic,Standard
CUST_02111,CUST_02111_C1,1,제조업,5-49인,2024-10-04,2024-10-04,2025-10-04,12,0,0,Basic,Enterprise
CUST_02111,CUST_02111_C2,2,제조업,5-49인,2024-10-04,2025-10-05,2026-10-05,12,12,1,Basic,Standard
CUST_02112,CUST_02112_C1,1,제조업,5-49인,2021-11-02,2021-11-02,2023-11-02,24,0,0,Premium,Priority
CUST_02113,CUST_02113_C1,1,제조업,50-299인,2026-05-14,2026-05-14,2027-05-14,12,0,0,Basic,Standard
CUST_02113,CUST_02113_C2,2,제조업,50-299인,2026-05-14,2027-05-15,2028-05-15,12,12,1,Basic,Priority
CUST_02114,CUST_02114_C1,1,금융/보험,5-49인,2026-06-17,2026-06-17,2027-06-17,12,0,0,Standard,Priority
CUST_02114,CUST_02114_C2,2,금융/보험,5-49인,2026-06-17,2027-06-18,2029-06-18,24,12,1,Standard,Priority
CUST_02114,CUST_02114_C3,3,금융/보험,5-49인,2026-06-17,2029-06-19,2030-06-19,12,36,2,Standard,Priority
CUST_02115,CUST_02115_C1,1,IT/소프트웨어,5-49인,2026-08-20,2026-08-20,2027-08-20,12,0,0,Standard,Standard
CUST_02116,CUST_02116_C1,1,의료/헬스케어,50-299인,2022-07-13,2022-07-13,2025-07-13,36,0,0,Standard,Priority
CUST_02117,CUST_02117_C1,1,IT/소프트웨어,5-49인,2026-06-20,2026-06-20,2029-06-20,36,0,0,Basic,Priority
CUST_02118,CUST_02118_C1,1,IT/소프트웨어,5-49인,2023-09-19,2023-09-19,2024-09-19,12,0,0,Basic,Standard
CUST_02119,CUST_02119_C1,1,의료/헬스케어,5-49인,2024-12-01,2024-12-01,2025-12-01,12,0,0,Basic,Standard
CUST_02120,CUST_02120_C1,1,교육,5-49인,2022-10-31,2022-10-31,2023-10-31,12,0,0,Standard,Priority
CUST_02120,CUST_02120_C2,2,교육,5-49인,2022-10-31,2023-11-01,2024-11-01,12,13,1,Standard,Priority
CUST_02121,CUST_02121_C1,1,교육,5-49인,2025-10-01,2025-10-01,2026-10-01,12,0,0,Standard,Standard
CUST_02122,CUST_02122_C1,1,금융/보험,5-49인,2022-04-21,2022-04-21,2024-04-21,24,0,0,Basic,Enterprise
CUST_02122,CUST_02122_C2,2,금융/보험,5-49인,2022-04-21,2024-04-22,2025-04-22,12,24,1,Basic,Standard
CUST_02123,CUST_02123_C1,1,금융/보험,5-49인,2023-10-20,2023-10-20,2024-10-20,12,0,0,Basic,Standard
CUST_02124,CUST_02124_C1,1,물류/운송,5-49인,2021-12-05,2021-12-05,2022-12-05,12,0,0,Basic,Standard
CUST_02125,CUST_02125_C1,1,제조업,5-49인,2024-10-03,2024-10-03,2026-10-03,24,0,0,Standard,Priority
CUST_02126,CUST_02126_C1,1,금융/보험,5-49인,2025-07-02,2025-07-02,2026-07-02,12,0,0,Basic,Standard
CUST_02127,CUST_02127_C1,1,IT/소프트웨어,5-49인,2026-01-29,2026-01-29,2027-01-29,12,0,0,Standard,Priority
CUST_02128,CUST_02128_C1,1,기타서비스업,50-299인,2026-08-09,2026-08-09,2028-08-09,24,0,0,Standard,Standard
CUST_02129,CUST_02129_C1,1,IT/소프트웨어,5-49인,2023-05-29,2023-05-29,2026-05-29,36,0,0,Basic,Standard
CUST_02130,CUST_02130_C1,1,의료/헬스케어,5-49인,2023-05-17,2023-05-17,2025-05-17,24,0,0,Basic,Standard
CUST_02131,CUST_02131_C1,1,기타서비스업,5-49인,2026-06-25,2026-06-25,2028-06-25,24,0,0,Standard,Priority
CUST_02132,CUST_02132_C1,1,IT/소프트웨어,5-49인,2026-07-01,2026-07-01,2027-07-01,12,0,0,Basic,Standard
CUST_02133,CUST_02133_C1,1,유통/커머스,5-49인,2022-12-01,2022-12-01,2024-12-01,24,0,0,Basic,Priority
CUST_02133,CUST_02133_C2,2,유통/커머스,5-49인,2022-12-01,2024-12-02,2025-12-02,12,24,1,Basic,Priority
CUST_02133,CUST_02133_C3,3,유통/커머스,5-49인,2022-12-01,2025-12-03,2027-12-03,24,36,2,Basic,Standard
CUST_02134,CUST_02134_C1,1,IT/소프트웨어,5-49인,2024-01-07,2024-01-07,2026-01-07,24,0,0,Basic,Standard
CUST_02134,CUST_02134_C2,2,IT/소프트웨어,5-49인,2024-01-07,2026-01-08,2027-01-08,12,24,1,Basic,Enterprise
CUST_02135,CUST_02135_C1,1,교육,5-49인,2022-04-21,2022-04-21,2023-04-21,12,0,0,Basic,Standard
CUST_02136,CUST_02136_C1,1,제조업,5-49인,2023-08-02,2023-08-02,2024-08-02,12,0,0,Premium,Enterprise
CUST_02136,CUST_02136_C2,2,제조업,5-49인,2023-08-02,2024-08-03,2026-08-03,24,12,1,Premium,Enterprise
CUST_02136,CUST_02136_C3,3,제조업,5-49인,2023-08-02,2026-08-04,2027-08-04,12,36,2,Premium,Priority
CUST_02137,CUST_02137_C1,1,IT/소프트웨어,5-49인,2023-01-19,2023-01-19,2025-01-19,24,0,0,Basic,Priority
CUST_02137,CUST_02137_C2,2,IT/소프트웨어,5-49인,2023-01-19,2025-01-20,2026-01-20,12,24,1,Basic,Priority
CUST_02137,CUST_02137_C3,3,IT/소프트웨어,5-49인,2023-01-19,2026-01-21,2029-01-21,36,36,2,Basic,Standard
CUST_02138,CUST_02138_C1,1,제조업,5-49인,2026-05-29,2026-05-29,2029-05-29,36,0,0,Basic,Standard
CUST_02138,CUST_02138_C2,2,제조업,5-49인,2026-05-29,2029-05-30,2030-05-30,12,36,1,Basic,Standard
CUST_02138,CUST_02138_C3,3,제조업,5-49인,2026-05-29,2030-05-31,2033-05-31,36,48,2,Basic,Priority
CUST_02139,CUST_02139_C1,1,IT/소프트웨어,50-299인,2022-05-09,2022-05-09,2023-05-09,12,0,0,Premium,Enterprise
CUST_02140,CUST_02140_C1,1,제조업,5-49인,2022-08-08,2022-08-08,2024-08-08,24,0,0,Basic,Standard
CUST_02141,CUST_02141_C1,1,교육,5-49인,2025-04-20,2025-04-20,2027-04-20,24,0,0,Basic,Standard
CUST_02142,CUST_02142_C1,1,교육,50-299인,2022-11-16,2022-11-16,2024-11-16,24,0,0,Basic,Standard
CUST_02142,CUST_02142_C2,2,교육,50-299인,2022-11-16,2024-11-17,2025-11-17,12,24,1,Basic,Standard
CUST_02142,CUST_02142_C3,3,교육,50-299인,2022-11-16,2025-11-18,2027-11-18,24,36,2,Basic,Priority
CUST_02143,CUST_02143_C1,1,IT/소프트웨어,5-49인,2023-03-08,2023-03-08,2024-03-08,12,0,0,Basic,Standard
CUST_02144,CUST_02144_C1,1,제조업,50-299인,2022-08-24,2022-08-24,2024-08-24,24,0,0,Basic,Priority
CUST_02145,CUST_02145_C1,1,유통/커머스,5-49인,2025-03-19,2025-03-19,2027-03-19,24,0,0,Standard,Priority
CUST_02146,CUST_02146_C1,1,IT/소프트웨어,50-299인,2024-08-29,2024-08-29,2027-08-29,36,0,0,Standard,Priority
CUST_02147,CUST_02147_C1,1,유통/커머스,50-299인,2022-02-25,2022-02-25,2023-02-25,12,0,0,Basic,Standard
CUST_02148,CUST_02148_C1,1,제조업,50-299인,2025-12-28,2025-12-28,2026-12-28,12,0,0,Standard,Enterprise
CUST_02149,CUST_02149_C1,1,금융/보험,50-299인,2022-09-05,2022-09-05,2023-09-05,12,0,0,Premium,Priority
CUST_02149,CUST_02149_C2,2,금융/보험,50-299인,2022-09-05,2023-09-06,2024-09-06,12,12,1,Premium,Priority
CUST_02150,CUST_02150_C1,1,제조업,5-49인,2023-02-03,2023-02-03,2026-02-03,36,0,0,Basic,Standard
CUST_02151,CUST_02151_C1,1,물류/운송,5-49인,2026-01-19,2026-01-19,2028-01-19,24,0,0,Basic,Standard
CUST_02151,CUST_02151_C2,2,물류/운송,5-49인,2026-01-19,2028-01-20,2031-01-20,36,24,1,Basic,Standard
CUST_02152,CUST_02152_C1,1,유통/커머스,5-49인,2026-08-18,2026-08-18,2027-08-18,12,0,0,Basic,Standard
CUST_02153,CUST_02153_C1,1,금융/보험,50-299인,2023-02-19,2023-02-19,2026-02-19,36,0,0,Premium,Enterprise
CUST_02153,CUST_02153_C2,2,금융/보험,50-299인,2023-02-19,2026-02-20,2027-02-20,12,36,1,Premium,Enterprise
CUST_02153,CUST_02153_C3,3,금융/보험,50-299인,2023-02-19,2027-02-21,2029-02-21,24,48,2,Premium,Enterprise
CUST_02154,CUST_02154_C1,1,제조업,5-49인,2022-05-27,2022-05-27,2024-05-27,24,0,0,Basic,Standard
CUST_02155,CUST_02155_C1,1,기타서비스업,5-49인,2025-10-10,2025-10-10,2026-10-10,12,0,0,Standard,Enterprise
CUST_02156,CUST_02156_C1,1,물류/운송,5-49인,2024-07-09,2024-07-09,2025-07-09,12,0,0,Basic,Standard
CUST_02157,CUST_02157_C1,1,물류/운송,5-49인,2023-09-26,2023-09-26,2024-09-26,12,0,0,Standard,Standard
CUST_02157,CUST_02157_C2,2,물류/운송,5-49인,2023-09-26,2024-09-27,2025-09-27,12,12,1,Standard,Standard
CUST_02158,CUST_02158_C1,1,금융/보험,5-49인,2022-08-04,2022-08-04,2023-08-04,12,0,0,Standard,Priority
CUST_02158,CUST_02158_C2,2,금융/보험,5-49인,2022-08-04,2023-08-05,2024-08-05,12,12,1,Standard,Priority
CUST_02158,CUST_02158_C3,3,금융/보험,5-49인,2022-08-04,2024-08-06,2025-08-06,12,24,2,Standard,Standard
CUST_02159,CUST_02159_C1,1,금융/보험,5-49인,2025-02-12,2025-02-12,2027-02-12,24,0,0,Standard,Priority
CUST_02159,CUST_02159_C2,2,금융/보험,5-49인,2025-02-12,2027-02-13,2028-02-13,12,24,1,Standard,Priority
CUST_02159,CUST_02159_C3,3,금융/보험,5-49인,2025-02-12,2028-02-14,2029-02-14,12,36,2,Standard,Priority
CUST_02160,CUST_02160_C1,1,유통/커머스,5-49인,2024-10-09,2024-10-09,2025-10-09,12,0,0,Standard,Priority
CUST_02161,CUST_02161_C1,1,물류/운송,5-49인,2024-10-29,2024-10-29,2026-10-29,24,0,0,Basic,Standard
CUST_02161,CUST_02161_C2,2,물류/운송,5-49인,2024-10-29,2026-10-30,2027-10-30,12,24,1,Basic,Standard
CUST_02162,CUST_02162_C1,1,유통/커머스,50-299인,2023-11-09,2023-11-09,2024-11-09,12,0,0,Basic,Priority
CUST_02163,CUST_02163_C1,1,물류/운송,5-49인,2021-11-26,2021-11-26,2022-11-26,12,0,0,Premium,Standard
CUST_02164,CUST_02164_C1,1,제조업,5-49인,2022-02-04,2022-02-04,2023-02-04,12,0,0,Basic,Standard
CUST_02164,CUST_02164_C2,2,제조업,5-49인,2022-02-04,2023-02-05,2025-02-05,24,12,1,Basic,Standard
CUST_02164,CUST_02164_C3,3,제조업,5-49인,2022-02-04,2025-02-06,2026-02-06,12,36,2,Basic,Priority
CUST_02165,CUST_02165_C1,1,IT/소프트웨어,5-49인,2023-09-13,2023-09-13,2024-09-13,12,0,0,Standard,Standard
CUST_02166,CUST_02166_C1,1,금융/보험,5-49인,2024-04-08,2024-04-08,2025-04-08,12,0,0,Standard,Priority
CUST_02167,CUST_02167_C1,1,물류/운송,5-49인,2024-11-09,2024-11-09,2025-11-09,12,0,0,Basic,Standard
CUST_02168,CUST_02168_C1,1,물류/운송,5-49인,2024-01-23,2024-01-23,2025-01-23,12,0,0,Basic,Standard
CUST_02168,CUST_02168_C2,2,물류/운송,5-49인,2024-01-23,2025-01-24,2026-01-24,12,12,1,Basic,Enterprise
CUST_02169,CUST_02169_C1,1,유통/커머스,50-299인,2026-07-19,2026-07-19,2028-07-19,24,0,0,Basic,Standard
CUST_02169,CUST_02169_C2,2,유통/커머스,50-299인,2026-07-19,2028-07-20,2029-07-20,12,24,1,Basic,Standard
CUST_02170,CUST_02170_C1,1,유통/커머스,300인이상,2024-09-18,2024-09-18,2025-09-18,12,0,0,Premium,Priority
CUST_02170,CUST_02170_C2,2,유통/커머스,300인이상,2024-09-18,2025-09-19,2028-09-19,36,12,1,Premium,Enterprise
CUST_02170,CUST_02170_C3,3,유통/커머스,300인이상,2024-09-18,2028-09-20,2029-09-20,12,48,2,Premium,Priority
CUST_02171,CUST_02171_C1,1,IT/소프트웨어,5-49인,2024-11-07,2024-11-07,2025-11-07,12,0,0,Standard,Enterprise
CUST_02171,CUST_02171_C2,2,IT/소프트웨어,5-49인,2024-11-07,2025-11-08,2027-11-08,24,12,1,Standard,Priority
CUST_02172,CUST_02172_C1,1,기타서비스업,5-49인,2026-06-23,2026-06-23,2027-06-23,12,0,0,Basic,Standard
CUST_02173,CUST_02173_C1,1,물류/운송,5-49인,2022-08-11,2022-08-11,2023-08-11,12,0,0,Standard,Standard
CUST_02174,CUST_02174_C1,1,금융/보험,50-299인,2023-04-14,2023-04-14,2026-04-14,36,0,0,Premium,Standard
CUST_02174,CUST_02174_C2,2,금융/보험,50-299인,2023-04-14,2026-04-15,2027-04-15,12,36,1,Premium,Enterprise
CUST_02174,CUST_02174_C3,3,금융/보험,50-299인,2023-04-14,2027-04-16,2030-04-16,36,48,2,Premium,Priority
CUST_02175,CUST_02175_C1,1,물류/운송,50-299인,2026-05-31,2026-05-31,2027-05-31,12,0,0,Basic,Standard
CUST_02176,CUST_02176_C1,1,금융/보험,5-49인,2022-01-09,2022-01-09,2023-01-09,12,0,0,Standard,Priority
CUST_02177,CUST_02177_C1,1,IT/소프트웨어,5-49인,2025-03-07,2025-03-07,2026-03-07,12,0,0,Standard,Enterprise
CUST_02178,CUST_02178_C1,1,제조업,50-299인,2023-06-02,2023-06-02,2024-06-02,12,0,0,Standard,Priority
CUST_02179,CUST_02179_C1,1,IT/소프트웨어,5-49인,2022-05-02,2022-05-02,2025-05-02,36,0,0,Basic,Priority
CUST_02180,CUST_02180_C1,1,교육,5-49인,2022-10-21,2022-10-21,2023-10-21,12,0,0,Basic,Priority
CUST_02181,CUST_02181_C1,1,기타서비스업,5-49인,2025-03-14,2025-03-14,2027-03-14,24,0,0,Basic,Priority
CUST_02182,CUST_02182_C1,1,금융/보험,5-49인,2022-12-29,2022-12-29,2023-12-29,12,0,0,Basic,Standard
CUST_02183,CUST_02183_C1,1,유통/커머스,50-299인,2023-12-31,2023-12-31,2025-12-31,24,0,0,Premium,Enterprise
CUST_02184,CUST_02184_C1,1,제조업,50-299인,2022-06-08,2022-06-08,2023-06-08,12,0,0,Premium,Enterprise
CUST_02185,CUST_02185_C1,1,물류/운송,5-49인,2024-06-18,2024-06-18,2025-06-18,12,0,0,Basic,Priority
CUST_02186,CUST_02186_C1,1,교육,5-49인,2026-02-20,2026-02-20,2028-02-20,24,0,0,Basic,Priority
CUST_02186,CUST_02186_C2,2,교육,5-49인,2026-02-20,2028-02-21,2029-02-21,12,24,1,Basic,Priority
CUST_02186,CUST_02186_C3,3,교육,5-49인,2026-02-20,2029-02-22,2030-02-22,12,36,2,Basic,Priority
CUST_02187,CUST_02187_C1,1,제조업,50-299인,2026-07-11,2026-07-11,2029-07-11,36,0,0,Basic,Standard
CUST_02188,CUST_02188_C1,1,유통/커머스,5-49인,2023-06-05,2023-06-05,2025-06-05,24,0,0,Standard,Enterprise
CUST_02189,CUST_02189_C1,1,유통/커머스,5-49인,2022-02-13,2022-02-13,2023-02-13,12,0,0,Basic,Standard
CUST_02190,CUST_02190_C1,1,의료/헬스케어,50-299인,2022-07-29,2022-07-29,2023-07-29,12,0,0,Premium,Enterprise
CUST_02190,CUST_02190_C2,2,의료/헬스케어,50-299인,2022-07-29,2023-07-30,2024-07-30,12,12,1,Premium,Enterprise
CUST_02190,CUST_02190_C3,3,의료/헬스케어,50-299인,2022-07-29,2024-07-31,2025-07-31,12,24,2,Premium,Enterprise
CUST_02191,CUST_02191_C1,1,제조업,5-49인,2022-08-27,2022-08-27,2023-08-27,12,0,0,Standard,Priority
CUST_02191,CUST_02191_C2,2,제조업,5-49인,2022-08-27,2023-08-28,2024-08-28,12,12,1,Standard,Priority
CUST_02191,CUST_02191_C3,3,제조업,5-49인,2022-08-27,2024-08-29,2026-08-29,24,24,2,Standard,Priority
CUST_02192,CUST_02192_C1,1,IT/소프트웨어,5-49인,2023-12-20,2023-12-20,2025-12-20,24,0,0,Basic,Standard
CUST_02192,CUST_02192_C2,2,IT/소프트웨어,5-49인,2023-12-20,2025-12-21,2027-12-21,24,24,1,Basic,Standard
CUST_02192,CUST_02192_C3,3,IT/소프트웨어,5-49인,2023-12-20,2027-12-22,2028-12-22,12,48,2,Basic,Priority
CUST_02193,CUST_02193_C1,1,의료/헬스케어,5-49인,2024-12-27,2024-12-27,2025-12-27,12,0,0,Basic,Standard
CUST_02194,CUST_02194_C1,1,IT/소프트웨어,5-49인,2022-02-26,2022-02-26,2025-02-26,36,0,0,Basic,Standard
CUST_02194,CUST_02194_C2,2,IT/소프트웨어,5-49인,2022-02-26,2025-02-27,2026-02-27,12,36,1,Basic,Priority
CUST_02194,CUST_02194_C3,3,IT/소프트웨어,5-49인,2022-02-26,2026-02-28,2027-02-28,12,48,2,Basic,Priority
CUST_02195,CUST_02195_C1,1,제조업,5-49인,2026-05-03,2026-05-03,2027-05-03,12,0,0,Basic,Priority
CUST_02195,CUST_02195_C2,2,제조업,5-49인,2026-05-03,2027-05-04,2028-05-04,12,12,1,Basic,Standard
CUST_02196,CUST_02196_C1,1,IT/소프트웨어,5-49인,2023-06-12,2023-06-12,2025-06-12,24,0,0,Basic,Enterprise
CUST_02197,CUST_02197_C1,1,의료/헬스케어,5-49인,2022-05-20,2022-05-20,2023-05-20,12,0,0,Basic,Standard
CUST_02197,CUST_02197_C2,2,의료/헬스케어,5-49인,2022-05-20,2023-05-21,2024-05-21,12,12,1,Basic,Standard
CUST_02198,CUST_02198_C1,1,의료/헬스케어,50-299인,2023-11-17,2023-11-17,2025-11-17,24,0,0,Basic,Priority
CUST_02199,CUST_02199_C1,1,유통/커머스,50-299인,2022-07-10,2022-07-10,2024-07-10,24,0,0,Standard,Priority
CUST_02200,CUST_02200_C1,1,제조업,5-49인,2024-04-08,2024-04-08,2026-04-08,24,0,0,Basic,Standard
CUST_02200,CUST_02200_C2,2,제조업,5-49인,2024-04-08,2026-04-09,2028-04-09,24,24,1,Basic,Standard
CUST_02201,CUST_02201_C1,1,IT/소프트웨어,5-49인,2022-10-22,2022-10-22,2023-10-22,12,0,0,Basic,Standard
CUST_02202,CUST_02202_C1,1,기타서비스업,5-49인,2026-01-22,2026-01-22,2029-01-22,36,0,0,Standard,Standard
CUST_02202,CUST_02202_C2,2,기타서비스업,5-49인,2026-01-22,2029-01-23,2030-01-23,12,36,1,Standard,Enterprise
CUST_02202,CUST_02202_C3,3,기타서비스업,5-49인,2026-01-22,2030-01-24,2031-01-24,12,48,2,Standard,Enterprise
CUST_02203,CUST_02203_C1,1,의료/헬스케어,5-49인,2026-02-21,2026-02-21,2029-02-21,36,0,0,Standard,Priority
CUST_02204,CUST_02204_C1,1,기타서비스업,50-299인,2025-12-09,2025-12-09,2026-12-09,12,0,0,Standard,Standard
CUST_02205,CUST_02205_C1,1,의료/헬스케어,50-299인,2025-06-07,2025-06-07,2026-06-07,12,0,0,Standard,Priority
CUST_02206,CUST_02206_C1,1,제조업,5-49인,2022-03-27,2022-03-27,2023-03-27,12,0,0,Basic,Standard
CUST_02207,CUST_02207_C1,1,IT/소프트웨어,5-49인,2024-02-13,2024-02-13,2026-02-13,24,0,0,Basic,Standard
CUST_02208,CUST_02208_C1,1,유통/커머스,5-49인,2023-04-03,2023-04-03,2024-04-03,12,0,0,Standard,Priority
CUST_02208,CUST_02208_C2,2,유통/커머스,5-49인,2023-04-03,2024-04-04,2026-04-04,24,12,1,Standard,Enterprise
CUST_02208,CUST_02208_C3,3,유통/커머스,5-49인,2023-04-03,2026-04-05,2027-04-05,12,36,2,Standard,Priority
CUST_02209,CUST_02209_C1,1,유통/커머스,300인이상,2024-11-15,2024-11-15,2026-11-15,24,0,0,Premium,Enterprise
CUST_02209,CUST_02209_C2,2,유통/커머스,300인이상,2024-11-15,2026-11-16,2029-11-16,36,24,1,Premium,Enterprise
CUST_02210,CUST_02210_C1,1,물류/운송,5-49인,2023-12-22,2023-12-22,2024-12-22,12,0,0,Basic,Standard
CUST_02210,CUST_02210_C2,2,물류/운송,5-49인,2023-12-22,2024-12-23,2025-12-23,12,12,1,Basic,Standard
CUST_02211,CUST_02211_C1,1,금융/보험,5-49인,2022-08-20,2022-08-20,2024-08-20,24,0,0,Basic,Enterprise
CUST_02212,CUST_02212_C1,1,금융/보험,50-299인,2024-08-21,2024-08-21,2025-08-21,12,0,0,Basic,Standard
CUST_02213,CUST_02213_C1,1,기타서비스업,5-49인,2024-02-11,2024-02-11,2025-02-11,12,0,0,Standard,Priority
CUST_02214,CUST_02214_C1,1,제조업,300인이상,2021-09-27,2021-09-27,2024-09-27,36,0,0,Premium,Enterprise
CUST_02215,CUST_02215_C1,1,IT/소프트웨어,5-49인,2022-07-18,2022-07-18,2024-07-18,24,0,0,Basic,Standard
CUST_02216,CUST_02216_C1,1,기타서비스업,5-49인,2023-09-09,2023-09-09,2025-09-09,24,0,0,Basic,Standard
CUST_02217,CUST_02217_C1,1,IT/소프트웨어,5-49인,2024-09-03,2024-09-03,2027-09-03,36,0,0,Basic,Standard
CUST_02218,CUST_02218_C1,1,유통/커머스,5-49인,2022-04-12,2022-04-12,2023-04-12,12,0,0,Basic,Priority
CUST_02218,CUST_02218_C2,2,유통/커머스,5-49인,2022-04-12,2023-04-13,2025-04-13,24,12,1,Basic,Standard
CUST_02218,CUST_02218_C3,3,유통/커머스,5-49인,2022-04-12,2025-04-14,2026-04-14,12,36,2,Basic,Standard
CUST_02219,CUST_02219_C1,1,유통/커머스,5-49인,2024-01-20,2024-01-20,2025-01-20,12,0,0,Premium,Enterprise
CUST_02219,CUST_02219_C2,2,유통/커머스,5-49인,2024-01-20,2025-01-21,2027-01-21,24,12,1,Premium,Enterprise
CUST_02219,CUST_02219_C3,3,유통/커머스,5-49인,2024-01-20,2027-01-22,2028-01-22,12,36,2,Premium,Enterprise
CUST_02220,CUST_02220_C1,1,유통/커머스,50-299인,2022-04-11,2022-04-11,2023-04-11,12,0,0,Standard,Standard
CUST_02221,CUST_02221_C1,1,금융/보험,5-49인,2022-09-08,2022-09-08,2023-09-08,12,0,0,Standard,Priority
CUST_02221,CUST_02221_C2,2,금융/보험,5-49인,2022-09-08,2023-09-09,2024-09-09,12,12,1,Standard,Priority
CUST_02221,CUST_02221_C3,3,금융/보험,5-49인,2022-09-08,2024-09-10,2025-09-10,12,24,2,Standard,Priority
CUST_02222,CUST_02222_C1,1,제조업,5-49인,2024-01-31,2024-01-31,2025-01-31,12,0,0,Basic,Standard
CUST_02222,CUST_02222_C2,2,제조업,5-49인,2024-01-31,2025-02-01,2026-02-01,12,13,1,Basic,Standard
CUST_02222,CUST_02222_C3,3,제조업,5-49인,2024-01-31,2026-02-02,2027-02-02,12,25,2,Basic,Standard
CUST_02223,CUST_02223_C1,1,IT/소프트웨어,50-299인,2024-07-23,2024-07-23,2025-07-23,12,0,0,Standard,Standard
CUST_02224,CUST_02224_C1,1,제조업,5-49인,2025-06-07,2025-06-07,2026-06-07,12,0,0,Basic,Priority
CUST_02224,CUST_02224_C2,2,제조업,5-49인,2025-06-07,2026-06-08,2027-06-08,12,12,1,Basic,Standard
CUST_02225,CUST_02225_C1,1,제조업,5-49인,2024-06-18,2024-06-18,2025-06-18,12,0,0,Basic,Standard
CUST_02226,CUST_02226_C1,1,물류/운송,50-299인,2023-11-30,2023-11-30,2024-11-30,12,0,0,Standard,Enterprise
CUST_02226,CUST_02226_C2,2,물류/운송,50-299인,2023-11-30,2024-12-01,2026-12-01,24,13,1,Standard,Standard
CUST_02227,CUST_02227_C1,1,IT/소프트웨어,5-49인,2025-04-30,2025-04-30,2026-04-30,12,0,0,Basic,Standard
CUST_02227,CUST_02227_C2,2,IT/소프트웨어,5-49인,2025-04-30,2026-05-01,2027-05-01,12,13,1,Basic,Standard
CUST_02228,CUST_02228_C1,1,IT/소프트웨어,5-49인,2023-12-04,2023-12-04,2024-12-04,12,0,0,Basic,Priority
CUST_02228,CUST_02228_C2,2,IT/소프트웨어,5-49인,2023-12-04,2024-12-05,2025-12-05,12,12,1,Basic,Standard
CUST_02228,CUST_02228_C3,3,IT/소프트웨어,5-49인,2023-12-04,2025-12-06,2026-12-06,12,24,2,Basic,Standard
CUST_02229,CUST_02229_C1,1,물류/운송,5-49인,2026-06-03,2026-06-03,2028-06-03,24,0,0,Basic,Standard
CUST_02229,CUST_02229_C2,2,물류/운송,5-49인,2026-06-03,2028-06-04,2029-06-04,12,24,1,Basic,Priority
CUST_02229,CUST_02229_C3,3,물류/운송,5-49인,2026-06-03,2029-06-05,2030-06-05,12,36,2,Basic,Standard
CUST_02230,CUST_02230_C1,1,IT/소프트웨어,5-49인,2023-04-28,2023-04-28,2024-04-28,12,0,0,Basic,Priority
CUST_02231,CUST_02231_C1,1,유통/커머스,50-299인,2022-03-25,2022-03-25,2023-03-25,12,0,0,Basic,Standard
CUST_02232,CUST_02232_C1,1,유통/커머스,5-49인,2021-10-19,2021-10-19,2022-10-19,12,0,0,Basic,Priority
CUST_02233,CUST_02233_C1,1,유통/커머스,5-49인,2026-08-06,2026-08-06,2027-08-06,12,0,0,Standard,Enterprise
CUST_02234,CUST_02234_C1,1,제조업,50-299인,2022-08-15,2022-08-15,2024-08-15,24,0,0,Basic,Priority
CUST_02235,CUST_02235_C1,1,유통/커머스,5-49인,2022-11-04,2022-11-04,2025-11-04,36,0,0,Basic,Standard
CUST_02235,CUST_02235_C2,2,유통/커머스,5-49인,2022-11-04,2025-11-05,2026-11-05,12,36,1,Basic,Standard
CUST_02236,CUST_02236_C1,1,유통/커머스,5-49인,2024-11-09,2024-11-09,2025-11-09,12,0,0,Standard,Priority
CUST_02237,CUST_02237_C1,1,제조업,5-49인,2024-02-28,2024-02-28,2027-02-28,36,0,0,Premium,Priority
CUST_02237,CUST_02237_C2,2,제조업,5-49인,2024-02-28,2027-03-01,2029-03-01,24,37,1,Premium,Priority
CUST_02238,CUST_02238_C1,1,IT/소프트웨어,50-299인,2023-09-25,2023-09-25,2024-09-25,12,0,0,Premium,Enterprise
CUST_02238,CUST_02238_C2,2,IT/소프트웨어,50-299인,2023-09-25,2024-09-26,2026-09-26,24,12,1,Premium,Enterprise
CUST_02238,CUST_02238_C3,3,IT/소프트웨어,50-299인,2023-09-25,2026-09-27,2027-09-27,12,36,2,Premium,Enterprise
CUST_02239,CUST_02239_C1,1,제조업,5-49인,2025-01-14,2025-01-14,2027-01-14,24,0,0,Standard,Priority
CUST_02239,CUST_02239_C2,2,제조업,5-49인,2025-01-14,2027-01-15,2028-01-15,12,24,1,Standard,Enterprise
CUST_02239,CUST_02239_C3,3,제조업,5-49인,2025-01-14,2028-01-16,2030-01-16,24,36,2,Standard,Standard
CUST_02240,CUST_02240_C1,1,금융/보험,5-49인,2023-12-08,2023-12-08,2025-12-08,24,0,0,Standard,Priority
CUST_02240,CUST_02240_C2,2,금융/보험,5-49인,2023-12-08,2025-12-09,2026-12-09,12,24,1,Standard,Standard
CUST_02240,CUST_02240_C3,3,금융/보험,5-49인,2023-12-08,2026-12-10,2027-12-10,12,36,2,Standard,Standard
CUST_02241,CUST_02241_C1,1,IT/소프트웨어,5-49인,2024-01-07,2024-01-07,2025-01-07,12,0,0,Premium,Enterprise
CUST_02242,CUST_02242_C1,1,제조업,5-49인,2022-01-01,2022-01-01,2025-01-01,36,0,0,Basic,Standard
CUST_02243,CUST_02243_C1,1,IT/소프트웨어,5-49인,2025-07-01,2025-07-01,2026-07-01,12,0,0,Standard,Priority
CUST_02244,CUST_02244_C1,1,물류/운송,5-49인,2021-11-05,2021-11-05,2022-11-05,12,0,0,Basic,Standard
CUST_02245,CUST_02245_C1,1,유통/커머스,5-49인,2021-10-30,2021-10-30,2022-10-30,12,0,0,Basic,Priority
CUST_02246,CUST_02246_C1,1,물류/운송,300인이상,2026-03-10,2026-03-10,2029-03-10,36,0,0,Standard,Priority
CUST_02247,CUST_02247_C1,1,제조업,5-49인,2025-08-27,2025-08-27,2027-08-27,24,0,0,Standard,Enterprise
CUST_02248,CUST_02248_C1,1,IT/소프트웨어,50-299인,2024-04-16,2024-04-16,2025-04-16,12,0,0,Standard,Enterprise
CUST_02248,CUST_02248_C2,2,IT/소프트웨어,50-299인,2024-04-16,2025-04-17,2026-04-17,12,12,1,Standard,Enterprise
CUST_02249,CUST_02249_C1,1,유통/커머스,300인이상,2025-11-22,2025-11-22,2027-11-22,24,0,0,Premium,Enterprise
CUST_02249,CUST_02249_C2,2,유통/커머스,300인이상,2025-11-22,2027-11-23,2029-11-23,24,24,1,Premium,Standard
CUST_02249,CUST_02249_C3,3,유통/커머스,300인이상,2025-11-22,2029-11-24,2031-11-24,24,48,2,Premium,Enterprise
CUST_02250,CUST_02250_C1,1,IT/소프트웨어,50-299인,2025-07-21,2025-07-21,2028-07-21,36,0,0,Standard,Priority
CUST_02250,CUST_02250_C2,2,IT/소프트웨어,50-299인,2025-07-21,2028-07-22,2029-07-22,12,36,1,Standard,Priority
CUST_02251,CUST_02251_C1,1,금융/보험,50-299인,2022-06-28,2022-06-28,2024-06-28,24,0,0,Standard,Priority
CUST_02252,CUST_02252_C1,1,제조업,50-299인,2022-06-28,2022-06-28,2023-06-28,12,0,0,Standard,Enterprise
CUST_02253,CUST_02253_C1,1,금융/보험,5-49인,2024-12-29,2024-12-29,2026-12-29,24,0,0,Basic,Standard
CUST_02254,CUST_02254_C1,1,유통/커머스,5-49인,2026-04-12,2026-04-12,2028-04-12,24,0,0,Basic,Standard
CUST_02255,CUST_02255_C1,1,IT/소프트웨어,5-49인,2026-02-28,2026-02-28,2028-02-28,24,0,0,Basic,Standard
CUST_02256,CUST_02256_C1,1,금융/보험,5-49인,2023-04-27,2023-04-27,2024-04-27,12,0,0,Basic,Priority
CUST_02257,CUST_02257_C1,1,제조업,5-49인,2025-08-27,2025-08-27,2026-08-27,12,0,0,Basic,Priority
CUST_02257,CUST_02257_C2,2,제조업,5-49인,2025-08-27,2026-08-28,2027-08-28,12,12,1,Basic,Standard
CUST_02258,CUST_02258_C1,1,의료/헬스케어,5-49인,2025-06-05,2025-06-05,2026-06-05,12,0,0,Basic,Priority
CUST_02259,CUST_02259_C1,1,IT/소프트웨어,5-49인,2022-08-28,2022-08-28,2023-08-28,12,0,0,Basic,Enterprise
CUST_02259,CUST_02259_C2,2,IT/소프트웨어,5-49인,2022-08-28,2023-08-29,2024-08-29,12,12,1,Basic,Enterprise
CUST_02259,CUST_02259_C3,3,IT/소프트웨어,5-49인,2022-08-28,2024-08-30,2025-08-30,12,24,2,Basic,Priority
CUST_02260,CUST_02260_C1,1,기타서비스업,5-49인,2022-12-21,2022-12-21,2024-12-21,24,0,0,Basic,Standard
CUST_02261,CUST_02261_C1,1,금융/보험,5-49인,2025-06-24,2025-06-24,2026-06-24,12,0,0,Basic,Priority
CUST_02262,CUST_02262_C1,1,IT/소프트웨어,5-49인,2022-10-07,2022-10-07,2024-10-07,24,0,0,Premium,Enterprise
CUST_02262,CUST_02262_C2,2,IT/소프트웨어,5-49인,2022-10-07,2024-10-08,2025-10-08,12,24,1,Premium,Enterprise
CUST_02262,CUST_02262_C3,3,IT/소프트웨어,5-49인,2022-10-07,2025-10-09,2026-10-09,12,36,2,Premium,Priority
CUST_02263,CUST_02263_C1,1,제조업,5-49인,2024-01-11,2024-01-11,2026-01-11,24,0,0,Standard,Enterprise
CUST_02264,CUST_02264_C1,1,IT/소프트웨어,5-49인,2026-03-21,2026-03-21,2027-03-21,12,0,0,Basic,Standard
CUST_02264,CUST_02264_C2,2,IT/소프트웨어,5-49인,2026-03-21,2027-03-22,2028-03-22,12,12,1,Basic,Standard
CUST_02265,CUST_02265_C1,1,IT/소프트웨어,5-49인,2025-03-28,2025-03-28,2027-03-28,24,0,0,Basic,Standard
CUST_02266,CUST_02266_C1,1,기타서비스업,300인이상,2025-12-19,2025-12-19,2028-12-19,36,0,0,Premium,Enterprise
CUST_02266,CUST_02266_C2,2,기타서비스업,300인이상,2025-12-19,2028-12-20,2031-12-20,36,36,1,Premium,Priority
CUST_02267,CUST_02267_C1,1,IT/소프트웨어,5-49인,2024-11-02,2024-11-02,2026-11-02,24,0,0,Basic,Standard
CUST_02268,CUST_02268_C1,1,IT/소프트웨어,50-299인,2026-03-09,2026-03-09,2028-03-09,24,0,0,Standard,Priority
CUST_02269,CUST_02269_C1,1,기타서비스업,5-49인,2026-08-08,2026-08-08,2027-08-08,12,0,0,Basic,Priority
CUST_02270,CUST_02270_C1,1,유통/커머스,5-49인,2023-06-03,2023-06-03,2024-06-03,12,0,0,Basic,Standard
CUST_02271,CUST_02271_C1,1,제조업,5-49인,2024-02-27,2024-02-27,2026-02-27,24,0,0,Basic,Standard
CUST_02271,CUST_02271_C2,2,제조업,5-49인,2024-02-27,2026-02-28,2027-02-28,12,24,1,Basic,Priority
CUST_02272,CUST_02272_C1,1,IT/소프트웨어,5-49인,2022-04-01,2022-04-01,2023-04-01,12,0,0,Basic,Standard
CUST_02273,CUST_02273_C1,1,IT/소프트웨어,50-299인,2024-07-24,2024-07-24,2026-07-24,24,0,0,Premium,Priority
CUST_02273,CUST_02273_C2,2,IT/소프트웨어,50-299인,2024-07-24,2026-07-25,2027-07-25,12,24,1,Premium,Enterprise
CUST_02273,CUST_02273_C3,3,IT/소프트웨어,50-299인,2024-07-24,2027-07-26,2029-07-26,24,36,2,Premium,Enterprise
CUST_02274,CUST_02274_C1,1,기타서비스업,5-49인,2022-12-09,2022-12-09,2023-12-09,12,0,0,Basic,Priority
CUST_02275,CUST_02275_C1,1,금융/보험,5-49인,2026-01-16,2026-01-16,2027-01-16,12,0,0,Basic,Priority
CUST_02276,CUST_02276_C1,1,제조업,5-49인,2024-01-21,2024-01-21,2026-01-21,24,0,0,Basic,Standard
CUST_02277,CUST_02277_C1,1,물류/운송,5-49인,2023-04-14,2023-04-14,2025-04-14,24,0,0,Basic,Standard
CUST_02278,CUST_02278_C1,1,의료/헬스케어,5-49인,2025-09-08,2025-09-08,2028-09-08,36,0,0,Basic,Priority
CUST_02279,CUST_02279_C1,1,의료/헬스케어,5-49인,2026-08-01,2026-08-01,2027-08-01,12,0,0,Basic,Standard
CUST_02280,CUST_02280_C1,1,의료/헬스케어,5-49인,2025-10-17,2025-10-17,2027-10-17,24,0,0,Basic,Standard
CUST_02280,CUST_02280_C2,2,의료/헬스케어,5-49인,2025-10-17,2027-10-18,2029-10-18,24,24,1,Basic,Standard
CUST_02280,CUST_02280_C3,3,의료/헬스케어,5-49인,2025-10-17,2029-10-19,2031-10-19,24,48,2,Basic,Enterprise
CUST_02281,CUST_02281_C1,1,제조업,5-49인,2026-01-28,2026-01-28,2027-01-28,12,0,0,Standard,Standard
CUST_02282,CUST_02282_C1,1,물류/운송,50-299인,2023-08-07,2023-08-07,2025-08-07,24,0,0,Standard,Standard
CUST_02282,CUST_02282_C2,2,물류/운송,50-299인,2023-08-07,2025-08-08,2027-08-08,24,24,1,Standard,Standard
CUST_02282,CUST_02282_C3,3,물류/운송,50-299인,2023-08-07,2027-08-09,2030-08-09,36,48,2,Standard,Priority
CUST_02283,CUST_02283_C1,1,IT/소프트웨어,50-299인,2023-09-05,2023-09-05,2024-09-05,12,0,0,Basic,Standard
CUST_02284,CUST_02284_C1,1,기타서비스업,300인이상,2024-11-12,2024-11-12,2027-11-12,36,0,0,Premium,Enterprise
CUST_02285,CUST_02285_C1,1,유통/커머스,5-49인,2025-01-24,2025-01-24,2027-01-24,24,0,0,Basic,Standard
CUST_02286,CUST_02286_C1,1,IT/소프트웨어,50-299인,2022-04-18,2022-04-18,2023-04-18,12,0,0,Basic,Standard
CUST_02287,CUST_02287_C1,1,IT/소프트웨어,5-49인,2025-02-18,2025-02-18,2026-02-18,12,0,0,Basic,Standard
CUST_02288,CUST_02288_C1,1,유통/커머스,5-49인,2023-12-09,2023-12-09,2024-12-09,12,0,0,Basic,Standard
CUST_02289,CUST_02289_C1,1,금융/보험,5-49인,2025-01-29,2025-01-29,2027-01-29,24,0,0,Premium,Enterprise
CUST_02289,CUST_02289_C2,2,금융/보험,5-49인,2025-01-29,2027-01-30,2028-01-30,12,24,1,Premium,Priority
CUST_02289,CUST_02289_C3,3,금융/보험,5-49인,2025-01-29,2028-01-31,2030-01-31,24,36,2,Premium,Enterprise
CUST_02290,CUST_02290_C1,1,의료/헬스케어,50-299인,2022-02-07,2022-02-07,2023-02-07,12,0,0,Standard,Priority
CUST_02291,CUST_02291_C1,1,제조업,5-49인,2024-03-17,2024-03-17,2026-03-17,24,0,0,Premium,Priority
CUST_02291,CUST_02291_C2,2,제조업,5-49인,2024-03-17,2026-03-18,2028-03-18,24,24,1,Premium,Priority
CUST_02291,CUST_02291_C3,3,제조업,5-49인,2024-03-17,2028-03-19,2029-03-19,12,48,2,Premium,Enterprise
CUST_02292,CUST_02292_C1,1,IT/소프트웨어,5-49인,2025-07-27,2025-07-27,2027-07-27,24,0,0,Basic,Standard
CUST_02293,CUST_02293_C1,1,물류/운송,5-49인,2024-05-14,2024-05-14,2025-05-14,12,0,0,Basic,Priority
CUST_02294,CUST_02294_C1,1,교육,50-299인,2026-05-25,2026-05-25,2028-05-25,24,0,0,Standard,Standard
CUST_02295,CUST_02295_C1,1,의료/헬스케어,5-49인,2026-04-25,2026-04-25,2028-04-25,24,0,0,Premium,Enterprise
CUST_02295,CUST_02295_C2,2,의료/헬스케어,5-49인,2026-04-25,2028-04-26,2030-04-26,24,24,1,Premium,Enterprise
CUST_02295,CUST_02295_C3,3,의료/헬스케어,5-49인,2026-04-25,2030-04-27,2031-04-27,12,48,2,Premium,Enterprise
CUST_02296,CUST_02296_C1,1,IT/소프트웨어,5-49인,2026-03-01,2026-03-01,2028-03-01,24,0,0,Basic,Standard
CUST_02296,CUST_02296_C2,2,IT/소프트웨어,5-49인,2026-03-01,2028-03-02,2029-03-02,12,24,1,Basic,Priority
CUST_02297,CUST_02297_C1,1,유통/커머스,50-299인,2026-02-06,2026-02-06,2029-02-06,36,0,0,Standard,Priority
CUST_02298,CUST_02298_C1,1,유통/커머스,5-49인,2026-03-04,2026-03-04,2028-03-04,24,0,0,Basic,Standard
CUST_02299,CUST_02299_C1,1,유통/커머스,5-49인,2025-04-09,2025-04-09,2027-04-09,24,0,0,Basic,Standard
CUST_02300,CUST_02300_C1,1,금융/보험,5-49인,2025-02-22,2025-02-22,2026-02-22,12,0,0,Basic,Priority
CUST_02301,CUST_02301_C1,1,유통/커머스,5-49인,2026-05-18,2026-05-18,2027-05-18,12,0,0,Basic,Standard
CUST_02302,CUST_02302_C1,1,제조업,5-49인,2024-11-29,2024-11-29,2025-11-29,12,0,0,Basic,Standard
CUST_02303,CUST_02303_C1,1,금융/보험,5-49인,2024-04-28,2024-04-28,2025-04-28,12,0,0,Premium,Enterprise
CUST_02304,CUST_02304_C1,1,IT/소프트웨어,5-49인,2025-01-30,2025-01-30,2026-01-30,12,0,0,Basic,Priority
CUST_02305,CUST_02305_C1,1,IT/소프트웨어,50-299인,2025-08-28,2025-08-28,2027-08-28,24,0,0,Standard,Priority
CUST_02305,CUST_02305_C2,2,IT/소프트웨어,50-299인,2025-08-28,2027-08-29,2029-08-29,24,24,1,Standard,Priority
CUST_02305,CUST_02305_C3,3,IT/소프트웨어,50-299인,2025-08-28,2029-08-30,2031-08-30,24,48,2,Standard,Enterprise
CUST_02306,CUST_02306_C1,1,금융/보험,50-299인,2025-02-11,2025-02-11,2026-02-11,12,0,0,Standard,Standard
CUST_02306,CUST_02306_C2,2,금융/보험,50-299인,2025-02-11,2026-02-12,2028-02-12,24,12,1,Standard,Enterprise
CUST_02307,CUST_02307_C1,1,교육,5-49인,2022-08-26,2022-08-26,2023-08-26,12,0,0,Standard,Enterprise
CUST_02308,CUST_02308_C1,1,의료/헬스케어,5-49인,2024-09-23,2024-09-23,2026-09-23,24,0,0,Basic,Priority
CUST_02309,CUST_02309_C1,1,IT/소프트웨어,5-49인,2023-03-03,2023-03-03,2024-03-03,12,0,0,Basic,Standard
CUST_02310,CUST_02310_C1,1,의료/헬스케어,50-299인,2024-05-16,2024-05-16,2026-05-16,24,0,0,Basic,Enterprise
CUST_02311,CUST_02311_C1,1,교육,5-49인,2025-09-08,2025-09-08,2026-09-08,12,0,0,Standard,Standard
CUST_02312,CUST_02312_C1,1,물류/운송,50-299인,2025-04-22,2025-04-22,2026-04-22,12,0,0,Standard,Priority
CUST_02312,CUST_02312_C2,2,물류/운송,50-299인,2025-04-22,2026-04-23,2027-04-23,12,12,1,Standard,Priority
CUST_02313,CUST_02313_C1,1,제조업,50-299인,2026-06-11,2026-06-11,2029-06-11,36,0,0,Standard,Priority
CUST_02313,CUST_02313_C2,2,제조업,50-299인,2026-06-11,2029-06-12,2030-06-12,12,36,1,Standard,Enterprise
CUST_02314,CUST_02314_C1,1,제조업,5-49인,2023-06-29,2023-06-29,2024-06-29,12,0,0,Standard,Priority
CUST_02314,CUST_02314_C2,2,제조업,5-49인,2023-06-29,2024-06-30,2025-06-30,12,12,1,Standard,Enterprise
CUST_02315,CUST_02315_C1,1,유통/커머스,5-49인,2025-05-30,2025-05-30,2028-05-30,36,0,0,Basic,Standard
CUST_02315,CUST_02315_C2,2,유통/커머스,5-49인,2025-05-30,2028-05-31,2029-05-31,12,36,1,Basic,Standard
CUST_02316,CUST_02316_C1,1,의료/헬스케어,5-49인,2025-05-21,2025-05-21,2026-05-21,12,0,0,Basic,Standard
CUST_02316,CUST_02316_C2,2,의료/헬스케어,5-49인,2025-05-21,2026-05-22,2027-05-22,12,12,1,Basic,Standard
CUST_02317,CUST_02317_C1,1,기타서비스업,5-49인,2026-05-10,2026-05-10,2027-05-10,12,0,0,Basic,Enterprise
CUST_02318,CUST_02318_C1,1,금융/보험,5-49인,2022-09-25,2022-09-25,2024-09-25,24,0,0,Basic,Standard
CUST_02318,CUST_02318_C2,2,금융/보험,5-49인,2022-09-25,2024-09-26,2026-09-26,24,24,1,Basic,Standard
CUST_02319,CUST_02319_C1,1,제조업,5-49인,2023-11-01,2023-11-01,2024-11-01,12,0,0,Basic,Standard
CUST_02320,CUST_02320_C1,1,제조업,5-49인,2026-04-27,2026-04-27,2027-04-27,12,0,0,Basic,Priority
CUST_02321,CUST_02321_C1,1,교육,5-49인,2024-10-18,2024-10-18,2026-10-18,24,0,0,Premium,Enterprise
CUST_02322,CUST_02322_C1,1,제조업,5-49인,2024-07-17,2024-07-17,2025-07-17,12,0,0,Basic,Standard
CUST_02323,CUST_02323_C1,1,의료/헬스케어,5-49인,2026-04-15,2026-04-15,2028-04-15,24,0,0,Basic,Standard
CUST_02324,CUST_02324_C1,1,제조업,5-49인,2022-11-21,2022-11-21,2024-11-21,24,0,0,Basic,Standard
CUST_02324,CUST_02324_C2,2,제조업,5-49인,2022-11-21,2024-11-22,2025-11-22,12,24,1,Basic,Standard
CUST_02324,CUST_02324_C3,3,제조업,5-49인,2022-11-21,2025-11-23,2026-11-23,12,36,2,Basic,Standard
CUST_02325,CUST_02325_C1,1,IT/소프트웨어,50-299인,2025-06-23,2025-06-23,2028-06-23,36,0,0,Standard,Priority
CUST_02326,CUST_02326_C1,1,금융/보험,50-299인,2025-06-08,2025-06-08,2027-06-08,24,0,0,Premium,Enterprise
CUST_02327,CUST_02327_C1,1,IT/소프트웨어,5-49인,2022-09-11,2022-09-11,2024-09-11,24,0,0,Basic,Standard
CUST_02328,CUST_02328_C1,1,제조업,5-49인,2022-10-01,2022-10-01,2024-10-01,24,0,0,Standard,Enterprise
CUST_02328,CUST_02328_C2,2,제조업,5-49인,2022-10-01,2024-10-02,2025-10-02,12,24,1,Standard,Standard
CUST_02328,CUST_02328_C3,3,제조업,5-49인,2022-10-01,2025-10-03,2027-10-03,24,36,2,Standard,Priority
CUST_02329,CUST_02329_C1,1,물류/운송,5-49인,2026-08-01,2026-08-01,2027-08-01,12,0,0,Basic,Standard
CUST_02329,CUST_02329_C2,2,물류/운송,5-49인,2026-08-01,2027-08-02,2028-08-02,12,12,1,Basic,Priority
CUST_02330,CUST_02330_C1,1,물류/운송,5-49인,2023-06-10,2023-06-10,2026-06-10,36,0,0,Basic,Priority
CUST_02330,CUST_02330_C2,2,물류/운송,5-49인,2023-06-10,2026-06-11,2028-06-11,24,36,1,Basic,Priority
CUST_02330,CUST_02330_C3,3,물류/운송,5-49인,2023-06-10,2028-06-12,2029-06-12,12,60,2,Basic,Standard
CUST_02331,CUST_02331_C1,1,IT/소프트웨어,5-49인,2025-08-26,2025-08-26,2027-08-26,24,0,0,Standard,Standard
CUST_02331,CUST_02331_C2,2,IT/소프트웨어,5-49인,2025-08-26,2027-08-27,2030-08-27,36,24,1,Standard,Standard
CUST_02331,CUST_02331_C3,3,IT/소프트웨어,5-49인,2025-08-26,2030-08-28,2031-08-28,12,60,2,Standard,Priority
CUST_02332,CUST_02332_C1,1,교육,50-299인,2024-02-05,2024-02-05,2026-02-05,24,0,0,Standard,Enterprise
CUST_02332,CUST_02332_C2,2,교육,50-299인,2024-02-05,2026-02-06,2028-02-06,24,24,1,Standard,Enterprise
CUST_02333,CUST_02333_C1,1,교육,300인이상,2026-07-02,2026-07-02,2028-07-02,24,0,0,Standard,Enterprise
CUST_02334,CUST_02334_C1,1,의료/헬스케어,50-299인,2023-07-22,2023-07-22,2026-07-22,36,0,0,Standard,Priority
CUST_02334,CUST_02334_C2,2,의료/헬스케어,50-299인,2023-07-22,2026-07-23,2027-07-23,12,36,1,Standard,Priority
CUST_02335,CUST_02335_C1,1,제조업,50-299인,2024-11-04,2024-11-04,2026-11-04,24,0,0,Basic,Standard
CUST_02335,CUST_02335_C2,2,제조업,50-299인,2024-11-04,2026-11-05,2028-11-05,24,24,1,Basic,Priority
CUST_02336,CUST_02336_C1,1,IT/소프트웨어,5-49인,2023-07-17,2023-07-17,2026-07-17,36,0,0,Basic,Standard
CUST_02336,CUST_02336_C2,2,IT/소프트웨어,5-49인,2023-07-17,2026-07-18,2027-07-18,12,36,1,Basic,Standard
CUST_02337,CUST_02337_C1,1,제조업,5-49인,2025-01-05,2025-01-05,2026-01-05,12,0,0,Basic,Priority
CUST_02338,CUST_02338_C1,1,제조업,5-49인,2022-08-02,2022-08-02,2023-08-02,12,0,0,Standard,Standard
CUST_02339,CUST_02339_C1,1,유통/커머스,5-49인,2022-11-01,2022-11-01,2025-11-01,36,0,0,Standard,Priority
CUST_02339,CUST_02339_C2,2,유통/커머스,5-49인,2022-11-01,2025-11-02,2026-11-02,12,36,1,Standard,Enterprise
CUST_02339,CUST_02339_C3,3,유통/커머스,5-49인,2022-11-01,2026-11-03,2028-11-03,24,48,2,Standard,Enterprise
CUST_02340,CUST_02340_C1,1,기타서비스업,5-49인,2025-12-07,2025-12-07,2027-12-07,24,0,0,Standard,Standard
CUST_02341,CUST_02341_C1,1,IT/소프트웨어,5-49인,2026-06-13,2026-06-13,2028-06-13,24,0,0,Basic,Priority
CUST_02342,CUST_02342_C1,1,의료/헬스케어,5-49인,2025-03-05,2025-03-05,2026-03-05,12,0,0,Basic,Standard
CUST_02343,CUST_02343_C1,1,물류/운송,5-49인,2023-03-16,2023-03-16,2025-03-16,24,0,0,Standard,Standard
CUST_02344,CUST_02344_C1,1,IT/소프트웨어,5-49인,2026-05-02,2026-05-02,2028-05-02,24,0,0,Basic,Standard
CUST_02345,CUST_02345_C1,1,유통/커머스,50-299인,2023-09-22,2023-09-22,2026-09-22,36,0,0,Standard,Priority
CUST_02346,CUST_02346_C1,1,의료/헬스케어,50-299인,2023-10-07,2023-10-07,2025-10-07,24,0,0,Basic,Priority
CUST_02346,CUST_02346_C2,2,의료/헬스케어,50-299인,2023-10-07,2025-10-08,2027-10-08,24,24,1,Basic,Priority
CUST_02347,CUST_02347_C1,1,유통/커머스,5-49인,2021-11-29,2021-11-29,2022-11-29,12,0,0,Basic,Standard
CUST_02347,CUST_02347_C2,2,유통/커머스,5-49인,2021-11-29,2022-11-30,2024-11-30,24,12,1,Basic,Standard
CUST_02347,CUST_02347_C3,3,유통/커머스,5-49인,2021-11-29,2024-12-01,2026-12-01,24,37,2,Basic,Priority
CUST_02348,CUST_02348_C1,1,유통/커머스,5-49인,2023-06-12,2023-06-12,2025-06-12,24,0,0,Standard,Priority
CUST_02349,CUST_02349_C1,1,IT/소프트웨어,5-49인,2024-07-24,2024-07-24,2026-07-24,24,0,0,Basic,Standard
CUST_02350,CUST_02350_C1,1,교육,5-49인,2022-12-28,2022-12-28,2023-12-28,12,0,0,Basic,Priority
CUST_02351,CUST_02351_C1,1,교육,50-299인,2024-05-27,2024-05-27,2025-05-27,12,0,0,Standard,Priority
CUST_02351,CUST_02351_C2,2,교육,50-299인,2024-05-27,2025-05-28,2028-05-28,36,12,1,Standard,Priority
CUST_02352,CUST_02352_C1,1,IT/소프트웨어,5-49인,2024-01-09,2024-01-09,2027-01-09,36,0,0,Basic,Priority
CUST_02353,CUST_02353_C1,1,제조업,5-49인,2024-10-10,2024-10-10,2025-10-10,12,0,0,Basic,Standard
CUST_02354,CUST_02354_C1,1,제조업,5-49인,2021-12-13,2021-12-13,2023-12-13,24,0,0,Basic,Standard
CUST_02355,CUST_02355_C1,1,의료/헬스케어,5-49인,2023-03-13,2023-03-13,2026-03-13,36,0,0,Basic,Standard
CUST_02356,CUST_02356_C1,1,의료/헬스케어,50-299인,2023-01-14,2023-01-14,2026-01-14,36,0,0,Premium,Enterprise
CUST_02357,CUST_02357_C1,1,유통/커머스,5-49인,2022-10-24,2022-10-24,2023-10-24,12,0,0,Standard,Priority
CUST_02358,CUST_02358_C1,1,제조업,5-49인,2022-01-01,2022-01-01,2023-01-01,12,0,0,Basic,Priority
CUST_02359,CUST_02359_C1,1,의료/헬스케어,5-49인,2024-03-23,2024-03-23,2025-03-23,12,0,0,Basic,Standard
CUST_02359,CUST_02359_C2,2,의료/헬스케어,5-49인,2024-03-23,2025-03-24,2028-03-24,36,12,1,Basic,Standard
CUST_02360,CUST_02360_C1,1,금융/보험,5-49인,2024-08-14,2024-08-14,2025-08-14,12,0,0,Basic,Priority
CUST_02361,CUST_02361_C1,1,의료/헬스케어,5-49인,2024-12-21,2024-12-21,2026-12-21,24,0,0,Basic,Standard
CUST_02361,CUST_02361_C2,2,의료/헬스케어,5-49인,2024-12-21,2026-12-22,2027-12-22,12,24,1,Basic,Priority
CUST_02362,CUST_02362_C1,1,제조업,5-49인,2023-03-22,2023-03-22,2025-03-22,24,0,0,Standard,Priority
CUST_02363,CUST_02363_C1,1,제조업,5-49인,2026-05-09,2026-05-09,2028-05-09,24,0,0,Basic,Standard
CUST_02363,CUST_02363_C2,2,제조업,5-49인,2026-05-09,2028-05-10,2031-05-10,36,24,1,Basic,Priority
CUST_02364,CUST_02364_C1,1,제조업,5-49인,2023-08-01,2023-08-01,2025-08-01,24,0,0,Basic,Standard
CUST_02365,CUST_02365_C1,1,기타서비스업,5-49인,2025-03-12,2025-03-12,2026-03-12,12,0,0,Standard,Priority
CUST_02366,CUST_02366_C1,1,제조업,5-49인,2021-10-12,2021-10-12,2023-10-12,24,0,0,Premium,Priority
CUST_02367,CUST_02367_C1,1,교육,5-49인,2026-05-23,2026-05-23,2028-05-23,24,0,0,Basic,Standard
CUST_02368,CUST_02368_C1,1,금융/보험,5-49인,2025-11-19,2025-11-19,2027-11-19,24,0,0,Standard,Priority
CUST_02369,CUST_02369_C1,1,물류/운송,50-299인,2026-01-24,2026-01-24,2029-01-24,36,0,0,Standard,Priority
CUST_02369,CUST_02369_C2,2,물류/운송,50-299인,2026-01-24,2029-01-25,2031-01-25,24,36,1,Standard,Standard
CUST_02370,CUST_02370_C1,1,교육,5-49인,2025-03-20,2025-03-20,2028-03-20,36,0,0,Standard,Enterprise
CUST_02371,CUST_02371_C1,1,금융/보험,300인이상,2023-02-16,2023-02-16,2024-02-16,12,0,0,Standard,Standard
CUST_02372,CUST_02372_C1,1,제조업,5-49인,2026-05-15,2026-05-15,2027-05-15,12,0,0,Standard,Priority
CUST_02372,CUST_02372_C2,2,제조업,5-49인,2026-05-15,2027-05-16,2028-05-16,12,12,1,Standard,Enterprise
CUST_02373,CUST_02373_C1,1,유통/커머스,50-299인,2026-07-13,2026-07-13,2028-07-13,24,0,0,Standard,Enterprise
CUST_02374,CUST_02374_C1,1,유통/커머스,5-49인,2021-10-27,2021-10-27,2024-10-27,36,0,0,Basic,Enterprise
CUST_02374,CUST_02374_C2,2,유통/커머스,5-49인,2021-10-27,2024-10-28,2025-10-28,12,36,1,Basic,Standard
CUST_02374,CUST_02374_C3,3,유통/커머스,5-49인,2021-10-27,2025-10-29,2026-10-29,12,48,2,Basic,Standard
CUST_02375,CUST_02375_C1,1,유통/커머스,5-49인,2025-11-03,2025-11-03,2026-11-03,12,0,0,Standard,Priority
CUST_02376,CUST_02376_C1,1,IT/소프트웨어,50-299인,2024-01-15,2024-01-15,2026-01-15,24,0,0,Basic,Priority
CUST_02376,CUST_02376_C2,2,IT/소프트웨어,50-299인,2024-01-15,2026-01-16,2029-01-16,36,24,1,Basic,Standard
CUST_02377,CUST_02377_C1,1,금융/보험,5-49인,2025-08-03,2025-08-03,2026-08-03,12,0,0,Basic,Priority
CUST_02378,CUST_02378_C1,1,의료/헬스케어,5-49인,2025-09-01,2025-09-01,2028-09-01,36,0,0,Premium,Standard
CUST_02379,CUST_02379_C1,1,금융/보험,5-49인,2023-10-14,2023-10-14,2025-10-14,24,0,0,Basic,Standard
CUST_02380,CUST_02380_C1,1,유통/커머스,5-49인,2024-10-20,2024-10-20,2025-10-20,12,0,0,Basic,Standard
CUST_02380,CUST_02380_C2,2,유통/커머스,5-49인,2024-10-20,2025-10-21,2026-10-21,12,12,1,Basic,Standard
CUST_02380,CUST_02380_C3,3,유통/커머스,5-49인,2024-10-20,2026-10-22,2027-10-22,12,24,2,Basic,Standard
CUST_02381,CUST_02381_C1,1,제조업,5-49인,2021-12-12,2021-12-12,2022-12-12,12,0,0,Basic,Standard
CUST_02381,CUST_02381_C2,2,제조업,5-49인,2021-12-12,2022-12-13,2023-12-13,12,12,1,Basic,Standard
CUST_02382,CUST_02382_C1,1,금융/보험,5-49인,2021-10-30,2021-10-30,2022-10-30,12,0,0,Basic,Standard
CUST_02382,CUST_02382_C2,2,금융/보험,5-49인,2021-10-30,2022-10-31,2023-10-31,12,12,1,Basic,Standard
CUST_02383,CUST_02383_C1,1,IT/소프트웨어,5-49인,2024-01-13,2024-01-13,2026-01-13,24,0,0,Basic,Priority
CUST_02384,CUST_02384_C1,1,제조업,5-49인,2023-08-15,2023-08-15,2025-08-15,24,0,0,Standard,Enterprise
CUST_02385,CUST_02385_C1,1,의료/헬스케어,50-299인,2024-12-20,2024-12-20,2026-12-20,24,0,0,Standard,Priority
CUST_02386,CUST_02386_C1,1,IT/소프트웨어,5-49인,2024-05-01,2024-05-01,2025-05-01,12,0,0,Basic,Standard
CUST_02386,CUST_02386_C2,2,IT/소프트웨어,5-49인,2024-05-01,2025-05-02,2026-05-02,12,12,1,Basic,Standard
CUST_02386,CUST_02386_C3,3,IT/소프트웨어,5-49인,2024-05-01,2026-05-03,2029-05-03,36,24,2,Basic,Standard
CUST_02387,CUST_02387_C1,1,제조업,5-49인,2023-01-09,2023-01-09,2024-01-09,12,0,0,Basic,Standard
CUST_02388,CUST_02388_C1,1,제조업,50-299인,2025-09-13,2025-09-13,2026-09-13,12,0,0,Standard,Priority
CUST_02389,CUST_02389_C1,1,금융/보험,5-49인,2025-09-02,2025-09-02,2028-09-02,36,0,0,Basic,Enterprise
CUST_02389,CUST_02389_C2,2,금융/보험,5-49인,2025-09-02,2028-09-03,2030-09-03,24,36,1,Basic,Priority
CUST_02390,CUST_02390_C1,1,교육,5-49인,2022-11-13,2022-11-13,2023-11-13,12,0,0,Standard,Standard
CUST_02391,CUST_02391_C1,1,유통/커머스,5-49인,2023-09-13,2023-09-13,2024-09-13,12,0,0,Basic,Standard
CUST_02392,CUST_02392_C1,1,의료/헬스케어,5-49인,2024-04-22,2024-04-22,2025-04-22,12,0,0,Basic,Priority
CUST_02393,CUST_02393_C1,1,제조업,5-49인,2024-11-03,2024-11-03,2026-11-03,24,0,0,Basic,Standard
CUST_02394,CUST_02394_C1,1,의료/헬스케어,5-49인,2023-01-08,2023-01-08,2024-01-08,12,0,0,Basic,Priority
CUST_02395,CUST_02395_C1,1,IT/소프트웨어,5-49인,2026-06-03,2026-06-03,2028-06-03,24,0,0,Standard,Priority
CUST_02395,CUST_02395_C2,2,IT/소프트웨어,5-49인,2026-06-03,2028-06-04,2031-06-04,36,24,1,Standard,Standard
CUST_02395,CUST_02395_C3,3,IT/소프트웨어,5-49인,2026-06-03,2031-06-05,2032-06-05,12,60,2,Standard,Enterprise
CUST_02396,CUST_02396_C1,1,물류/운송,5-49인,2023-05-30,2023-05-30,2024-05-30,12,0,0,Basic,Priority
CUST_02397,CUST_02397_C1,1,IT/소프트웨어,5-49인,2025-05-29,2025-05-29,2027-05-29,24,0,0,Basic,Standard
CUST_02397,CUST_02397_C2,2,IT/소프트웨어,5-49인,2025-05-29,2027-05-30,2029-05-30,24,24,1,Basic,Standard
CUST_02398,CUST_02398_C1,1,IT/소프트웨어,5-49인,2023-04-15,2023-04-15,2025-04-15,24,0,0,Standard,Standard
CUST_02398,CUST_02398_C2,2,IT/소프트웨어,5-49인,2023-04-15,2025-04-16,2028-04-16,36,24,1,Standard,Enterprise
CUST_02399,CUST_02399_C1,1,교육,5-49인,2026-01-26,2026-01-26,2027-01-26,12,0,0,Basic,Standard
CUST_02400,CUST_02400_C1,1,IT/소프트웨어,5-49인,2023-02-04,2023-02-04,2024-02-04,12,0,0,Basic,Standard
CUST_02400,CUST_02400_C2,2,IT/소프트웨어,5-49인,2023-02-04,2024-02-05,2025-02-05,12,12,1,Basic,Priority
CUST_02401,CUST_02401_C1,1,유통/커머스,5-49인,2022-12-10,2022-12-10,2023-12-10,12,0,0,Basic,Standard
CUST_02402,CUST_02402_C1,1,기타서비스업,5-49인,2023-03-15,2023-03-15,2025-03-15,24,0,0,Basic,Standard
CUST_02403,CUST_02403_C1,1,유통/커머스,5-49인,2021-10-09,2021-10-09,2022-10-09,12,0,0,Basic,Standard
CUST_02403,CUST_02403_C2,2,유통/커머스,5-49인,2021-10-09,2022-10-10,2023-10-10,12,12,1,Basic,Standard
CUST_02403,CUST_02403_C3,3,유통/커머스,5-49인,2021-10-09,2023-10-11,2025-10-11,24,24,2,Basic,Standard
CUST_02404,CUST_02404_C1,1,IT/소프트웨어,50-299인,2022-11-14,2022-11-14,2024-11-14,24,0,0,Standard,Enterprise
CUST_02404,CUST_02404_C2,2,IT/소프트웨어,50-299인,2022-11-14,2024-11-15,2025-11-15,12,24,1,Standard,Priority
CUST_02405,CUST_02405_C1,1,IT/소프트웨어,5-49인,2023-03-22,2023-03-22,2024-03-22,12,0,0,Basic,Enterprise
CUST_02405,CUST_02405_C2,2,IT/소프트웨어,5-49인,2023-03-22,2024-03-23,2025-03-23,12,12,1,Basic,Standard
CUST_02405,CUST_02405_C3,3,IT/소프트웨어,5-49인,2023-03-22,2025-03-24,2026-03-24,12,24,2,Basic,Priority
CUST_02406,CUST_02406_C1,1,유통/커머스,5-49인,2023-03-28,2023-03-28,2026-03-28,36,0,0,Standard,Standard
CUST_02406,CUST_02406_C2,2,유통/커머스,5-49인,2023-03-28,2026-03-29,2029-03-29,36,36,1,Standard,Standard
CUST_02406,CUST_02406_C3,3,유통/커머스,5-49인,2023-03-28,2029-03-30,2030-03-30,12,72,2,Standard,Priority
CUST_02407,CUST_02407_C1,1,기타서비스업,300인이상,2024-05-23,2024-05-23,2026-05-23,24,0,0,Standard,Enterprise
CUST_02408,CUST_02408_C1,1,금융/보험,5-49인,2025-01-11,2025-01-11,2026-01-11,12,0,0,Basic,Enterprise
CUST_02408,CUST_02408_C2,2,금융/보험,5-49인,2025-01-11,2026-01-12,2029-01-12,36,12,1,Basic,Priority
CUST_02408,CUST_02408_C3,3,금융/보험,5-49인,2025-01-11,2029-01-13,2030-01-13,12,48,2,Basic,Standard
CUST_02409,CUST_02409_C1,1,물류/운송,5-49인,2023-07-17,2023-07-17,2024-07-17,12,0,0,Basic,Standard
CUST_02410,CUST_02410_C1,1,물류/운송,300인이상,2025-04-23,2025-04-23,2027-04-23,24,0,0,Premium,Enterprise
CUST_02411,CUST_02411_C1,1,물류/운송,5-49인,2024-11-15,2024-11-15,2025-11-15,12,0,0,Basic,Standard
CUST_02412,CUST_02412_C1,1,유통/커머스,5-49인,2026-03-01,2026-03-01,2027-03-01,12,0,0,Standard,Priority
CUST_02413,CUST_02413_C1,1,교육,5-49인,2026-07-30,2026-07-30,2027-07-30,12,0,0,Basic,Standard
CUST_02414,CUST_02414_C1,1,제조업,5-49인,2025-12-07,2025-12-07,2028-12-07,36,0,0,Basic,Priority
CUST_02414,CUST_02414_C2,2,제조업,5-49인,2025-12-07,2028-12-08,2030-12-08,24,36,1,Basic,Standard
CUST_02414,CUST_02414_C3,3,제조업,5-49인,2025-12-07,2030-12-09,2031-12-09,12,60,2,Basic,Enterprise
CUST_02415,CUST_02415_C1,1,의료/헬스케어,50-299인,2022-01-15,2022-01-15,2023-01-15,12,0,0,Standard,Priority
CUST_02415,CUST_02415_C2,2,의료/헬스케어,50-299인,2022-01-15,2023-01-16,2026-01-16,36,12,1,Standard,Standard
CUST_02416,CUST_02416_C1,1,제조업,5-49인,2022-02-24,2022-02-24,2023-02-24,12,0,0,Basic,Enterprise
CUST_02417,CUST_02417_C1,1,기타서비스업,5-49인,2023-04-05,2023-04-05,2024-04-05,12,0,0,Standard,Priority
CUST_02418,CUST_02418_C1,1,금융/보험,5-49인,2024-02-21,2024-02-21,2026-02-21,24,0,0,Standard,Standard
CUST_02419,CUST_02419_C1,1,제조업,50-299인,2026-01-17,2026-01-17,2027-01-17,12,0,0,Standard,Priority
CUST_02420,CUST_02420_C1,1,금융/보험,5-49인,2026-03-07,2026-03-07,2027-03-07,12,0,0,Standard,Priority
CUST_02420,CUST_02420_C2,2,금융/보험,5-49인,2026-03-07,2027-03-08,2028-03-08,12,12,1,Standard,Priority
CUST_02420,CUST_02420_C3,3,금융/보험,5-49인,2026-03-07,2028-03-09,2029-03-09,12,24,2,Standard,Priority
CUST_02421,CUST_02421_C1,1,물류/운송,5-49인,2024-06-28,2024-06-28,2025-06-28,12,0,0,Basic,Standard
CUST_02422,CUST_02422_C1,1,유통/커머스,5-49인,2023-05-13,2023-05-13,2024-05-13,12,0,0,Basic,Standard
CUST_02423,CUST_02423_C1,1,금융/보험,5-49인,2025-10-20,2025-10-20,2027-10-20,24,0,0,Basic,Standard
CUST_02424,CUST_02424_C1,1,IT/소프트웨어,5-49인,2025-01-25,2025-01-25,2027-01-25,24,0,0,Basic,Standard
CUST_02424,CUST_02424_C2,2,IT/소프트웨어,5-49인,2025-01-25,2027-01-26,2028-01-26,12,24,1,Basic,Priority
CUST_02425,CUST_02425_C1,1,제조업,5-49인,2026-06-16,2026-06-16,2027-06-16,12,0,0,Standard,Enterprise
CUST_02426,CUST_02426_C1,1,IT/소프트웨어,50-299인,2025-10-22,2025-10-22,2027-10-22,24,0,0,Standard,Enterprise
CUST_02427,CUST_02427_C1,1,유통/커머스,5-49인,2023-02-23,2023-02-23,2024-02-23,12,0,0,Standard,Priority
CUST_02428,CUST_02428_C1,1,교육,5-49인,2026-05-04,2026-05-04,2028-05-04,24,0,0,Standard,Standard
CUST_02428,CUST_02428_C2,2,교육,5-49인,2026-05-04,2028-05-05,2029-05-05,12,24,1,Standard,Standard
CUST_02429,CUST_02429_C1,1,IT/소프트웨어,5-49인,2024-07-15,2024-07-15,2025-07-15,12,0,0,Basic,Standard
CUST_02430,CUST_02430_C1,1,물류/운송,5-49인,2022-06-15,2022-06-15,2025-06-15,36,0,0,Premium,Enterprise
CUST_02431,CUST_02431_C1,1,IT/소프트웨어,5-49인,2024-07-13,2024-07-13,2026-07-13,24,0,0,Standard,Standard
CUST_02432,CUST_02432_C1,1,유통/커머스,50-299인,2025-05-30,2025-05-30,2028-05-30,36,0,0,Standard,Enterprise
CUST_02433,CUST_02433_C1,1,제조업,5-49인,2024-08-17,2024-08-17,2026-08-17,24,0,0,Basic,Standard
CUST_02433,CUST_02433_C2,2,제조업,5-49인,2024-08-17,2026-08-18,2029-08-18,36,24,1,Basic,Enterprise
CUST_02434,CUST_02434_C1,1,제조업,5-49인,2025-10-20,2025-10-20,2027-10-20,24,0,0,Basic,Priority
CUST_02435,CUST_02435_C1,1,교육,5-49인,2023-08-30,2023-08-30,2025-08-30,24,0,0,Basic,Standard
CUST_02436,CUST_02436_C1,1,IT/소프트웨어,5-49인,2026-01-09,2026-01-09,2027-01-09,12,0,0,Basic,Standard
CUST_02437,CUST_02437_C1,1,제조업,50-299인,2023-04-21,2023-04-21,2024-04-21,12,0,0,Standard,Standard
CUST_02437,CUST_02437_C2,2,제조업,50-299인,2023-04-21,2024-04-22,2025-04-22,12,12,1,Standard,Priority
CUST_02438,CUST_02438_C1,1,금융/보험,5-49인,2026-05-15,2026-05-15,2027-05-15,12,0,0,Basic,Standard
CUST_02439,CUST_02439_C1,1,금융/보험,5-49인,2022-01-12,2022-01-12,2023-01-12,12,0,0,Premium,Standard
CUST_02440,CUST_02440_C1,1,금융/보험,5-49인,2026-06-18,2026-06-18,2027-06-18,12,0,0,Standard,Priority
CUST_02441,CUST_02441_C1,1,교육,5-49인,2026-04-13,2026-04-13,2028-04-13,24,0,0,Basic,Standard
CUST_02441,CUST_02441_C2,2,교육,5-49인,2026-04-13,2028-04-14,2029-04-14,12,24,1,Basic,Standard
CUST_02442,CUST_02442_C1,1,IT/소프트웨어,5-49인,2023-04-13,2023-04-13,2024-04-13,12,0,0,Standard,Standard
CUST_02443,CUST_02443_C1,1,물류/운송,50-299인,2025-04-11,2025-04-11,2026-04-11,12,0,0,Basic,Standard
CUST_02444,CUST_02444_C1,1,금융/보험,5-49인,2022-03-28,2022-03-28,2023-03-28,12,0,0,Basic,Priority
CUST_02445,CUST_02445_C1,1,금융/보험,5-49인,2024-03-14,2024-03-14,2025-03-14,12,0,0,Basic,Standard
CUST_02445,CUST_02445_C2,2,금융/보험,5-49인,2024-03-14,2025-03-15,2026-03-15,12,12,1,Basic,Standard
CUST_02445,CUST_02445_C3,3,금융/보험,5-49인,2024-03-14,2026-03-16,2027-03-16,12,24,2,Basic,Standard
CUST_02446,CUST_02446_C1,1,유통/커머스,50-299인,2024-07-24,2024-07-24,2026-07-24,24,0,0,Standard,Priority
CUST_02447,CUST_02447_C1,1,금융/보험,5-49인,2025-03-02,2025-03-02,2026-03-02,12,0,0,Basic,Standard
CUST_02447,CUST_02447_C2,2,금융/보험,5-49인,2025-03-02,2026-03-03,2028-03-03,24,12,1,Basic,Standard
CUST_02448,CUST_02448_C1,1,기타서비스업,5-49인,2026-03-05,2026-03-05,2027-03-05,12,0,0,Basic,Standard
CUST_02449,CUST_02449_C1,1,기타서비스업,5-49인,2025-06-23,2025-06-23,2026-06-23,12,0,0,Basic,Standard
CUST_02450,CUST_02450_C1,1,제조업,50-299인,2024-11-05,2024-11-05,2027-11-05,36,0,0,Premium,Enterprise
CUST_02450,CUST_02450_C2,2,제조업,50-299인,2024-11-05,2027-11-06,2029-11-06,24,36,1,Premium,Enterprise
CUST_02450,CUST_02450_C3,3,제조업,50-299인,2024-11-05,2029-11-07,2030-11-07,12,60,2,Premium,Priority
CUST_02451,CUST_02451_C1,1,의료/헬스케어,5-49인,2025-09-24,2025-09-24,2027-09-24,24,0,0,Basic,Standard
CUST_02452,CUST_02452_C1,1,기타서비스업,5-49인,2026-08-13,2026-08-13,2027-08-13,12,0,0,Basic,Priority
CUST_02452,CUST_02452_C2,2,기타서비스업,5-49인,2026-08-13,2027-08-14,2030-08-14,36,12,1,Basic,Standard
CUST_02453,CUST_02453_C1,1,교육,5-49인,2026-02-06,2026-02-06,2029-02-06,36,0,0,Standard,Standard
CUST_02453,CUST_02453_C2,2,교육,5-49인,2026-02-06,2029-02-07,2030-02-07,12,36,1,Standard,Enterprise
CUST_02454,CUST_02454_C1,1,IT/소프트웨어,5-49인,2022-02-09,2022-02-09,2023-02-09,12,0,0,Basic,Standard
CUST_02455,CUST_02455_C1,1,IT/소프트웨어,5-49인,2025-06-02,2025-06-02,2026-06-02,12,0,0,Standard,Standard
CUST_02455,CUST_02455_C2,2,IT/소프트웨어,5-49인,2025-06-02,2026-06-03,2027-06-03,12,12,1,Standard,Priority
CUST_02456,CUST_02456_C1,1,IT/소프트웨어,5-49인,2022-06-20,2022-06-20,2023-06-20,12,0,0,Basic,Standard
CUST_02457,CUST_02457_C1,1,의료/헬스케어,5-49인,2023-02-11,2023-02-11,2025-02-11,24,0,0,Basic,Standard
CUST_02457,CUST_02457_C2,2,의료/헬스케어,5-49인,2023-02-11,2025-02-12,2026-02-12,12,24,1,Basic,Standard
CUST_02457,CUST_02457_C3,3,의료/헬스케어,5-49인,2023-02-11,2026-02-13,2027-02-13,12,36,2,Basic,Standard
CUST_02458,CUST_02458_C1,1,IT/소프트웨어,50-299인,2024-12-23,2024-12-23,2025-12-23,12,0,0,Standard,Priority
CUST_02459,CUST_02459_C1,1,제조업,5-49인,2024-11-15,2024-11-15,2025-11-15,12,0,0,Basic,Standard
CUST_02459,CUST_02459_C2,2,제조업,5-49인,2024-11-15,2025-11-16,2027-11-16,24,12,1,Basic,Standard
CUST_02460,CUST_02460_C1,1,물류/운송,5-49인,2025-11-28,2025-11-28,2027-11-28,24,0,0,Standard,Standard
CUST_02460,CUST_02460_C2,2,물류/운송,5-49인,2025-11-28,2027-11-29,2029-11-29,24,24,1,Standard,Enterprise
CUST_02461,CUST_02461_C1,1,의료/헬스케어,50-299인,2022-12-03,2022-12-03,2025-12-03,36,0,0,Premium,Priority
CUST_02461,CUST_02461_C2,2,의료/헬스케어,50-299인,2022-12-03,2025-12-04,2027-12-04,24,36,1,Premium,Priority
CUST_02461,CUST_02461_C3,3,의료/헬스케어,50-299인,2022-12-03,2027-12-05,2028-12-05,12,60,2,Premium,Priority
CUST_02462,CUST_02462_C1,1,금융/보험,5-49인,2026-02-24,2026-02-24,2029-02-24,36,0,0,Basic,Standard
CUST_02463,CUST_02463_C1,1,금융/보험,5-49인,2022-04-13,2022-04-13,2023-04-13,12,0,0,Basic,Standard
CUST_02463,CUST_02463_C2,2,금융/보험,5-49인,2022-04-13,2023-04-14,2025-04-14,24,12,1,Basic,Standard
CUST_02463,CUST_02463_C3,3,금융/보험,5-49인,2022-04-13,2025-04-15,2027-04-15,24,36,2,Basic,Standard
CUST_02464,CUST_02464_C1,1,교육,5-49인,2026-08-15,2026-08-15,2028-08-15,24,0,0,Basic,Standard
CUST_02464,CUST_02464_C2,2,교육,5-49인,2026-08-15,2028-08-16,2029-08-16,12,24,1,Basic,Standard
CUST_02465,CUST_02465_C1,1,IT/소프트웨어,5-49인,2025-11-15,2025-11-15,2026-11-15,12,0,0,Standard,Standard
CUST_02466,CUST_02466_C1,1,IT/소프트웨어,50-299인,2024-03-27,2024-03-27,2025-03-27,12,0,0,Premium,Enterprise
CUST_02466,CUST_02466_C2,2,IT/소프트웨어,50-299인,2024-03-27,2025-03-28,2026-03-28,12,12,1,Basic,Standard
CUST_02467,CUST_02467_C1,1,기타서비스업,50-299인,2021-09-29,2021-09-29,2023-09-29,24,0,0,Premium,Standard
CUST_02467,CUST_02467_C2,2,기타서비스업,50-299인,2021-09-29,2023-09-30,2024-09-30,12,24,1,Premium,Enterprise
CUST_02468,CUST_02468_C1,1,유통/커머스,5-49인,2026-01-28,2026-01-28,2027-01-28,12,0,0,Basic,Standard
CUST_02469,CUST_02469_C1,1,물류/운송,5-49인,2023-04-27,2023-04-27,2026-04-27,36,0,0,Basic,Standard
CUST_02469,CUST_02469_C2,2,물류/운송,5-49인,2023-04-27,2026-04-28,2027-04-28,12,36,1,Basic,Priority
CUST_02469,CUST_02469_C3,3,물류/운송,5-49인,2023-04-27,2027-04-29,2028-04-29,12,48,2,Basic,Standard
CUST_02470,CUST_02470_C1,1,IT/소프트웨어,5-49인,2025-04-27,2025-04-27,2027-04-27,24,0,0,Standard,Priority
CUST_02470,CUST_02470_C2,2,IT/소프트웨어,5-49인,2025-04-27,2027-04-28,2028-04-28,12,24,1,Standard,Priority
CUST_02470,CUST_02470_C3,3,IT/소프트웨어,5-49인,2025-04-27,2028-04-29,2029-04-29,12,36,2,Standard,Priority
CUST_02471,CUST_02471_C1,1,IT/소프트웨어,5-49인,2023-04-07,2023-04-07,2024-04-07,12,0,0,Basic,Standard
CUST_02471,CUST_02471_C2,2,IT/소프트웨어,5-49인,2023-04-07,2024-04-08,2027-04-08,36,12,1,Basic,Standard
CUST_02472,CUST_02472_C1,1,IT/소프트웨어,5-49인,2025-08-01,2025-08-01,2026-08-01,12,0,0,Basic,Standard
CUST_02472,CUST_02472_C2,2,IT/소프트웨어,5-49인,2025-08-01,2026-08-02,2027-08-02,12,12,1,Basic,Priority
CUST_02473,CUST_02473_C1,1,유통/커머스,5-49인,2025-05-24,2025-05-24,2028-05-24,36,0,0,Premium,Standard
CUST_02474,CUST_02474_C1,1,유통/커머스,5-49인,2022-12-08,2022-12-08,2023-12-08,12,0,0,Basic,Standard
CUST_02475,CUST_02475_C1,1,교육,5-49인,2024-07-31,2024-07-31,2025-07-31,12,0,0,Basic,Standard
CUST_02475,CUST_02475_C2,2,교육,5-49인,2024-07-31,2025-08-01,2026-08-01,12,13,1,Basic,Standard
CUST_02476,CUST_02476_C1,1,제조업,5-49인,2023-08-22,2023-08-22,2024-08-22,12,0,0,Standard,Priority
CUST_02477,CUST_02477_C1,1,교육,5-49인,2022-01-20,2022-01-20,2023-01-20,12,0,0,Basic,Standard
CUST_02477,CUST_02477_C2,2,교육,5-49인,2022-01-20,2023-01-21,2024-01-21,12,12,1,Basic,Priority
CUST_02478,CUST_02478_C1,1,기타서비스업,5-49인,2025-05-06,2025-05-06,2026-05-06,12,0,0,Basic,Priority
CUST_02479,CUST_02479_C1,1,IT/소프트웨어,5-49인,2026-07-23,2026-07-23,2027-07-23,12,0,0,Standard,Enterprise
CUST_02479,CUST_02479_C2,2,IT/소프트웨어,5-49인,2026-07-23,2027-07-24,2028-07-24,12,12,1,Standard,Priority
CUST_02480,CUST_02480_C1,1,기타서비스업,5-49인,2025-04-05,2025-04-05,2027-04-05,24,0,0,Standard,Standard
CUST_02481,CUST_02481_C1,1,제조업,5-49인,2026-02-18,2026-02-18,2027-02-18,12,0,0,Standard,Priority
CUST_02481,CUST_02481_C2,2,제조업,5-49인,2026-02-18,2027-02-19,2028-02-19,12,12,1,Standard,Priority
CUST_02482,CUST_02482_C1,1,IT/소프트웨어,50-299인,2022-03-15,2022-03-15,2023-03-15,12,0,0,Basic,Standard
CUST_02482,CUST_02482_C2,2,IT/소프트웨어,50-299인,2022-03-15,2023-03-16,2026-03-16,36,12,1,Basic,Priority
CUST_02483,CUST_02483_C1,1,제조업,5-49인,2022-02-13,2022-02-13,2023-02-13,12,0,0,Basic,Standard
CUST_02484,CUST_02484_C1,1,의료/헬스케어,5-49인,2021-11-27,2021-11-27,2023-11-27,24,0,0,Basic,Standard
CUST_02484,CUST_02484_C2,2,의료/헬스케어,5-49인,2021-11-27,2023-11-28,2024-11-28,12,24,1,Basic,Standard
CUST_02485,CUST_02485_C1,1,제조업,5-49인,2023-02-21,2023-02-21,2024-02-21,12,0,0,Basic,Standard
CUST_02486,CUST_02486_C1,1,제조업,5-49인,2023-01-13,2023-01-13,2024-01-13,12,0,0,Standard,Standard
CUST_02487,CUST_02487_C1,1,유통/커머스,50-299인,2023-09-13,2023-09-13,2024-09-13,12,0,0,Standard,Enterprise
CUST_02488,CUST_02488_C1,1,금융/보험,5-49인,2022-01-23,2022-01-23,2025-01-23,36,0,0,Basic,Priority
CUST_02488,CUST_02488_C2,2,금융/보험,5-49인,2022-01-23,2025-01-24,2026-01-24,12,36,1,Basic,Standard
CUST_02489,CUST_02489_C1,1,금융/보험,5-49인,2025-08-04,2025-08-04,2027-08-04,24,0,0,Basic,Priority
CUST_02490,CUST_02490_C1,1,제조업,5-49인,2025-10-10,2025-10-10,2027-10-10,24,0,0,Basic,Standard
CUST_02491,CUST_02491_C1,1,의료/헬스케어,5-49인,2022-10-13,2022-10-13,2024-10-13,24,0,0,Basic,Standard
CUST_02491,CUST_02491_C2,2,의료/헬스케어,5-49인,2022-10-13,2024-10-14,2025-10-14,12,24,1,Basic,Priority
CUST_02492,CUST_02492_C1,1,의료/헬스케어,5-49인,2024-04-20,2024-04-20,2026-04-20,24,0,0,Basic,Standard
CUST_02493,CUST_02493_C1,1,유통/커머스,5-49인,2023-12-03,2023-12-03,2025-12-03,24,0,0,Basic,Priority
CUST_02493,CUST_02493_C2,2,유통/커머스,5-49인,2023-12-03,2025-12-04,2028-12-04,36,24,1,Basic,Standard
CUST_02494,CUST_02494_C1,1,유통/커머스,5-49인,2022-05-08,2022-05-08,2024-05-08,24,0,0,Basic,Standard
CUST_02495,CUST_02495_C1,1,기타서비스업,5-49인,2024-03-28,2024-03-28,2026-03-28,24,0,0,Basic,Standard
CUST_02495,CUST_02495_C2,2,기타서비스업,5-49인,2024-03-28,2026-03-29,2027-03-29,12,24,1,Basic,Priority
CUST_02496,CUST_02496_C1,1,의료/헬스케어,50-299인,2022-03-01,2022-03-01,2024-03-01,24,0,0,Standard,Standard
CUST_02496,CUST_02496_C2,2,의료/헬스케어,50-299인,2022-03-01,2024-03-02,2026-03-02,24,24,1,Standard,Enterprise
CUST_02497,CUST_02497_C1,1,유통/커머스,5-49인,2022-10-16,2022-10-16,2023-10-16,12,0,0,Basic,Standard
CUST_02498,CUST_02498_C1,1,제조업,5-49인,2023-11-06,2023-11-06,2024-11-06,12,0,0,Basic,Priority
CUST_02498,CUST_02498_C2,2,제조업,5-49인,2023-11-06,2024-11-07,2026-11-07,24,12,1,Basic,Standard
CUST_02499,CUST_02499_C1,1,물류/운송,5-49인,2026-04-11,2026-04-11,2027-04-11,12,0,0,Basic,Standard
CUST_02500,CUST_02500_C1,1,IT/소프트웨어,5-49인,2025-09-04,2025-09-04,2027-09-04,24,0,0,Basic,Priority
CUST_02501,CUST_02501_C1,1,교육,5-49인,2021-12-25,2021-12-25,2022-12-25,12,0,0,Standard,Priority
CUST_02501,CUST_02501_C2,2,교육,5-49인,2021-12-25,2022-12-26,2024-12-26,24,12,1,Standard,Enterprise
CUST_02502,CUST_02502_C1,1,금융/보험,5-49인,2024-06-12,2024-06-12,2025-06-12,12,0,0,Basic,Enterprise
CUST_02502,CUST_02502_C2,2,금융/보험,5-49인,2024-06-12,2025-06-13,2026-06-13,12,12,1,Basic,Standard
CUST_02502,CUST_02502_C3,3,금융/보험,5-49인,2024-06-12,2026-06-14,2028-06-14,24,24,2,Basic,Standard
CUST_02503,CUST_02503_C1,1,금융/보험,5-49인,2021-10-04,2021-10-04,2023-10-04,24,0,0,Standard,Priority
CUST_02504,CUST_02504_C1,1,유통/커머스,5-49인,2024-02-17,2024-02-17,2025-02-17,12,0,0,Standard,Priority
CUST_02505,CUST_02505_C1,1,IT/소프트웨어,5-49인,2024-12-17,2024-12-17,2025-12-17,12,0,0,Basic,Standard
CUST_02505,CUST_02505_C2,2,IT/소프트웨어,5-49인,2024-12-17,2025-12-18,2026-12-18,12,12,1,Basic,Standard
CUST_02506,CUST_02506_C1,1,금융/보험,5-49인,2022-01-14,2022-01-14,2023-01-14,12,0,0,Standard,Standard
CUST_02507,CUST_02507_C1,1,IT/소프트웨어,5-49인,2024-01-20,2024-01-20,2026-01-20,24,0,0,Basic,Priority
CUST_02508,CUST_02508_C1,1,기타서비스업,5-49인,2022-11-30,2022-11-30,2024-11-30,24,0,0,Basic,Standard
CUST_02508,CUST_02508_C2,2,기타서비스업,5-49인,2022-11-30,2024-12-01,2025-12-01,12,25,1,Basic,Standard
CUST_02508,CUST_02508_C3,3,기타서비스업,5-49인,2022-11-30,2025-12-02,2026-12-02,12,37,2,Basic,Standard
CUST_02509,CUST_02509_C1,1,유통/커머스,5-49인,2024-02-25,2024-02-25,2026-02-25,24,0,0,Basic,Standard
CUST_02509,CUST_02509_C2,2,유통/커머스,5-49인,2024-02-25,2026-02-26,2029-02-26,36,24,1,Basic,Standard
CUST_02509,CUST_02509_C3,3,유통/커머스,5-49인,2024-02-25,2029-02-27,2030-02-27,12,60,2,Basic,Priority
CUST_02510,CUST_02510_C1,1,IT/소프트웨어,5-49인,2025-02-05,2025-02-05,2026-02-05,12,0,0,Basic,Enterprise
CUST_02511,CUST_02511_C1,1,유통/커머스,5-49인,2024-03-16,2024-03-16,2027-03-16,36,0,0,Standard,Priority
CUST_02511,CUST_02511_C2,2,유통/커머스,5-49인,2024-03-16,2027-03-17,2030-03-17,36,36,1,Standard,Standard
CUST_02511,CUST_02511_C3,3,유통/커머스,5-49인,2024-03-16,2030-03-18,2032-03-18,24,72,2,Standard,Enterprise
CUST_02512,CUST_02512_C1,1,유통/커머스,5-49인,2025-08-26,2025-08-26,2027-08-26,24,0,0,Basic,Priority
CUST_02513,CUST_02513_C1,1,IT/소프트웨어,5-49인,2022-12-30,2022-12-30,2024-12-30,24,0,0,Premium,Priority
CUST_02514,CUST_02514_C1,1,교육,5-49인,2025-05-23,2025-05-23,2026-05-23,12,0,0,Standard,Standard
CUST_02514,CUST_02514_C2,2,교육,5-49인,2025-05-23,2026-05-24,2027-05-24,12,12,1,Standard,Enterprise
CUST_02515,CUST_02515_C1,1,의료/헬스케어,5-49인,2026-01-22,2026-01-22,2027-01-22,12,0,0,Basic,Standard
CUST_02516,CUST_02516_C1,1,금융/보험,5-49인,2024-02-03,2024-02-03,2025-02-03,12,0,0,Basic,Standard
CUST_02517,CUST_02517_C1,1,유통/커머스,5-49인,2023-05-16,2023-05-16,2025-05-16,24,0,0,Basic,Standard
CUST_02518,CUST_02518_C1,1,IT/소프트웨어,5-49인,2026-05-29,2026-05-29,2027-05-29,12,0,0,Basic,Priority
CUST_02519,CUST_02519_C1,1,금융/보험,5-49인,2025-06-12,2025-06-12,2026-06-12,12,0,0,Basic,Priority
CUST_02519,CUST_02519_C2,2,금융/보험,5-49인,2025-06-12,2026-06-13,2028-06-13,24,12,1,Basic,Standard
CUST_02520,CUST_02520_C1,1,제조업,5-49인,2024-11-27,2024-11-27,2025-11-27,12,0,0,Premium,Priority
CUST_02520,CUST_02520_C2,2,제조업,5-49인,2024-11-27,2025-11-28,2026-11-28,12,12,1,Premium,Enterprise
CUST_02520,CUST_02520_C3,3,제조업,5-49인,2024-11-27,2026-11-29,2027-11-29,12,24,2,Premium,Standard
CUST_02521,CUST_02521_C1,1,물류/운송,50-299인,2026-02-10,2026-02-10,2028-02-10,24,0,0,Standard,Priority
CUST_02522,CUST_02522_C1,1,IT/소프트웨어,5-49인,2025-04-12,2025-04-12,2026-04-12,12,0,0,Standard,Priority
CUST_02523,CUST_02523_C1,1,유통/커머스,5-49인,2023-07-23,2023-07-23,2025-07-23,24,0,0,Standard,Priority
CUST_02523,CUST_02523_C2,2,유통/커머스,5-49인,2023-07-23,2025-07-24,2027-07-24,24,24,1,Standard,Enterprise
CUST_02524,CUST_02524_C1,1,유통/커머스,5-49인,2021-10-11,2021-10-11,2022-10-11,12,0,0,Basic,Priority
CUST_02525,CUST_02525_C1,1,금융/보험,50-299인,2025-06-08,2025-06-08,2027-06-08,24,0,0,Premium,Enterprise
CUST_02525,CUST_02525_C2,2,금융/보험,50-299인,2025-06-08,2027-06-09,2030-06-09,36,24,1,Premium,Priority
CUST_02526,CUST_02526_C1,1,물류/운송,5-49인,2025-05-29,2025-05-29,2028-05-29,36,0,0,Basic,Standard
CUST_02527,CUST_02527_C1,1,물류/운송,5-49인,2021-11-06,2021-11-06,2022-11-06,12,0,0,Basic,Standard
CUST_02528,CUST_02528_C1,1,제조업,5-49인,2024-02-11,2024-02-11,2025-02-11,12,0,0,Basic,Standard
CUST_02529,CUST_02529_C1,1,유통/커머스,5-49인,2024-05-15,2024-05-15,2026-05-15,24,0,0,Basic,Standard
CUST_02530,CUST_02530_C1,1,유통/커머스,5-49인,2024-05-25,2024-05-25,2026-05-25,24,0,0,Basic,Standard
CUST_02530,CUST_02530_C2,2,유통/커머스,5-49인,2024-05-25,2026-05-26,2027-05-26,12,24,1,Basic,Standard
CUST_02530,CUST_02530_C3,3,유통/커머스,5-49인,2024-05-25,2027-05-27,2030-05-27,36,36,2,Basic,Enterprise
CUST_02531,CUST_02531_C1,1,제조업,5-49인,2023-07-15,2023-07-15,2025-07-15,24,0,0,Basic,Priority
CUST_02531,CUST_02531_C2,2,제조업,5-49인,2023-07-15,2025-07-16,2026-07-16,12,24,1,Basic,Priority
CUST_02532,CUST_02532_C1,1,교육,50-299인,2025-07-12,2025-07-12,2028-07-12,36,0,0,Premium,Enterprise
CUST_02533,CUST_02533_C1,1,금융/보험,5-49인,2025-01-21,2025-01-21,2027-01-21,24,0,0,Basic,Standard
CUST_02534,CUST_02534_C1,1,의료/헬스케어,5-49인,2025-05-18,2025-05-18,2026-05-18,12,0,0,Premium,Enterprise
CUST_02535,CUST_02535_C1,1,금융/보험,5-49인,2022-08-14,2022-08-14,2023-08-14,12,0,0,Basic,Standard
CUST_02535,CUST_02535_C2,2,금융/보험,5-49인,2022-08-14,2023-08-15,2024-08-15,12,12,1,Basic,Enterprise
CUST_02536,CUST_02536_C1,1,IT/소프트웨어,5-49인,2024-01-21,2024-01-21,2025-01-21,12,0,0,Standard,Standard
CUST_02536,CUST_02536_C2,2,IT/소프트웨어,5-49인,2024-01-21,2025-01-22,2026-01-22,12,12,1,Standard,Priority
CUST_02536,CUST_02536_C3,3,IT/소프트웨어,5-49인,2024-01-21,2026-01-23,2028-01-23,24,24,2,Standard,Standard
CUST_02537,CUST_02537_C1,1,IT/소프트웨어,5-49인,2022-07-06,2022-07-06,2023-07-06,12,0,0,Standard,Priority
CUST_02538,CUST_02538_C1,1,제조업,5-49인,2023-01-15,2023-01-15,2026-01-15,36,0,0,Basic,Standard
CUST_02539,CUST_02539_C1,1,금융/보험,5-49인,2026-08-16,2026-08-16,2027-08-16,12,0,0,Basic,Standard
CUST_02540,CUST_02540_C1,1,교육,5-49인,2023-10-12,2023-10-12,2026-10-12,36,0,0,Standard,Priority
CUST_02540,CUST_02540_C2,2,교육,5-49인,2023-10-12,2026-10-13,2027-10-13,12,36,1,Standard,Priority
CUST_02540,CUST_02540_C3,3,교육,5-49인,2023-10-12,2027-10-14,2028-10-14,12,48,2,Standard,Priority
CUST_02541,CUST_02541_C1,1,유통/커머스,5-49인,2024-10-19,2024-10-19,2025-10-19,12,0,0,Basic,Enterprise
CUST_02541,CUST_02541_C2,2,유통/커머스,5-49인,2024-10-19,2025-10-20,2026-10-20,12,12,1,Basic,Standard
CUST_02542,CUST_02542_C1,1,IT/소프트웨어,5-49인,2022-06-21,2022-06-21,2023-06-21,12,0,0,Standard,Standard
CUST_02542,CUST_02542_C2,2,IT/소프트웨어,5-49인,2022-06-21,2023-06-22,2024-06-22,12,12,1,Standard,Enterprise
CUST_02543,CUST_02543_C1,1,유통/커머스,5-49인,2023-11-19,2023-11-19,2026-11-19,36,0,0,Basic,Enterprise
CUST_02543,CUST_02543_C2,2,유통/커머스,5-49인,2023-11-19,2026-11-20,2028-11-20,24,36,1,Basic,Standard
CUST_02543,CUST_02543_C3,3,유통/커머스,5-49인,2023-11-19,2028-11-21,2029-11-21,12,60,2,Basic,Standard
CUST_02544,CUST_02544_C1,1,IT/소프트웨어,5-49인,2022-01-13,2022-01-13,2024-01-13,24,0,0,Basic,Standard
CUST_02545,CUST_02545_C1,1,유통/커머스,5-49인,2026-03-13,2026-03-13,2027-03-13,12,0,0,Basic,Standard
CUST_02546,CUST_02546_C1,1,물류/운송,5-49인,2025-06-07,2025-06-07,2026-06-07,12,0,0,Basic,Priority
CUST_02546,CUST_02546_C2,2,물류/운송,5-49인,2025-06-07,2026-06-08,2027-06-08,12,12,1,Basic,Standard
CUST_02546,CUST_02546_C3,3,물류/운송,5-49인,2025-06-07,2027-06-09,2028-06-09,12,24,2,Basic,Standard
CUST_02547,CUST_02547_C1,1,교육,5-49인,2021-12-16,2021-12-16,2022-12-16,12,0,0,Basic,Standard
CUST_02547,CUST_02547_C2,2,교육,5-49인,2021-12-16,2022-12-17,2024-12-17,24,12,1,Basic,Standard
CUST_02548,CUST_02548_C1,1,제조업,5-49인,2023-03-27,2023-03-27,2024-03-27,12,0,0,Basic,Standard
CUST_02548,CUST_02548_C2,2,제조업,5-49인,2023-03-27,2024-03-28,2025-03-28,12,12,1,Basic,Priority
CUST_02549,CUST_02549_C1,1,유통/커머스,300인이상,2025-06-16,2025-06-16,2027-06-16,24,0,0,Standard,Standard
CUST_02550,CUST_02550_C1,1,물류/운송,300인이상,2024-01-31,2024-01-31,2025-01-31,12,0,0,Standard,Standard
CUST_02550,CUST_02550_C2,2,물류/운송,300인이상,2024-01-31,2025-02-01,2028-02-01,36,13,1,Standard,Priority
CUST_02551,CUST_02551_C1,1,금융/보험,5-49인,2024-07-03,2024-07-03,2026-07-03,24,0,0,Basic,Standard
CUST_02551,CUST_02551_C2,2,금융/보험,5-49인,2024-07-03,2026-07-04,2027-07-04,12,24,1,Basic,Enterprise
CUST_02552,CUST_02552_C1,1,금융/보험,50-299인,2023-09-16,2023-09-16,2025-09-16,24,0,0,Premium,Enterprise
CUST_02552,CUST_02552_C2,2,금융/보험,50-299인,2023-09-16,2025-09-17,2027-09-17,24,24,1,Premium,Standard
CUST_02553,CUST_02553_C1,1,유통/커머스,5-49인,2024-09-14,2024-09-14,2026-09-14,24,0,0,Premium,Enterprise
CUST_02554,CUST_02554_C1,1,제조업,5-49인,2025-06-11,2025-06-11,2026-06-11,12,0,0,Basic,Standard
CUST_02555,CUST_02555_C1,1,유통/커머스,50-299인,2025-03-20,2025-03-20,2027-03-20,24,0,0,Premium,Enterprise
CUST_02555,CUST_02555_C2,2,유통/커머스,50-299인,2025-03-20,2027-03-21,2028-03-21,12,24,1,Premium,Priority
CUST_02556,CUST_02556_C1,1,제조업,50-299인,2023-11-05,2023-11-05,2025-11-05,24,0,0,Standard,Priority
CUST_02556,CUST_02556_C2,2,제조업,50-299인,2023-11-05,2025-11-06,2026-11-06,12,24,1,Standard,Priority
CUST_02556,CUST_02556_C3,3,제조업,50-299인,2023-11-05,2026-11-07,2029-11-07,36,36,2,Standard,Standard
CUST_02557,CUST_02557_C1,1,의료/헬스케어,300인이상,2024-01-18,2024-01-18,2025-01-18,12,0,0,Premium,Enterprise
CUST_02557,CUST_02557_C2,2,의료/헬스케어,300인이상,2024-01-18,2025-01-19,2027-01-19,24,12,1,Premium,Priority
CUST_02558,CUST_02558_C1,1,물류/운송,5-49인,2024-08-25,2024-08-25,2026-08-25,24,0,0,Basic,Standard
CUST_02559,CUST_02559_C1,1,제조업,5-49인,2024-02-12,2024-02-12,2025-02-12,12,0,0,Basic,Standard
CUST_02560,CUST_02560_C1,1,제조업,5-49인,2022-10-08,2022-10-08,2023-10-08,12,0,0,Basic,Priority
CUST_02561,CUST_02561_C1,1,금융/보험,5-49인,2025-05-03,2025-05-03,2026-05-03,12,0,0,Basic,Standard
CUST_02562,CUST_02562_C1,1,물류/운송,5-49인,2022-04-02,2022-04-02,2023-04-02,12,0,0,Basic,Enterprise
CUST_02563,CUST_02563_C1,1,제조업,5-49인,2024-03-20,2024-03-20,2026-03-20,24,0,0,Basic,Standard
CUST_02563,CUST_02563_C2,2,제조업,5-49인,2024-03-20,2026-03-21,2027-03-21,12,24,1,Basic,Standard
CUST_02564,CUST_02564_C1,1,유통/커머스,5-49인,2026-06-07,2026-06-07,2029-06-07,36,0,0,Basic,Priority
CUST_02565,CUST_02565_C1,1,IT/소프트웨어,5-49인,2022-08-26,2022-08-26,2023-08-26,12,0,0,Basic,Standard
CUST_02566,CUST_02566_C1,1,물류/운송,50-299인,2022-10-15,2022-10-15,2025-10-15,36,0,0,Standard,Standard
CUST_02567,CUST_02567_C1,1,IT/소프트웨어,5-49인,2023-09-11,2023-09-11,2025-09-11,24,0,0,Standard,Priority
CUST_02567,CUST_02567_C2,2,IT/소프트웨어,5-49인,2023-09-11,2025-09-12,2027-09-12,24,24,1,Standard,Priority
CUST_02568,CUST_02568_C1,1,유통/커머스,50-299인,2025-09-28,2025-09-28,2026-09-28,12,0,0,Standard,Priority
CUST_02569,CUST_02569_C1,1,기타서비스업,5-49인,2025-02-27,2025-02-27,2027-02-27,24,0,0,Basic,Priority
CUST_02570,CUST_02570_C1,1,제조업,5-49인,2024-06-06,2024-06-06,2026-06-06,24,0,0,Basic,Enterprise
CUST_02571,CUST_02571_C1,1,물류/운송,5-49인,2023-05-06,2023-05-06,2024-05-06,12,0,0,Basic,Priority
CUST_02571,CUST_02571_C2,2,물류/운송,5-49인,2023-05-06,2024-05-07,2025-05-07,12,12,1,Basic,Standard
CUST_02572,CUST_02572_C1,1,제조업,5-49인,2023-08-31,2023-08-31,2024-08-31,12,0,0,Basic,Priority
CUST_02572,CUST_02572_C2,2,제조업,5-49인,2023-08-31,2024-09-01,2025-09-01,12,13,1,Basic,Standard
CUST_02573,CUST_02573_C1,1,제조업,5-49인,2022-05-27,2022-05-27,2024-05-27,24,0,0,Standard,Priority
CUST_02574,CUST_02574_C1,1,IT/소프트웨어,5-49인,2025-08-05,2025-08-05,2026-08-05,12,0,0,Standard,Enterprise
CUST_02574,CUST_02574_C2,2,IT/소프트웨어,5-49인,2025-08-05,2026-08-06,2028-08-06,24,12,1,Standard,Standard
CUST_02575,CUST_02575_C1,1,제조업,5-49인,2025-09-02,2025-09-02,2026-09-02,12,0,0,Standard,Priority
CUST_02576,CUST_02576_C1,1,의료/헬스케어,5-49인,2023-06-15,2023-06-15,2024-06-15,12,0,0,Basic,Standard
CUST_02576,CUST_02576_C2,2,의료/헬스케어,5-49인,2023-06-15,2024-06-16,2025-06-16,12,12,1,Basic,Standard
CUST_02577,CUST_02577_C1,1,의료/헬스케어,50-299인,2023-06-22,2023-06-22,2025-06-22,24,0,0,Standard,Enterprise
CUST_02577,CUST_02577_C2,2,의료/헬스케어,50-299인,2023-06-22,2025-06-23,2027-06-23,24,24,1,Standard,Enterprise
CUST_02578,CUST_02578_C1,1,IT/소프트웨어,5-49인,2021-11-24,2021-11-24,2023-11-24,24,0,0,Standard,Standard
CUST_02578,CUST_02578_C2,2,IT/소프트웨어,5-49인,2021-11-24,2023-11-25,2024-11-25,12,24,1,Standard,Priority
CUST_02579,CUST_02579_C1,1,기타서비스업,50-299인,2023-12-05,2023-12-05,2024-12-05,12,0,0,Standard,Priority
CUST_02580,CUST_02580_C1,1,금융/보험,5-49인,2022-01-07,2022-01-07,2025-01-07,36,0,0,Standard,Standard
CUST_02581,CUST_02581_C1,1,물류/운송,5-49인,2023-09-23,2023-09-23,2024-09-23,12,0,0,Standard,Priority
CUST_02582,CUST_02582_C1,1,물류/운송,5-49인,2024-11-26,2024-11-26,2025-11-26,12,0,0,Basic,Priority
CUST_02583,CUST_02583_C1,1,의료/헬스케어,5-49인,2026-02-14,2026-02-14,2028-02-14,24,0,0,Basic,Standard
CUST_02584,CUST_02584_C1,1,유통/커머스,5-49인,2026-07-25,2026-07-25,2027-07-25,12,0,0,Basic,Standard
CUST_02585,CUST_02585_C1,1,제조업,5-49인,2023-06-25,2023-06-25,2025-06-25,24,0,0,Basic,Standard
CUST_02585,CUST_02585_C2,2,제조업,5-49인,2023-06-25,2025-06-26,2027-06-26,24,24,1,Basic,Standard
CUST_02585,CUST_02585_C3,3,제조업,5-49인,2023-06-25,2027-06-27,2028-06-27,12,48,2,Basic,Priority
CUST_02586,CUST_02586_C1,1,제조업,5-49인,2023-11-14,2023-11-14,2025-11-14,24,0,0,Basic,Priority
CUST_02586,CUST_02586_C2,2,제조업,5-49인,2023-11-14,2025-11-15,2026-11-15,12,24,1,Basic,Standard
CUST_02586,CUST_02586_C3,3,제조업,5-49인,2023-11-14,2026-11-16,2027-11-16,12,36,2,Basic,Enterprise
CUST_02587,CUST_02587_C1,1,유통/커머스,5-49인,2022-04-01,2022-04-01,2023-04-01,12,0,0,Basic,Standard
CUST_02587,CUST_02587_C2,2,유통/커머스,5-49인,2022-04-01,2023-04-02,2024-04-02,12,12,1,Basic,Priority
CUST_02587,CUST_02587_C3,3,유통/커머스,5-49인,2022-04-01,2024-04-03,2026-04-03,24,24,2,Basic,Standard
CUST_02588,CUST_02588_C1,1,금융/보험,5-49인,2024-01-25,2024-01-25,2026-01-25,24,0,0,Premium,Enterprise
CUST_02588,CUST_02588_C2,2,금융/보험,5-49인,2024-01-25,2026-01-26,2027-01-26,12,24,1,Premium,Enterprise
CUST_02589,CUST_02589_C1,1,IT/소프트웨어,5-49인,2024-12-14,2024-12-14,2025-12-14,12,0,0,Basic,Standard
CUST_02590,CUST_02590_C1,1,물류/운송,5-49인,2022-02-10,2022-02-10,2023-02-10,12,0,0,Basic,Standard
CUST_02591,CUST_02591_C1,1,의료/헬스케어,300인이상,2024-02-18,2024-02-18,2025-02-18,12,0,0,Premium,Priority
CUST_02592,CUST_02592_C1,1,제조업,50-299인,2025-06-03,2025-06-03,2026-06-03,12,0,0,Premium,Priority
CUST_02592,CUST_02592_C2,2,제조업,50-299인,2025-06-03,2026-06-04,2028-06-04,24,12,1,Premium,Enterprise
CUST_02593,CUST_02593_C1,1,제조업,5-49인,2023-11-22,2023-11-22,2024-11-22,12,0,0,Basic,Priority
CUST_02594,CUST_02594_C1,1,IT/소프트웨어,5-49인,2026-05-16,2026-05-16,2029-05-16,36,0,0,Basic,Standard
CUST_02594,CUST_02594_C2,2,IT/소프트웨어,5-49인,2026-05-16,2029-05-17,2031-05-17,24,36,1,Basic,Standard
CUST_02594,CUST_02594_C3,3,IT/소프트웨어,5-49인,2026-05-16,2031-05-18,2032-05-18,12,60,2,Basic,Standard
CUST_02595,CUST_02595_C1,1,IT/소프트웨어,5-49인,2026-07-15,2026-07-15,2027-07-15,12,0,0,Basic,Priority
CUST_02595,CUST_02595_C2,2,IT/소프트웨어,5-49인,2026-07-15,2027-07-16,2028-07-16,12,12,1,Basic,Priority
CUST_02595,CUST_02595_C3,3,IT/소프트웨어,5-49인,2026-07-15,2028-07-17,2029-07-17,12,24,2,Basic,Standard
CUST_02596,CUST_02596_C1,1,제조업,5-49인,2026-01-22,2026-01-22,2027-01-22,12,0,0,Basic,Priority
CUST_02596,CUST_02596_C2,2,제조업,5-49인,2026-01-22,2027-01-23,2029-01-23,24,12,1,Basic,Standard
CUST_02596,CUST_02596_C3,3,제조업,5-49인,2026-01-22,2029-01-24,2030-01-24,12,36,2,Basic,Standard
CUST_02597,CUST_02597_C1,1,IT/소프트웨어,5-49인,2022-08-06,2022-08-06,2023-08-06,12,0,0,Basic,Standard
CUST_02598,CUST_02598_C1,1,기타서비스업,5-49인,2022-12-08,2022-12-08,2023-12-08,12,0,0,Basic,Priority
CUST_02599,CUST_02599_C1,1,제조업,5-49인,2024-01-27,2024-01-27,2025-01-27,12,0,0,Basic,Priority
CUST_02599,CUST_02599_C2,2,제조업,5-49인,2024-01-27,2025-01-28,2026-01-28,12,12,1,Basic,Standard
CUST_02600,CUST_02600_C1,1,제조업,5-49인,2025-08-31,2025-08-31,2026-08-31,12,0,0,Basic,Standard
CUST_02600,CUST_02600_C2,2,제조업,5-49인,2025-08-31,2026-09-01,2027-09-01,12,13,1,Basic,Standard
CUST_02601,CUST_02601_C1,1,기타서비스업,5-49인,2025-12-16,2025-12-16,2026-12-16,12,0,0,Basic,Standard
CUST_02602,CUST_02602_C1,1,IT/소프트웨어,5-49인,2023-05-07,2023-05-07,2024-05-07,12,0,0,Basic,Priority
CUST_02602,CUST_02602_C2,2,IT/소프트웨어,5-49인,2023-05-07,2024-05-08,2026-05-08,24,12,1,Basic,Standard
CUST_02603,CUST_02603_C1,1,IT/소프트웨어,5-49인,2024-06-04,2024-06-04,2025-06-04,12,0,0,Basic,Standard
CUST_02603,CUST_02603_C2,2,IT/소프트웨어,5-49인,2024-06-04,2025-06-05,2026-06-05,12,12,1,Basic,Standard
CUST_02603,CUST_02603_C3,3,IT/소프트웨어,5-49인,2024-06-04,2026-06-06,2028-06-06,24,24,2,Basic,Standard
CUST_02604,CUST_02604_C1,1,제조업,5-49인,2025-01-14,2025-01-14,2027-01-14,24,0,0,Standard,Standard
CUST_02605,CUST_02605_C1,1,기타서비스업,5-49인,2022-03-12,2022-03-12,2023-03-12,12,0,0,Standard,Enterprise
CUST_02606,CUST_02606_C1,1,유통/커머스,50-299인,2023-05-30,2023-05-30,2024-05-30,12,0,0,Basic,Standard
CUST_02606,CUST_02606_C2,2,유통/커머스,50-299인,2023-05-30,2024-05-31,2025-05-31,12,12,1,Basic,Standard
CUST_02607,CUST_02607_C1,1,IT/소프트웨어,5-49인,2025-12-13,2025-12-13,2027-12-13,24,0,0,Basic,Standard
CUST_02608,CUST_02608_C1,1,제조업,50-299인,2024-02-06,2024-02-06,2026-02-06,24,0,0,Basic,Priority
CUST_02609,CUST_02609_C1,1,IT/소프트웨어,50-299인,2022-02-21,2022-02-21,2023-02-21,12,0,0,Standard,Enterprise
CUST_02610,CUST_02610_C1,1,물류/운송,5-49인,2024-10-18,2024-10-18,2025-10-18,12,0,0,Basic,Standard
CUST_02611,CUST_02611_C1,1,제조업,5-49인,2025-04-07,2025-04-07,2028-04-07,36,0,0,Standard,Priority
CUST_02612,CUST_02612_C1,1,교육,300인이상,2022-01-08,2022-01-08,2024-01-08,24,0,0,Standard,Priority
CUST_02612,CUST_02612_C2,2,교육,300인이상,2022-01-08,2024-01-09,2025-01-09,12,24,1,Standard,Enterprise
CUST_02613,CUST_02613_C1,1,IT/소프트웨어,5-49인,2023-10-18,2023-10-18,2024-10-18,12,0,0,Standard,Priority
CUST_02614,CUST_02614_C1,1,물류/운송,50-299인,2024-11-19,2024-11-19,2026-11-19,24,0,0,Basic,Priority
CUST_02614,CUST_02614_C2,2,물류/운송,50-299인,2024-11-19,2026-11-20,2027-11-20,12,24,1,Premium,Enterprise
CUST_02614,CUST_02614_C3,3,물류/운송,50-299인,2024-11-19,2027-11-21,2028-11-21,12,36,2,Premium,Enterprise
CUST_02615,CUST_02615_C1,1,IT/소프트웨어,5-49인,2025-07-20,2025-07-20,2026-07-20,12,0,0,Basic,Standard
CUST_02616,CUST_02616_C1,1,유통/커머스,5-49인,2024-12-17,2024-12-17,2026-12-17,24,0,0,Premium,Priority
CUST_02617,CUST_02617_C1,1,금융/보험,5-49인,2024-06-02,2024-06-02,2025-06-02,12,0,0,Basic,Standard
CUST_02617,CUST_02617_C2,2,금융/보험,5-49인,2024-06-02,2025-06-03,2026-06-03,12,12,1,Basic,Priority
CUST_02618,CUST_02618_C1,1,기타서비스업,5-49인,2023-10-16,2023-10-16,2025-10-16,24,0,0,Basic,Standard
CUST_02619,CUST_02619_C1,1,IT/소프트웨어,5-49인,2021-11-05,2021-11-05,2022-11-05,12,0,0,Basic,Standard
CUST_02620,CUST_02620_C1,1,제조업,5-49인,2026-01-14,2026-01-14,2028-01-14,24,0,0,Basic,Standard
CUST_02620,CUST_02620_C2,2,제조업,5-49인,2026-01-14,2028-01-15,2030-01-15,24,24,1,Basic,Standard
CUST_02620,CUST_02620_C3,3,제조업,5-49인,2026-01-14,2030-01-16,2031-01-16,12,48,2,Basic,Standard
CUST_02621,CUST_02621_C1,1,IT/소프트웨어,5-49인,2025-06-24,2025-06-24,2026-06-24,12,0,0,Basic,Standard
CUST_02622,CUST_02622_C1,1,금융/보험,5-49인,2022-10-20,2022-10-20,2025-10-20,36,0,0,Standard,Priority
CUST_02623,CUST_02623_C1,1,교육,5-49인,2022-06-19,2022-06-19,2024-06-19,24,0,0,Basic,Standard
CUST_02623,CUST_02623_C2,2,교육,5-49인,2022-06-19,2024-06-20,2025-06-20,12,24,1,Basic,Standard
CUST_02624,CUST_02624_C1,1,IT/소프트웨어,5-49인,2022-04-20,2022-04-20,2023-04-20,12,0,0,Basic,Standard
CUST_02624,CUST_02624_C2,2,IT/소프트웨어,5-49인,2022-04-20,2023-04-21,2024-04-21,12,12,1,Basic,Standard
CUST_02624,CUST_02624_C3,3,IT/소프트웨어,5-49인,2022-04-20,2024-04-22,2026-04-22,24,24,2,Basic,Standard
CUST_02625,CUST_02625_C1,1,교육,5-49인,2023-02-24,2023-02-24,2024-02-24,12,0,0,Basic,Standard
CUST_02626,CUST_02626_C1,1,금융/보험,5-49인,2022-09-20,2022-09-20,2025-09-20,36,0,0,Basic,Priority
CUST_02626,CUST_02626_C2,2,금융/보험,5-49인,2022-09-20,2025-09-21,2027-09-21,24,36,1,Basic,Standard
CUST_02627,CUST_02627_C1,1,유통/커머스,5-49인,2022-04-07,2022-04-07,2023-04-07,12,0,0,Basic,Enterprise
CUST_02627,CUST_02627_C2,2,유통/커머스,5-49인,2022-04-07,2023-04-08,2024-04-08,12,12,1,Basic,Standard
CUST_02627,CUST_02627_C3,3,유통/커머스,5-49인,2022-04-07,2024-04-09,2026-04-09,24,24,2,Basic,Standard
CUST_02628,CUST_02628_C1,1,제조업,50-299인,2024-02-28,2024-02-28,2026-02-28,24,0,0,Premium,Enterprise
CUST_02628,CUST_02628_C2,2,제조업,50-299인,2024-02-28,2026-03-01,2028-03-01,24,25,1,Premium,Enterprise
CUST_02628,CUST_02628_C3,3,제조업,50-299인,2024-02-28,2028-03-02,2029-03-02,12,49,2,Premium,Enterprise
CUST_02629,CUST_02629_C1,1,금융/보험,5-49인,2024-10-27,2024-10-27,2025-10-27,12,0,0,Standard,Priority
CUST_02630,CUST_02630_C1,1,물류/운송,5-49인,2023-06-30,2023-06-30,2024-06-30,12,0,0,Basic,Standard
CUST_02630,CUST_02630_C2,2,물류/운송,5-49인,2023-06-30,2024-07-01,2025-07-01,12,13,1,Basic,Standard
CUST_02631,CUST_02631_C1,1,IT/소프트웨어,5-49인,2021-11-20,2021-11-20,2022-11-20,12,0,0,Basic,Standard
CUST_02631,CUST_02631_C2,2,IT/소프트웨어,5-49인,2021-11-20,2022-11-21,2024-11-21,24,12,1,Basic,Standard
CUST_02632,CUST_02632_C1,1,IT/소프트웨어,5-49인,2022-01-07,2022-01-07,2025-01-07,36,0,0,Basic,Standard
CUST_02633,CUST_02633_C1,1,물류/운송,5-49인,2022-06-06,2022-06-06,2023-06-06,12,0,0,Standard,Priority
CUST_02634,CUST_02634_C1,1,유통/커머스,300인이상,2023-12-07,2023-12-07,2025-12-07,24,0,0,Premium,Priority
CUST_02635,CUST_02635_C1,1,제조업,5-49인,2022-01-08,2022-01-08,2024-01-08,24,0,0,Basic,Priority
CUST_02635,CUST_02635_C2,2,제조업,5-49인,2022-01-08,2024-01-09,2027-01-09,36,24,1,Basic,Priority
CUST_02636,CUST_02636_C1,1,유통/커머스,5-49인,2026-05-16,2026-05-16,2027-05-16,12,0,0,Basic,Standard
CUST_02636,CUST_02636_C2,2,유통/커머스,5-49인,2026-05-16,2027-05-17,2028-05-17,12,12,1,Basic,Priority
CUST_02637,CUST_02637_C1,1,유통/커머스,5-49인,2024-12-20,2024-12-20,2026-12-20,24,0,0,Premium,Priority
CUST_02638,CUST_02638_C1,1,물류/운송,5-49인,2022-02-13,2022-02-13,2024-02-13,24,0,0,Basic,Standard
CUST_02639,CUST_02639_C1,1,IT/소프트웨어,50-299인,2024-05-07,2024-05-07,2026-05-07,24,0,0,Standard,Priority
CUST_02640,CUST_02640_C1,1,의료/헬스케어,5-49인,2023-03-06,2023-03-06,2025-03-06,24,0,0,Basic,Priority
CUST_02641,CUST_02641_C1,1,물류/운송,5-49인,2021-11-04,2021-11-04,2022-11-04,12,0,0,Standard,Priority
CUST_02641,CUST_02641_C2,2,물류/운송,5-49인,2021-11-04,2022-11-05,2023-11-05,12,12,1,Standard,Priority
CUST_02641,CUST_02641_C3,3,물류/운송,5-49인,2021-11-04,2023-11-06,2024-11-06,12,24,2,Standard,Enterprise
CUST_02642,CUST_02642_C1,1,물류/운송,5-49인,2022-10-18,2022-10-18,2025-10-18,36,0,0,Basic,Priority
CUST_02643,CUST_02643_C1,1,제조업,50-299인,2022-03-15,2022-03-15,2023-03-15,12,0,0,Standard,Standard
CUST_02643,CUST_02643_C2,2,제조업,50-299인,2022-03-15,2023-03-16,2025-03-16,24,12,1,Standard,Enterprise
CUST_02644,CUST_02644_C1,1,유통/커머스,5-49인,2025-03-09,2025-03-09,2027-03-09,24,0,0,Basic,Standard
CUST_02645,CUST_02645_C1,1,IT/소프트웨어,5-49인,2021-11-18,2021-11-18,2022-11-18,12,0,0,Basic,Standard
CUST_02646,CUST_02646_C1,1,금융/보험,50-299인,2022-09-08,2022-09-08,2023-09-08,12,0,0,Basic,Priority
CUST_02646,CUST_02646_C2,2,금융/보험,50-299인,2022-09-08,2023-09-09,2024-09-09,12,12,1,Basic,Priority
CUST_02647,CUST_02647_C1,1,IT/소프트웨어,5-49인,2023-05-09,2023-05-09,2025-05-09,24,0,0,Basic,Standard
CUST_02647,CUST_02647_C2,2,IT/소프트웨어,5-49인,2023-05-09,2025-05-10,2026-05-10,12,24,1,Basic,Standard
CUST_02648,CUST_02648_C1,1,제조업,5-49인,2026-03-14,2026-03-14,2027-03-14,12,0,0,Basic,Standard
CUST_02649,CUST_02649_C1,1,제조업,5-49인,2024-10-21,2024-10-21,2025-10-21,12,0,0,Standard,Priority
CUST_02650,CUST_02650_C1,1,유통/커머스,5-49인,2024-06-26,2024-06-26,2025-06-26,12,0,0,Basic,Standard
CUST_02651,CUST_02651_C1,1,IT/소프트웨어,5-49인,2024-03-25,2024-03-25,2025-03-25,12,0,0,Basic,Standard
CUST_02652,CUST_02652_C1,1,제조업,50-299인,2023-03-22,2023-03-22,2025-03-22,24,0,0,Standard,Priority
CUST_02653,CUST_02653_C1,1,IT/소프트웨어,5-49인,2021-12-11,2021-12-11,2022-12-11,12,0,0,Standard,Priority
CUST_02653,CUST_02653_C2,2,IT/소프트웨어,5-49인,2021-12-11,2022-12-12,2023-12-12,12,12,1,Standard,Priority
CUST_02654,CUST_02654_C1,1,제조업,50-299인,2024-09-06,2024-09-06,2026-09-06,24,0,0,Standard,Priority
CUST_02654,CUST_02654_C2,2,제조업,50-299인,2024-09-06,2026-09-07,2027-09-07,12,24,1,Standard,Priority
CUST_02655,CUST_02655_C1,1,IT/소프트웨어,5-49인,2022-06-04,2022-06-04,2023-06-04,12,0,0,Standard,Priority
CUST_02656,CUST_02656_C1,1,IT/소프트웨어,5-49인,2025-10-19,2025-10-19,2027-10-19,24,0,0,Basic,Standard
CUST_02657,CUST_02657_C1,1,IT/소프트웨어,5-49인,2022-12-21,2022-12-21,2023-12-21,12,0,0,Basic,Standard
CUST_02658,CUST_02658_C1,1,금융/보험,300인이상,2026-03-04,2026-03-04,2028-03-04,24,0,0,Premium,Enterprise
CUST_02658,CUST_02658_C2,2,금융/보험,300인이상,2026-03-04,2028-03-05,2031-03-05,36,24,1,Premium,Enterprise
CUST_02658,CUST_02658_C3,3,금융/보험,300인이상,2026-03-04,2031-03-06,2032-03-06,12,60,2,Premium,Enterprise
CUST_02659,CUST_02659_C1,1,IT/소프트웨어,5-49인,2024-02-01,2024-02-01,2025-02-01,12,0,0,Basic,Standard
CUST_02660,CUST_02660_C1,1,제조업,5-49인,2024-05-12,2024-05-12,2026-05-12,24,0,0,Basic,Standard
CUST_02660,CUST_02660_C2,2,제조업,5-49인,2024-05-12,2026-05-13,2027-05-13,12,24,1,Basic,Standard
CUST_02661,CUST_02661_C1,1,IT/소프트웨어,5-49인,2025-11-04,2025-11-04,2028-11-04,36,0,0,Basic,Standard
CUST_02662,CUST_02662_C1,1,의료/헬스케어,50-299인,2021-10-14,2021-10-14,2022-10-14,12,0,0,Standard,Enterprise
CUST_02662,CUST_02662_C2,2,의료/헬스케어,50-299인,2021-10-14,2022-10-15,2024-10-15,24,12,1,Standard,Priority
CUST_02662,CUST_02662_C3,3,의료/헬스케어,50-299인,2021-10-14,2024-10-16,2027-10-16,36,36,2,Standard,Enterprise
CUST_02663,CUST_02663_C1,1,제조업,5-49인,2022-04-25,2022-04-25,2023-04-25,12,0,0,Basic,Priority
CUST_02664,CUST_02664_C1,1,물류/운송,5-49인,2024-05-18,2024-05-18,2025-05-18,12,0,0,Standard,Standard
CUST_02665,CUST_02665_C1,1,의료/헬스케어,5-49인,2023-12-03,2023-12-03,2024-12-03,12,0,0,Standard,Priority
CUST_02665,CUST_02665_C2,2,의료/헬스케어,5-49인,2023-12-03,2024-12-04,2025-12-04,12,12,1,Standard,Priority
CUST_02665,CUST_02665_C3,3,의료/헬스케어,5-49인,2023-12-03,2025-12-05,2026-12-05,12,24,2,Standard,Priority
CUST_02666,CUST_02666_C1,1,IT/소프트웨어,5-49인,2024-07-05,2024-07-05,2026-07-05,24,0,0,Premium,Enterprise
CUST_02666,CUST_02666_C2,2,IT/소프트웨어,5-49인,2024-07-05,2026-07-06,2027-07-06,12,24,1,Premium,Enterprise
CUST_02667,CUST_02667_C1,1,의료/헬스케어,50-299인,2025-07-08,2025-07-08,2026-07-08,12,0,0,Standard,Priority
CUST_02668,CUST_02668_C1,1,의료/헬스케어,50-299인,2024-06-29,2024-06-29,2026-06-29,24,0,0,Basic,Standard
CUST_02669,CUST_02669_C1,1,IT/소프트웨어,5-49인,2022-09-13,2022-09-13,2023-09-13,12,0,0,Standard,Standard
CUST_02669,CUST_02669_C2,2,IT/소프트웨어,5-49인,2022-09-13,2023-09-14,2024-09-14,12,12,1,Standard,Enterprise
CUST_02670,CUST_02670_C1,1,IT/소프트웨어,5-49인,2024-04-12,2024-04-12,2026-04-12,24,0,0,Basic,Standard
CUST_02671,CUST_02671_C1,1,의료/헬스케어,5-49인,2023-03-09,2023-03-09,2024-03-09,12,0,0,Standard,Enterprise
CUST_02671,CUST_02671_C2,2,의료/헬스케어,5-49인,2023-03-09,2024-03-10,2026-03-10,24,12,1,Standard,Priority
CUST_02672,CUST_02672_C1,1,유통/커머스,5-49인,2021-12-16,2021-12-16,2022-12-16,12,0,0,Basic,Priority
CUST_02673,CUST_02673_C1,1,유통/커머스,5-49인,2023-10-10,2023-10-10,2024-10-10,12,0,0,Basic,Priority
CUST_02674,CUST_02674_C1,1,제조업,5-49인,2025-08-12,2025-08-12,2026-08-12,12,0,0,Basic,Standard
CUST_02675,CUST_02675_C1,1,IT/소프트웨어,5-49인,2024-11-15,2024-11-15,2026-11-15,24,0,0,Standard,Priority
CUST_02675,CUST_02675_C2,2,IT/소프트웨어,5-49인,2024-11-15,2026-11-16,2027-11-16,12,24,1,Standard,Priority
CUST_02675,CUST_02675_C3,3,IT/소프트웨어,5-49인,2024-11-15,2027-11-17,2029-11-17,24,36,2,Standard,Enterprise
CUST_02676,CUST_02676_C1,1,IT/소프트웨어,5-49인,2022-07-03,2022-07-03,2023-07-03,12,0,0,Basic,Enterprise
CUST_02676,CUST_02676_C2,2,IT/소프트웨어,5-49인,2022-07-03,2023-07-04,2025-07-04,24,12,1,Basic,Standard
CUST_02677,CUST_02677_C1,1,제조업,5-49인,2025-05-06,2025-05-06,2027-05-06,24,0,0,Basic,Standard
CUST_02678,CUST_02678_C1,1,IT/소프트웨어,5-49인,2023-06-05,2023-06-05,2024-06-05,12,0,0,Basic,Standard
CUST_02678,CUST_02678_C2,2,IT/소프트웨어,5-49인,2023-06-05,2024-06-06,2026-06-06,24,12,1,Basic,Standard
CUST_02678,CUST_02678_C3,3,IT/소프트웨어,5-49인,2023-06-05,2026-06-07,2027-06-07,12,36,2,Basic,Priority
CUST_02679,CUST_02679_C1,1,의료/헬스케어,50-299인,2022-08-02,2022-08-02,2024-08-02,24,0,0,Standard,Priority
CUST_02680,CUST_02680_C1,1,교육,5-49인,2024-01-11,2024-01-11,2025-01-11,12,0,0,Basic,Standard
CUST_02681,CUST_02681_C1,1,교육,5-49인,2023-08-29,2023-08-29,2024-08-29,12,0,0,Standard,Priority
CUST_02682,CUST_02682_C1,1,IT/소프트웨어,50-299인,2022-07-29,2022-07-29,2023-07-29,12,0,0,Premium,Priority
CUST_02683,CUST_02683_C1,1,물류/운송,5-49인,2026-04-08,2026-04-08,2027-04-08,12,0,0,Standard,Enterprise
CUST_02684,CUST_02684_C1,1,제조업,5-49인,2022-07-27,2022-07-27,2023-07-27,12,0,0,Basic,Standard
CUST_02685,CUST_02685_C1,1,제조업,50-299인,2024-01-23,2024-01-23,2026-01-23,24,0,0,Standard,Enterprise
CUST_02685,CUST_02685_C2,2,제조업,50-299인,2024-01-23,2026-01-24,2027-01-24,12,24,1,Standard,Standard
CUST_02686,CUST_02686_C1,1,IT/소프트웨어,50-299인,2023-04-22,2023-04-22,2024-04-22,12,0,0,Basic,Priority
CUST_02686,CUST_02686_C2,2,IT/소프트웨어,50-299인,2023-04-22,2024-04-23,2025-04-23,12,12,1,Basic,Priority
CUST_02687,CUST_02687_C1,1,유통/커머스,5-49인,2023-08-24,2023-08-24,2024-08-24,12,0,0,Basic,Standard
CUST_02688,CUST_02688_C1,1,유통/커머스,5-49인,2025-08-22,2025-08-22,2028-08-22,36,0,0,Basic,Standard
CUST_02689,CUST_02689_C1,1,금융/보험,5-49인,2021-10-26,2021-10-26,2022-10-26,12,0,0,Basic,Priority
CUST_02690,CUST_02690_C1,1,IT/소프트웨어,5-49인,2024-08-19,2024-08-19,2025-08-19,12,0,0,Premium,Priority
CUST_02691,CUST_02691_C1,1,교육,5-49인,2025-12-22,2025-12-22,2026-12-22,12,0,0,Standard,Priority
CUST_02691,CUST_02691_C2,2,교육,5-49인,2025-12-22,2026-12-23,2028-12-23,24,12,1,Standard,Priority
CUST_02692,CUST_02692_C1,1,물류/운송,5-49인,2026-04-20,2026-04-20,2027-04-20,12,0,0,Standard,Standard
CUST_02692,CUST_02692_C2,2,물류/운송,5-49인,2026-04-20,2027-04-21,2028-04-21,12,12,1,Standard,Enterprise
CUST_02693,CUST_02693_C1,1,유통/커머스,5-49인,2024-08-17,2024-08-17,2025-08-17,12,0,0,Standard,Enterprise
CUST_02694,CUST_02694_C1,1,금융/보험,5-49인,2026-02-06,2026-02-06,2029-02-06,36,0,0,Basic,Priority
CUST_02694,CUST_02694_C2,2,금융/보험,5-49인,2026-02-06,2029-02-07,2031-02-07,24,36,1,Basic,Standard
CUST_02695,CUST_02695_C1,1,IT/소프트웨어,5-49인,2022-11-17,2022-11-17,2024-11-17,24,0,0,Standard,Standard
CUST_02695,CUST_02695_C2,2,IT/소프트웨어,5-49인,2022-11-17,2024-11-18,2026-11-18,24,24,1,Standard,Priority
CUST_02696,CUST_02696_C1,1,제조업,5-49인,2026-02-27,2026-02-27,2028-02-27,24,0,0,Basic,Standard
CUST_02696,CUST_02696_C2,2,제조업,5-49인,2026-02-27,2028-02-28,2030-02-28,24,24,1,Basic,Priority
CUST_02697,CUST_02697_C1,1,IT/소프트웨어,5-49인,2024-03-19,2024-03-19,2025-03-19,12,0,0,Standard,Enterprise
CUST_02698,CUST_02698_C1,1,금융/보험,5-49인,2023-12-06,2023-12-06,2024-12-06,12,0,0,Basic,Standard
CUST_02699,CUST_02699_C1,1,유통/커머스,300인이상,2023-09-29,2023-09-29,2025-09-29,24,0,0,Standard,Standard
CUST_02699,CUST_02699_C2,2,유통/커머스,300인이상,2023-09-29,2025-09-30,2026-09-30,12,24,1,Standard,Standard
CUST_02700,CUST_02700_C1,1,제조업,5-49인,2024-05-09,2024-05-09,2026-05-09,24,0,0,Basic,Standard
CUST_02700,CUST_02700_C2,2,제조업,5-49인,2024-05-09,2026-05-10,2028-05-10,24,24,1,Basic,Priority
CUST_02701,CUST_02701_C1,1,기타서비스업,5-49인,2022-06-02,2022-06-02,2024-06-02,24,0,0,Basic,Standard
CUST_02702,CUST_02702_C1,1,의료/헬스케어,5-49인,2023-09-21,2023-09-21,2025-09-21,24,0,0,Basic,Standard
CUST_02703,CUST_02703_C1,1,제조업,5-49인,2025-12-29,2025-12-29,2026-12-29,12,0,0,Basic,Priority
CUST_02704,CUST_02704_C1,1,금융/보험,5-49인,2026-04-11,2026-04-11,2027-04-11,12,0,0,Standard,Priority
CUST_02705,CUST_02705_C1,1,의료/헬스케어,50-299인,2025-03-27,2025-03-27,2026-03-27,12,0,0,Standard,Enterprise
CUST_02706,CUST_02706_C1,1,제조업,5-49인,2026-03-11,2026-03-11,2029-03-11,36,0,0,Standard,Priority
CUST_02706,CUST_02706_C2,2,제조업,5-49인,2026-03-11,2029-03-12,2030-03-12,12,36,1,Standard,Standard
CUST_02707,CUST_02707_C1,1,교육,5-49인,2025-01-05,2025-01-05,2026-01-05,12,0,0,Basic,Priority
CUST_02708,CUST_02708_C1,1,제조업,5-49인,2023-05-03,2023-05-03,2024-05-03,12,0,0,Premium,Enterprise
CUST_02708,CUST_02708_C2,2,제조업,5-49인,2023-05-03,2024-05-04,2025-05-04,12,12,1,Premium,Priority
CUST_02708,CUST_02708_C3,3,제조업,5-49인,2023-05-03,2025-05-05,2026-05-05,12,24,2,Premium,Enterprise
CUST_02709,CUST_02709_C1,1,IT/소프트웨어,5-49인,2023-09-04,2023-09-04,2026-09-04,36,0,0,Basic,Standard
CUST_02710,CUST_02710_C1,1,기타서비스업,5-49인,2025-07-14,2025-07-14,2027-07-14,24,0,0,Premium,Enterprise
CUST_02711,CUST_02711_C1,1,유통/커머스,50-299인,2022-06-01,2022-06-01,2024-06-01,24,0,0,Standard,Standard
CUST_02711,CUST_02711_C2,2,유통/커머스,50-299인,2022-06-01,2024-06-02,2026-06-02,24,24,1,Standard,Priority
CUST_02711,CUST_02711_C3,3,유통/커머스,50-299인,2022-06-01,2026-06-03,2027-06-03,12,48,2,Standard,Priority
CUST_02712,CUST_02712_C1,1,제조업,5-49인,2022-02-09,2022-02-09,2023-02-09,12,0,0,Basic,Standard
CUST_02713,CUST_02713_C1,1,IT/소프트웨어,5-49인,2026-04-04,2026-04-04,2028-04-04,24,0,0,Basic,Standard
CUST_02714,CUST_02714_C1,1,기타서비스업,5-49인,2023-07-09,2023-07-09,2024-07-09,12,0,0,Basic,Standard
CUST_02715,CUST_02715_C1,1,금융/보험,5-49인,2022-05-07,2022-05-07,2025-05-07,36,0,0,Standard,Priority
CUST_02716,CUST_02716_C1,1,IT/소프트웨어,5-49인,2025-06-15,2025-06-15,2026-06-15,12,0,0,Basic,Standard
CUST_02717,CUST_02717_C1,1,물류/운송,5-49인,2023-08-29,2023-08-29,2024-08-29,12,0,0,Basic,Standard
CUST_02718,CUST_02718_C1,1,유통/커머스,5-49인,2021-12-18,2021-12-18,2022-12-18,12,0,0,Standard,Enterprise
CUST_02718,CUST_02718_C2,2,유통/커머스,5-49인,2021-12-18,2022-12-19,2023-12-19,12,12,1,Standard,Priority
CUST_02719,CUST_02719_C1,1,유통/커머스,5-49인,2022-04-07,2022-04-07,2023-04-07,12,0,0,Basic,Standard
CUST_02720,CUST_02720_C1,1,IT/소프트웨어,5-49인,2025-11-16,2025-11-16,2026-11-16,12,0,0,Basic,Standard
CUST_02721,CUST_02721_C1,1,유통/커머스,5-49인,2024-06-20,2024-06-20,2025-06-20,12,0,0,Basic,Priority
CUST_02721,CUST_02721_C2,2,유통/커머스,5-49인,2024-06-20,2025-06-21,2027-06-21,24,12,1,Basic,Enterprise
CUST_02722,CUST_02722_C1,1,유통/커머스,5-49인,2023-07-15,2023-07-15,2025-07-15,24,0,0,Basic,Enterprise
CUST_02722,CUST_02722_C2,2,유통/커머스,5-49인,2023-07-15,2025-07-16,2027-07-16,24,24,1,Basic,Standard
CUST_02723,CUST_02723_C1,1,IT/소프트웨어,50-299인,2022-09-26,2022-09-26,2023-09-26,12,0,0,Standard,Standard
CUST_02724,CUST_02724_C1,1,금융/보험,5-49인,2023-01-25,2023-01-25,2026-01-25,36,0,0,Premium,Priority
CUST_02725,CUST_02725_C1,1,의료/헬스케어,5-49인,2023-04-30,2023-04-30,2026-04-30,36,0,0,Standard,Priority
CUST_02725,CUST_02725_C2,2,의료/헬스케어,5-49인,2023-04-30,2026-05-01,2028-05-01,24,37,1,Standard,Standard
CUST_02725,CUST_02725_C3,3,의료/헬스케어,5-49인,2023-04-30,2028-05-02,2029-05-02,12,61,2,Standard,Standard
CUST_02726,CUST_02726_C1,1,유통/커머스,5-49인,2025-09-11,2025-09-11,2026-09-11,12,0,0,Basic,Standard
CUST_02727,CUST_02727_C1,1,IT/소프트웨어,50-299인,2023-08-11,2023-08-11,2024-08-11,12,0,0,Premium,Priority
CUST_02728,CUST_02728_C1,1,교육,5-49인,2025-06-02,2025-06-02,2027-06-02,24,0,0,Basic,Standard
CUST_02728,CUST_02728_C2,2,교육,5-49인,2025-06-02,2027-06-03,2028-06-03,12,24,1,Basic,Standard
CUST_02729,CUST_02729_C1,1,물류/운송,5-49인,2024-09-29,2024-09-29,2025-09-29,12,0,0,Basic,Standard
CUST_02729,CUST_02729_C2,2,물류/운송,5-49인,2024-09-29,2025-09-30,2026-09-30,12,12,1,Basic,Standard
CUST_02730,CUST_02730_C1,1,IT/소프트웨어,5-49인,2025-12-30,2025-12-30,2027-12-30,24,0,0,Premium,Enterprise
CUST_02730,CUST_02730_C2,2,IT/소프트웨어,5-49인,2025-12-30,2027-12-31,2028-12-31,12,24,1,Premium,Enterprise
CUST_02731,CUST_02731_C1,1,IT/소프트웨어,5-49인,2024-11-14,2024-11-14,2026-11-14,24,0,0,Basic,Priority
CUST_02732,CUST_02732_C1,1,유통/커머스,5-49인,2025-11-15,2025-11-15,2026-11-15,12,0,0,Basic,Standard
CUST_02733,CUST_02733_C1,1,교육,5-49인,2026-01-17,2026-01-17,2027-01-17,12,0,0,Basic,Enterprise
CUST_02733,CUST_02733_C2,2,교육,5-49인,2026-01-17,2027-01-18,2028-01-18,12,12,1,Basic,Priority
CUST_02733,CUST_02733_C3,3,교육,5-49인,2026-01-17,2028-01-19,2029-01-19,12,24,2,Basic,Standard
CUST_02734,CUST_02734_C1,1,교육,5-49인,2022-07-17,2022-07-17,2024-07-17,24,0,0,Standard,Enterprise
CUST_02734,CUST_02734_C2,2,교육,5-49인,2022-07-17,2024-07-18,2025-07-18,12,24,1,Standard,Standard
CUST_02735,CUST_02735_C1,1,물류/운송,5-49인,2022-08-18,2022-08-18,2024-08-18,24,0,0,Standard,Priority
CUST_02736,CUST_02736_C1,1,유통/커머스,5-49인,2025-12-21,2025-12-21,2028-12-21,36,0,0,Basic,Priority
CUST_02737,CUST_02737_C1,1,물류/운송,5-49인,2026-08-05,2026-08-05,2029-08-05,36,0,0,Basic,Priority
CUST_02737,CUST_02737_C2,2,물류/운송,5-49인,2026-08-05,2029-08-06,2032-08-06,36,36,1,Basic,Priority
CUST_02738,CUST_02738_C1,1,유통/커머스,5-49인,2023-04-03,2023-04-03,2025-04-03,24,0,0,Basic,Standard
CUST_02739,CUST_02739_C1,1,제조업,5-49인,2022-06-18,2022-06-18,2025-06-18,36,0,0,Basic,Standard
CUST_02740,CUST_02740_C1,1,제조업,5-49인,2025-11-18,2025-11-18,2026-11-18,12,0,0,Basic,Priority
CUST_02741,CUST_02741_C1,1,IT/소프트웨어,5-49인,2026-04-07,2026-04-07,2027-04-07,12,0,0,Basic,Standard
CUST_02742,CUST_02742_C1,1,유통/커머스,5-49인,2023-06-29,2023-06-29,2024-06-29,12,0,0,Basic,Standard
CUST_02743,CUST_02743_C1,1,금융/보험,50-299인,2024-01-07,2024-01-07,2025-01-07,12,0,0,Standard,Priority
CUST_02744,CUST_02744_C1,1,IT/소프트웨어,5-49인,2026-07-29,2026-07-29,2028-07-29,24,0,0,Basic,Standard
CUST_02745,CUST_02745_C1,1,금융/보험,50-299인,2021-10-04,2021-10-04,2022-10-04,12,0,0,Basic,Standard
CUST_02745,CUST_02745_C2,2,금융/보험,50-299인,2021-10-04,2022-10-05,2024-10-05,24,12,1,Basic,Standard
CUST_02746,CUST_02746_C1,1,의료/헬스케어,50-299인,2023-09-30,2023-09-30,2026-09-30,36,0,0,Basic,Standard
CUST_02746,CUST_02746_C2,2,의료/헬스케어,50-299인,2023-09-30,2026-10-01,2028-10-01,24,37,1,Basic,Standard
CUST_02746,CUST_02746_C3,3,의료/헬스케어,50-299인,2023-09-30,2028-10-02,2029-10-02,12,61,2,Basic,Priority
CUST_02747,CUST_02747_C1,1,제조업,5-49인,2026-05-15,2026-05-15,2027-05-15,12,0,0,Basic,Standard
CUST_02748,CUST_02748_C1,1,유통/커머스,5-49인,2026-01-17,2026-01-17,2028-01-17,24,0,0,Basic,Priority
CUST_02748,CUST_02748_C2,2,유통/커머스,5-49인,2026-01-17,2028-01-18,2029-01-18,12,24,1,Basic,Priority
CUST_02749,CUST_02749_C1,1,제조업,5-49인,2024-03-29,2024-03-29,2025-03-29,12,0,0,Basic,Priority
CUST_02750,CUST_02750_C1,1,제조업,5-49인,2022-04-14,2022-04-14,2024-04-14,24,0,0,Basic,Priority
CUST_02750,CUST_02750_C2,2,제조업,5-49인,2022-04-14,2024-04-15,2026-04-15,24,24,1,Basic,Priority
CUST_02751,CUST_02751_C1,1,IT/소프트웨어,5-49인,2026-05-20,2026-05-20,2027-05-20,12,0,0,Basic,Standard
CUST_02752,CUST_02752_C1,1,제조업,5-49인,2024-11-20,2024-11-20,2027-11-20,36,0,0,Basic,Priority
CUST_02752,CUST_02752_C2,2,제조업,5-49인,2024-11-20,2027-11-21,2029-11-21,24,36,1,Basic,Enterprise
CUST_02753,CUST_02753_C1,1,물류/운송,5-49인,2026-03-07,2026-03-07,2027-03-07,12,0,0,Basic,Standard
CUST_02753,CUST_02753_C2,2,물류/운송,5-49인,2026-03-07,2027-03-08,2029-03-08,24,12,1,Basic,Standard
CUST_02753,CUST_02753_C3,3,물류/운송,5-49인,2026-03-07,2029-03-09,2030-03-09,12,36,2,Basic,Priority
CUST_02754,CUST_02754_C1,1,제조업,5-49인,2023-03-12,2023-03-12,2024-03-12,12,0,0,Basic,Standard
CUST_02755,CUST_02755_C1,1,제조업,50-299인,2023-02-03,2023-02-03,2026-02-03,36,0,0,Standard,Priority
CUST_02756,CUST_02756_C1,1,IT/소프트웨어,50-299인,2023-03-01,2023-03-01,2025-03-01,24,0,0,Premium,Enterprise
CUST_02756,CUST_02756_C2,2,IT/소프트웨어,50-299인,2023-03-01,2025-03-02,2027-03-02,24,24,1,Premium,Enterprise
CUST_02756,CUST_02756_C3,3,IT/소프트웨어,50-299인,2023-03-01,2027-03-03,2030-03-03,36,48,2,Premium,Enterprise
CUST_02757,CUST_02757_C1,1,물류/운송,5-49인,2022-11-26,2022-11-26,2024-11-26,24,0,0,Basic,Enterprise
CUST_02757,CUST_02757_C2,2,물류/운송,5-49인,2022-11-26,2024-11-27,2025-11-27,12,24,1,Basic,Priority
CUST_02758,CUST_02758_C1,1,IT/소프트웨어,5-49인,2024-08-10,2024-08-10,2025-08-10,12,0,0,Standard,Priority
CUST_02759,CUST_02759_C1,1,IT/소프트웨어,50-299인,2024-03-01,2024-03-01,2027-03-01,36,0,0,Basic,Standard
CUST_02759,CUST_02759_C2,2,IT/소프트웨어,50-299인,2024-03-01,2027-03-02,2029-03-02,24,36,1,Basic,Standard
CUST_02760,CUST_02760_C1,1,제조업,50-299인,2024-08-01,2024-08-01,2026-08-01,24,0,0,Standard,Standard
CUST_02760,CUST_02760_C2,2,제조업,50-299인,2024-08-01,2026-08-02,2027-08-02,12,24,1,Standard,Enterprise
CUST_02760,CUST_02760_C3,3,제조업,50-299인,2024-08-01,2027-08-03,2029-08-03,24,36,2,Standard,Standard
CUST_02761,CUST_02761_C1,1,제조업,50-299인,2022-08-21,2022-08-21,2024-08-21,24,0,0,Standard,Priority
CUST_02761,CUST_02761_C2,2,제조업,50-299인,2022-08-21,2024-08-22,2027-08-22,36,24,1,Standard,Priority
CUST_02762,CUST_02762_C1,1,기타서비스업,5-49인,2025-03-18,2025-03-18,2026-03-18,12,0,0,Basic,Standard
CUST_02763,CUST_02763_C1,1,물류/운송,5-49인,2024-12-13,2024-12-13,2025-12-13,12,0,0,Basic,Enterprise
CUST_02764,CUST_02764_C1,1,제조업,5-49인,2024-05-07,2024-05-07,2025-05-07,12,0,0,Basic,Standard
CUST_02765,CUST_02765_C1,1,의료/헬스케어,5-49인,2025-04-21,2025-04-21,2026-04-21,12,0,0,Basic,Standard
CUST_02766,CUST_02766_C1,1,교육,5-49인,2025-09-13,2025-09-13,2026-09-13,12,0,0,Basic,Standard
CUST_02767,CUST_02767_C1,1,IT/소프트웨어,50-299인,2024-08-07,2024-08-07,2025-08-07,12,0,0,Basic,Priority
CUST_02767,CUST_02767_C2,2,IT/소프트웨어,50-299인,2024-08-07,2025-08-08,2027-08-08,24,12,1,Standard,Enterprise
CUST_02767,CUST_02767_C3,3,IT/소프트웨어,50-299인,2024-08-07,2027-08-09,2028-08-09,12,36,2,Standard,Priority
CUST_02768,CUST_02768_C1,1,금융/보험,5-49인,2025-11-03,2025-11-03,2026-11-03,12,0,0,Basic,Priority
CUST_02769,CUST_02769_C1,1,유통/커머스,5-49인,2023-05-29,2023-05-29,2024-05-29,12,0,0,Basic,Priority
CUST_02769,CUST_02769_C2,2,유통/커머스,5-49인,2023-05-29,2024-05-30,2025-05-30,12,12,1,Basic,Priority
CUST_02770,CUST_02770_C1,1,교육,5-49인,2023-10-12,2023-10-12,2025-10-12,24,0,0,Basic,Standard
CUST_02771,CUST_02771_C1,1,금융/보험,50-299인,2025-04-11,2025-04-11,2026-04-11,12,0,0,Basic,Standard
CUST_02771,CUST_02771_C2,2,금융/보험,50-299인,2025-04-11,2026-04-12,2027-04-12,12,12,1,Standard,Standard
CUST_02771,CUST_02771_C3,3,금융/보험,50-299인,2025-04-11,2027-04-13,2029-04-13,24,24,2,Standard,Standard
CUST_02772,CUST_02772_C1,1,IT/소프트웨어,5-49인,2024-12-28,2024-12-28,2025-12-28,12,0,0,Basic,Standard
CUST_02773,CUST_02773_C1,1,유통/커머스,5-49인,2021-12-05,2021-12-05,2024-12-05,36,0,0,Standard,Standard
CUST_02774,CUST_02774_C1,1,유통/커머스,5-49인,2024-04-30,2024-04-30,2027-04-30,36,0,0,Basic,Standard
CUST_02775,CUST_02775_C1,1,IT/소프트웨어,5-49인,2023-06-10,2023-06-10,2024-06-10,12,0,0,Basic,Standard
CUST_02775,CUST_02775_C2,2,IT/소프트웨어,5-49인,2023-06-10,2024-06-11,2025-06-11,12,12,1,Basic,Standard
CUST_02776,CUST_02776_C1,1,IT/소프트웨어,5-49인,2025-02-28,2025-02-28,2027-02-28,24,0,0,Basic,Standard
CUST_02777,CUST_02777_C1,1,교육,5-49인,2026-02-16,2026-02-16,2027-02-16,12,0,0,Standard,Priority
CUST_02778,CUST_02778_C1,1,교육,5-49인,2022-05-20,2022-05-20,2023-05-20,12,0,0,Standard,Priority
CUST_02778,CUST_02778_C2,2,교육,5-49인,2022-05-20,2023-05-21,2025-05-21,24,12,1,Standard,Priority
CUST_02779,CUST_02779_C1,1,금융/보험,5-49인,2023-09-15,2023-09-15,2025-09-15,24,0,0,Standard,Priority
CUST_02780,CUST_02780_C1,1,IT/소프트웨어,5-49인,2022-06-22,2022-06-22,2024-06-22,24,0,0,Basic,Standard
CUST_02781,CUST_02781_C1,1,의료/헬스케어,5-49인,2025-01-04,2025-01-04,2026-01-04,12,0,0,Basic,Standard
CUST_02782,CUST_02782_C1,1,기타서비스업,5-49인,2025-04-02,2025-04-02,2027-04-02,24,0,0,Basic,Standard
CUST_02783,CUST_02783_C1,1,의료/헬스케어,5-49인,2024-12-03,2024-12-03,2026-12-03,24,0,0,Basic,Priority
CUST_02784,CUST_02784_C1,1,물류/운송,5-49인,2023-04-11,2023-04-11,2024-04-11,12,0,0,Basic,Standard
CUST_02785,CUST_02785_C1,1,유통/커머스,5-49인,2024-05-09,2024-05-09,2025-05-09,12,0,0,Standard,Standard
CUST_02785,CUST_02785_C2,2,유통/커머스,5-49인,2024-05-09,2025-05-10,2026-05-10,12,12,1,Standard,Standard
CUST_02786,CUST_02786_C1,1,교육,5-49인,2021-12-06,2021-12-06,2022-12-06,12,0,0,Basic,Enterprise
CUST_02787,CUST_02787_C1,1,IT/소프트웨어,5-49인,2022-08-02,2022-08-02,2023-08-02,12,0,0,Standard,Priority
CUST_02787,CUST_02787_C2,2,IT/소프트웨어,5-49인,2022-08-02,2023-08-03,2024-08-03,12,12,1,Standard,Enterprise
CUST_02788,CUST_02788_C1,1,IT/소프트웨어,50-299인,2023-10-08,2023-10-08,2024-10-08,12,0,0,Basic,Standard
CUST_02788,CUST_02788_C2,2,IT/소프트웨어,50-299인,2023-10-08,2024-10-09,2026-10-09,24,12,1,Standard,Priority
CUST_02789,CUST_02789_C1,1,IT/소프트웨어,5-49인,2024-11-18,2024-11-18,2025-11-18,12,0,0,Basic,Standard
CUST_02790,CUST_02790_C1,1,유통/커머스,5-49인,2022-12-04,2022-12-04,2023-12-04,12,0,0,Basic,Standard
CUST_02790,CUST_02790_C2,2,유통/커머스,5-49인,2022-12-04,2023-12-05,2024-12-05,12,12,1,Basic,Priority
CUST_02790,CUST_02790_C3,3,유통/커머스,5-49인,2022-12-04,2024-12-06,2026-12-06,24,24,2,Basic,Priority
CUST_02791,CUST_02791_C1,1,금융/보험,5-49인,2024-12-13,2024-12-13,2026-12-13,24,0,0,Basic,Standard
CUST_02792,CUST_02792_C1,1,금융/보험,50-299인,2024-10-27,2024-10-27,2026-10-27,24,0,0,Premium,Standard
CUST_02793,CUST_02793_C1,1,유통/커머스,5-49인,2022-10-07,2022-10-07,2023-10-07,12,0,0,Basic,Enterprise
CUST_02794,CUST_02794_C1,1,교육,5-49인,2026-07-14,2026-07-14,2027-07-14,12,0,0,Basic,Priority
CUST_02795,CUST_02795_C1,1,교육,5-49인,2022-06-18,2022-06-18,2023-06-18,12,0,0,Basic,Standard
CUST_02796,CUST_02796_C1,1,유통/커머스,5-49인,2021-12-04,2021-12-04,2022-12-04,12,0,0,Standard,Enterprise
CUST_02797,CUST_02797_C1,1,IT/소프트웨어,5-49인,2023-02-14,2023-02-14,2024-02-14,12,0,0,Basic,Standard
CUST_02798,CUST_02798_C1,1,IT/소프트웨어,5-49인,2022-02-22,2022-02-22,2024-02-22,24,0,0,Basic,Standard
CUST_02799,CUST_02799_C1,1,제조업,50-299인,2025-06-18,2025-06-18,2027-06-18,24,0,0,Basic,Standard
CUST_02800,CUST_02800_C1,1,금융/보험,5-49인,2024-02-03,2024-02-03,2025-02-03,12,0,0,Basic,Priority
CUST_02801,CUST_02801_C1,1,IT/소프트웨어,5-49인,2023-05-24,2023-05-24,2025-05-24,24,0,0,Premium,Enterprise
CUST_02802,CUST_02802_C1,1,유통/커머스,5-49인,2024-09-20,2024-09-20,2025-09-20,12,0,0,Basic,Standard
CUST_02803,CUST_02803_C1,1,금융/보험,50-299인,2024-06-06,2024-06-06,2026-06-06,24,0,0,Premium,Enterprise
CUST_02804,CUST_02804_C1,1,물류/운송,5-49인,2025-06-19,2025-06-19,2028-06-19,36,0,0,Standard,Enterprise
CUST_02804,CUST_02804_C2,2,물류/운송,5-49인,2025-06-19,2028-06-20,2030-06-20,24,36,1,Standard,Enterprise
CUST_02804,CUST_02804_C3,3,물류/운송,5-49인,2025-06-19,2030-06-21,2032-06-21,24,60,2,Standard,Standard
CUST_02805,CUST_02805_C1,1,교육,5-49인,2025-09-18,2025-09-18,2027-09-18,24,0,0,Standard,Priority
CUST_02805,CUST_02805_C2,2,교육,5-49인,2025-09-18,2027-09-19,2029-09-19,24,24,1,Standard,Enterprise
CUST_02806,CUST_02806_C1,1,의료/헬스케어,5-49인,2023-02-23,2023-02-23,2025-02-23,24,0,0,Standard,Standard
CUST_02806,CUST_02806_C2,2,의료/헬스케어,5-49인,2023-02-23,2025-02-24,2028-02-24,36,24,1,Standard,Enterprise
CUST_02807,CUST_02807_C1,1,제조업,5-49인,2026-02-06,2026-02-06,2027-02-06,12,0,0,Basic,Priority
CUST_02807,CUST_02807_C2,2,제조업,5-49인,2026-02-06,2027-02-07,2028-02-07,12,12,1,Basic,Priority
CUST_02808,CUST_02808_C1,1,제조업,5-49인,2023-08-21,2023-08-21,2025-08-21,24,0,0,Basic,Standard
CUST_02808,CUST_02808_C2,2,제조업,5-49인,2023-08-21,2025-08-22,2026-08-22,12,24,1,Basic,Standard
CUST_02809,CUST_02809_C1,1,IT/소프트웨어,5-49인,2022-12-01,2022-12-01,2023-12-01,12,0,0,Basic,Priority
CUST_02810,CUST_02810_C1,1,IT/소프트웨어,5-49인,2023-01-21,2023-01-21,2025-01-21,24,0,0,Basic,Standard
CUST_02810,CUST_02810_C2,2,IT/소프트웨어,5-49인,2023-01-21,2025-01-22,2026-01-22,12,24,1,Basic,Enterprise
CUST_02810,CUST_02810_C3,3,IT/소프트웨어,5-49인,2023-01-21,2026-01-23,2027-01-23,12,36,2,Basic,Standard
CUST_02811,CUST_02811_C1,1,IT/소프트웨어,5-49인,2023-09-09,2023-09-09,2024-09-09,12,0,0,Basic,Enterprise
CUST_02812,CUST_02812_C1,1,IT/소프트웨어,5-49인,2026-08-15,2026-08-15,2027-08-15,12,0,0,Basic,Standard
CUST_02813,CUST_02813_C1,1,의료/헬스케어,50-299인,2024-01-19,2024-01-19,2026-01-19,24,0,0,Basic,Priority
CUST_02814,CUST_02814_C1,1,제조업,5-49인,2022-04-30,2022-04-30,2023-04-30,12,0,0,Basic,Standard
CUST_02815,CUST_02815_C1,1,IT/소프트웨어,5-49인,2022-09-14,2022-09-14,2023-09-14,12,0,0,Basic,Standard
CUST_02816,CUST_02816_C1,1,교육,5-49인,2026-05-16,2026-05-16,2027-05-16,12,0,0,Basic,Priority
CUST_02816,CUST_02816_C2,2,교육,5-49인,2026-05-16,2027-05-17,2029-05-17,24,12,1,Basic,Priority
CUST_02817,CUST_02817_C1,1,IT/소프트웨어,50-299인,2022-05-20,2022-05-20,2025-05-20,36,0,0,Standard,Priority
CUST_02817,CUST_02817_C2,2,IT/소프트웨어,50-299인,2022-05-20,2025-05-21,2027-05-21,24,36,1,Standard,Standard
CUST_02818,CUST_02818_C1,1,제조업,50-299인,2023-05-13,2023-05-13,2024-05-13,12,0,0,Standard,Priority
CUST_02818,CUST_02818_C2,2,제조업,50-299인,2023-05-13,2024-05-14,2025-05-14,12,12,1,Standard,Priority
CUST_02819,CUST_02819_C1,1,금융/보험,5-49인,2021-11-27,2021-11-27,2023-11-27,24,0,0,Standard,Priority
CUST_02819,CUST_02819_C2,2,금융/보험,5-49인,2021-11-27,2023-11-28,2025-11-28,24,24,1,Standard,Priority
CUST_02820,CUST_02820_C1,1,의료/헬스케어,50-299인,2024-01-17,2024-01-17,2027-01-17,36,0,0,Standard,Enterprise
CUST_02820,CUST_02820_C2,2,의료/헬스케어,50-299인,2024-01-17,2027-01-18,2030-01-18,36,36,1,Standard,Standard
CUST_02821,CUST_02821_C1,1,IT/소프트웨어,50-299인,2021-12-21,2021-12-21,2023-12-21,24,0,0,Standard,Priority
CUST_02822,CUST_02822_C1,1,금융/보험,5-49인,2024-05-31,2024-05-31,2025-05-31,12,0,0,Basic,Enterprise
CUST_02822,CUST_02822_C2,2,금융/보험,5-49인,2024-05-31,2025-06-01,2027-06-01,24,13,1,Basic,Standard
CUST_02823,CUST_02823_C1,1,금융/보험,5-49인,2025-10-09,2025-10-09,2026-10-09,12,0,0,Basic,Enterprise
CUST_02824,CUST_02824_C1,1,IT/소프트웨어,5-49인,2023-07-12,2023-07-12,2024-07-12,12,0,0,Basic,Priority
CUST_02824,CUST_02824_C2,2,IT/소프트웨어,5-49인,2023-07-12,2024-07-13,2025-07-13,12,12,1,Basic,Standard
CUST_02824,CUST_02824_C3,3,IT/소프트웨어,5-49인,2023-07-12,2025-07-14,2026-07-14,12,24,2,Basic,Priority
CUST_02825,CUST_02825_C1,1,제조업,5-49인,2021-10-03,2021-10-03,2022-10-03,12,0,0,Standard,Priority
CUST_02825,CUST_02825_C2,2,제조업,5-49인,2021-10-03,2022-10-04,2023-10-04,12,12,1,Standard,Enterprise
CUST_02826,CUST_02826_C1,1,IT/소프트웨어,50-299인,2024-05-27,2024-05-27,2027-05-27,36,0,0,Basic,Standard
CUST_02827,CUST_02827_C1,1,제조업,300인이상,2022-07-20,2022-07-20,2025-07-20,36,0,0,Basic,Standard
CUST_02827,CUST_02827_C2,2,제조업,300인이상,2022-07-20,2025-07-21,2026-07-21,12,36,1,Basic,Standard
CUST_02827,CUST_02827_C3,3,제조업,300인이상,2022-07-20,2026-07-22,2029-07-22,36,48,2,Basic,Enterprise
CUST_02828,CUST_02828_C1,1,물류/운송,5-49인,2024-01-09,2024-01-09,2025-01-09,12,0,0,Standard,Priority
CUST_02829,CUST_02829_C1,1,제조업,5-49인,2022-12-22,2022-12-22,2024-12-22,24,0,0,Basic,Priority
CUST_02829,CUST_02829_C2,2,제조업,5-49인,2022-12-22,2024-12-23,2026-12-23,24,24,1,Basic,Priority
CUST_02829,CUST_02829_C3,3,제조업,5-49인,2022-12-22,2026-12-24,2028-12-24,24,48,2,Basic,Standard
CUST_02830,CUST_02830_C1,1,제조업,5-49인,2021-12-13,2021-12-13,2022-12-13,12,0,0,Basic,Priority
CUST_02830,CUST_02830_C2,2,제조업,5-49인,2021-12-13,2022-12-14,2023-12-14,12,12,1,Basic,Standard
CUST_02831,CUST_02831_C1,1,물류/운송,50-299인,2023-02-24,2023-02-24,2024-02-24,12,0,0,Premium,Enterprise
CUST_02831,CUST_02831_C2,2,물류/운송,50-299인,2023-02-24,2024-02-25,2025-02-25,12,12,1,Premium,Priority
CUST_02831,CUST_02831_C3,3,물류/운송,50-299인,2023-02-24,2025-02-26,2026-02-26,12,24,2,Premium,Priority
CUST_02832,CUST_02832_C1,1,물류/운송,50-299인,2023-07-04,2023-07-04,2025-07-04,24,0,0,Standard,Standard
CUST_02833,CUST_02833_C1,1,기타서비스업,50-299인,2024-05-03,2024-05-03,2025-05-03,12,0,0,Basic,Priority
CUST_02833,CUST_02833_C2,2,기타서비스업,50-299인,2024-05-03,2025-05-04,2027-05-04,24,12,1,Basic,Standard
CUST_02834,CUST_02834_C1,1,유통/커머스,5-49인,2024-09-21,2024-09-21,2026-09-21,24,0,0,Standard,Standard
CUST_02835,CUST_02835_C1,1,물류/운송,5-49인,2026-04-04,2026-04-04,2027-04-04,12,0,0,Basic,Standard
CUST_02836,CUST_02836_C1,1,금융/보험,5-49인,2025-04-16,2025-04-16,2026-04-16,12,0,0,Standard,Standard
CUST_02837,CUST_02837_C1,1,IT/소프트웨어,5-49인,2025-03-30,2025-03-30,2026-03-30,12,0,0,Basic,Standard
CUST_02837,CUST_02837_C2,2,IT/소프트웨어,5-49인,2025-03-30,2026-03-31,2027-03-31,12,12,1,Basic,Priority
CUST_02838,CUST_02838_C1,1,제조업,5-49인,2022-12-19,2022-12-19,2023-12-19,12,0,0,Basic,Standard
CUST_02839,CUST_02839_C1,1,제조업,5-49인,2022-05-04,2022-05-04,2024-05-04,24,0,0,Standard,Priority
CUST_02839,CUST_02839_C2,2,제조업,5-49인,2022-05-04,2024-05-05,2025-05-05,12,24,1,Standard,Priority
CUST_02840,CUST_02840_C1,1,IT/소프트웨어,5-49인,2025-04-30,2025-04-30,2027-04-30,24,0,0,Premium,Enterprise
CUST_02840,CUST_02840_C2,2,IT/소프트웨어,5-49인,2025-04-30,2027-05-01,2028-05-01,12,25,1,Premium,Enterprise
CUST_02841,CUST_02841_C1,1,물류/운송,5-49인,2025-12-30,2025-12-30,2027-12-30,24,0,0,Basic,Priority
CUST_02842,CUST_02842_C1,1,유통/커머스,5-49인,2023-10-23,2023-10-23,2024-10-23,12,0,0,Basic,Standard
CUST_02843,CUST_02843_C1,1,제조업,5-49인,2024-12-26,2024-12-26,2025-12-26,12,0,0,Standard,Priority
CUST_02844,CUST_02844_C1,1,제조업,5-49인,2024-12-29,2024-12-29,2025-12-29,12,0,0,Basic,Standard
CUST_02844,CUST_02844_C2,2,제조업,5-49인,2024-12-29,2025-12-30,2026-12-30,12,12,1,Basic,Standard
CUST_02844,CUST_02844_C3,3,제조업,5-49인,2024-12-29,2026-12-31,2027-12-31,12,24,2,Basic,Standard
CUST_02845,CUST_02845_C1,1,IT/소프트웨어,5-49인,2024-04-29,2024-04-29,2026-04-29,24,0,0,Basic,Standard
CUST_02846,CUST_02846_C1,1,유통/커머스,5-49인,2025-12-23,2025-12-23,2027-12-23,24,0,0,Basic,Standard
CUST_02846,CUST_02846_C2,2,유통/커머스,5-49인,2025-12-23,2027-12-24,2030-12-24,36,24,1,Basic,Standard
CUST_02847,CUST_02847_C1,1,금융/보험,5-49인,2024-02-18,2024-02-18,2025-02-18,12,0,0,Basic,Standard
CUST_02848,CUST_02848_C1,1,IT/소프트웨어,50-299인,2025-01-22,2025-01-22,2026-01-22,12,0,0,Basic,Standard
CUST_02848,CUST_02848_C2,2,IT/소프트웨어,50-299인,2025-01-22,2026-01-23,2028-01-23,24,12,1,Basic,Priority
CUST_02848,CUST_02848_C3,3,IT/소프트웨어,50-299인,2025-01-22,2028-01-24,2031-01-24,36,36,2,Basic,Standard
CUST_02849,CUST_02849_C1,1,물류/운송,5-49인,2021-12-29,2021-12-29,2022-12-29,12,0,0,Basic,Standard
CUST_02849,CUST_02849_C2,2,물류/운송,5-49인,2021-12-29,2022-12-30,2023-12-30,12,12,1,Basic,Standard
CUST_02850,CUST_02850_C1,1,교육,5-49인,2024-09-07,2024-09-07,2025-09-07,12,0,0,Basic,Standard
CUST_02851,CUST_02851_C1,1,유통/커머스,50-299인,2026-04-17,2026-04-17,2027-04-17,12,0,0,Standard,Priority
CUST_02852,CUST_02852_C1,1,제조업,5-49인,2025-04-05,2025-04-05,2026-04-05,12,0,0,Basic,Priority
CUST_02853,CUST_02853_C1,1,유통/커머스,5-49인,2023-01-28,2023-01-28,2024-01-28,12,0,0,Standard,Priority
CUST_02854,CUST_02854_C1,1,금융/보험,5-49인,2023-09-08,2023-09-08,2024-09-08,12,0,0,Basic,Standard
CUST_02854,CUST_02854_C2,2,금융/보험,5-49인,2023-09-08,2024-09-09,2027-09-09,36,12,1,Basic,Priority
CUST_02855,CUST_02855_C1,1,제조업,50-299인,2022-07-21,2022-07-21,2023-07-21,12,0,0,Standard,Priority
CUST_02856,CUST_02856_C1,1,의료/헬스케어,5-49인,2024-06-21,2024-06-21,2026-06-21,24,0,0,Premium,Priority
CUST_02856,CUST_02856_C2,2,의료/헬스케어,5-49인,2024-06-21,2026-06-22,2029-06-22,36,24,1,Premium,Priority
CUST_02857,CUST_02857_C1,1,교육,5-49인,2023-03-01,2023-03-01,2025-03-01,24,0,0,Basic,Priority
CUST_02857,CUST_02857_C2,2,교육,5-49인,2023-03-01,2025-03-02,2026-03-02,12,24,1,Basic,Priority
CUST_02858,CUST_02858_C1,1,제조업,300인이상,2024-12-07,2024-12-07,2027-12-07,36,0,0,Standard,Priority
CUST_02858,CUST_02858_C2,2,제조업,300인이상,2024-12-07,2027-12-08,2029-12-08,24,36,1,Standard,Priority
CUST_02859,CUST_02859_C1,1,유통/커머스,50-299인,2025-07-22,2025-07-22,2026-07-22,12,0,0,Basic,Standard
CUST_02860,CUST_02860_C1,1,제조업,5-49인,2022-06-16,2022-06-16,2025-06-16,36,0,0,Basic,Standard
CUST_02861,CUST_02861_C1,1,제조업,5-49인,2024-09-10,2024-09-10,2025-09-10,12,0,0,Basic,Standard
CUST_02862,CUST_02862_C1,1,금융/보험,5-49인,2022-03-29,2022-03-29,2023-03-29,12,0,0,Basic,Standard
CUST_02863,CUST_02863_C1,1,의료/헬스케어,5-49인,2024-02-23,2024-02-23,2026-02-23,24,0,0,Basic,Priority
CUST_02863,CUST_02863_C2,2,의료/헬스케어,5-49인,2024-02-23,2026-02-24,2027-02-24,12,24,1,Basic,Standard
CUST_02864,CUST_02864_C1,1,기타서비스업,5-49인,2024-05-28,2024-05-28,2025-05-28,12,0,0,Standard,Priority
CUST_02864,CUST_02864_C2,2,기타서비스업,5-49인,2024-05-28,2025-05-29,2026-05-29,12,12,1,Standard,Priority
CUST_02864,CUST_02864_C3,3,기타서비스업,5-49인,2024-05-28,2026-05-30,2028-05-30,24,24,2,Standard,Priority
CUST_02865,CUST_02865_C1,1,유통/커머스,5-49인,2022-06-15,2022-06-15,2024-06-15,24,0,0,Standard,Priority
CUST_02865,CUST_02865_C2,2,유통/커머스,5-49인,2022-06-15,2024-06-16,2026-06-16,24,24,1,Standard,Standard
CUST_02866,CUST_02866_C1,1,기타서비스업,5-49인,2022-11-20,2022-11-20,2024-11-20,24,0,0,Basic,Standard
CUST_02866,CUST_02866_C2,2,기타서비스업,5-49인,2022-11-20,2024-11-21,2026-11-21,24,24,1,Basic,Priority
CUST_02867,CUST_02867_C1,1,물류/운송,5-49인,2023-07-18,2023-07-18,2024-07-18,12,0,0,Basic,Standard
CUST_02868,CUST_02868_C1,1,제조업,5-49인,2026-02-07,2026-02-07,2027-02-07,12,0,0,Basic,Standard
CUST_02868,CUST_02868_C2,2,제조업,5-49인,2026-02-07,2027-02-08,2028-02-08,12,12,1,Basic,Priority
CUST_02869,CUST_02869_C1,1,의료/헬스케어,5-49인,2026-08-14,2026-08-14,2027-08-14,12,0,0,Basic,Standard
CUST_02869,CUST_02869_C2,2,의료/헬스케어,5-49인,2026-08-14,2027-08-15,2028-08-15,12,12,1,Basic,Priority
CUST_02870,CUST_02870_C1,1,물류/운송,300인이상,2025-09-21,2025-09-21,2026-09-21,12,0,0,Standard,Priority
CUST_02871,CUST_02871_C1,1,물류/운송,5-49인,2022-04-23,2022-04-23,2023-04-23,12,0,0,Basic,Standard
CUST_02872,CUST_02872_C1,1,유통/커머스,5-49인,2025-04-11,2025-04-11,2026-04-11,12,0,0,Basic,Standard
CUST_02873,CUST_02873_C1,1,IT/소프트웨어,50-299인,2023-08-01,2023-08-01,2025-08-01,24,0,0,Basic,Standard
CUST_02874,CUST_02874_C1,1,제조업,5-49인,2026-04-12,2026-04-12,2027-04-12,12,0,0,Basic,Standard
CUST_02875,CUST_02875_C1,1,의료/헬스케어,50-299인,2024-05-28,2024-05-28,2027-05-28,36,0,0,Basic,Standard
CUST_02876,CUST_02876_C1,1,제조업,5-49인,2026-05-28,2026-05-28,2028-05-28,24,0,0,Basic,Standard
CUST_02877,CUST_02877_C1,1,유통/커머스,5-49인,2023-04-09,2023-04-09,2025-04-09,24,0,0,Basic,Standard
CUST_02878,CUST_02878_C1,1,물류/운송,5-49인,2022-05-26,2022-05-26,2023-05-26,12,0,0,Basic,Priority
CUST_02878,CUST_02878_C2,2,물류/운송,5-49인,2022-05-26,2023-05-27,2024-05-27,12,12,1,Basic,Priority
CUST_02878,CUST_02878_C3,3,물류/운송,5-49인,2022-05-26,2024-05-28,2025-05-28,12,24,2,Basic,Priority
CUST_02879,CUST_02879_C1,1,물류/운송,50-299인,2023-09-30,2023-09-30,2024-09-30,12,0,0,Standard,Priority
CUST_02880,CUST_02880_C1,1,유통/커머스,50-299인,2025-08-22,2025-08-22,2026-08-22,12,0,0,Premium,Enterprise
CUST_02880,CUST_02880_C2,2,유통/커머스,50-299인,2025-08-22,2026-08-23,2029-08-23,36,12,1,Premium,Priority
CUST_02881,CUST_02881_C1,1,의료/헬스케어,5-49인,2023-02-06,2023-02-06,2025-02-06,24,0,0,Standard,Enterprise
CUST_02882,CUST_02882_C1,1,금융/보험,5-49인,2025-07-01,2025-07-01,2027-07-01,24,0,0,Basic,Standard
CUST_02883,CUST_02883_C1,1,의료/헬스케어,5-49인,2024-09-07,2024-09-07,2025-09-07,12,0,0,Standard,Standard
CUST_02884,CUST_02884_C1,1,유통/커머스,5-49인,2021-10-28,2021-10-28,2024-10-28,36,0,0,Basic,Standard
CUST_02884,CUST_02884_C2,2,유통/커머스,5-49인,2021-10-28,2024-10-29,2026-10-29,24,36,1,Basic,Standard
CUST_02884,CUST_02884_C3,3,유통/커머스,5-49인,2021-10-28,2026-10-30,2027-10-30,12,60,2,Basic,Standard
CUST_02885,CUST_02885_C1,1,제조업,5-49인,2025-11-23,2025-11-23,2026-11-23,12,0,0,Basic,Standard
CUST_02886,CUST_02886_C1,1,제조업,5-49인,2026-02-14,2026-02-14,2027-02-14,12,0,0,Basic,Standard
CUST_02887,CUST_02887_C1,1,금융/보험,5-49인,2022-10-18,2022-10-18,2023-10-18,12,0,0,Standard,Priority
CUST_02887,CUST_02887_C2,2,금융/보험,5-49인,2022-10-18,2023-10-19,2024-10-19,12,12,1,Standard,Priority
CUST_02887,CUST_02887_C3,3,금융/보험,5-49인,2022-10-18,2024-10-20,2025-10-20,12,24,2,Standard,Standard
CUST_02888,CUST_02888_C1,1,물류/운송,300인이상,2023-11-04,2023-11-04,2025-11-04,24,0,0,Basic,Priority
CUST_02889,CUST_02889_C1,1,기타서비스업,5-49인,2021-12-29,2021-12-29,2022-12-29,12,0,0,Basic,Standard
CUST_02890,CUST_02890_C1,1,의료/헬스케어,50-299인,2024-12-13,2024-12-13,2025-12-13,12,0,0,Basic,Standard
CUST_02891,CUST_02891_C1,1,교육,5-49인,2022-12-20,2022-12-20,2023-12-20,12,0,0,Standard,Enterprise
CUST_02891,CUST_02891_C2,2,교육,5-49인,2022-12-20,2023-12-21,2025-12-21,24,12,1,Standard,Standard
CUST_02892,CUST_02892_C1,1,IT/소프트웨어,5-49인,2023-08-31,2023-08-31,2025-08-31,24,0,0,Basic,Standard
CUST_02893,CUST_02893_C1,1,IT/소프트웨어,5-49인,2024-03-06,2024-03-06,2025-03-06,12,0,0,Premium,Enterprise
CUST_02893,CUST_02893_C2,2,IT/소프트웨어,5-49인,2024-03-06,2025-03-07,2027-03-07,24,12,1,Premium,Enterprise
CUST_02894,CUST_02894_C1,1,교육,50-299인,2023-07-28,2023-07-28,2024-07-28,12,0,0,Basic,Standard
CUST_02894,CUST_02894_C2,2,교육,50-299인,2023-07-28,2024-07-29,2026-07-29,24,12,1,Basic,Standard
CUST_02895,CUST_02895_C1,1,IT/소프트웨어,5-49인,2024-02-26,2024-02-26,2026-02-26,24,0,0,Basic,Priority
CUST_02896,CUST_02896_C1,1,의료/헬스케어,5-49인,2025-06-30,2025-06-30,2026-06-30,12,0,0,Basic,Standard
CUST_02896,CUST_02896_C2,2,의료/헬스케어,5-49인,2025-06-30,2026-07-01,2027-07-01,12,13,1,Basic,Priority
CUST_02896,CUST_02896_C3,3,의료/헬스케어,5-49인,2025-06-30,2027-07-02,2028-07-02,12,25,2,Basic,Priority
CUST_02897,CUST_02897_C1,1,물류/운송,50-299인,2025-05-11,2025-05-11,2026-05-11,12,0,0,Standard,Enterprise
CUST_02897,CUST_02897_C2,2,물류/운송,50-299인,2025-05-11,2026-05-12,2027-05-12,12,12,1,Standard,Enterprise
CUST_02898,CUST_02898_C1,1,제조업,5-49인,2024-02-11,2024-02-11,2025-02-11,12,0,0,Basic,Standard
CUST_02898,CUST_02898_C2,2,제조업,5-49인,2024-02-11,2025-02-12,2027-02-12,24,12,1,Basic,Standard
CUST_02898,CUST_02898_C3,3,제조업,5-49인,2024-02-11,2027-02-13,2029-02-13,24,36,2,Basic,Priority
CUST_02899,CUST_02899_C1,1,금융/보험,5-49인,2023-02-27,2023-02-27,2024-02-27,12,0,0,Standard,Standard
CUST_02900,CUST_02900_C1,1,제조업,5-49인,2025-10-01,2025-10-01,2028-10-01,36,0,0,Basic,Standard
CUST_02901,CUST_02901_C1,1,물류/운송,300인이상,2022-04-14,2022-04-14,2025-04-14,36,0,0,Standard,Standard
CUST_02902,CUST_02902_C1,1,IT/소프트웨어,5-49인,2024-06-05,2024-06-05,2027-06-05,36,0,0,Basic,Priority
CUST_02903,CUST_02903_C1,1,제조업,5-49인,2026-07-08,2026-07-08,2027-07-08,12,0,0,Standard,Priority
CUST_02904,CUST_02904_C1,1,유통/커머스,5-49인,2022-05-07,2022-05-07,2025-05-07,36,0,0,Basic,Standard
CUST_02905,CUST_02905_C1,1,물류/운송,50-299인,2025-03-05,2025-03-05,2028-03-05,36,0,0,Standard,Priority
CUST_02905,CUST_02905_C2,2,물류/운송,50-299인,2025-03-05,2028-03-06,2030-03-06,24,36,1,Standard,Priority
CUST_02906,CUST_02906_C1,1,제조업,5-49인,2021-12-03,2021-12-03,2022-12-03,12,0,0,Basic,Standard
CUST_02906,CUST_02906_C2,2,제조업,5-49인,2021-12-03,2022-12-04,2023-12-04,12,12,1,Basic,Priority
CUST_02907,CUST_02907_C1,1,교육,5-49인,2024-09-12,2024-09-12,2025-09-12,12,0,0,Standard,Standard
CUST_02907,CUST_02907_C2,2,교육,5-49인,2024-09-12,2025-09-13,2026-09-13,12,12,1,Standard,Priority
CUST_02908,CUST_02908_C1,1,IT/소프트웨어,5-49인,2022-05-16,2022-05-16,2024-05-16,24,0,0,Basic,Standard
CUST_02909,CUST_02909_C1,1,IT/소프트웨어,300인이상,2024-01-18,2024-01-18,2026-01-18,24,0,0,Premium,Enterprise
CUST_02909,CUST_02909_C2,2,IT/소프트웨어,300인이상,2024-01-18,2026-01-19,2028-01-19,24,24,1,Premium,Enterprise
CUST_02910,CUST_02910_C1,1,교육,50-299인,2025-09-20,2025-09-20,2028-09-20,36,0,0,Standard,Priority
CUST_02910,CUST_02910_C2,2,교육,50-299인,2025-09-20,2028-09-21,2029-09-21,12,36,1,Standard,Enterprise
CUST_02911,CUST_02911_C1,1,금융/보험,5-49인,2025-03-14,2025-03-14,2026-03-14,12,0,0,Basic,Standard
CUST_02912,CUST_02912_C1,1,제조업,5-49인,2025-01-10,2025-01-10,2026-01-10,12,0,0,Standard,Priority
CUST_02912,CUST_02912_C2,2,제조업,5-49인,2025-01-10,2026-01-11,2028-01-11,24,12,1,Standard,Enterprise
CUST_02913,CUST_02913_C1,1,물류/운송,5-49인,2023-01-11,2023-01-11,2026-01-11,36,0,0,Basic,Standard
CUST_02913,CUST_02913_C2,2,물류/운송,5-49인,2023-01-11,2026-01-12,2028-01-12,24,36,1,Basic,Standard
CUST_02913,CUST_02913_C3,3,물류/운송,5-49인,2023-01-11,2028-01-13,2029-01-13,12,60,2,Basic,Standard
CUST_02914,CUST_02914_C1,1,물류/운송,50-299인,2024-04-28,2024-04-28,2027-04-28,36,0,0,Premium,Priority
CUST_02914,CUST_02914_C2,2,물류/운송,50-299인,2024-04-28,2027-04-29,2029-04-29,24,36,1,Premium,Enterprise
CUST_02914,CUST_02914_C3,3,물류/운송,50-299인,2024-04-28,2029-04-30,2031-04-30,24,60,2,Premium,Priority
CUST_02915,CUST_02915_C1,1,제조업,5-49인,2024-09-04,2024-09-04,2026-09-04,24,0,0,Basic,Enterprise
CUST_02916,CUST_02916_C1,1,제조업,5-49인,2024-06-09,2024-06-09,2025-06-09,12,0,0,Basic,Priority
CUST_02917,CUST_02917_C1,1,제조업,5-49인,2023-10-14,2023-10-14,2024-10-14,12,0,0,Basic,Standard
CUST_02917,CUST_02917_C2,2,제조업,5-49인,2023-10-14,2024-10-15,2025-10-15,12,12,1,Basic,Standard
CUST_02918,CUST_02918_C1,1,제조업,5-49인,2023-06-24,2023-06-24,2024-06-24,12,0,0,Standard,Standard
CUST_02919,CUST_02919_C1,1,물류/운송,5-49인,2025-01-17,2025-01-17,2027-01-17,24,0,0,Basic,Standard
CUST_02919,CUST_02919_C2,2,물류/운송,5-49인,2025-01-17,2027-01-18,2028-01-18,12,24,1,Basic,Standard
CUST_02920,CUST_02920_C1,1,유통/커머스,5-49인,2024-03-21,2024-03-21,2027-03-21,36,0,0,Basic,Priority
CUST_02920,CUST_02920_C2,2,유통/커머스,5-49인,2024-03-21,2027-03-22,2028-03-22,12,36,1,Basic,Enterprise
CUST_02920,CUST_02920_C3,3,유통/커머스,5-49인,2024-03-21,2028-03-23,2029-03-23,12,48,2,Basic,Standard
CUST_02921,CUST_02921_C1,1,유통/커머스,5-49인,2021-10-19,2021-10-19,2023-10-19,24,0,0,Premium,Standard
CUST_02921,CUST_02921_C2,2,유통/커머스,5-49인,2021-10-19,2023-10-20,2024-10-20,12,24,1,Premium,Enterprise
CUST_02922,CUST_02922_C1,1,유통/커머스,50-299인,2022-11-17,2022-11-17,2024-11-17,24,0,0,Basic,Standard
CUST_02923,CUST_02923_C1,1,제조업,5-49인,2024-07-15,2024-07-15,2026-07-15,24,0,0,Basic,Standard
CUST_02924,CUST_02924_C1,1,의료/헬스케어,5-49인,2025-07-01,2025-07-01,2026-07-01,12,0,0,Basic,Standard
CUST_02925,CUST_02925_C1,1,금융/보험,5-49인,2025-05-24,2025-05-24,2026-05-24,12,0,0,Basic,Priority
CUST_02926,CUST_02926_C1,1,유통/커머스,5-49인,2025-02-19,2025-02-19,2028-02-19,36,0,0,Basic,Standard
CUST_02927,CUST_02927_C1,1,금융/보험,50-299인,2022-09-25,2022-09-25,2023-09-25,12,0,0,Basic,Priority
CUST_02928,CUST_02928_C1,1,의료/헬스케어,5-49인,2024-09-01,2024-09-01,2025-09-01,12,0,0,Basic,Standard
CUST_02929,CUST_02929_C1,1,제조업,5-49인,2021-12-24,2021-12-24,2022-12-24,12,0,0,Basic,Standard
CUST_02930,CUST_02930_C1,1,유통/커머스,5-49인,2024-06-25,2024-06-25,2025-06-25,12,0,0,Basic,Priority
CUST_02931,CUST_02931_C1,1,물류/운송,5-49인,2024-08-03,2024-08-03,2025-08-03,12,0,0,Basic,Priority
CUST_02931,CUST_02931_C2,2,물류/운송,5-49인,2024-08-03,2025-08-04,2027-08-04,24,12,1,Basic,Priority
CUST_02931,CUST_02931_C3,3,물류/운송,5-49인,2024-08-03,2027-08-05,2029-08-05,24,36,2,Basic,Standard
CUST_02932,CUST_02932_C1,1,제조업,5-49인,2021-10-11,2021-10-11,2022-10-11,12,0,0,Basic,Enterprise
CUST_02933,CUST_02933_C1,1,교육,5-49인,2023-11-26,2023-11-26,2025-11-26,24,0,0,Basic,Standard
CUST_02934,CUST_02934_C1,1,금융/보험,50-299인,2023-03-02,2023-03-02,2024-03-02,12,0,0,Basic,Standard
CUST_02935,CUST_02935_C1,1,의료/헬스케어,5-49인,2026-03-11,2026-03-11,2027-03-11,12,0,0,Basic,Standard
CUST_02935,CUST_02935_C2,2,의료/헬스케어,5-49인,2026-03-11,2027-03-12,2028-03-12,12,12,1,Basic,Priority
CUST_02936,CUST_02936_C1,1,유통/커머스,50-299인,2025-04-11,2025-04-11,2026-04-11,12,0,0,Standard,Standard
CUST_02937,CUST_02937_C1,1,제조업,5-49인,2024-09-27,2024-09-27,2026-09-27,24,0,0,Standard,Enterprise
CUST_02938,CUST_02938_C1,1,IT/소프트웨어,300인이상,2022-10-28,2022-10-28,2023-10-28,12,0,0,Standard,Enterprise
CUST_02938,CUST_02938_C2,2,IT/소프트웨어,300인이상,2022-10-28,2023-10-29,2024-10-29,12,12,1,Standard,Standard
CUST_02939,CUST_02939_C1,1,기타서비스업,5-49인,2023-10-29,2023-10-29,2024-10-29,12,0,0,Standard,Standard
CUST_02940,CUST_02940_C1,1,기타서비스업,5-49인,2025-12-24,2025-12-24,2027-12-24,24,0,0,Standard,Standard
CUST_02941,CUST_02941_C1,1,교육,50-299인,2024-07-02,2024-07-02,2025-07-02,12,0,0,Premium,Priority
CUST_02941,CUST_02941_C2,2,교육,50-299인,2024-07-02,2025-07-03,2027-07-03,24,12,1,Premium,Priority
CUST_02941,CUST_02941_C3,3,교육,50-299인,2024-07-02,2027-07-04,2028-07-04,12,36,2,Premium,Enterprise
CUST_02942,CUST_02942_C1,1,유통/커머스,5-49인,2022-10-13,2022-10-13,2023-10-13,12,0,0,Basic,Standard
CUST_02943,CUST_02943_C1,1,제조업,5-49인,2025-04-03,2025-04-03,2026-04-03,12,0,0,Basic,Standard
CUST_02943,CUST_02943_C2,2,제조업,5-49인,2025-04-03,2026-04-04,2027-04-04,12,12,1,Basic,Standard
CUST_02943,CUST_02943_C3,3,제조업,5-49인,2025-04-03,2027-04-05,2029-04-05,24,24,2,Basic,Enterprise
CUST_02944,CUST_02944_C1,1,유통/커머스,50-299인,2022-08-03,2022-08-03,2023-08-03,12,0,0,Standard,Priority
CUST_02944,CUST_02944_C2,2,유통/커머스,50-299인,2022-08-03,2023-08-04,2025-08-04,24,12,1,Standard,Priority
CUST_02944,CUST_02944_C3,3,유통/커머스,50-299인,2022-08-03,2025-08-05,2027-08-05,24,36,2,Standard,Priority
CUST_02945,CUST_02945_C1,1,교육,50-299인,2021-11-29,2021-11-29,2024-11-29,36,0,0,Basic,Standard
CUST_02946,CUST_02946_C1,1,제조업,5-49인,2024-08-31,2024-08-31,2025-08-31,12,0,0,Premium,Standard
CUST_02947,CUST_02947_C1,1,기타서비스업,5-49인,2025-05-03,2025-05-03,2026-05-03,12,0,0,Basic,Standard
CUST_02948,CUST_02948_C1,1,교육,5-49인,2022-08-02,2022-08-02,2024-08-02,24,0,0,Standard,Priority
CUST_02949,CUST_02949_C1,1,IT/소프트웨어,50-299인,2023-08-21,2023-08-21,2026-08-21,36,0,0,Standard,Standard
CUST_02950,CUST_02950_C1,1,제조업,5-49인,2025-02-06,2025-02-06,2026-02-06,12,0,0,Basic,Priority
CUST_02951,CUST_02951_C1,1,IT/소프트웨어,5-49인,2022-05-29,2022-05-29,2023-05-29,12,0,0,Basic,Standard
CUST_02952,CUST_02952_C1,1,금융/보험,50-299인,2024-09-28,2024-09-28,2026-09-28,24,0,0,Premium,Enterprise
CUST_02952,CUST_02952_C2,2,금융/보험,50-299인,2024-09-28,2026-09-29,2027-09-29,12,24,1,Premium,Enterprise
CUST_02952,CUST_02952_C3,3,금융/보험,50-299인,2024-09-28,2027-09-30,2030-09-30,36,36,2,Premium,Enterprise
CUST_02953,CUST_02953_C1,1,의료/헬스케어,5-49인,2023-09-12,2023-09-12,2024-09-12,12,0,0,Premium,Priority
CUST_02953,CUST_02953_C2,2,의료/헬스케어,5-49인,2023-09-12,2024-09-13,2026-09-13,24,12,1,Premium,Enterprise
CUST_02953,CUST_02953_C3,3,의료/헬스케어,5-49인,2023-09-12,2026-09-14,2027-09-14,12,36,2,Premium,Standard
CUST_02954,CUST_02954_C1,1,IT/소프트웨어,5-49인,2023-03-14,2023-03-14,2025-03-14,24,0,0,Standard,Priority
CUST_02955,CUST_02955_C1,1,금융/보험,5-49인,2024-06-25,2024-06-25,2026-06-25,24,0,0,Basic,Enterprise
CUST_02956,CUST_02956_C1,1,유통/커머스,5-49인,2024-03-18,2024-03-18,2025-03-18,12,0,0,Standard,Priority
CUST_02956,CUST_02956_C2,2,유통/커머스,5-49인,2024-03-18,2025-03-19,2026-03-19,12,12,1,Standard,Priority
CUST_02957,CUST_02957_C1,1,제조업,300인이상,2023-06-21,2023-06-21,2025-06-21,24,0,0,Standard,Priority
CUST_02957,CUST_02957_C2,2,제조업,300인이상,2023-06-21,2025-06-22,2028-06-22,36,24,1,Standard,Enterprise
CUST_02958,CUST_02958_C1,1,교육,5-49인,2022-04-21,2022-04-21,2024-04-21,24,0,0,Basic,Enterprise
CUST_02958,CUST_02958_C2,2,교육,5-49인,2022-04-21,2024-04-22,2025-04-22,12,24,1,Basic,Standard
CUST_02959,CUST_02959_C1,1,금융/보험,5-49인,2023-09-12,2023-09-12,2025-09-12,24,0,0,Standard,Priority
CUST_02960,CUST_02960_C1,1,IT/소프트웨어,5-49인,2024-05-28,2024-05-28,2027-05-28,36,0,0,Basic,Standard
CUST_02960,CUST_02960_C2,2,IT/소프트웨어,5-49인,2024-05-28,2027-05-29,2029-05-29,24,36,1,Basic,Standard
CUST_02961,CUST_02961_C1,1,금융/보험,5-49인,2024-06-06,2024-06-06,2025-06-06,12,0,0,Basic,Standard
CUST_02962,CUST_02962_C1,1,제조업,5-49인,2022-11-08,2022-11-08,2023-11-08,12,0,0,Standard,Priority
CUST_02963,CUST_02963_C1,1,IT/소프트웨어,5-49인,2025-11-09,2025-11-09,2026-11-09,12,0,0,Basic,Standard
CUST_02964,CUST_02964_C1,1,교육,5-49인,2024-05-01,2024-05-01,2025-05-01,12,0,0,Basic,Standard
CUST_02965,CUST_02965_C1,1,제조업,5-49인,2025-11-06,2025-11-06,2026-11-06,12,0,0,Basic,Priority
CUST_02966,CUST_02966_C1,1,제조업,5-49인,2025-04-26,2025-04-26,2026-04-26,12,0,0,Basic,Enterprise
CUST_02967,CUST_02967_C1,1,유통/커머스,5-49인,2025-11-27,2025-11-27,2026-11-27,12,0,0,Basic,Standard
CUST_02967,CUST_02967_C2,2,유통/커머스,5-49인,2025-11-27,2026-11-28,2027-11-28,12,12,1,Basic,Standard
CUST_02967,CUST_02967_C3,3,유통/커머스,5-49인,2025-11-27,2027-11-29,2028-11-29,12,24,2,Basic,Standard
CUST_02968,CUST_02968_C1,1,IT/소프트웨어,5-49인,2023-11-07,2023-11-07,2024-11-07,12,0,0,Basic,Standard
CUST_02969,CUST_02969_C1,1,유통/커머스,50-299인,2025-11-27,2025-11-27,2026-11-27,12,0,0,Basic,Priority
CUST_02969,CUST_02969_C2,2,유통/커머스,50-299인,2025-11-27,2026-11-28,2028-11-28,24,12,1,Premium,Priority
CUST_02970,CUST_02970_C1,1,유통/커머스,50-299인,2026-05-14,2026-05-14,2027-05-14,12,0,0,Premium,Priority
CUST_02971,CUST_02971_C1,1,제조업,5-49인,2024-11-09,2024-11-09,2025-11-09,12,0,0,Basic,Standard
CUST_02972,CUST_02972_C1,1,물류/운송,5-49인,2022-06-21,2022-06-21,2023-06-21,12,0,0,Basic,Standard
CUST_02973,CUST_02973_C1,1,유통/커머스,5-49인,2024-04-10,2024-04-10,2026-04-10,24,0,0,Basic,Standard
CUST_02974,CUST_02974_C1,1,교육,5-49인,2023-05-16,2023-05-16,2024-05-16,12,0,0,Basic,Priority
CUST_02974,CUST_02974_C2,2,교육,5-49인,2023-05-16,2024-05-17,2025-05-17,12,12,1,Basic,Priority
CUST_02975,CUST_02975_C1,1,제조업,50-299인,2023-10-20,2023-10-20,2026-10-20,36,0,0,Standard,Priority
CUST_02975,CUST_02975_C2,2,제조업,50-299인,2023-10-20,2026-10-21,2029-10-21,36,36,1,Standard,Priority
CUST_02976,CUST_02976_C1,1,유통/커머스,5-49인,2024-05-04,2024-05-04,2025-05-04,12,0,0,Basic,Standard
CUST_02976,CUST_02976_C2,2,유통/커머스,5-49인,2024-05-04,2025-05-05,2027-05-05,24,12,1,Basic,Standard
CUST_02977,CUST_02977_C1,1,교육,5-49인,2023-11-26,2023-11-26,2025-11-26,24,0,0,Standard,Standard
CUST_02977,CUST_02977_C2,2,교육,5-49인,2023-11-26,2025-11-27,2027-11-27,24,24,1,Standard,Priority
CUST_02978,CUST_02978_C1,1,제조업,5-49인,2024-06-04,2024-06-04,2026-06-04,24,0,0,Basic,Enterprise
CUST_02978,CUST_02978_C2,2,제조업,5-49인,2024-06-04,2026-06-05,2027-06-05,12,24,1,Basic,Standard
CUST_02979,CUST_02979_C1,1,금융/보험,50-299인,2024-05-03,2024-05-03,2027-05-03,36,0,0,Premium,Priority
CUST_02980,CUST_02980_C1,1,금융/보험,5-49인,2026-03-09,2026-03-09,2029-03-09,36,0,0,Basic,Standard
CUST_02980,CUST_02980_C2,2,금융/보험,5-49인,2026-03-09,2029-03-10,2031-03-10,24,36,1,Basic,Priority
CUST_02981,CUST_02981_C1,1,제조업,5-49인,2022-06-05,2022-06-05,2025-06-05,36,0,0,Standard,Enterprise
CUST_02982,CUST_02982_C1,1,유통/커머스,5-49인,2025-09-25,2025-09-25,2027-09-25,24,0,0,Basic,Standard
CUST_02982,CUST_02982_C2,2,유통/커머스,5-49인,2025-09-25,2027-09-26,2028-09-26,12,24,1,Basic,Priority
CUST_02982,CUST_02982_C3,3,유통/커머스,5-49인,2025-09-25,2028-09-27,2029-09-27,12,36,2,Basic,Standard
CUST_02983,CUST_02983_C1,1,유통/커머스,5-49인,2025-09-07,2025-09-07,2026-09-07,12,0,0,Basic,Priority
CUST_02984,CUST_02984_C1,1,IT/소프트웨어,5-49인,2025-07-24,2025-07-24,2026-07-24,12,0,0,Basic,Priority
CUST_02985,CUST_02985_C1,1,교육,5-49인,2022-08-23,2022-08-23,2025-08-23,36,0,0,Standard,Enterprise
CUST_02986,CUST_02986_C1,1,IT/소프트웨어,50-299인,2022-01-01,2022-01-01,2023-01-01,12,0,0,Standard,Priority
CUST_02986,CUST_02986_C2,2,IT/소프트웨어,50-299인,2022-01-01,2023-01-02,2024-01-02,12,12,1,Standard,Priority
CUST_02987,CUST_02987_C1,1,유통/커머스,5-49인,2022-09-18,2022-09-18,2024-09-18,24,0,0,Basic,Standard
CUST_02988,CUST_02988_C1,1,의료/헬스케어,5-49인,2024-02-20,2024-02-20,2026-02-20,24,0,0,Basic,Standard
CUST_02989,CUST_02989_C1,1,유통/커머스,5-49인,2023-12-09,2023-12-09,2026-12-09,36,0,0,Basic,Priority
CUST_02989,CUST_02989_C2,2,유통/커머스,5-49인,2023-12-09,2026-12-10,2027-12-10,12,36,1,Basic,Standard
CUST_02990,CUST_02990_C1,1,기타서비스업,5-49인,2024-03-13,2024-03-13,2025-03-13,12,0,0,Basic,Enterprise
CUST_02990,CUST_02990_C2,2,기타서비스업,5-49인,2024-03-13,2025-03-14,2026-03-14,12,12,1,Basic,Priority
CUST_02991,CUST_02991_C1,1,제조업,300인이상,2025-12-08,2025-12-08,2028-12-08,36,0,0,Basic,Standard
CUST_02991,CUST_02991_C2,2,제조업,300인이상,2025-12-08,2028-12-09,2029-12-09,12,36,1,Basic,Standard
CUST_02992,CUST_02992_C1,1,물류/운송,5-49인,2025-05-04,2025-05-04,2026-05-04,12,0,0,Basic,Standard
CUST_02992,CUST_02992_C2,2,물류/운송,5-49인,2025-05-04,2026-05-05,2027-05-05,12,12,1,Basic,Standard
CUST_02993,CUST_02993_C1,1,제조업,50-299인,2022-11-07,2022-11-07,2024-11-07,24,0,0,Premium,Enterprise
CUST_02993,CUST_02993_C2,2,제조업,50-299인,2022-11-07,2024-11-08,2026-11-08,24,24,1,Premium,Enterprise
CUST_02994,CUST_02994_C1,1,제조업,5-49인,2024-05-03,2024-05-03,2027-05-03,36,0,0,Basic,Standard
CUST_02995,CUST_02995_C1,1,유통/커머스,5-49인,2024-07-06,2024-07-06,2025-07-06,12,0,0,Basic,Enterprise
CUST_02996,CUST_02996_C1,1,기타서비스업,5-49인,2023-01-13,2023-01-13,2025-01-13,24,0,0,Basic,Standard
CUST_02996,CUST_02996_C2,2,기타서비스업,5-49인,2023-01-13,2025-01-14,2027-01-14,24,24,1,Basic,Standard
CUST_02997,CUST_02997_C1,1,물류/운송,5-49인,2025-10-09,2025-10-09,2027-10-09,24,0,0,Basic,Standard
CUST_02997,CUST_02997_C2,2,물류/운송,5-49인,2025-10-09,2027-10-10,2030-10-10,36,24,1,Basic,Standard
CUST_02998,CUST_02998_C1,1,유통/커머스,5-49인,2026-04-26,2026-04-26,2027-04-26,12,0,0,Basic,Standard
CUST_02999,CUST_02999_C1,1,금융/보험,5-49인,2024-01-18,2024-01-18,2025-01-18,12,0,0,Basic,Standard
