contract_id,customer_id,industry,company_size,managed_service_plan,support_plan,contract_term_months,tenure_months,renewal_count,cloud_cost_30d,cost_growth_3m,budget_variance_pct,commitment_utilization_rate,usage_change_3m,idle_resource_ratio,downtime_minutes_90d,unresolved_ticket_rate,avg_resolution_hours,days_since_last_qbr,annual_contract_value,renewal_churn
CUST_00000_C1,CUST_00000,물류/운송,5-49인,Basic,Standard,12,10,0,2014462,0.0339,12.45,0.7056,0.0336,0.2834,182,0.2727,45.39,121.0,24173544,1
CUST_00001_C1,CUST_00001,제조업,5-49인,Basic,Standard,12,10,0,5046717,-0.0016,-0.27,0.7307,-0.034,0.2374,120,0.2273,39.36,120.0,60560604,0
CUST_00002_C1,CUST_00002,IT/소프트웨어,5-49인,Basic,Standard,24,22,0,4696552,-0.0451,2.17,0.6962,0.0778,0.2177,122,0.0,48.61,122.0,56358624,0
CUST_00002_C2,CUST_00002,IT/소프트웨어,5-49인,Basic,Priority,12,34,1,5838308,0.0115,7.58,0.7287,-0.0594,0.2219,127,0.1875,20.11,181.0,73562681,0
CUST_00003_C1,CUST_00003,IT/소프트웨어,5-49인,Basic,Enterprise,24,22,0,1289860,-0.04,2.45,0.7564,0.0449,0.1869,101,0.0476,6.2,31.0,17800068,0
CUST_00004_C1,CUST_00004,의료/헬스케어,5-49인,Standard,Priority,24,22,0,1360833,0.0409,8.02,0.7541,0.029,0.1847,49,0.0,22.69,184.0,18861145,0
CUST_00004_C2,CUST_00004,의료/헬스케어,5-49인,Standard,Priority,12,34,1,1101121,0.0068,5.32,0.7652,-0.0758,0.2001,72,0.0625,28.81,307.0,15261537,0
CUST_00004_C3,CUST_00004,의료/헬스케어,5-49인,Standard,Priority,12,46,2,1061243,-0.0254,1.2,0.738,-0.0915,0.1588,55,0.0,26.76,62.0,14708828,0
CUST_00005_C1,CUST_00005,IT/소프트웨어,50-299인,Basic,Priority,12,10,0,10315814,0.0289,6.26,0.7362,-0.006,0.3055,141,0.0769,26.51,61.0,129979256,0
CUST_00005_C2,CUST_00005,IT/소프트웨어,50-299인,Standard,Priority,36,47,1,13228036,0.0151,20.64,0.5866,-0.0214,0.261,91,0.0769,21.08,62.0,183340579,0
CUST_00005_C3,CUST_00005,IT/소프트웨어,50-299인,Standard,Enterprise,24,71,2,15291842,0.034,22.05,0.6641,-0.1329,0.2029,97,0.0556,7.01,31.0,232130162,0
CUST_00006_C1,CUST_00006,IT/소프트웨어,5-49인,Standard,Priority,12,10,0,2684546,0.0042,9.35,0.7225,-0.0923,0.2094,80,0.1579,21.81,182.0,37207808,0
CUST_00006_C2,CUST_00006,IT/소프트웨어,5-49인,Standard,Enterprise,12,22,1,1800810,-0.0096,3.22,0.7185,-0.0462,0.2609,68,0.0625,7.18,120.0,27336296,0
CUST_00006_C3,CUST_00006,IT/소프트웨어,5-49인,Standard,Priority,12,34,2,1949625,-0.0208,13.66,0.733,-0.0204,0.2159,66,0.2308,15.58,61.0,27021803,0
CUST_00007_C1,CUST_00007,제조업,5-49인,Basic,Standard,24,22,0,9845834,-0.0006,16.32,0.6719,-0.0019,0.2815,146,0.25,59.93,122.0,118150008,0
CUST_00008_C1,CUST_00008,의료/헬스케어,5-49인,Basic,Standard,12,10,0,2072723,-0.029,6.52,0.6344,-0.0421,0.2357,139,0.1818,42.2,122.0,24872676,0
CUST_00009_C1,CUST_00009,제조업,5-49인,Basic,Priority,12,10,0,3477222,-0.03,-1.06,0.6645,-0.0264,0.2403,155,0.1765,24.65,61.0,43812997,0
CUST_00009_C2,CUST_00009,제조업,5-49인,Basic,Standard,12,22,1,4385989,-0.041,1.55,0.6906,-0.0895,0.2128,127,0.0667,61.1,122.0,52631868,0
CUST_00010_C1,CUST_00010,제조업,5-49인,Basic,Standard,36,34,0,5749472,0.0635,5.84,0.7584,0.0142,0.1794,110,0.2,52.96,121.0,68993664,0
CUST_00011_C1,CUST_00011,교육,5-49인,Basic,Standard,12,10,0,2713510,-0.0497,-11.31,0.8126,0.0462,0.1765,68,0.0625,58.59,122.0,32562120,0
CUST_00011_C2,CUST_00011,교육,5-49인,Basic,Standard,24,34,1,2678143,0.0148,11.3,0.6795,-0.1649,0.1921,83,0.2,64.6,306.0,32137716,0
CUST_00012_C1,CUST_00012,물류/운송,5-49인,Standard,Priority,24,22,0,1896841,0.0289,3.55,0.6953,0.0758,0.19,61,0.0714,25.82,61.0,26290216,0
CUST_00012_C2,CUST_00012,물류/운송,5-49인,Standard,Standard,12,34,1,2374647,0.046,3.96,0.6808,0.0506,0.1961,77,0.1667,50.16,122.0,31345340,0
CUST_00012_C3,CUST_00012,물류/운송,5-49인,Standard,Standard,12,46,2,1963355,0.0074,9.69,0.7841,-0.0091,0.2325,37,0.0,51.05,122.0,25916286,0
CUST_00013_C1,CUST_00013,제조업,5-49인,Standard,Priority,12,10,0,5099605,-0.0162,8.43,0.7217,0.003,0.26,69,0.0909,16.44,62.0,70680525,0
CUST_00013_C2,CUST_00013,제조업,5-49인,Standard,Enterprise,24,34,1,5351943,0.0065,9.4,0.7251,0.1135,0.2322,59,0.0,6.12,30.0,81242495,0
CUST_00014_C1,CUST_00014,금융/보험,5-49인,Basic,Standard,24,22,0,7786675,0.0186,17.52,0.6185,0.1246,0.2533,142,0.28,58.02,487.0,93440100,0
CUST_00015_C1,CUST_00015,금융/보험,5-49인,Basic,Standard,12,10,0,3722774,-0.0505,2.79,0.7363,-0.0232,0.226,113,0.1176,55.39,,44673288,0
CUST_00015_C2,CUST_00015,금융/보험,5-49인,Basic,Standard,12,22,1,4201242,0.0485,3.14,0.7048,0.0472,0.2523,143,0.2105,61.17,120.0,50414904,0
CUST_00015_C3,CUST_00015,금융/보험,5-49인,Basic,Standard,12,34,2,4202907,-0.0375,3.19,0.705,0.0838,0.1853,121,0.2308,59.77,120.0,50434884,0
CUST_00016_C1,CUST_00016,IT/소프트웨어,50-299인,Premium,Enterprise,12,10,0,2723819,-0.016,7.54,0.6614,-0.0765,0.2898,29,0.0,5.59,30.0,46985878,0
CUST_00017_C1,CUST_00017,물류/운송,5-49인,Premium,Priority,24,22,0,1882413,-0.0925,6.88,0.7372,0.0054,0.2816,24,0.25,20.02,62.0,29648005,0
CUST_00017_C2,CUST_00017,물류/운송,5-49인,Premium,Enterprise,12,34,1,2181858,0.0039,4.83,0.6958,0.016,0.2279,34,0.0,6.31,31.0,37637050,0
CUST_00018_C1,CUST_00018,유통/커머스,5-49인,Standard,Enterprise,24,22,0,11048021,-0.0074,8.61,0.6593,0.0546,0.1853,52,0.0,8.42,31.0,167708959,0
CUST_00018_C2,CUST_00018,유통/커머스,5-49인,Standard,Priority,12,34,1,10298401,0.0577,7.45,0.6512,0.0051,0.2125,78,0.0,22.58,61.0,142735838,0
CUST_00018_C3,CUST_00018,유통/커머스,5-49인,Standard,Enterprise,12,46,2,10061135,-0.0535,7.58,0.6903,0.0241,0.2382,67,0.0526,5.47,31.0,152728029,0
CUST_00019_C1,CUST_00019,IT/소프트웨어,5-49인,Standard,Standard,12,10,0,4027151,0.0258,-1.47,0.7407,-0.1182,0.1928,73,0.1111,68.83,120.0,53158393,0
CUST_00020_C1,CUST_00020,유통/커머스,50-299인,Standard,Enterprise,12,10,0,11918203,0.0148,14.84,0.6425,-0.0457,0.2381,91,0.04,7.19,31.0,180918322,0
CUST_00020_C2,CUST_00020,유통/커머스,50-299인,Standard,Priority,12,23,1,11355074,0.0067,5.59,0.7715,-0.0034,0.2345,68,0.1429,25.04,62.0,157381326,0
CUST_00020_C3,CUST_00020,유통/커머스,50-299인,Standard,Priority,12,35,2,12596333,0.0131,4.18,0.6789,-0.0836,0.2154,98,0.2,16.73,62.0,174585175,0
CUST_00021_C1,CUST_00021,금융/보험,5-49인,Basic,Standard,12,10,0,3128851,0.0751,5.4,0.7006,0.0177,0.2666,134,0.0667,58.84,123.0,37546212,0
CUST_00021_C2,CUST_00021,금융/보험,5-49인,Basic,Standard,24,34,1,3355282,0.01,2.69,0.6824,0.0091,0.2758,133,0.1765,47.11,123.0,40263384,0
CUST_00021_C3,CUST_00021,금융/보험,5-49인,Basic,Enterprise,12,46,2,3165340,0.05,4.4,0.7038,0.017,0.248,130,0.0526,7.39,31.0,43681692,0
CUST_00022_C1,CUST_00022,유통/커머스,5-49인,Basic,Standard,12,10,0,1845568,0.0228,10.49,0.7116,-0.0632,0.2387,123,0.1429,38.48,,22146816,0
CUST_00022_C2,CUST_00022,유통/커머스,5-49인,Basic,Standard,12,22,1,1674440,0.0021,1.64,0.6551,0.0499,0.233,117,0.0667,42.83,123.0,20093280,0
CUST_00022_C3,CUST_00022,유통/커머스,5-49인,Basic,Standard,12,34,2,1746157,-0.0419,0.52,0.6982,-0.0111,0.2081,155,0.0,58.1,123.0,20953884,0
CUST_00023_C1,CUST_00023,IT/소프트웨어,5-49인,Standard,Priority,24,22,0,3357422,0.0256,11.15,0.7784,-0.1155,0.1866,48,0.0,27.56,182.0,46533869,0
CUST_00024_C1,CUST_00024,금융/보험,300인이상,Premium,Enterprise,24,22,0,30834421,0.0324,10.76,0.7378,-0.0736,0.2572,26,0.1538,10.21,31.0,531893762,0
CUST_00024_C2,CUST_00024,금융/보험,300인이상,Premium,Priority,24,47,1,36734036,-0.0412,1.76,0.6878,-0.0129,0.1967,29,0.1053,24.06,61.0,578561067,0
CUST_00024_C3,CUST_00024,금융/보험,300인이상,Premium,Enterprise,36,83,2,52823352,0.0371,20.33,0.791,-0.0266,0.1883,34,0.0,6.8,31.0,911202822,0
CUST_00025_C1,CUST_00025,제조업,5-49인,Basic,Priority,12,10,0,2407549,-0.0087,8.59,0.7525,-0.0561,0.1656,109,0.125,17.57,61.0,30335117,0
CUST_00025_C2,CUST_00025,제조업,5-49인,Basic,Priority,12,22,1,2308958,0.0256,-1.79,0.735,-0.1836,0.2441,133,0.2857,24.72,61.0,29092871,0
CUST_00026_C1,CUST_00026,물류/운송,5-49인,Basic,Standard,24,22,0,3968898,0.0002,6.25,0.6747,-0.0371,0.217,135,0.2632,54.81,120.0,47626776,1
CUST_00027_C1,CUST_00027,제조업,5-49인,Basic,Standard,36,34,0,2365979,0.0537,10.21,0.7322,-0.07,0.2004,111,0.0,63.21,123.0,28391748,0
CUST_00027_C2,CUST_00027,제조업,5-49인,Basic,Standard,12,46,1,2218557,0.0169,2.36,0.7985,-0.0277,0.2047,115,0.2857,42.25,123.0,26622684,0
CUST_00027_C3,CUST_00027,제조업,5-49인,Basic,Priority,24,70,2,2137979,-0.0205,7.12,0.7605,-0.015,0.2216,83,0.0,19.23,61.0,26938535,0
CUST_00028_C1,CUST_00028,의료/헬스케어,5-49인,Basic,Standard,12,10,0,3262220,0.1112,14.63,0.7535,-0.0437,0.2525,120,0.0,68.19,122.0,39146640,0
CUST_00029_C1,CUST_00029,의료/헬스케어,5-49인,Basic,Priority,12,10,0,2329371,0.0228,3.81,0.7583,0.0393,0.2451,101,0.0,17.56,61.0,29350075,0
CUST_00029_C2,CUST_00029,의료/헬스케어,5-49인,Basic,Standard,24,34,1,2507212,-0.0102,6.78,0.7043,-0.1277,0.1684,85,0.0,65.31,123.0,30086544,0
CUST_00030_C1,CUST_00030,의료/헬스케어,5-49인,Basic,Standard,24,22,0,2841551,0.0057,13.58,0.5813,-0.0647,0.2665,186,0.2258,65.25,120.0,34098612,1
CUST_00031_C1,CUST_00031,의료/헬스케어,5-49인,Basic,Standard,12,10,0,3619013,-0.0399,-1.64,0.7222,-0.0884,0.2166,122,0.3636,61.73,122.0,43428156,0
CUST_00031_C2,CUST_00031,의료/헬스케어,5-49인,Basic,Priority,24,34,1,4501408,-0.0328,8.77,0.7456,-0.0911,0.2359,115,0.0,23.81,61.0,56717741,0
CUST_00032_C1,CUST_00032,IT/소프트웨어,5-49인,Standard,Enterprise,24,22,0,2228598,-0.0005,3.81,0.6873,0.0402,0.1747,84,0.1,6.68,31.0,33830118,0
CUST_00032_C2,CUST_00032,IT/소프트웨어,5-49인,Standard,Priority,12,34,1,2452085,0.0381,3.39,0.7253,-0.0583,0.2767,78,0.1875,20.48,62.0,33985898,0
CUST_00032_C3,CUST_00032,IT/소프트웨어,5-49인,Standard,Priority,12,46,2,2534311,0.0274,0.31,0.7624,0.0194,0.2406,67,0.0,18.47,62.0,35125550,0
CUST_00033_C1,CUST_00033,교육,5-49인,Basic,Standard,12,10,0,3678439,0.0237,14.76,0.7344,-0.0379,0.2222,141,0.2778,74.89,,44141268,0
CUST_00033_C2,CUST_00033,교육,5-49인,Basic,Standard,24,34,1,3984009,-0.0056,7.42,0.6708,-0.0373,0.2081,144,0.1667,79.53,122.0,47808108,0
CUST_00034_C1,CUST_00034,유통/커머스,5-49인,Basic,Standard,24,22,0,6690364,-0.0296,12.96,0.6503,-0.0045,0.2203,139,0.1667,51.77,122.0,80284368,0
CUST_00035_C1,CUST_00035,IT/소프트웨어,5-49인,Basic,Priority,12,10,0,6817609,0.0423,-0.81,0.7466,0.0472,0.2447,123,0.0,20.71,62.0,85901873,0
CUST_00036_C1,CUST_00036,제조업,5-49인,Basic,Standard,12,10,0,6159723,0.0134,15.24,0.6184,-0.0528,0.2939,199,0.2059,60.81,120.0,73916676,1
CUST_00037_C1,CUST_00037,IT/소프트웨어,5-49인,Basic,Standard,12,10,0,2049565,0.0493,10.42,0.7128,-0.0246,0.2221,137,0.1905,77.63,,24594780,0
CUST_00037_C2,CUST_00037,IT/소프트웨어,5-49인,Basic,Standard,12,22,1,1956001,0.0662,8.62,0.6331,0.0636,0.2377,121,0.0588,55.52,123.0,23472012,0
CUST_00038_C1,CUST_00038,IT/소프트웨어,5-49인,Basic,Standard,12,10,0,660570,-0.0042,8.09,0.6643,-0.038,0.3052,140,0.0,55.14,123.0,7926840,1
CUST_00039_C1,CUST_00039,금융/보험,5-49인,Basic,Standard,24,22,0,1618334,0.0302,5.81,0.746,-0.0912,0.1451,75,0.1429,102.27,121.0,19420008,0
CUST_00039_C2,CUST_00039,금융/보험,5-49인,Basic,Standard,36,58,1,1844202,0.0353,12.03,0.8531,-0.0579,0.1804,67,0.0769,72.03,121.0,22130424,0
CUST_00039_C3,CUST_00039,금융/보험,5-49인,Basic,Priority,36,94,2,1736949,-0.0054,15.55,0.6878,-0.0263,0.2562,119,0.3,30.97,60.0,21885557,0
CUST_00040_C1,CUST_00040,제조업,5-49인,Basic,Standard,12,10,0,2239875,0.0489,7.0,0.6176,0.0764,0.2931,173,0.4091,61.5,122.0,26878500,1
CUST_00041_C1,CUST_00041,유통/커머스,5-49인,Basic,Standard,36,34,0,699620,0.0128,23.49,0.644,-0.1156,0.2356,179,0.25,51.51,122.0,8395440,0
CUST_00041_C2,CUST_00041,유통/커머스,5-49인,Basic,Standard,24,58,1,752370,0.0148,12.91,0.6611,0.0985,0.2729,115,0.2,42.79,122.0,9028440,0
CUST_00041_C3,CUST_00041,유통/커머스,5-49인,Basic,Standard,12,70,2,1624433,-0.0011,6.18,0.7004,-0.0283,0.2918,124,0.2,58.65,122.0,19493196,0
CUST_00042_C1,CUST_00042,유통/커머스,5-49인,Basic,Standard,36,34,0,9659544,-0.0467,2.18,0.8412,0.0673,0.1058,77,0.1111,50.99,122.0,115914528,0
CUST_00042_C2,CUST_00042,유통/커머스,5-49인,Premium,Enterprise,36,70,1,13453482,0.0306,9.33,0.7922,0.094,0.1561,14,0.0,7.18,31.0,232072564,0
CUST_00043_C1,CUST_00043,의료/헬스케어,5-49인,Standard,Priority,12,10,0,1589729,0.0005,1.7,0.7154,-0.0663,0.1845,69,0.1579,22.03,59.0,22033644,0
CUST_00043_C2,CUST_00043,의료/헬스케어,5-49인,Standard,Standard,36,46,1,1432758,0.08,12.94,0.7016,0.0582,0.1778,52,0.1765,51.99,120.0,18912406,0
CUST_00044_C1,CUST_00044,유통/커머스,50-299인,Standard,Standard,12,10,0,13749667,-0.0075,4.43,0.6768,-0.1086,0.2277,84,0.1364,47.04,,181495604,1
CUST_00045_C1,CUST_00045,기타서비스업,5-49인,Basic,Priority,12,10,0,4414720,0.0507,8.37,0.7371,0.0036,0.2097,129,0.0667,27.05,,55625472,0
CUST_00046_C1,CUST_00046,유통/커머스,5-49인,Basic,Standard,12,10,0,1025913,-0.0224,-1.24,0.7106,0.1401,0.2541,117,0.1538,57.64,,12310956,0
CUST_00046_C2,CUST_00046,유통/커머스,5-49인,Basic,Standard,24,34,1,1185738,-0.0287,3.87,0.7369,0.1495,0.2509,113,0.1538,92.22,121.0,14228856,0
CUST_00047_C1,CUST_00047,제조업,5-49인,Basic,Standard,12,10,0,2168105,-0.0079,1.51,0.679,-0.009,0.2481,132,0.1333,59.51,120.0,26017260,1
CUST_00048_C1,CUST_00048,IT/소프트웨어,5-49인,Standard,Enterprise,24,22,0,2324856,0.0008,-6.37,0.8375,-0.0914,0.1164,45,0.0,6.14,31.0,35291314,0
CUST_00049_C1,CUST_00049,금융/보험,50-299인,Standard,Enterprise,24,22,0,9170619,0.0001,8.72,0.7296,0.1666,0.173,45,0.0,6.35,31.0,139209996,0
CUST_00049_C2,CUST_00049,금융/보험,50-299인,Standard,Enterprise,36,58,1,8467484,0.0829,8.74,0.7917,-0.1095,0.16,60,0.0588,7.53,31.0,128536407,0
CUST_00049_C3,CUST_00049,금융/보험,50-299인,Standard,Standard,24,82,2,7716959,0.0153,8.96,0.7212,0.0794,0.2703,57,0.2353,51.93,120.0,101863859,0
CUST_00050_C1,CUST_00050,유통/커머스,5-49인,Basic,Priority,24,22,0,2247162,-0.0125,14.21,0.6582,-0.0585,0.223,137,0.2353,21.61,61.0,28314241,0
CUST_00050_C2,CUST_00050,유통/커머스,5-49인,Basic,Priority,12,34,1,2285991,0.0127,1.51,0.7536,-0.0287,0.1436,108,0.1333,17.02,61.0,28803487,0
CUST_00051_C1,CUST_00051,물류/운송,5-49인,Basic,Standard,12,10,0,2133506,0.0455,6.82,0.6795,-0.1519,0.2201,139,0.3571,57.17,123.0,25602072,0
CUST_00052_C1,CUST_00052,교육,5-49인,Basic,Priority,24,22,0,3208695,-0.0594,-2.01,0.7888,0.1715,0.1839,91,0.0,20.79,184.0,40429557,0
CUST_00053_C1,CUST_00053,의료/헬스케어,5-49인,Standard,Standard,24,22,0,2284299,-0.0264,15.48,0.6923,-0.0907,0.2113,61,0.0588,57.59,121.0,30152747,0
CUST_00054_C1,CUST_00054,물류/운송,5-49인,Basic,Priority,24,22,0,3425683,-0.0301,14.05,0.7378,0.0843,0.3173,195,0.0714,17.76,184.0,43163606,0
CUST_00055_C1,CUST_00055,제조업,300인이상,Standard,Enterprise,24,22,0,46157596,-0.0024,12.91,0.7152,-0.0351,0.2106,70,0.0,4.95,30.0,700672307,0
CUST_00055_C2,CUST_00055,제조업,300인이상,Standard,Priority,12,34,1,33649908,-0.0201,1.57,0.7128,0.015,0.1859,58,0.0,20.0,61.0,466387725,0
CUST_00055_C3,CUST_00055,제조업,300인이상,Standard,Enterprise,24,58,2,43710846,-0.0105,24.39,0.6298,-0.0318,0.3157,79,0.04,6.79,30.0,663530642,0
CUST_00056_C1,CUST_00056,의료/헬스케어,5-49인,Basic,Priority,12,10,0,3126349,0.0064,6.16,0.6724,-0.048,0.3315,218,0.1579,25.96,59.0,39391997,0
CUST_00057_C1,CUST_00057,유통/커머스,5-49인,Basic,Standard,12,10,0,2443945,0.0001,9.42,0.7041,0.0144,0.2624,172,0.1429,60.07,122.0,29327340,1
CUST_00058_C1,CUST_00058,의료/헬스케어,5-49인,Basic,Standard,12,10,0,1367465,-0.0234,-5.41,0.8706,-0.0571,0.1359,98,0.0,68.72,122.0,16409580,0
CUST_00059_C1,CUST_00059,물류/운송,5-49인,Basic,Priority,12,10,0,3462740,0.0561,9.0,0.763,0.0382,0.183,108,0.0714,25.25,61.0,43630524,0
CUST_00059_C2,CUST_00059,물류/운송,5-49인,Basic,Standard,12,22,1,3585539,0.043,8.23,0.7182,-0.0295,0.1617,122,0.1667,59.4,122.0,43026468,0
CUST_00059_C3,CUST_00059,물류/운송,5-49인,Basic,Standard,36,58,2,4315769,-0.062,12.7,0.7276,-0.0607,0.1905,117,0.3125,53.73,122.0,51789228,0
CUST_00060_C1,CUST_00060,제조업,5-49인,Premium,Enterprise,36,34,0,8478503,-0.0037,10.92,0.7254,-0.0569,0.1563,25,0.0,5.61,31.0,146254177,0
CUST_00060_C2,CUST_00060,제조업,5-49인,Premium,Enterprise,24,58,1,8201735,0.0308,5.74,0.7931,0.0023,0.2204,32,0.0714,8.15,31.0,141479929,0
CUST_00061_C1,CUST_00061,제조업,5-49인,Basic,Standard,12,10,0,1399264,0.0416,7.84,0.7342,-0.0534,0.1539,107,0.4167,42.67,123.0,16791168,1
CUST_00062_C1,CUST_00062,제조업,5-49인,Basic,Standard,12,10,0,1977564,0.0537,5.46,0.7487,-0.0759,0.2583,138,0.1538,52.33,122.0,23730768,0
CUST_00063_C1,CUST_00063,IT/소프트웨어,5-49인,Standard,Enterprise,12,10,0,2446468,0.0099,8.11,0.69,-0.0475,0.2233,84,0.0,5.94,122.0,37137384,0
CUST_00064_C1,CUST_00064,유통/커머스,5-49인,Standard,Priority,24,22,0,2607582,0.0509,23.33,0.698,0.0947,0.3253,68,0.1364,17.63,61.0,36141087,0
CUST_00064_C2,CUST_00064,유통/커머스,5-49인,Standard,Enterprise,12,34,1,1855418,0.0286,3.31,0.7364,-0.0491,0.2639,70,0.05,6.24,31.0,28165245,0
CUST_00065_C1,CUST_00065,IT/소프트웨어,5-49인,Basic,Priority,12,10,0,2857673,0.0424,13.11,0.6549,0.0168,0.2472,136,0.1176,27.49,59.0,36006680,1
CUST_00066_C1,CUST_00066,금융/보험,5-49인,Standard,Standard,12,10,0,4298231,0.0457,13.33,0.657,-0.0904,0.248,87,0.0,64.55,,56736649,1
CUST_00067_C1,CUST_00067,금융/보험,5-49인,Standard,Priority,24,22,0,1520400,0.0027,-1.3,0.7086,0.0551,0.1757,70,0.1667,18.82,305.0,21072744,0
CUST_00068_C1,CUST_00068,유통/커머스,300인이상,Standard,Standard,12,10,0,28433025,0.0543,5.47,0.7753,-0.0152,0.1678,58,0.0833,50.15,122.0,375315930,0
CUST_00069_C1,CUST_00069,교육,5-49인,Standard,Priority,36,34,0,4993160,-0.0067,12.01,0.6408,0.1267,0.2146,68,0.2,22.84,61.0,69205198,0
CUST_00069_C2,CUST_00069,교육,5-49인,Standard,Enterprise,12,46,1,5512031,0.0285,4.5,0.6686,0.0544,0.2827,98,0.0,7.03,31.0,83672631,0
CUST_00070_C1,CUST_00070,금융/보험,5-49인,Basic,Standard,12,10,0,976817,0.0472,6.67,0.7672,-0.1179,0.2315,136,0.25,52.79,120.0,11721804,0
CUST_00070_C2,CUST_00070,금융/보험,5-49인,Basic,Standard,12,22,1,1040618,0.0866,12.15,0.6706,0.0662,0.2515,143,0.1905,52.9,305.0,12487416,0
CUST_00070_C3,CUST_00070,금융/보험,5-49인,Basic,Priority,24,46,2,1152833,0.0924,17.85,0.6848,0.0128,0.2334,159,0.2143,16.51,61.0,14525696,0
CUST_00071_C1,CUST_00071,물류/운송,5-49인,Basic,Standard,12,10,0,4846732,0.0246,1.63,0.7802,0.1165,0.2286,103,0.0,59.02,123.0,58160784,0
CUST_00071_C2,CUST_00071,물류/운송,5-49인,Basic,Standard,12,22,1,5364640,0.0757,2.41,0.7451,-0.0173,0.2546,92,0.0,69.26,123.0,64375680,0
CUST_00071_C3,CUST_00071,물류/운송,5-49인,Basic,Standard,12,34,2,4819324,0.0219,9.02,0.6837,-0.0706,0.1454,125,0.2,46.51,305.0,57831888,1
CUST_00072_C1,CUST_00072,금융/보험,5-49인,Premium,Enterprise,12,10,0,17716405,0.0173,9.23,0.7276,0.0529,0.1906,23,0.0,6.79,120.0,305607986,0
CUST_00072_C2,CUST_00072,금융/보험,5-49인,Premium,Standard,12,22,1,21877539,0.0151,6.35,0.7279,0.0568,0.2183,32,0.0556,53.62,120.0,328163085,0
CUST_00072_C3,CUST_00072,금융/보험,5-49인,Premium,Priority,36,58,2,27321009,0.0771,22.38,0.6675,0.0187,0.2161,35,0.0714,22.7,182.0,430305892,0
CUST_00073_C1,CUST_00073,금융/보험,5-49인,Basic,Standard,12,10,0,5978081,0.0515,10.71,0.7096,-0.1121,0.2534,146,0.15,55.82,122.0,71736972,1
CUST_00074_C1,CUST_00074,유통/커머스,5-49인,Basic,Standard,24,22,0,3947243,0.0673,11.41,0.6453,-0.0444,0.2843,180,0.0769,49.75,122.0,47366916,0
CUST_00074_C2,CUST_00074,유통/커머스,5-49인,Basic,Standard,12,34,1,4284588,0.0193,-0.14,0.7512,-0.0761,0.253,155,0.3636,70.26,122.0,51415056,0
CUST_00075_C1,CUST_00075,물류/운송,5-49인,Basic,Standard,24,22,0,853671,0.0422,18.48,0.6106,0.1309,0.2146,163,0.2727,70.78,123.0,10244052,1
CUST_00076_C1,CUST_00076,IT/소프트웨어,5-49인,Basic,Standard,24,22,0,2627808,0.0434,21.59,0.6636,-0.0339,0.309,191,0.0,60.03,122.0,31533696,1
CUST_00077_C1,CUST_00077,제조업,50-299인,Premium,Enterprise,24,22,0,27577875,0.0508,5.37,0.7506,0.0373,0.2254,26,0.0,5.81,30.0,475718344,0
CUST_00078_C1,CUST_00078,IT/소프트웨어,5-49인,Basic,Standard,12,10,0,3349814,0.0784,7.97,0.7481,-0.0606,0.2725,129,0.1,50.92,122.0,40197768,1
CUST_00079_C1,CUST_00079,제조업,5-49인,Premium,Enterprise,12,10,0,7449659,-0.0072,-3.19,0.7744,-0.0069,0.1965,26,0.1,6.71,31.0,128506618,0
CUST_00080_C1,CUST_00080,유통/커머스,5-49인,Standard,Enterprise,12,10,0,3512717,0.0138,14.13,0.6397,0.1035,0.2518,94,0.0714,6.77,31.0,53323044,1
CUST_00081_C1,CUST_00081,물류/운송,5-49인,Basic,Standard,24,22,0,1659276,-0.0054,10.92,0.6467,0.0809,0.2448,110,0.0667,43.43,123.0,19911312,0
CUST_00082_C1,CUST_00082,금융/보험,5-49인,Standard,Priority,24,22,0,1556724,0.0539,23.22,0.6022,-0.1051,0.2711,85,0.2,20.01,62.0,21576195,0
CUST_00082_C2,CUST_00082,금융/보험,5-49인,Standard,Standard,12,34,1,1404674,0.0024,3.68,0.6179,0.0597,0.2094,79,0.1429,57.4,123.0,18541697,0
CUST_00083_C1,CUST_00083,IT/소프트웨어,5-49인,Basic,Priority,12,10,0,1930493,0.1039,15.27,0.6944,0.0442,0.1894,125,0.0556,26.25,62.0,24324212,1
CUST_00084_C1,CUST_00084,의료/헬스케어,50-299인,Standard,Priority,24,22,0,37067460,0.0043,8.12,0.651,-0.0556,0.1872,64,0.0,18.51,62.0,513754996,0
CUST_00084_C2,CUST_00084,의료/헬스케어,50-299인,Standard,Priority,12,34,1,42267933,0.0088,5.03,0.7757,-0.0335,0.1817,52,0.1111,24.84,62.0,585833551,1
CUST_00085_C1,CUST_00085,IT/소프트웨어,5-49인,Basic,Standard,24,22,0,8155261,0.0217,14.85,0.7706,-0.044,0.2233,134,0.2,67.02,304.0,97863132,0
CUST_00085_C2,CUST_00085,IT/소프트웨어,5-49인,Basic,Priority,24,46,1,8588935,0.0862,3.14,0.7601,-0.0295,0.2072,91,0.0,32.44,182.0,108220581,0
CUST_00086_C1,CUST_00086,금융/보험,5-49인,Basic,Standard,12,10,0,1017420,-0.0339,-3.96,0.8794,-0.004,0.1756,80,0.1176,69.06,120.0,12209040,1
CUST_00087_C1,CUST_00087,교육,5-49인,Standard,Priority,24,22,0,4954538,0.1251,7.67,0.7099,-0.013,0.2363,56,0.1333,21.28,61.0,68669897,0
CUST_00087_C2,CUST_00087,교육,5-49인,Standard,Priority,36,58,1,4791451,0.0412,11.3,0.7865,-0.0623,0.2023,85,0.0,25.11,61.0,66409511,0
CUST_00088_C1,CUST_00088,금융/보험,5-49인,Basic,Standard,12,10,0,6778871,-0.0081,0.34,0.7068,0.1398,0.2175,102,0.3846,35.38,122.0,81346452,0
CUST_00089_C1,CUST_00089,제조업,5-49인,Standard,Priority,12,10,0,3077714,0.0238,8.15,0.6893,0.0458,0.1965,57,0.05,22.51,182.0,42657116,0
CUST_00089_C2,CUST_00089,제조업,5-49인,Standard,Standard,12,22,1,2983227,-0.0234,-1.9,0.6379,-0.0696,0.2564,87,0.3,55.16,120.0,39378596,1
CUST_00090_C1,CUST_00090,제조업,5-49인,Basic,Standard,12,10,0,1055173,0.0886,0.9,0.8129,0.0863,0.1935,82,0.1818,57.79,121.0,12662076,0
CUST_00091_C1,CUST_00091,물류/운송,50-299인,Standard,Priority,36,34,0,32869875,-0.0314,7.55,0.6559,0.0465,0.2226,73,0.0769,20.31,62.0,455576468,0
CUST_00092_C1,CUST_00092,교육,300인이상,Standard,Priority,36,34,0,151926252,0.0564,16.78,0.7433,-0.0471,0.1567,34,0.0667,22.21,183.0,2105697853,0
CUST_00092_C2,CUST_00092,교육,300인이상,Standard,Priority,36,70,1,180901638,0.0175,20.26,0.6533,0.0302,0.2312,66,0.0,22.31,61.0,2507296703,0
CUST_00093_C1,CUST_00093,IT/소프트웨어,5-49인,Basic,Priority,12,10,0,5661406,-0.0194,-1.23,0.8246,0.0771,0.1926,114,0.1,21.88,61.0,71333716,0
CUST_00094_C1,CUST_00094,제조업,5-49인,Basic,Standard,36,34,0,3185298,0.0302,22.94,0.7314,0.0641,0.2749,129,0.0,62.05,304.0,38223576,1
CUST_00095_C1,CUST_00095,의료/헬스케어,5-49인,Basic,Standard,12,10,0,4896698,0.043,3.9,0.6835,0.0437,0.1831,130,0.2105,63.5,123.0,58760376,0
CUST_00095_C2,CUST_00095,의료/헬스케어,5-49인,Basic,Standard,12,22,1,6279422,-0.0088,1.81,0.8044,0.0494,0.1989,115,0.2222,45.61,123.0,75353064,0
CUST_00096_C1,CUST_00096,의료/헬스케어,5-49인,Standard,Standard,24,22,0,6763916,-0.0039,-4.45,0.7556,-0.0891,0.1728,55,0.1667,68.0,121.0,89283691,0
CUST_00097_C1,CUST_00097,물류/운송,300인이상,Premium,Enterprise,12,10,0,63384951,-0.0444,1.63,0.7118,-0.0534,0.2671,30,0.0588,6.94,31.0,1093390405,0
CUST_00098_C1,CUST_00098,제조업,5-49인,Basic,Priority,36,34,0,5039055,0.0576,23.58,0.6335,0.0373,0.2573,171,0.0625,21.13,184.0,63492093,0
CUST_00099_C1,CUST_00099,유통/커머스,5-49인,Basic,Standard,12,10,0,2354657,0.0306,8.33,0.6443,0.1055,0.2475,141,0.1905,46.88,120.0,28255884,1
CUST_00100_C1,CUST_00100,의료/헬스케어,5-49인,Basic,Priority,24,22,0,3486387,0.0329,1.58,0.7903,0.1519,0.1391,100,0.1,23.27,182.0,43928476,0
CUST_00100_C2,CUST_00100,의료/헬스케어,5-49인,Basic,Standard,24,46,1,3133849,0.0345,1.23,0.862,-0.0069,0.1195,88,0.1765,61.42,305.0,37606188,0
CUST_00101_C1,CUST_00101,물류/운송,5-49인,Standard,Priority,12,10,0,2651202,0.1058,5.46,0.7001,-0.0211,0.2443,64,0.0526,26.22,61.0,36745660,0
CUST_00102_C1,CUST_00102,유통/커머스,5-49인,Standard,Priority,24,22,0,3294690,-0.0624,11.87,0.6565,0.1431,0.2511,66,0.1364,20.56,61.0,45664403,0
CUST_00103_C1,CUST_00103,유통/커머스,5-49인,Basic,Standard,12,10,0,3562541,0.0386,4.66,0.7098,-0.0777,0.2508,126,0.1,50.23,123.0,42750492,0
CUST_00103_C2,CUST_00103,유통/커머스,5-49인,Basic,Priority,12,22,1,4093020,-0.0149,1.66,0.7365,0.2239,0.225,94,0.0769,20.97,62.0,51572052,0
CUST_00103_C3,CUST_00103,유통/커머스,5-49인,Basic,Standard,24,46,2,5350789,0.0338,14.73,0.69,0.0783,0.2088,131,0.1765,54.73,123.0,64209468,0
CUST_00104_C1,CUST_00104,유통/커머스,50-299인,Standard,Priority,36,34,0,15740149,0.0326,11.41,0.6652,0.0921,0.2634,111,0.1579,19.96,61.0,218158465,1
CUST_00105_C1,CUST_00105,교육,5-49인,Basic,Standard,12,10,0,3080708,0.0234,3.24,0.8046,0.03,0.2411,112,0.0769,51.86,123.0,36968496,0
CUST_00105_C2,CUST_00105,교육,5-49인,Basic,Standard,12,22,1,3711034,-0.0056,5.23,0.7544,-0.0231,0.1822,116,0.125,52.19,489.0,44532408,0
CUST_00106_C1,CUST_00106,IT/소프트웨어,5-49인,Basic,Standard,24,22,0,1296339,-0.0035,-6.1,0.8268,0.0035,0.1207,68,0.1429,45.65,121.0,15556068,0
CUST_00106_C2,CUST_00106,IT/소프트웨어,5-49인,Basic,Priority,12,34,1,1178721,-0.0279,-0.48,0.7153,0.0615,0.1492,67,0.0,20.75,61.0,14851885,0
CUST_00106_C3,CUST_00106,IT/소프트웨어,5-49인,Basic,Standard,24,58,2,1481626,-0.0165,7.32,0.7239,-0.1253,0.1302,85,0.0,85.97,304.0,17779512,0
CUST_00107_C1,CUST_00107,IT/소프트웨어,5-49인,Basic,Standard,12,10,0,2809853,0.0028,1.5,0.6974,0.0425,0.1884,106,0.1333,49.19,121.0,33718236,0
CUST_00108_C1,CUST_00108,IT/소프트웨어,5-49인,Standard,Enterprise,12,10,0,4866391,0.0448,7.31,0.6593,0.0341,0.2079,64,0.0,6.74,31.0,73871815,0
CUST_00109_C1,CUST_00109,유통/커머스,50-299인,Standard,Standard,12,10,0,12701948,0.0497,4.93,0.7793,-0.0728,0.1999,64,0.2353,72.29,123.0,167665714,1
CUST_00110_C1,CUST_00110,금융/보험,5-49인,Standard,Priority,12,10,0,7553355,0.0339,6.95,0.7358,0.0143,0.2165,74,0.2353,23.49,181.0,104689500,1
CUST_00111_C1,CUST_00111,유통/커머스,5-49인,Basic,Priority,12,10,0,4534475,-0.0066,-3.12,0.6126,-0.0743,0.2082,124,0.05,18.63,61.0,57134385,0
CUST_00111_C2,CUST_00111,유통/커머스,5-49인,Basic,Standard,12,22,1,3609075,0.0455,7.49,0.7352,-0.0211,0.2504,137,0.1579,53.87,122.0,43308900,0
CUST_00111_C3,CUST_00111,유통/커머스,5-49인,Basic,Standard,12,34,2,2930826,-0.0389,1.62,0.6875,-0.0015,0.2683,139,0.375,46.47,122.0,35169912,0
CUST_00112_C1,CUST_00112,물류/운송,5-49인,Basic,Standard,12,10,0,2219075,-0.0294,15.35,0.6194,-0.1216,0.2802,200,0.2069,52.37,,26628900,1
CUST_00113_C1,CUST_00113,제조업,5-49인,Premium,Priority,24,22,0,11449716,0.0107,10.77,0.7077,0.0768,0.1839,26,0.125,22.8,61.0,180333027,0
CUST_00113_C2,CUST_00113,제조업,5-49인,Basic,Standard,24,47,1,10018354,-0.0163,1.68,0.7876,0.1576,0.1917,107,0.0769,58.27,122.0,120220248,0
CUST_00114_C1,CUST_00114,금융/보험,5-49인,Basic,Standard,12,10,0,2635522,-0.0033,1.87,0.7848,-0.0291,0.2744,116,0.2143,72.21,120.0,31626264,0
CUST_00114_C2,CUST_00114,금융/보험,5-49인,Basic,Priority,24,34,1,2992899,-0.0248,7.52,0.6724,0.1249,0.1275,99,0.2308,20.22,181.0,37710527,0
CUST_00114_C3,CUST_00114,금융/보험,5-49인,Basic,Priority,12,46,2,2564811,0.0158,4.94,0.7167,0.0311,0.2594,124,0.1071,22.76,59.0,32316619,0
CUST_00115_C1,CUST_00115,제조업,5-49인,Basic,Priority,12,10,0,4057219,-0.0262,11.29,0.6916,0.0971,0.2813,160,0.1579,26.29,184.0,51120959,1
CUST_00116_C1,CUST_00116,교육,50-299인,Premium,Enterprise,24,22,0,14206243,-0.0151,-2.97,0.7961,0.0877,0.2087,17,0.0,5.5,122.0,245057692,0
CUST_00116_C2,CUST_00116,교육,50-299인,Premium,Enterprise,12,34,1,14969124,-0.049,-1.55,0.7366,-0.0746,0.1957,41,0.0667,6.91,122.0,258217389,0
CUST_00117_C1,CUST_00117,금융/보험,5-49인,Basic,Standard,24,22,0,11783924,0.0001,19.57,0.6787,0.0557,0.2627,145,0.3077,45.3,122.0,141407088,0
CUST_00117_C2,CUST_00117,금융/보험,5-49인,Basic,Standard,12,34,1,13011103,-0.0202,4.59,0.7297,-0.0941,0.1973,116,0.1429,42.19,122.0,156133236,0
CUST_00117_C3,CUST_00117,금융/보험,5-49인,Basic,Standard,24,58,2,15911813,-0.0145,10.88,0.6475,-0.1123,0.2155,142,0.1333,63.42,122.0,190941756,0
CUST_00118_C1,CUST_00118,제조업,50-299인,Premium,Priority,24,22,0,21153656,0.053,20.26,0.688,-0.0848,0.2163,22,0.0833,24.76,61.0,333170082,0
CUST_00118_C2,CUST_00118,제조업,50-299인,Premium,Enterprise,12,34,1,23984671,-0.0263,9.23,0.7219,0.0065,0.2761,40,0.0417,7.02,30.0,413735575,0
CUST_00118_C3,CUST_00118,제조업,50-299인,Premium,Enterprise,12,46,2,24755672,0.0362,6.42,0.7545,0.01,0.2088,31,0.0,6.12,30.0,427035342,0
CUST_00119_C1,CUST_00119,제조업,5-49인,Basic,Standard,12,10,0,8158437,0.0341,6.58,0.6834,-0.0608,0.2031,157,0.0769,49.37,122.0,97901244,0
CUST_00119_C2,CUST_00119,제조업,5-49인,Basic,Enterprise,12,22,1,5365833,0.0346,6.03,0.6983,0.1718,0.1837,112,0.0,5.94,30.0,74048495,0
CUST_00120_C1,CUST_00120,금융/보험,5-49인,Basic,Priority,24,22,0,2897325,-0.0541,6.94,0.5986,0.0492,0.3126,155,0.2083,22.87,61.0,36506295,0
CUST_00121_C1,CUST_00121,제조업,5-49인,Basic,Standard,12,10,0,3165477,0.06,0.66,0.746,0.1149,0.2239,91,0.05,61.97,121.0,37985724,0
CUST_00122_C1,CUST_00122,제조업,5-49인,Basic,Enterprise,24,22,0,5931471,0.0343,10.6,0.8203,0.0473,0.2384,116,0.0,6.08,122.0,81854300,0
CUST_00123_C1,CUST_00123,금융/보험,5-49인,Basic,Standard,24,22,0,2037765,0.0095,3.46,0.7002,-0.0311,0.1755,106,0.05,62.87,303.0,24453180,0
CUST_00124_C1,CUST_00124,금융/보험,5-49인,Basic,Priority,24,22,0,1398141,0.025,1.1,0.8196,0.0361,0.1258,85,0.0,19.18,61.0,17616577,0
CUST_00124_C2,CUST_00124,금융/보험,5-49인,Basic,Standard,24,46,1,1719714,0.0174,3.43,0.7772,0.0016,0.1247,89,0.1,47.46,122.0,20636568,0
CUST_00124_C3,CUST_00124,금융/보험,5-49인,Basic,Priority,12,58,2,1784715,0.0146,-3.12,0.7144,-0.0251,0.1797,138,0.1,23.06,184.0,22487409,0
CUST_00125_C1,CUST_00125,유통/커머스,5-49인,Basic,Priority,12,10,0,4128795,-0.0049,-1.74,0.7106,-0.1515,0.228,101,0.1,22.12,61.0,52022817,0
CUST_00126_C1,CUST_00126,기타서비스업,5-49인,Basic,Standard,12,10,0,1431801,0.047,-0.36,0.8014,0.0003,0.1356,96,0.1111,54.93,123.0,17181612,0
CUST_00126_C2,CUST_00126,기타서비스업,5-49인,Basic,Standard,24,34,1,1249984,0.0346,0.01,0.7583,-0.0525,0.1749,93,0.3333,70.31,123.0,14999808,0
CUST_00127_C1,CUST_00127,IT/소프트웨어,5-49인,Standard,Priority,24,22,0,4964897,0.0016,8.65,0.7082,-0.0324,0.1502,52,0.1667,16.22,182.0,68813472,0
CUST_00127_C2,CUST_00127,IT/소프트웨어,5-49인,Standard,Standard,24,46,1,5596741,0.055,12.31,0.721,-0.039,0.1719,65,0.25,48.01,304.0,73876981,0
CUST_00128_C1,CUST_00128,유통/커머스,5-49인,Basic,Standard,12,10,0,3727644,-0.0389,-12.81,0.7621,-0.0413,0.1757,97,0.3333,45.77,122.0,44731728,0
CUST_00128_C2,CUST_00128,유통/커머스,5-49인,Basic,Standard,12,22,1,4907041,0.0119,3.36,0.7456,-0.0075,0.1934,87,0.25,54.61,488.0,58884492,0
CUST_00129_C1,CUST_00129,유통/커머스,5-49인,Premium,Standard,12,10,0,1172174,-0.0041,-5.21,0.8173,0.0137,0.1709,30,0.0,49.71,120.0,17582610,0
CUST_00130_C1,CUST_00130,기타서비스업,50-299인,Premium,Enterprise,12,10,0,12077197,-0.0749,-3.32,0.7369,-0.1241,0.2661,28,0.0,6.03,31.0,208331648,0
CUST_00131_C1,CUST_00131,제조업,5-49인,Basic,Standard,24,22,0,3686651,0.0361,6.98,0.8429,-0.0355,0.2097,118,0.0,54.34,122.0,44239812,1
CUST_00132_C1,CUST_00132,유통/커머스,50-299인,Basic,Standard,12,10,0,8033776,0.0682,15.35,0.6001,0.0946,0.2757,178,0.2,45.56,122.0,96405312,0
CUST_00132_C2,CUST_00132,유통/커머스,50-299인,Basic,Standard,24,34,1,8718349,0.0496,20.89,0.6338,0.0158,0.2732,162,0.125,49.64,121.0,104620188,0
CUST_00133_C1,CUST_00133,금융/보험,5-49인,Basic,Priority,12,10,0,1575936,0.0229,-1.92,0.7517,-0.0015,0.196,103,0.0,20.55,62.0,19856794,0
CUST_00134_C1,CUST_00134,제조업,5-49인,Standard,Standard,12,10,0,5125153,-0.0448,6.34,0.717,0.0737,0.2166,73,0.0,52.8,122.0,67652020,0
CUST_00135_C1,CUST_00135,IT/소프트웨어,5-49인,Basic,Priority,24,22,0,4026285,0.0586,19.2,0.7117,-0.1465,0.1671,97,0.0,26.56,61.0,50731191,0
CUST_00135_C2,CUST_00135,IT/소프트웨어,5-49인,Basic,Standard,12,34,1,3153001,-0.0102,-2.44,0.8188,-0.003,0.169,92,0.05,58.49,121.0,37836012,0
CUST_00135_C3,CUST_00135,IT/소프트웨어,5-49인,Basic,Standard,12,46,2,2455953,0.0518,6.42,0.7967,0.1006,0.1777,109,0.125,64.48,120.0,29471436,0
CUST_00136_C1,CUST_00136,금융/보험,50-299인,Standard,Priority,24,22,0,31588538,0.0077,2.71,0.7322,-0.0036,0.2143,50,0.0909,21.55,61.0,437817137,0
CUST_00137_C1,CUST_00137,의료/헬스케어,5-49인,Basic,Standard,12,10,0,2589213,0.0012,3.8,0.6848,-0.0285,0.25,141,0.15,49.74,122.0,31070556,0
CUST_00137_C2,CUST_00137,의료/헬스케어,5-49인,Basic,Standard,12,23,1,2616156,0.0326,-2.06,0.6526,0.0264,0.2269,122,0.1053,41.64,122.0,31393872,0
CUST_00138_C1,CUST_00138,금융/보험,50-299인,Standard,Priority,36,34,0,16796010,-0.0155,13.16,0.7197,0.1151,0.1907,56,0.0,34.14,61.0,232792699,0
CUST_00139_C1,CUST_00139,유통/커머스,5-49인,Basic,Standard,24,22,0,4349410,-0.0195,2.86,0.7338,0.0208,0.2808,167,0.1765,60.97,122.0,52192920,1
CUST_00140_C1,CUST_00140,제조업,5-49인,Basic,Standard,12,10,0,6060348,0.0489,9.14,0.6366,0.0084,0.2196,186,0.0952,60.26,122.0,72724176,1
CUST_00141_C1,CUST_00141,의료/헬스케어,5-49인,Basic,Standard,12,10,0,2177264,-0.0244,4.57,0.7347,-0.0049,0.2882,121,0.0,54.88,120.0,26127168,0
CUST_00142_C1,CUST_00142,유통/커머스,5-49인,Premium,Standard,36,34,0,3187630,-0.025,10.9,0.7501,0.1385,0.2023,31,0.0,47.0,122.0,47814450,0
CUST_00143_C1,CUST_00143,물류/운송,5-49인,Basic,Standard,12,10,0,4047659,0.0983,7.67,0.6724,-0.127,0.1976,134,0.0625,63.38,,48571908,0
CUST_00144_C1,CUST_00144,IT/소프트웨어,5-49인,Standard,Priority,12,10,0,6086988,-0.0004,7.32,0.6298,-0.028,0.2372,92,0.0,21.77,59.0,84365654,0
CUST_00145_C1,CUST_00145,기타서비스업,5-49인,Basic,Priority,24,22,0,4128865,-0.057,9.29,0.7465,-0.0018,0.2382,140,0.0,21.26,60.0,52023699,0
CUST_00145_C2,CUST_00145,기타서비스업,5-49인,Basic,Standard,12,34,1,4392045,-0.0426,0.92,0.7336,-0.0759,0.2481,131,0.1579,57.98,120.0,52704540,0
CUST_00145_C3,CUST_00145,기타서비스업,5-49인,Basic,Standard,24,58,2,5067076,0.0162,9.94,0.7475,-0.2748,0.1276,93,0.125,47.05,485.0,60804912,0
CUST_00146_C1,CUST_00146,금융/보험,50-299인,Premium,Standard,12,10,0,30464557,-0.0004,1.11,0.8109,0.1261,0.1995,25,0.1,50.87,,456968355,0
CUST_00146_C2,CUST_00146,금융/보험,50-299인,Premium,Enterprise,24,34,1,36609668,0.0614,5.67,0.7586,-0.0549,0.1651,27,0.0,7.12,30.0,631516773,0
CUST_00146_C3,CUST_00146,금융/보험,50-299인,Premium,Enterprise,12,46,2,38557295,0.0194,2.08,0.7414,0.051,0.2004,22,0.0,6.82,30.0,665113339,0
CUST_00147_C1,CUST_00147,물류/운송,5-49인,Basic,Standard,12,10,0,2375210,0.0036,-0.14,0.653,0.0229,0.2915,124,0.12,59.73,122.0,28502520,1
CUST_00148_C1,CUST_00148,제조업,5-49인,Standard,Standard,36,34,0,7897682,-0.0279,22.04,0.6563,0.0342,0.2596,75,0.2778,66.5,122.0,104249402,0
CUST_00148_C2,CUST_00148,제조업,5-49인,Standard,Standard,24,58,1,9507193,-0.0066,12.24,0.6868,0.0175,0.2531,71,0.12,70.16,121.0,125494948,0
CUST_00148_C3,CUST_00148,제조업,5-49인,Standard,Standard,12,70,2,6857548,0.0685,-0.09,0.7048,-0.0766,0.2707,83,0.1667,68.47,121.0,90519634,0
CUST_00149_C1,CUST_00149,제조업,50-299인,Basic,Standard,12,10,0,4297877,-0.0316,-2.64,0.843,0.0225,0.1296,59,0.0,55.38,122.0,51574524,0
CUST_00149_C2,CUST_00149,제조업,50-299인,Basic,Standard,24,34,1,5082290,0.0794,16.77,0.7524,-0.0808,0.191,91,0.2222,55.56,122.0,60987480,0
CUST_00149_C3,CUST_00149,제조업,50-299인,Basic,Standard,24,58,2,4455426,-0.0191,6.49,0.7569,0.0046,0.1472,110,0.1053,60.07,122.0,53465112,0
CUST_00150_C1,CUST_00150,유통/커머스,5-49인,Premium,Priority,12,10,0,4200693,-0.0298,-2.95,0.652,-0.0828,0.2348,38,0.0,19.97,60.0,66160915,0
CUST_00150_C2,CUST_00150,유통/커머스,5-49인,Premium,Priority,12,22,1,4957580,0.0306,11.07,0.7091,-0.0485,0.2033,25,0.0,28.7,59.0,78081885,0
CUST_00150_C3,CUST_00150,유통/커머스,5-49인,Premium,Enterprise,24,46,2,3432208,0.0029,7.22,0.7716,0.063,0.1998,21,0.0,7.69,28.0,59205588,0
CUST_00151_C1,CUST_00151,교육,5-49인,Basic,Standard,24,22,0,3854844,-0.0505,2.42,0.6806,0.0594,0.2507,117,0.2143,34.88,122.0,46258128,0
CUST_00151_C2,CUST_00151,교육,5-49인,Basic,Standard,12,34,1,4637608,-0.0043,9.56,0.7137,0.0578,0.2773,147,0.1875,43.32,121.0,55651296,0
CUST_00152_C1,CUST_00152,물류/운송,5-49인,Standard,Standard,24,22,0,4118855,-0.0246,-0.61,0.8023,0.0637,0.1787,34,0.0,135.4,123.0,54368886,0
CUST_00153_C1,CUST_00153,제조업,50-299인,Standard,Enterprise,36,34,0,20827164,0.004,7.21,0.8603,0.0217,0.1489,44,0.0,7.56,30.0,316156350,0
CUST_00154_C1,CUST_00154,제조업,5-49인,Standard,Standard,12,10,0,1078610,-0.0745,-12.2,0.7896,0.1387,0.1423,36,0.0,40.62,122.0,14237652,0
CUST_00155_C1,CUST_00155,IT/소프트웨어,50-299인,Premium,Priority,12,10,0,15314854,0.0538,12.36,0.6371,0.0666,0.2189,35,0.15,22.66,61.0,241208950,0
CUST_00155_C2,CUST_00155,IT/소프트웨어,50-299인,Premium,Priority,24,34,1,18408206,0.0606,12.52,0.7459,-0.1997,0.2097,30,0.25,27.04,61.0,289929244,1
CUST_00156_C1,CUST_00156,IT/소프트웨어,5-49인,Basic,Standard,12,10,0,4272377,-0.0164,-3.24,0.784,-0.0279,0.1644,87,0.0909,86.04,122.0,51268524,0
CUST_00156_C2,CUST_00156,IT/소프트웨어,5-49인,Basic,Standard,12,23,1,5046327,-0.0132,-1.78,0.7511,0.0356,0.2264,86,0.1429,51.23,122.0,60555924,0
CUST_00156_C3,CUST_00156,IT/소프트웨어,5-49인,Basic,Standard,12,35,2,4449814,-0.044,-7.25,0.783,0.0614,0.1917,102,0.1,73.87,122.0,53397768,0
CUST_00157_C1,CUST_00157,제조업,5-49인,Basic,Standard,12,10,0,2707444,0.0259,-3.27,0.7447,-0.0463,0.1931,111,0.0625,63.92,123.0,32489328,0
CUST_00158_C1,CUST_00158,IT/소프트웨어,5-49인,Basic,Standard,24,22,0,3349797,-0.0494,7.23,0.6596,0.0191,0.2134,133,0.0952,55.7,123.0,40197564,0
CUST_00159_C1,CUST_00159,물류/운송,5-49인,Standard,Priority,12,10,0,2135390,-0.028,2.86,0.6456,-0.0514,0.2257,73,0.0588,27.43,61.0,29596505,0
CUST_00160_C1,CUST_00160,유통/커머스,50-299인,Basic,Standard,12,10,0,8131319,0.0188,-4.44,0.7084,0.0287,0.2093,125,0.2,63.26,121.0,97575828,0
CUST_00161_C1,CUST_00161,금융/보험,5-49인,Basic,Standard,36,34,0,7275738,0.0971,9.79,0.7756,0.0163,0.1086,91,0.0,54.57,123.0,87308856,0
CUST_00161_C2,CUST_00161,금융/보험,5-49인,Basic,Standard,12,46,1,7449217,0.0388,0.04,0.7287,0.0262,0.2208,118,0.0625,53.2,123.0,89390604,0
CUST_00161_C3,CUST_00161,금융/보험,5-49인,Basic,Priority,12,58,2,8496040,-0.035,4.33,0.7843,-0.0023,0.2046,109,0.1667,19.54,61.0,107050104,0
CUST_00162_C1,CUST_00162,제조업,5-49인,Standard,Priority,24,22,0,1843028,-0.0183,5.83,0.7229,0.0417,0.256,84,0.0455,25.36,60.0,25544368,0
CUST_00163_C1,CUST_00163,제조업,5-49인,Basic,Standard,12,10,0,2684474,0.037,5.26,0.7386,-0.15,0.2408,114,0.1667,54.8,122.0,32213688,1
CUST_00164_C1,CUST_00164,의료/헬스케어,5-49인,Basic,Standard,12,10,0,1738788,0.0033,4.79,0.6531,-0.0979,0.2703,153,0.2609,66.42,,20865456,1
CUST_00165_C1,CUST_00165,금융/보험,5-49인,Basic,Standard,12,10,0,3963723,-0.0185,-6.67,0.7109,0.0068,0.2328,107,0.0556,49.91,,47564676,0
CUST_00166_C1,CUST_00166,유통/커머스,5-49인,Basic,Priority,24,22,0,2140683,0.0063,2.56,0.8166,-0.0182,0.163,100,0.0,19.42,183.0,26972606,0
CUST_00167_C1,CUST_00167,금융/보험,5-49인,Basic,Standard,24,22,0,2541152,0.0491,11.14,0.7214,0.1007,0.2066,108,0.25,45.82,,30493824,1
CUST_00168_C1,CUST_00168,제조업,5-49인,Basic,Standard,12,10,0,3035622,-0.0478,3.85,0.5674,0.0904,0.267,151,0.3333,60.86,,36427464,0
CUST_00168_C2,CUST_00168,제조업,5-49인,Basic,Standard,12,22,1,3165837,-0.0009,5.55,0.7718,-0.053,0.2761,159,0.3182,63.82,,37990044,0
CUST_00168_C3,CUST_00168,제조업,5-49인,Basic,Standard,12,34,2,3214102,0.0912,11.55,0.7008,0.1093,0.2853,122,0.2727,54.18,120.0,38569224,0
CUST_00169_C1,CUST_00169,IT/소프트웨어,5-49인,Basic,Standard,24,22,0,6888214,0.0265,13.16,0.5956,-0.0887,0.1867,152,0.1333,53.55,120.0,82658568,0
CUST_00170_C1,CUST_00170,물류/운송,5-49인,Basic,Standard,12,10,0,1591016,-0.0185,-5.54,0.7972,0.0001,0.1916,83,0.125,60.0,122.0,19092192,0
CUST_00170_C2,CUST_00170,물류/운송,5-49인,Basic,Standard,24,34,1,2105773,-0.0634,9.32,0.7749,-0.0095,0.1793,86,0.2727,60.4,122.0,25269276,0
CUST_00171_C1,CUST_00171,기타서비스업,5-49인,Basic,Standard,12,10,0,4299464,0.0745,-5.82,0.7455,0.0038,0.1499,85,0.0,54.21,,51593568,0
CUST_00171_C2,CUST_00171,기타서비스업,5-49인,Basic,Standard,12,22,1,5057288,0.0074,4.14,0.7791,-0.0147,0.1839,88,0.0909,52.95,122.0,60687456,0
CUST_00171_C3,CUST_00171,기타서비스업,5-49인,Basic,Standard,12,34,2,4948757,0.0461,-1.62,0.7504,-0.1272,0.177,106,0.1875,66.12,122.0,59385084,1
CUST_00172_C1,CUST_00172,제조업,5-49인,Basic,Standard,36,34,0,1474326,0.0288,16.52,0.7089,0.0846,0.2028,117,0.3333,37.96,121.0,17691912,0
CUST_00173_C1,CUST_00173,유통/커머스,50-299인,Standard,Priority,24,22,0,12686129,-0.0244,1.22,0.8122,-0.0362,0.1496,49,0.0625,20.0,62.0,175829748,0
CUST_00174_C1,CUST_00174,IT/소프트웨어,5-49인,Basic,Standard,36,34,0,1375011,-0.1108,-6.37,0.7069,0.0021,0.2266,87,0.0769,40.82,122.0,16500132,0
CUST_00174_C2,CUST_00174,IT/소프트웨어,5-49인,Basic,Standard,36,70,1,1296507,-0.053,1.27,0.7627,-0.102,0.1771,112,0.1176,61.76,304.0,15558084,0
CUST_00174_C3,CUST_00174,IT/소프트웨어,5-49인,Basic,Standard,12,82,2,1210676,0.0053,1.35,0.6651,0.0833,0.2315,119,0.1579,64.73,122.0,14528112,0
CUST_00175_C1,CUST_00175,IT/소프트웨어,5-49인,Basic,Standard,12,10,0,5224960,-0.0586,2.05,0.7332,-0.0464,0.2223,117,0.0,50.19,120.0,62699520,0
CUST_00175_C2,CUST_00175,IT/소프트웨어,5-49인,Basic,Priority,24,34,1,4814135,0.0828,22.07,0.674,-0.0723,0.2176,130,0.1875,23.01,61.0,60658101,0
CUST_00176_C1,CUST_00176,IT/소프트웨어,5-49인,Basic,Standard,36,34,0,2117261,0.0702,19.5,0.7641,0.1319,0.2325,117,0.1818,61.33,122.0,25407132,0
CUST_00177_C1,CUST_00177,IT/소프트웨어,5-49인,Basic,Standard,12,10,0,2922104,0.0663,9.81,0.6723,0.0879,0.2336,135,0.0588,49.28,120.0,35065248,1
CUST_00178_C1,CUST_00178,제조업,5-49인,Basic,Standard,12,10,0,2567689,0.0802,3.91,0.8354,0.0587,0.1493,87,0.25,77.02,123.0,30812268,0
CUST_00178_C2,CUST_00178,제조업,5-49인,Basic,Standard,12,22,1,2501777,0.0595,4.99,0.7452,0.1338,0.1713,98,0.0,54.88,307.0,30021324,0
CUST_00179_C1,CUST_00179,물류/운송,5-49인,Basic,Standard,12,10,0,1020277,0.0076,5.66,0.7317,0.0946,0.2154,126,0.0,66.56,,12243324,1
CUST_00180_C1,CUST_00180,제조업,5-49인,Basic,Standard,12,10,0,1488648,-0.0163,0.23,0.8211,0.0491,0.1888,107,0.2222,47.79,123.0,17863776,0
CUST_00181_C1,CUST_00181,IT/소프트웨어,5-49인,Basic,Standard,12,10,0,4661979,0.0628,12.57,0.5886,0.0888,0.2653,205,0.3704,81.4,,55943748,1
CUST_00182_C1,CUST_00182,IT/소프트웨어,300인이상,Standard,Standard,36,34,0,86432558,-0.0132,24.8,0.5991,-0.1464,0.2382,95,0.0,69.91,120.0,1140909766,0
CUST_00182_C2,CUST_00182,IT/소프트웨어,300인이상,Standard,Standard,24,58,1,93002130,0.0403,8.71,0.7232,0.0216,0.2432,76,0.0526,58.04,120.0,1227628116,0
CUST_00183_C1,CUST_00183,제조업,5-49인,Premium,Priority,24,22,0,4876934,0.0802,21.86,0.6577,-0.0512,0.3024,51,0.129,21.93,60.0,76811710,0
CUST_00183_C2,CUST_00183,제조업,5-49인,Premium,Enterprise,12,34,1,5460656,-0.0469,7.66,0.6581,-0.0508,0.2133,36,0.1333,6.1,28.0,94196316,0
CUST_00184_C1,CUST_00184,유통/커머스,5-49인,Basic,Standard,12,10,0,2136967,0.0552,5.52,0.7496,-0.0278,0.168,100,0.05,52.98,122.0,25643604,1
CUST_00185_C1,CUST_00185,기타서비스업,5-49인,Standard,Standard,12,10,0,2127079,-0.0504,-1.38,0.6713,-0.0549,0.2579,85,0.0556,52.04,122.0,28077443,0
CUST_00186_C1,CUST_00186,기타서비스업,5-49인,Basic,Enterprise,12,10,0,7816884,-0.0465,4.2,0.7315,0.0591,0.212,122,0.0588,5.91,31.0,107872999,0
CUST_00187_C1,CUST_00187,IT/소프트웨어,5-49인,Basic,Standard,12,10,0,6924642,0.0103,13.14,0.5859,-0.1069,0.2895,172,0.1765,54.76,121.0,83095704,0
CUST_00188_C1,CUST_00188,교육,5-49인,Basic,Standard,12,10,0,5550596,0.0597,4.1,0.7718,-0.0102,0.2228,120,0.0952,51.39,122.0,66607152,0
CUST_00188_C2,CUST_00188,교육,5-49인,Basic,Standard,12,22,1,5849986,-0.0294,-0.05,0.648,0.0388,0.251,144,0.1111,60.11,121.0,70199832,0
CUST_00189_C1,CUST_00189,금융/보험,5-49인,Basic,Standard,24,22,0,7167398,0.0553,9.79,0.7,-0.054,0.2007,118,0.0714,96.68,122.0,86008776,0
CUST_00190_C1,CUST_00190,물류/운송,5-49인,Basic,Standard,12,10,0,5025208,-0.0295,3.23,0.6824,0.0227,0.2773,170,0.3182,59.08,,60302496,1
CUST_00191_C1,CUST_00191,제조업,5-49인,Basic,Standard,24,22,0,4865456,0.0136,13.83,0.7292,0.02,0.2943,143,0.3,59.31,304.0,58385472,1
CUST_00192_C1,CUST_00192,제조업,5-49인,Basic,Standard,12,10,0,3814782,0.0045,1.78,0.8004,-0.0569,0.2232,87,0.0,55.05,122.0,45777384,0
CUST_00193_C1,CUST_00193,물류/운송,5-49인,Standard,Priority,12,10,0,2131035,-0.0257,0.55,0.703,0.1664,0.2262,62,0.0476,19.82,61.0,29536145,0
CUST_00193_C2,CUST_00193,물류/운송,5-49인,Standard,Standard,12,22,1,2164427,-0.0113,-1.93,0.7643,0.1116,0.1529,49,0.1538,77.23,122.0,28570436,0
CUST_00193_C3,CUST_00193,물류/운송,5-49인,Standard,Enterprise,24,46,2,1637155,-0.0639,-0.1,0.7157,-0.0392,0.1513,63,0.0,7.27,30.0,24852013,0
CUST_00194_C1,CUST_00194,교육,50-299인,Premium,Enterprise,36,34,0,15664647,0.023,10.09,0.7517,-0.0719,0.2264,19,0.0,5.92,31.0,270215161,0
CUST_00195_C1,CUST_00195,물류/운송,50-299인,Standard,Standard,12,10,0,18338462,0.0277,9.1,0.6834,0.0705,0.2404,81,0.1579,48.97,121.0,242067698,0
CUST_00195_C2,CUST_00195,물류/운송,50-299인,Standard,Standard,12,22,1,19063510,-0.0012,-1.7,0.6993,-0.0646,0.244,64,0.1333,62.9,120.0,251638332,0
CUST_00196_C1,CUST_00196,유통/커머스,5-49인,Basic,Priority,12,10,0,1321205,-0.005,3.88,0.6023,-0.0051,0.3575,210,0.1579,28.81,181.0,16647183,1
CUST_00197_C1,CUST_00197,물류/운송,5-49인,Basic,Priority,12,10,0,2277656,0.0089,-4.65,0.7456,0.061,0.2012,119,0.0,21.97,59.0,28698466,0
CUST_00197_C2,CUST_00197,물류/운송,5-49인,Basic,Standard,24,34,1,2722004,0.0078,4.36,0.7525,0.0134,0.2537,96,0.1818,81.99,120.0,32664048,0
CUST_00197_C3,CUST_00197,물류/운송,5-49인,Basic,Priority,24,58,2,4902828,0.0241,15.2,0.7018,-0.0205,0.2405,147,0.0,26.63,181.0,61775633,0
CUST_00198_C1,CUST_00198,IT/소프트웨어,5-49인,Basic,Standard,12,10,0,850882,0.1245,3.5,0.7071,-0.1305,0.1706,139,0.375,42.67,121.0,10210584,1
CUST_00199_C1,CUST_00199,유통/커머스,5-49인,Basic,Standard,12,10,0,3555892,-0.0009,-2.02,0.6626,0.0589,0.2479,150,0.1765,72.73,120.0,42670704,0
CUST_00199_C2,CUST_00199,유통/커머스,5-49인,Basic,Priority,12,22,1,4653133,0.053,7.3,0.7182,-0.0462,0.2087,122,0.0769,29.65,182.0,58629476,0
CUST_00199_C3,CUST_00199,유통/커머스,5-49인,Basic,Priority,12,34,2,5226620,0.0134,2.97,0.6769,-0.1558,0.189,134,0.0,23.54,59.0,65855412,0
CUST_00200_C1,CUST_00200,IT/소프트웨어,5-49인,Basic,Standard,12,10,0,1442642,-0.0122,6.76,0.7358,0.0305,0.1791,115,0.0588,44.48,122.0,17311704,0
CUST_00200_C2,CUST_00200,IT/소프트웨어,5-49인,Basic,Standard,12,22,1,1347901,0.023,9.18,0.7585,0.062,0.2176,105,0.2,38.84,122.0,16174812,0
CUST_00201_C1,CUST_00201,물류/운송,5-49인,Basic,Enterprise,24,22,0,5175364,0.0782,16.9,0.7333,-0.0538,0.2235,115,0.0625,7.37,123.0,71420023,1
CUST_00202_C1,CUST_00202,의료/헬스케어,5-49인,Standard,Standard,24,22,0,3301966,-0.0072,-1.04,0.8197,-0.0439,0.2092,58,0.0714,68.91,122.0,43585951,0
CUST_00202_C2,CUST_00202,의료/헬스케어,5-49인,Standard,Standard,24,46,1,4117664,0.0143,3.22,0.6792,-0.0392,0.2154,72,0.2667,54.59,122.0,54353165,0
CUST_00203_C1,CUST_00203,IT/소프트웨어,50-299인,Standard,Priority,12,10,0,9852574,0.0364,-8.45,0.8928,-0.0758,0.1258,41,0.0,22.31,61.0,136556676,0
CUST_00204_C1,CUST_00204,IT/소프트웨어,5-49인,Basic,Standard,12,10,0,2418501,0.032,-3.82,0.7097,-0.0721,0.1217,83,0.1111,56.47,,29022012,0
CUST_00205_C1,CUST_00205,교육,5-49인,Basic,Standard,12,10,0,1549392,0.0089,1.23,0.7402,0.107,0.209,126,0.2143,44.97,122.0,18592704,1
CUST_00206_C1,CUST_00206,유통/커머스,5-49인,Basic,Standard,12,10,0,3733212,0.0112,-3.67,0.7493,-0.0451,0.1957,94,0.0833,51.43,122.0,44798544,0
CUST_00206_C2,CUST_00206,유통/커머스,5-49인,Basic,Enterprise,12,22,1,4225956,-0.0148,2.57,0.7711,0.0343,0.2119,87,0.05,6.36,30.0,58318193,0
CUST_00206_C3,CUST_00206,유통/커머스,5-49인,Basic,Standard,12,34,2,4516733,-0.035,-9.15,0.7407,0.0664,0.2095,84,0.2,27.24,122.0,54200796,0
CUST_00207_C1,CUST_00207,유통/커머스,5-49인,Basic,Standard,24,22,0,8715846,0.0775,10.35,0.7379,0.0042,0.2405,151,0.0,49.38,122.0,104590152,1
CUST_00208_C1,CUST_00208,금융/보험,5-49인,Basic,Standard,24,22,0,1802873,0.031,8.16,0.8003,-0.1029,0.2502,118,0.0833,53.53,122.0,21634476,0
CUST_00208_C2,CUST_00208,금융/보험,5-49인,Basic,Standard,12,34,1,1438167,-0.056,-8.37,0.7515,0.0298,0.1703,94,0.1111,50.77,122.0,17258004,0
CUST_00208_C3,CUST_00208,금융/보험,5-49인,Basic,Standard,12,46,2,1415722,0.0127,-6.16,0.7541,0.0936,0.165,88,0.0833,56.51,122.0,16988664,0
CUST_00209_C1,CUST_00209,IT/소프트웨어,5-49인,Standard,Standard,12,10,0,2431793,0.0408,10.79,0.6719,0.04,0.2816,75,0.1429,44.36,,32099668,1
CUST_00210_C1,CUST_00210,물류/운송,5-49인,Standard,Priority,12,10,0,10676058,-0.0115,3.68,0.793,0.0124,0.1029,79,0.0,18.87,60.0,147970164,0
CUST_00211_C1,CUST_00211,유통/커머스,50-299인,Basic,Standard,36,34,0,13988660,0.0738,27.32,0.6356,-0.0817,0.2571,161,0.1667,52.66,120.0,167863920,1
CUST_00212_C1,CUST_00212,의료/헬스케어,50-299인,Basic,Priority,36,34,0,15729394,0.0167,19.25,0.6817,0.1106,0.2554,136,0.0,24.52,61.0,198190364,0
CUST_00213_C1,CUST_00213,유통/커머스,50-299인,Premium,Priority,36,34,0,35166766,0.0127,8.38,0.6195,0.0185,0.2376,35,0.1429,22.5,61.0,553876564,0
CUST_00214_C1,CUST_00214,제조업,5-49인,Basic,Standard,12,10,0,917649,-0.0193,5.31,0.6184,0.0181,0.2811,141,0.1667,54.7,120.0,11011788,1
CUST_00215_C1,CUST_00215,물류/운송,5-49인,Basic,Standard,12,10,0,1905745,0.0342,0.7,0.7611,0.059,0.2498,109,0.0,60.24,,22868940,0
CUST_00215_C2,CUST_00215,물류/운송,5-49인,Basic,Priority,24,34,1,2124035,0.0598,6.3,0.7314,-0.0071,0.199,120,0.0769,20.22,182.0,26762841,0
CUST_00216_C1,CUST_00216,유통/커머스,5-49인,Standard,Priority,24,22,0,2963409,0.0096,2.59,0.8325,0.1065,0.1285,49,0.0833,24.19,61.0,41072849,0
CUST_00216_C2,CUST_00216,유통/커머스,5-49인,Standard,Priority,12,34,1,3471956,-0.0201,7.1,0.7321,0.0653,0.173,55,0.0714,20.67,61.0,48121310,0
CUST_00216_C3,CUST_00216,유통/커머스,5-49인,Standard,Standard,24,58,2,3525421,-0.0131,1.52,0.7651,0.1078,0.191,52,0.0,56.07,123.0,46535557,0
CUST_00217_C1,CUST_00217,금융/보험,5-49인,Basic,Standard,12,10,0,2363856,-0.032,6.06,0.6741,-0.0145,0.2326,156,0.2105,62.94,,28366272,0
CUST_00217_C2,CUST_00217,금융/보험,5-49인,Basic,Standard,24,34,1,2839781,0.0073,14.58,0.6656,-0.0503,0.1674,142,0.1765,62.29,122.0,34077372,1
CUST_00218_C1,CUST_00218,IT/소프트웨어,5-49인,Standard,Enterprise,12,10,0,887825,-0.0015,7.87,0.665,0.0008,0.2463,52,0.0769,6.17,30.0,13477184,0
CUST_00219_C1,CUST_00219,교육,5-49인,Basic,Priority,24,22,0,1397018,-0.0015,-1.34,0.8017,0.054,0.1818,104,0.0,20.26,61.0,17602427,0
CUST_00220_C1,CUST_00220,제조업,5-49인,Basic,Standard,12,10,0,3916210,0.0064,-6.17,0.8227,0.0198,0.1941,114,0.125,60.21,,46994520,0
CUST_00221_C1,CUST_00221,물류/운송,5-49인,Basic,Standard,24,22,0,8984561,0.0527,26.28,0.6087,-0.2139,0.2824,229,0.1923,48.8,305.0,107814732,1
CUST_00222_C1,CUST_00222,IT/소프트웨어,5-49인,Basic,Standard,36,34,0,5334398,0.0242,17.89,0.6899,-0.1182,0.2618,167,0.1875,53.07,305.0,64012776,0
CUST_00223_C1,CUST_00223,교육,5-49인,Basic,Standard,24,22,0,9912872,0.0085,4.77,0.759,-0.0675,0.1934,102,0.0952,56.16,303.0,118954464,0
CUST_00223_C2,CUST_00223,교육,5-49인,Basic,Priority,12,34,1,6035859,-0.0016,0.07,0.6503,-0.0031,0.2307,131,0.1579,24.93,61.0,76051823,0
CUST_00224_C1,CUST_00224,기타서비스업,50-299인,Basic,Standard,24,22,0,5981350,0.0376,6.9,0.6745,0.0936,0.2167,114,0.1765,47.01,122.0,71776200,0
CUST_00224_C2,CUST_00224,기타서비스업,50-299인,Basic,Standard,12,34,1,6250095,-0.0201,-1.85,0.7332,0.131,0.1666,134,0.25,76.47,305.0,75001140,1
CUST_00225_C1,CUST_00225,유통/커머스,5-49인,Basic,Standard,12,10,0,2259109,-0.0164,-5.67,0.7223,0.2207,0.2214,112,0.125,64.41,,27109308,0
CUST_00225_C2,CUST_00225,유통/커머스,5-49인,Basic,Standard,24,34,1,2961191,0.0148,14.01,0.6748,0.1127,0.2073,124,0.0625,55.67,120.0,35534292,1
CUST_00226_C1,CUST_00226,기타서비스업,5-49인,Basic,Standard,24,22,0,3325792,0.0281,0.53,0.7192,0.0567,0.1889,110,0.1333,44.69,306.0,39909504,0
CUST_00227_C1,CUST_00227,IT/소프트웨어,5-49인,Basic,Standard,12,10,0,4794922,-0.0543,1.74,0.6586,0.0865,0.2714,112,0.1875,48.21,121.0,57539064,1
CUST_00228_C1,CUST_00228,제조업,5-49인,Basic,Priority,12,10,0,2649933,-0.0246,10.38,0.6521,-0.0012,0.2202,133,0.0,25.19,61.0,33389156,0
CUST_00229_C1,CUST_00229,제조업,5-49인,Basic,Standard,12,10,0,2323495,0.0488,-3.54,0.7045,-0.0566,0.226,123,0.3125,80.87,,27881940,0
CUST_00230_C1,CUST_00230,물류/운송,50-299인,Standard,Enterprise,12,10,0,17840606,0.0365,4.05,0.7658,-0.124,0.1963,44,0.0,6.76,214.0,270820399,0
CUST_00231_C1,CUST_00231,유통/커머스,5-49인,Standard,Priority,12,10,0,3073526,0.0372,11.45,0.6621,0.0251,0.2971,134,0.0968,24.95,61.0,42599070,1
CUST_00232_C1,CUST_00232,제조업,5-49인,Premium,Enterprise,12,10,0,3740975,0.048,10.68,0.651,-0.0558,0.2546,35,0.0,6.16,31.0,64531819,1
CUST_00233_C1,CUST_00233,유통/커머스,5-49인,Standard,Priority,24,22,0,2003352,-0.0018,15.34,0.5319,-0.0594,0.3109,108,0.1176,30.93,61.0,27766459,0
CUST_00234_C1,CUST_00234,기타서비스업,5-49인,Basic,Standard,12,10,0,7138002,0.0008,-2.87,0.8554,-0.042,0.134,76,0.0769,51.29,,85656024,0
CUST_00234_C2,CUST_00234,기타서비스업,5-49인,Basic,Standard,36,46,1,7734399,0.014,9.32,0.7651,-0.0156,0.1588,96,0.0,52.1,123.0,92812788,0
CUST_00235_C1,CUST_00235,유통/커머스,5-49인,Basic,Standard,24,22,0,2987152,0.0631,2.38,0.8524,-0.0556,0.1887,80,0.0833,42.53,123.0,35845824,0
CUST_00236_C1,CUST_00236,IT/소프트웨어,5-49인,Premium,Priority,36,34,0,5988791,0.0011,9.03,0.7357,-0.0131,0.2765,32,0.0556,21.97,60.0,94323458,0
CUST_00237_C1,CUST_00237,물류/운송,5-49인,Standard,Priority,24,22,0,2931367,-0.0654,1.54,0.7521,-0.0649,0.173,61,0.125,19.24,61.0,40628747,0
CUST_00237_C2,CUST_00237,물류/운송,5-49인,Standard,Priority,36,58,1,4117238,-0.0306,10.24,0.6952,0.0603,0.1792,52,0.0526,21.34,181.0,57064919,0
CUST_00238_C1,CUST_00238,금융/보험,5-49인,Standard,Priority,24,22,0,1195888,0.021,14.75,0.6594,0.0223,0.2262,78,0.1429,20.06,61.0,16575008,0
CUST_00238_C2,CUST_00238,금융/보험,5-49인,Standard,Priority,12,34,1,1379781,0.0373,4.39,0.6392,-0.0143,0.2515,63,0.125,27.87,61.0,19123765,0
CUST_00239_C1,CUST_00239,IT/소프트웨어,50-299인,Basic,Standard,24,22,0,10896650,-0.0031,0.45,0.8102,-0.0063,0.147,81,0.0909,45.67,488.0,130759800,1
CUST_00240_C1,CUST_00240,의료/헬스케어,5-49인,Basic,Standard,24,22,0,4060727,0.0129,6.5,0.7254,-0.0321,0.2203,121,0.1538,85.98,122.0,48728724,1
CUST_00241_C1,CUST_00241,IT/소프트웨어,5-49인,Basic,Standard,36,34,0,1221473,0.0528,13.33,0.7172,0.0504,0.2438,137,0.1176,42.33,120.0,14657676,1
CUST_00242_C1,CUST_00242,제조업,5-49인,Basic,Standard,24,22,0,2925281,0.0398,11.94,0.7174,0.0675,0.221,130,0.4,51.23,123.0,35103372,0
CUST_00242_C2,CUST_00242,제조업,5-49인,Basic,Standard,12,34,1,2566082,-0.0276,2.8,0.7712,0.1193,0.2281,117,0.3333,42.01,305.0,30792984,1
CUST_00243_C1,CUST_00243,금융/보험,5-49인,Basic,Priority,24,22,0,1566913,-0.0375,5.3,0.7609,-0.0327,0.21,119,0.1364,25.94,61.0,19743104,0
CUST_00244_C1,CUST_00244,기타서비스업,5-49인,Basic,Standard,24,22,0,2363750,0.0761,8.15,0.836,0.0912,0.1579,78,0.2143,65.89,303.0,28365000,0
CUST_00244_C2,CUST_00244,기타서비스업,5-49인,Basic,Standard,12,34,1,2245545,-0.0306,-2.77,0.7986,0.0437,0.1159,70,0.1429,75.96,122.0,26946540,0
CUST_00245_C1,CUST_00245,IT/소프트웨어,5-49인,Basic,Standard,12,10,0,6325825,-0.0264,1.73,0.6995,0.054,0.2054,130,0.2143,39.47,120.0,75909900,0
CUST_00246_C1,CUST_00246,제조업,5-49인,Standard,Standard,12,10,0,6535865,0.0081,12.73,0.7294,-0.0677,0.2589,93,0.2105,53.67,123.0,86273418,0
CUST_00246_C2,CUST_00246,제조업,5-49인,Standard,Priority,12,22,1,2923123,0.0093,4.8,0.7031,0.1395,0.257,81,0.3077,20.11,184.0,40514485,0
CUST_00247_C1,CUST_00247,물류/운송,5-49인,Basic,Standard,12,10,0,5535086,0.0398,3.64,0.7179,-0.1344,0.2423,120,0.1429,55.03,122.0,66421032,0
CUST_00247_C2,CUST_00247,물류/운송,5-49인,Basic,Standard,24,34,1,6640001,0.0725,16.98,0.6932,-0.0995,0.2265,169,0.4118,56.26,122.0,79680012,1
CUST_00248_C1,CUST_00248,제조업,5-49인,Basic,Standard,24,22,0,6215343,0.0208,11.57,0.6556,0.0444,0.2317,150,0.2083,63.24,304.0,74584116,0
CUST_00249_C1,CUST_00249,의료/헬스케어,50-299인,Standard,Priority,12,10,0,24101057,0.0238,11.61,0.6573,-0.0724,0.3154,85,0.0,20.1,61.0,334040650,1
CUST_00250_C1,CUST_00250,IT/소프트웨어,50-299인,Premium,Priority,12,10,0,34444460,0.0253,11.16,0.6673,0.0359,0.2883,35,0.1429,24.03,182.0,542500245,0
CUST_00251_C1,CUST_00251,금융/보험,5-49인,Basic,Standard,24,22,0,9368206,0.0151,6.64,0.6885,0.0272,0.2179,153,0.3529,60.46,122.0,112418472,0
CUST_00251_C2,CUST_00251,금융/보험,5-49인,Basic,Standard,12,34,1,10957639,0.0455,8.85,0.6723,0.0888,0.2563,163,0.087,62.21,122.0,131491668,1
CUST_00252_C1,CUST_00252,제조업,5-49인,Basic,Standard,12,10,0,2400278,0.0268,-0.02,0.7449,-0.0419,0.1711,106,0.1667,69.31,,28803336,1
CUST_00253_C1,CUST_00253,기타서비스업,5-49인,Basic,Standard,12,10,0,1576191,-0.0129,3.04,0.7544,-0.0668,0.1879,103,0.1429,58.6,123.0,18914292,0
CUST_00253_C2,CUST_00253,기타서비스업,5-49인,Basic,Priority,24,34,1,1132153,0.0172,13.51,0.7135,0.0997,0.2037,119,0.0,24.76,62.0,14265128,0
CUST_00254_C1,CUST_00254,교육,5-49인,Basic,Standard,12,10,0,4138998,0.0507,7.16,0.6985,0.1483,0.3053,121,0.25,72.26,122.0,49667976,0
CUST_00255_C1,CUST_00255,유통/커머스,5-49인,Standard,Enterprise,12,10,0,1749987,0.0262,3.0,0.7407,0.0922,0.2082,63,0.0,5.76,31.0,26564803,0
CUST_00256_C1,CUST_00256,IT/소프트웨어,5-49인,Standard,Priority,12,10,0,3189995,0.0293,3.26,0.7008,-0.0163,0.1859,73,0.1053,19.06,61.0,44213331,0
CUST_00256_C2,CUST_00256,IT/소프트웨어,5-49인,Standard,Priority,24,34,1,3770987,-0.0722,0.1,0.7306,-0.0097,0.2816,58,0.0,21.32,61.0,52265880,0
CUST_00257_C1,CUST_00257,IT/소프트웨어,5-49인,Standard,Priority,12,10,0,1612051,0.0142,0.12,0.6268,0.0521,0.2687,67,0.0,20.42,61.0,22343027,0
CUST_00257_C2,CUST_00257,IT/소프트웨어,5-49인,Standard,Standard,24,34,1,2064611,0.0599,21.7,0.6559,-0.0815,0.2591,77,0.1579,53.86,122.0,27252865,0
CUST_00258_C1,CUST_00258,IT/소프트웨어,5-49인,Basic,Standard,12,10,0,2119053,0.0762,-0.94,0.8161,0.0756,0.1623,86,0.2,64.41,121.0,25428636,0
CUST_00259_C1,CUST_00259,IT/소프트웨어,5-49인,Basic,Standard,24,22,0,1023407,-0.0122,4.9,0.7464,0.0768,0.2224,107,0.1538,49.97,120.0,12280884,0
CUST_00259_C2,CUST_00259,IT/소프트웨어,5-49인,Basic,Standard,24,46,1,615508,0.0631,11.16,0.6722,-0.0272,0.2354,131,0.1429,65.98,305.0,7386096,1
CUST_00260_C1,CUST_00260,의료/헬스케어,5-49인,Standard,Priority,12,10,0,3992622,0.0285,17.57,0.6308,0.0271,0.2457,108,0.12,25.93,61.0,55337741,0
CUST_00261_C1,CUST_00261,제조업,5-49인,Basic,Priority,12,10,0,2256930,0.0071,-2.97,0.7845,0.1123,0.156,101,0.0,21.97,61.0,28437318,0
CUST_00261_C2,CUST_00261,제조업,5-49인,Basic,Standard,12,22,1,2450602,0.0162,3.07,0.7142,-0.0148,0.1627,93,0.1333,66.43,122.0,29407224,0
CUST_00261_C3,CUST_00261,제조업,5-49인,Basic,Standard,12,34,2,2709954,0.0511,3.32,0.7635,0.0067,0.2288,95,0.2667,73.62,122.0,32519448,1
CUST_00262_C1,CUST_00262,기타서비스업,5-49인,Premium,Enterprise,12,10,0,2817666,0.02,3.74,0.6443,0.0164,0.231,27,0.0,9.7,214.0,48604738,0
CUST_00263_C1,CUST_00263,기타서비스업,300인이상,Standard,Priority,24,22,0,22320456,0.0114,12.07,0.6891,0.1846,0.2097,58,0.0,18.54,61.0,309361520,0
CUST_00263_C2,CUST_00263,기타서비스업,300인이상,Standard,Priority,36,58,1,21294434,0.0186,17.58,0.7287,0.0333,0.2361,55,0.2353,26.8,61.0,295140855,0
CUST_00264_C1,CUST_00264,물류/운송,5-49인,Basic,Standard,12,10,0,1339889,0.0069,-2.43,0.7812,-0.012,0.1745,93,0.0476,41.02,123.0,16078668,0
CUST_00265_C1,CUST_00265,IT/소프트웨어,5-49인,Standard,Priority,12,10,0,3131830,-0.0466,-5.32,0.7573,0.2093,0.2415,44,0.0,20.59,59.0,43407164,0
CUST_00266_C1,CUST_00266,유통/커머스,5-49인,Basic,Standard,24,22,0,4158893,0.0586,5.63,0.6665,0.0556,0.192,106,0.05,60.05,121.0,49906716,0
CUST_00266_C2,CUST_00266,유통/커머스,5-49인,Basic,Priority,24,46,1,4416071,-0.0078,7.96,0.7018,-0.0554,0.2667,140,0.0435,20.63,61.0,55642495,0
CUST_00266_C3,CUST_00266,유통/커머스,5-49인,Basic,Standard,12,58,2,4535848,0.0592,11.17,0.7157,0.0356,0.1962,94,0.1429,53.12,120.0,54430176,0
CUST_00267_C1,CUST_00267,IT/소프트웨어,5-49인,Basic,Priority,24,22,0,2549773,-0.0281,-0.96,0.8068,-0.0322,0.1523,90,0.1333,22.25,183.0,32127140,0
CUST_00267_C2,CUST_00267,IT/소프트웨어,5-49인,Basic,Standard,12,34,1,2713042,0.0193,-3.25,0.7148,0.0715,0.1661,91,0.2857,82.06,122.0,32556504,0
CUST_00268_C1,CUST_00268,제조업,300인이상,Basic,Priority,12,10,0,10711046,0.0554,8.11,0.6995,-0.0357,0.2336,137,0.0,21.66,182.0,134959180,0
CUST_00268_C2,CUST_00268,제조업,300인이상,Basic,Priority,24,34,1,11686163,0.0325,15.08,0.6663,-0.053,0.2293,153,0.0,28.64,61.0,147245654,0
CUST_00269_C1,CUST_00269,IT/소프트웨어,5-49인,Basic,Standard,24,22,0,3373851,0.0421,20.82,0.7269,0.0586,0.1743,79,0.125,74.66,120.0,40486212,0
CUST_00269_C2,CUST_00269,IT/소프트웨어,5-49인,Basic,Priority,12,34,1,2979083,-0.0109,-0.26,0.7188,0.0159,0.1905,98,0.0,21.98,61.0,37536446,0
CUST_00269_C3,CUST_00269,IT/소프트웨어,5-49인,Basic,Priority,24,58,2,3167332,-0.0477,3.64,0.7548,0.0446,0.1692,110,0.0,21.94,181.0,39908383,0
CUST_00270_C1,CUST_00270,금융/보험,50-299인,Standard,Enterprise,36,34,0,14040105,-0.0197,11.57,0.698,-0.0595,0.2308,73,0.0,7.23,31.0,213128794,0
CUST_00270_C2,CUST_00270,금융/보험,50-299인,Standard,Standard,24,58,1,13075511,0.0088,7.44,0.7944,0.074,0.2057,79,0.0769,58.38,122.0,172596745,0
CUST_00271_C1,CUST_00271,제조업,5-49인,Standard,Priority,12,10,0,1795094,0.0755,6.0,0.7783,0.0014,0.2312,70,0.0769,29.07,61.0,24880003,0
CUST_00271_C2,CUST_00271,제조업,5-49인,Standard,Standard,12,22,1,1581981,0.0229,-4.63,0.7221,-0.0797,0.2463,87,0.0,54.38,120.0,20882149,0
CUST_00272_C1,CUST_00272,금융/보험,5-49인,Standard,Enterprise,24,22,0,2464414,0.0074,4.87,0.6819,-0.0953,0.2637,75,0.1364,6.45,30.0,37409805,0
CUST_00273_C1,CUST_00273,금융/보험,50-299인,Basic,Priority,36,34,0,17812130,0.006,10.87,0.7765,0.0101,0.1421,80,0.0909,24.98,183.0,224432838,0
CUST_00273_C2,CUST_00273,금융/보험,50-299인,Basic,Standard,24,58,1,18748373,-0.0581,7.83,0.7979,-0.0558,0.2067,83,0.1111,67.9,122.0,224980476,0
CUST_00274_C1,CUST_00274,제조업,50-299인,Standard,Standard,24,22,0,14560867,0.09,8.83,0.752,-0.0561,0.2041,67,0.0667,60.39,304.0,192203444,1
CUST_00275_C1,CUST_00275,교육,5-49인,Standard,Priority,24,22,0,5641009,0.0051,1.5,0.7344,-0.0791,0.1889,76,0.0588,17.26,181.0,78184385,0
CUST_00276_C1,CUST_00276,유통/커머스,5-49인,Basic,Standard,24,22,0,4546523,0.0422,11.04,0.6171,-0.0532,0.2171,158,0.2174,49.33,122.0,54558276,1
CUST_00277_C1,CUST_00277,물류/운송,5-49인,Basic,Standard,12,10,0,1875712,0.0605,2.88,0.7072,0.0235,0.1925,124,0.2,48.84,,22508544,0
CUST_00277_C2,CUST_00277,물류/운송,5-49인,Basic,Priority,24,34,1,1989164,-0.0265,6.43,0.6519,0.0407,0.1769,118,0.08,21.08,184.0,25063466,0
CUST_00278_C1,CUST_00278,교육,5-49인,Basic,Standard,12,10,0,2290206,-0.0242,-3.24,0.7171,-0.0133,0.1824,102,0.0714,57.85,122.0,27482472,0
CUST_00278_C2,CUST_00278,교육,5-49인,Basic,Standard,12,22,1,2562337,0.0509,8.0,0.7802,0.0321,0.1491,124,0.1875,73.21,122.0,30748044,0
CUST_00279_C1,CUST_00279,금융/보험,5-49인,Basic,Priority,12,10,0,3313291,0.0204,1.16,0.7278,0.042,0.2546,121,0.2143,21.41,60.0,41747467,1
CUST_00280_C1,CUST_00280,제조업,5-49인,Basic,Standard,12,10,0,3452108,0.0019,1.81,0.7182,-0.0381,0.2393,136,0.2,43.52,122.0,41425296,0
CUST_00280_C2,CUST_00280,제조업,5-49인,Basic,Standard,36,46,1,5242155,0.0801,21.55,0.7478,-0.1081,0.2148,125,0.0,46.02,122.0,62905860,1
CUST_00281_C1,CUST_00281,IT/소프트웨어,5-49인,Standard,Enterprise,12,10,0,4531695,0.0491,9.0,0.7078,0.0353,0.2303,54,0.0455,5.79,28.0,68791130,0
CUST_00282_C1,CUST_00282,금융/보험,50-299인,Basic,Standard,24,22,0,8757046,-0.0119,5.72,0.8051,0.143,0.184,97,0.0,55.84,120.0,105084552,1
CUST_00283_C1,CUST_00283,제조업,5-49인,Basic,Priority,12,10,0,2891149,-0.0125,-2.69,0.7571,-0.2244,0.1797,133,0.0952,27.11,61.0,36428477,0
CUST_00284_C1,CUST_00284,제조업,5-49인,Standard,Priority,12,10,0,4774257,0.1202,14.96,0.8213,-0.1457,0.1834,61,0.0,24.04,61.0,66171202,0
CUST_00284_C2,CUST_00284,제조업,5-49인,Standard,Standard,12,22,1,4079054,0.0059,-2.04,0.7416,-0.1007,0.1893,49,0.2308,55.98,122.0,53843513,0
CUST_00285_C1,CUST_00285,금융/보험,5-49인,Basic,Standard,24,22,0,2844259,-0.0098,9.74,0.7644,0.0774,0.1222,83,0.0714,77.18,123.0,34131108,0
CUST_00285_C2,CUST_00285,금융/보험,5-49인,Basic,Standard,36,58,1,3207584,-0.0055,-2.92,0.6867,0.0181,0.2787,106,0.0,53.99,123.0,38491008,0
CUST_00286_C1,CUST_00286,기타서비스업,5-49인,Basic,Standard,12,10,0,10190308,0.0253,12.86,0.644,0.0207,0.2769,123,0.1176,61.52,123.0,122283696,0
CUST_00287_C1,CUST_00287,제조업,5-49인,Premium,Enterprise,36,34,0,3689637,-0.0248,11.49,0.8247,0.0149,0.1428,22,0.0,6.67,31.0,63646238,0
CUST_00288_C1,CUST_00288,유통/커머스,5-49인,Standard,Enterprise,36,34,0,1362702,-0.0285,-1.55,0.8319,-0.0833,0.2394,53,0.0,6.2,122.0,20685816,0
CUST_00288_C2,CUST_00288,유통/커머스,5-49인,Standard,Priority,12,46,1,1008284,-0.0066,-5.59,0.8126,0.071,0.1445,54,0.0,18.63,61.0,13974816,0
CUST_00288_C3,CUST_00288,유통/커머스,5-49인,Standard,Priority,24,70,2,1136850,-0.0226,-1.75,0.7915,0.1099,0.1553,62,0.1,23.81,61.0,15756741,0
CUST_00289_C1,CUST_00289,IT/소프트웨어,5-49인,Standard,Priority,12,10,0,3476915,0.0216,-1.7,0.7643,-0.0415,0.1838,59,0.0,22.1,61.0,48190042,0
CUST_00289_C2,CUST_00289,IT/소프트웨어,5-49인,Standard,Standard,12,23,1,4188437,0.0013,5.33,0.7503,-0.1007,0.2462,69,0.25,39.52,122.0,55287368,0
CUST_00289_C3,CUST_00289,IT/소프트웨어,5-49인,Standard,Priority,24,47,2,5107237,-0.0416,12.89,0.7007,0.0117,0.2462,60,0.1875,25.06,61.0,70786305,0
CUST_00290_C1,CUST_00290,의료/헬스케어,5-49인,Standard,Standard,36,34,0,5170619,0.0044,26.22,0.6894,0.0953,0.2797,95,0.1364,71.04,121.0,68252171,0
CUST_00291_C1,CUST_00291,유통/커머스,5-49인,Standard,Priority,12,10,0,1027002,0.0285,4.21,0.78,0.0962,0.2076,50,0.0588,24.11,61.0,14234248,0
CUST_00291_C2,CUST_00291,유통/커머스,5-49인,Standard,Standard,24,34,1,1131883,-0.0009,8.03,0.645,0.0292,0.1674,65,0.25,90.52,304.0,14940856,0
CUST_00291_C3,CUST_00291,유통/커머스,5-49인,Standard,Standard,12,46,2,1025578,0.0146,-2.3,0.8037,0.113,0.1529,71,0.0714,53.96,122.0,13537630,0
CUST_00292_C1,CUST_00292,금융/보험,5-49인,Standard,Priority,12,10,0,2650237,0.0002,24.27,0.65,-0.03,0.343,105,0.2903,24.69,,36732285,0
CUST_00292_C2,CUST_00292,금융/보험,5-49인,Standard,Priority,36,46,1,1370931,-0.0386,9.71,0.6372,-0.0839,0.2673,78,0.0,21.53,61.0,19001104,0
CUST_00292_C3,CUST_00292,금융/보험,5-49인,Standard,Enterprise,24,70,2,1163241,-0.0094,15.61,0.6589,0.0017,0.2262,79,0.0,8.1,31.0,17657998,0
CUST_00293_C1,CUST_00293,금융/보험,5-49인,Standard,Enterprise,24,22,0,2005394,-0.0101,6.31,0.7309,0.1356,0.1953,57,0.0,6.13,31.0,30441881,0
CUST_00294_C1,CUST_00294,금융/보험,5-49인,Basic,Standard,12,10,0,3310366,0.0067,5.21,0.7447,-0.1151,0.238,115,0.0,72.19,121.0,39724392,0
CUST_00295_C1,CUST_00295,IT/소프트웨어,5-49인,Basic,Standard,12,10,0,4854068,0.0196,4.54,0.6185,-0.0204,0.2874,165,0.1786,55.31,122.0,58248816,1
CUST_00296_C1,CUST_00296,제조업,5-49인,Basic,Standard,12,10,0,4523543,0.0457,-0.14,0.7962,0.0555,0.1322,97,0.1875,50.62,,54282516,0
CUST_00297_C1,CUST_00297,IT/소프트웨어,5-49인,Basic,Standard,12,10,0,1555325,0.0469,4.79,0.7619,0.149,0.2052,147,0.2308,55.8,122.0,18663900,0
CUST_00298_C1,CUST_00298,IT/소프트웨어,50-299인,Standard,Priority,24,22,0,14042773,0.0263,5.22,0.6654,-0.1241,0.2438,75,0.1053,21.57,61.0,194632834,0
CUST_00298_C2,CUST_00298,IT/소프트웨어,50-299인,Standard,Priority,12,34,1,15059394,-0.0193,2.6,0.7656,0.1301,0.2033,61,0.0833,21.85,61.0,208723201,0
CUST_00299_C1,CUST_00299,제조업,5-49인,Standard,Enterprise,12,10,0,2130151,-0.0013,-4.53,0.8314,0.0132,0.1668,34,0.0,6.37,30.0,32335692,0
CUST_00299_C2,CUST_00299,제조업,5-49인,Standard,Standard,12,22,1,2238446,0.019,1.63,0.792,-0.058,0.2134,47,0.125,51.13,122.0,29547487,0
CUST_00299_C3,CUST_00299,제조업,5-49인,Standard,Priority,36,58,2,2383199,-0.0273,7.04,0.7751,-0.0261,0.2119,49,0.0,22.39,61.0,33031138,0
CUST_00300_C1,CUST_00300,유통/커머스,5-49인,Basic,Enterprise,12,10,0,1541192,-0.0551,-0.44,0.7853,0.034,0.2341,135,0.0,7.1,30.0,21268450,0
CUST_00301_C1,CUST_00301,의료/헬스케어,5-49인,Basic,Standard,24,22,0,1755206,-0.0006,13.31,0.6709,-0.0171,0.251,170,0.037,62.48,123.0,21062472,1
CUST_00302_C1,CUST_00302,교육,5-49인,Basic,Standard,12,10,0,4699793,-0.0584,-0.15,0.764,0.071,0.1891,110,0.4444,62.12,121.0,56397516,0
CUST_00303_C1,CUST_00303,물류/운송,50-299인,Basic,Standard,12,10,0,7251734,0.0211,6.11,0.6419,0.0056,0.2772,187,0.2581,63.47,122.0,87020808,0
CUST_00303_C2,CUST_00303,물류/운송,50-299인,Basic,Standard,12,22,1,7375783,0.1044,12.68,0.5973,0.0063,0.3253,206,0.2121,58.42,122.0,88509396,1
CUST_00304_C1,CUST_00304,금융/보험,5-49인,Basic,Standard,12,10,0,7639782,0.1053,9.7,0.7249,-0.0369,0.2276,143,0.3846,46.64,122.0,91677384,1
CUST_00305_C1,CUST_00305,금융/보험,5-49인,Basic,Standard,36,34,0,2761199,-0.006,7.0,0.7411,0.0403,0.1957,79,0.125,53.77,121.0,33134388,0
CUST_00306_C1,CUST_00306,물류/운송,5-49인,Basic,Standard,12,10,0,10167032,0.0397,3.9,0.6502,-0.0472,0.2432,151,0.25,63.11,120.0,122004384,0
CUST_00307_C1,CUST_00307,IT/소프트웨어,5-49인,Basic,Standard,36,34,0,3851705,0.0024,28.52,0.7342,0.0632,0.2878,120,0.125,50.89,122.0,46220460,0
CUST_00308_C1,CUST_00308,금융/보험,50-299인,Premium,Enterprise,12,10,0,45619731,-0.0175,10.56,0.6663,0.0163,0.2268,44,0.1333,7.44,30.0,786940360,0
CUST_00308_C2,CUST_00308,금융/보험,50-299인,Premium,Priority,36,46,1,55248530,0.0535,17.19,0.7357,0.0884,0.1868,31,0.0588,30.57,61.0,870164348,0
CUST_00309_C1,CUST_00309,기타서비스업,50-299인,Basic,Standard,12,10,0,14451648,-0.013,6.84,0.755,0.1459,0.232,89,0.2,37.77,,173419776,0
CUST_00309_C2,CUST_00309,기타서비스업,50-299인,Basic,Standard,36,46,1,14978570,-0.0074,13.55,0.7224,-0.0082,0.2621,128,0.1111,72.25,304.0,179742840,0
CUST_00310_C1,CUST_00310,IT/소프트웨어,5-49인,Standard,Priority,12,10,0,7337376,0.0451,16.66,0.6653,0.0263,0.249,98,0.1667,19.94,61.0,101696031,0
CUST_00310_C2,CUST_00310,IT/소프트웨어,5-49인,Standard,Enterprise,24,34,1,8687472,0.017,9.55,0.7094,0.0373,0.1866,67,0.1,8.26,214.0,131875825,0
CUST_00310_C3,CUST_00310,IT/소프트웨어,5-49인,Standard,Priority,24,58,2,10085991,0.0356,17.56,0.6248,0.0203,0.2294,94,0.0833,26.81,61.0,139791835,1
CUST_00311_C1,CUST_00311,유통/커머스,5-49인,Basic,Standard,12,10,0,4483563,-0.0089,5.32,0.8014,0.0808,0.1907,113,0.2143,44.45,120.0,53802756,0
CUST_00312_C1,CUST_00312,교육,5-49인,Standard,Enterprise,12,10,0,1546471,0.0274,10.97,0.6391,0.0106,0.3084,89,0.1,7.5,31.0,23475430,0
CUST_00313_C1,CUST_00313,제조업,5-49인,Standard,Standard,24,22,0,2220168,0.0592,11.98,0.7029,0.0274,0.2094,97,0.12,62.01,122.0,29306218,0
CUST_00314_C1,CUST_00314,금융/보험,5-49인,Basic,Standard,12,10,0,2266891,0.0007,-5.76,0.7526,0.0334,0.1556,81,0.0769,62.13,122.0,27202692,0
CUST_00315_C1,CUST_00315,교육,5-49인,Basic,Standard,12,10,0,1263040,0.023,6.83,0.6747,-0.0081,0.2187,121,0.0556,67.74,123.0,15156480,1
CUST_00316_C1,CUST_00316,유통/커머스,5-49인,Basic,Priority,12,10,0,4753130,-0.0339,-7.47,0.8389,0.0797,0.181,91,0.0909,16.51,183.0,59889438,0
CUST_00317_C1,CUST_00317,의료/헬스케어,5-49인,Standard,Enterprise,12,10,0,2205785,-0.0342,-8.15,0.7107,0.0576,0.2024,54,0.0,4.86,122.0,33483816,0
CUST_00318_C1,CUST_00318,물류/운송,5-49인,Basic,Standard,24,22,0,3440239,0.073,11.29,0.7715,-0.1314,0.1801,101,0.0769,51.32,306.0,41282868,0
CUST_00319_C1,CUST_00319,유통/커머스,5-49인,Basic,Priority,24,22,0,23062668,0.0036,-2.17,0.739,0.127,0.1893,104,0.1579,23.39,61.0,290589617,0
CUST_00319_C2,CUST_00319,유통/커머스,5-49인,Basic,Standard,24,46,1,19601616,0.0664,0.23,0.7303,0.0071,0.179,95,0.2143,63.0,121.0,235219392,0
CUST_00320_C1,CUST_00320,제조업,50-299인,Basic,Standard,24,22,0,9545072,-0.0227,-0.94,0.7571,0.016,0.1752,95,0.0588,43.24,122.0,114540864,0
CUST_00320_C2,CUST_00320,제조업,50-299인,Standard,Priority,12,34,1,10362980,0.0518,0.07,0.7629,0.0865,0.1464,51,0.0556,18.45,61.0,143630903,0
CUST_00320_C3,CUST_00320,제조업,50-299인,Standard,Priority,12,46,2,11679693,0.0219,0.88,0.775,0.0067,0.1827,52,0.0,22.51,61.0,161880545,0
CUST_00321_C1,CUST_00321,유통/커머스,5-49인,Standard,Standard,24,22,0,3315364,-0.0297,12.71,0.6058,0.1588,0.2778,88,0.2069,47.13,123.0,43762805,0
CUST_00322_C1,CUST_00322,금융/보험,5-49인,Basic,Standard,24,22,0,4827981,0.0612,12.55,0.7786,0.0553,0.238,135,0.0909,49.38,305.0,57935772,0
CUST_00322_C2,CUST_00322,금융/보험,5-49인,Basic,Standard,24,46,1,5553506,-0.0535,4.06,0.7545,-0.1398,0.1888,134,0.2105,46.79,120.0,66642072,0
CUST_00322_C3,CUST_00322,금융/보험,5-49인,Basic,Standard,36,82,2,4784359,-0.0542,14.87,0.6729,0.0899,0.2245,125,0.1818,52.44,486.0,57412308,0
CUST_00323_C1,CUST_00323,교육,5-49인,Basic,Standard,24,22,0,1023470,0.0632,10.94,0.6875,-0.0642,0.1984,129,0.15,52.79,120.0,12281640,1
CUST_00324_C1,CUST_00324,물류/운송,5-49인,Basic,Standard,12,10,0,2291344,-0.008,-0.38,0.6669,-0.031,0.3048,149,0.2759,52.63,123.0,27496128,1
CUST_00325_C1,CUST_00325,금융/보험,50-299인,Basic,Priority,12,10,0,8565518,0.011,18.38,0.6734,-0.0006,0.2777,177,0.0,18.46,184.0,107925527,1
CUST_00326_C1,CUST_00326,제조업,5-49인,Basic,Standard,12,10,0,3155914,0.0201,6.67,0.7332,-0.012,0.1949,84,0.125,54.76,122.0,37870968,0
CUST_00327_C1,CUST_00327,IT/소프트웨어,300인이상,Premium,Enterprise,12,10,0,59338944,-0.0007,-3.55,0.6766,0.0117,0.2249,29,0.0435,6.86,30.0,1023596784,0
CUST_00328_C1,CUST_00328,기타서비스업,5-49인,Basic,Standard,24,22,0,3015398,-0.0062,11.45,0.6584,0.0601,0.2725,120,0.1739,61.51,123.0,36184776,0
CUST_00328_C2,CUST_00328,기타서비스업,5-49인,Basic,Standard,36,58,1,2998745,-0.0159,12.49,0.7344,-0.0115,0.231,139,0.0769,48.63,123.0,35984940,0
CUST_00329_C1,CUST_00329,제조업,50-299인,Basic,Priority,36,34,0,18234517,0.0214,16.23,0.691,0.0293,0.2408,142,0.125,28.53,61.0,229754914,0
CUST_00330_C1,CUST_00330,제조업,5-49인,Basic,Standard,12,10,0,2162841,-0.0221,0.23,0.7515,-0.0009,0.1741,111,0.2727,53.1,120.0,25954092,0
CUST_00330_C2,CUST_00330,제조업,5-49인,Basic,Standard,12,22,1,2363596,0.0912,6.26,0.8072,-0.039,0.2376,117,0.1667,54.93,121.0,28363152,0
CUST_00330_C3,CUST_00330,제조업,5-49인,Basic,Standard,24,46,2,2838100,0.0751,15.57,0.7593,-0.0042,0.1867,131,0.1154,58.86,120.0,34057200,0
CUST_00331_C1,CUST_00331,금융/보험,5-49인,Standard,Priority,24,22,0,4344919,-0.0274,14.11,0.6076,-0.034,0.3114,100,0.1538,26.91,59.0,60220577,1
CUST_00332_C1,CUST_00332,유통/커머스,5-49인,Standard,Priority,24,22,0,1319888,0.0367,10.78,0.6862,-0.0399,0.2011,62,0.0909,19.69,59.0,18293648,0
CUST_00333_C1,CUST_00333,금융/보험,5-49인,Standard,Priority,12,10,0,1243592,0.0067,3.8,0.771,0.003,0.169,57,0.0,24.53,182.0,17236185,0
CUST_00334_C1,CUST_00334,물류/운송,50-299인,Standard,Priority,24,22,0,14070722,-0.0101,-5.7,0.6748,-0.0018,0.1989,74,0.0,20.6,61.0,195020207,0
CUST_00335_C1,CUST_00335,교육,50-299인,Standard,Enterprise,24,22,0,8395793,-0.0209,11.11,0.6953,0.0992,0.2575,96,0.0455,7.73,31.0,127448138,0
CUST_00336_C1,CUST_00336,기타서비스업,50-299인,Standard,Standard,36,34,0,45739547,0.0259,14.65,0.5938,0.0397,0.2761,68,0.3226,53.43,120.0,603762020,1
CUST_00337_C1,CUST_00337,IT/소프트웨어,50-299인,Basic,Standard,12,10,0,7500480,0.0104,9.3,0.6888,0.069,0.2121,147,0.4,45.89,123.0,90005760,1
CUST_00338_C1,CUST_00338,제조업,300인이상,Premium,Enterprise,24,22,0,97647544,-0.0013,10.91,0.7424,-0.0455,0.139,23,0.0952,5.93,31.0,1684420134,0
CUST_00339_C1,CUST_00339,IT/소프트웨어,50-299인,Basic,Standard,12,10,0,9736239,0.0045,2.73,0.7475,-0.034,0.2246,94,0.2,47.02,122.0,116834868,0
CUST_00339_C2,CUST_00339,IT/소프트웨어,50-299인,Basic,Standard,24,34,1,9763068,0.0013,-0.5,0.7311,0.0098,0.2163,127,0.0,58.01,122.0,117156816,1
CUST_00340_C1,CUST_00340,IT/소프트웨어,5-49인,Basic,Standard,12,10,0,2832561,0.0339,-2.15,0.7826,0.032,0.1964,88,0.25,69.97,122.0,33990732,0
CUST_00341_C1,CUST_00341,기타서비스업,5-49인,Basic,Priority,12,10,0,7748537,0.0072,2.25,0.7148,0.1325,0.2237,124,0.2778,23.72,62.0,97631566,0
CUST_00342_C1,CUST_00342,제조업,5-49인,Basic,Standard,12,10,0,2345504,0.0353,8.91,0.6623,-0.0602,0.3074,178,0.3333,58.0,123.0,28146048,1
CUST_00343_C1,CUST_00343,교육,5-49인,Basic,Priority,12,10,0,2424475,-0.0231,-4.7,0.7757,0.0465,0.158,78,0.0,24.27,61.0,30548385,0
CUST_00344_C1,CUST_00344,금융/보험,50-299인,Premium,Priority,12,10,0,13400099,-0.0359,-1.23,0.6139,0.0326,0.2785,35,0.08,24.63,61.0,211051559,0
CUST_00344_C2,CUST_00344,금융/보험,50-299인,Premium,Standard,12,22,1,13804482,-0.0276,-0.35,0.7031,0.0592,0.3044,43,0.2105,49.56,120.0,207067230,1
CUST_00345_C1,CUST_00345,물류/운송,5-49인,Basic,Standard,12,10,0,1126721,0.0157,7.88,0.7646,0.0258,0.2531,108,0.2143,58.0,,13520652,0
CUST_00346_C1,CUST_00346,제조업,5-49인,Basic,Priority,36,34,0,3848133,0.0433,12.82,0.7559,-0.0481,0.253,132,0.0,23.08,61.0,48486476,0
CUST_00347_C1,CUST_00347,교육,5-49인,Basic,Standard,12,10,0,5304382,0.0224,-4.81,0.7363,0.079,0.1971,120,0.0,70.75,120.0,63652584,0
CUST_00348_C1,CUST_00348,제조업,5-49인,Standard,Priority,12,10,0,1117532,-0.0227,-0.28,0.8032,-0.0335,0.2264,47,0.0,23.82,59.0,15488994,0
CUST_00349_C1,CUST_00349,IT/소프트웨어,5-49인,Basic,Priority,12,10,0,3010955,0.1071,13.0,0.6628,-0.1505,0.2104,131,0.0769,21.29,61.0,37938033,1
CUST_00350_C1,CUST_00350,제조업,5-49인,Standard,Standard,12,10,0,4574497,-0.009,9.04,0.7123,0.0018,0.2926,71,0.2381,58.16,122.0,60383360,1
CUST_00351_C1,CUST_00351,교육,5-49인,Basic,Standard,12,10,0,4112685,0.0251,3.2,0.7625,-0.07,0.1756,114,0.2143,38.62,122.0,49352220,0
CUST_00352_C1,CUST_00352,IT/소프트웨어,5-49인,Standard,Priority,12,10,0,5770258,-0.0399,0.84,0.6898,0.018,0.2555,84,0.2105,18.99,61.0,79975776,0
CUST_00353_C1,CUST_00353,제조업,5-49인,Basic,Standard,24,22,0,2579164,0.0254,16.46,0.6361,-0.1039,0.2237,138,0.1875,41.85,122.0,30949968,1
CUST_00354_C1,CUST_00354,제조업,5-49인,Basic,Priority,24,22,0,3150397,0.0113,7.93,0.6795,0.0048,0.2145,137,0.1111,24.09,61.0,39695002,0
CUST_00355_C1,CUST_00355,IT/소프트웨어,5-49인,Basic,Standard,12,10,0,5613523,-0.0196,1.36,0.6589,0.0613,0.221,156,0.1,49.39,122.0,67362276,0
CUST_00355_C2,CUST_00355,IT/소프트웨어,5-49인,Basic,Standard,36,46,1,6593807,0.0103,13.54,0.6952,0.0799,0.1804,112,0.0,43.55,122.0,79125684,0
CUST_00356_C1,CUST_00356,물류/운송,5-49인,Standard,Priority,12,10,0,5454886,0.0105,5.06,0.6859,0.0114,0.2701,90,0.0526,23.66,59.0,75604720,1
CUST_00357_C1,CUST_00357,금융/보험,5-49인,Basic,Standard,24,22,0,1828083,0.0537,12.06,0.66,-0.023,0.2453,129,0.2609,53.25,123.0,21936996,0
CUST_00357_C2,CUST_00357,금융/보험,5-49인,Basic,Standard,12,34,1,1880955,0.0525,4.51,0.7068,0.0522,0.2165,124,0.2727,52.26,123.0,22571460,0
CUST_00358_C1,CUST_00358,금융/보험,5-49인,Standard,Enterprise,12,10,0,11022206,0.0143,4.99,0.6923,-0.0165,0.2691,76,0.0,7.33,31.0,167317087,0
CUST_00359_C1,CUST_00359,금융/보험,5-49인,Standard,Priority,12,10,0,3010248,0.0146,6.7,0.7641,0.0317,0.2078,54,0.1176,25.08,61.0,41722037,0
CUST_00360_C1,CUST_00360,IT/소프트웨어,5-49인,Basic,Standard,12,10,0,1955488,0.0368,2.6,0.7434,-0.0336,0.2465,128,0.0556,46.64,123.0,23465856,0
CUST_00360_C2,CUST_00360,IT/소프트웨어,5-49인,Basic,Standard,12,22,1,2513792,0.0445,6.76,0.7503,-0.0012,0.2485,131,0.15,58.48,123.0,30165504,0
CUST_00360_C3,CUST_00360,IT/소프트웨어,5-49인,Basic,Standard,12,34,2,2759353,-0.0432,0.57,0.7424,-0.0463,0.1946,121,0.3333,32.94,123.0,33112236,0
CUST_00361_C1,CUST_00361,의료/헬스케어,5-49인,Basic,Priority,24,22,0,2263439,0.0365,16.48,0.5642,-0.1435,0.279,182,0.1667,24.1,62.0,28519331,1
CUST_00362_C1,CUST_00362,유통/커머스,300인이상,Premium,Priority,12,10,0,49640433,-0.0033,7.86,0.7157,0.0492,0.284,36,0.16,19.17,60.0,781836820,0
CUST_00363_C1,CUST_00363,금융/보험,5-49인,Basic,Standard,12,10,0,1843908,0.0099,5.73,0.6996,-0.0925,0.2405,156,0.381,56.22,120.0,22126896,1
CUST_00364_C1,CUST_00364,금융/보험,5-49인,Standard,Standard,24,22,0,3283794,0.0227,23.84,0.65,-0.0233,0.2591,97,0.1579,79.77,122.0,43346081,0
CUST_00364_C2,CUST_00364,금융/보험,5-49인,Standard,Standard,12,35,1,2868420,-0.0683,-0.65,0.7336,0.0059,0.205,67,0.25,72.07,122.0,37863144,0
CUST_00365_C1,CUST_00365,기타서비스업,5-49인,Basic,Priority,36,34,0,2900648,-0.0203,12.09,0.7323,-0.1589,0.1992,86,0.0714,26.62,61.0,36548165,0
CUST_00365_C2,CUST_00365,기타서비스업,5-49인,Basic,Priority,24,58,1,3778253,-0.0037,5.82,0.7093,0.0297,0.271,117,0.0,23.27,61.0,47605988,0
CUST_00365_C3,CUST_00365,기타서비스업,5-49인,Basic,Priority,12,70,2,4272531,0.0379,4.31,0.7413,0.1756,0.227,114,0.0,19.09,61.0,53833891,0
CUST_00366_C1,CUST_00366,기타서비스업,5-49인,Basic,Standard,12,10,0,9531988,0.0406,4.79,0.731,0.0062,0.2403,136,0.3125,76.81,120.0,114383856,0
CUST_00366_C2,CUST_00366,기타서비스업,5-49인,Basic,Standard,24,34,1,11433522,-0.0273,12.55,0.7544,-0.0424,0.2114,106,0.1,47.61,120.0,137202264,0
CUST_00367_C1,CUST_00367,의료/헬스케어,5-49인,Basic,Standard,24,22,0,3435149,0.0534,4.03,0.7713,-0.0367,0.1455,92,0.2727,45.46,305.0,41221788,0
CUST_00368_C1,CUST_00368,제조업,5-49인,Basic,Standard,24,22,0,2291224,0.0342,9.3,0.7329,0.0257,0.2238,138,0.2083,51.02,120.0,27494688,1
CUST_00369_C1,CUST_00369,의료/헬스케어,5-49인,Basic,Standard,12,10,0,3052954,0.0612,3.95,0.7072,-0.0682,0.1881,117,0.3846,57.12,122.0,36635448,0
CUST_00369_C2,CUST_00369,의료/헬스케어,5-49인,Basic,Priority,24,34,1,3386473,-0.0388,6.52,0.7697,0.0315,0.2128,100,0.0,27.94,305.0,42669560,0
CUST_00369_C3,CUST_00369,의료/헬스케어,5-49인,Basic,Priority,12,46,2,4080781,0.0129,-0.79,0.6749,-0.061,0.1791,144,0.1538,20.48,61.0,51417841,0
CUST_00370_C1,CUST_00370,유통/커머스,5-49인,Basic,Priority,24,22,0,1804364,0.0574,25.04,0.5351,-0.0676,0.3521,241,0.0,18.85,61.0,22734986,0
CUST_00371_C1,CUST_00371,IT/소프트웨어,5-49인,Standard,Priority,12,10,0,2209048,0.0027,2.97,0.6319,0.0526,0.2119,76,0.0909,20.04,61.0,30617405,0
CUST_00372_C1,CUST_00372,IT/소프트웨어,5-49인,Basic,Priority,24,22,0,4691585,0.0472,-2.91,0.7409,0.1046,0.1929,86,0.1429,20.61,304.0,59113971,0
CUST_00372_C2,CUST_00372,IT/소프트웨어,5-49인,Basic,Enterprise,12,34,1,5004145,0.0542,-4.05,0.7007,-0.0127,0.2375,109,0.0,5.93,30.0,69057201,0
CUST_00373_C1,CUST_00373,물류/운송,5-49인,Basic,Standard,12,10,0,3208343,0.0179,6.9,0.7154,0.0351,0.2489,142,0.0526,61.54,,38500116,0
CUST_00373_C2,CUST_00373,물류/운송,5-49인,Basic,Priority,12,22,1,2242126,-0.0148,0.08,0.6954,-0.1801,0.2383,136,0.2222,21.86,181.0,28250788,0
CUST_00374_C1,CUST_00374,IT/소프트웨어,5-49인,Basic,Standard,24,22,0,6123453,-0.0227,9.34,0.7122,0.0525,0.2362,138,0.2941,51.2,121.0,73481436,0
CUST_00374_C2,CUST_00374,IT/소프트웨어,5-49인,Basic,Priority,12,34,1,5741178,-0.0406,1.48,0.7162,0.0727,0.2642,115,0.0,23.57,61.0,72338843,0
CUST_00374_C3,CUST_00374,IT/소프트웨어,5-49인,Basic,Priority,24,58,2,6552159,0.0691,4.6,0.7495,-0.1143,0.2005,105,0.0909,21.49,61.0,82557203,0
CUST_00375_C1,CUST_00375,물류/운송,5-49인,Standard,Priority,24,22,0,6112575,-0.0204,5.77,0.7345,0.0109,0.2262,60,0.0,19.25,182.0,84720290,0
CUST_00375_C2,CUST_00375,물류/운송,5-49인,Standard,Priority,36,59,1,6473410,-0.0157,8.64,0.6845,-0.0232,0.2201,47,0.0833,18.32,61.0,89721463,0
CUST_00375_C3,CUST_00375,물류/운송,5-49인,Standard,Priority,12,71,2,7605501,0.0107,-1.21,0.6999,-0.0675,0.2373,65,0.0833,28.09,61.0,105412244,0
CUST_00376_C1,CUST_00376,IT/소프트웨어,5-49인,Basic,Standard,24,22,0,1565820,0.0555,15.66,0.7271,-0.054,0.2403,112,0.1579,62.29,305.0,18789840,0
CUST_00376_C2,CUST_00376,IT/소프트웨어,5-49인,Basic,Standard,12,34,1,1282475,-0.0323,1.65,0.6818,-0.053,0.2517,137,0.2941,63.83,121.0,15389700,0
CUST_00376_C3,CUST_00376,IT/소프트웨어,5-49인,Basic,Standard,12,46,2,1004017,-0.0238,7.7,0.7445,0.0087,0.223,121,0.25,59.32,121.0,12048204,0
CUST_00377_C1,CUST_00377,제조업,5-49인,Basic,Standard,24,22,0,3643071,0.0182,1.44,0.6803,0.0511,0.2255,131,0.3333,71.8,122.0,43716852,0
CUST_00378_C1,CUST_00378,유통/커머스,5-49인,Basic,Standard,12,10,0,4000342,-0.0408,-1.56,0.721,-0.0487,0.2269,125,0.2308,43.04,,48004104,0
CUST_00378_C2,CUST_00378,유통/커머스,5-49인,Basic,Priority,36,46,1,4596818,-0.0282,16.25,0.7745,0.0416,0.1871,106,0.1111,24.96,59.0,57919907,0
CUST_00378_C3,CUST_00378,유통/커머스,5-49인,Basic,Standard,24,70,2,4913731,-0.0024,3.39,0.7537,0.0655,0.1921,104,0.0714,48.36,120.0,58964772,0
CUST_00379_C1,CUST_00379,물류/운송,5-49인,Basic,Standard,12,10,0,10376095,0.0174,8.77,0.6722,-0.0089,0.266,152,0.1875,65.46,122.0,124513140,0
CUST_00380_C1,CUST_00380,의료/헬스케어,50-299인,Basic,Priority,36,34,0,5370814,0.0901,16.51,0.7563,-0.0446,0.2336,141,0.1053,24.97,61.0,67672256,0
CUST_00380_C2,CUST_00380,의료/헬스케어,50-299인,Basic,Enterprise,24,58,1,5781760,0.0499,10.46,0.7546,-0.0621,0.152,139,0.0769,6.52,30.0,79788288,0
CUST_00381_C1,CUST_00381,기타서비스업,50-299인,Basic,Enterprise,12,10,0,29434868,0.0199,-0.35,0.6629,0.157,0.2029,134,0.05,6.2,31.0,406201178,0
CUST_00382_C1,CUST_00382,금융/보험,5-49인,Basic,Standard,36,34,0,4313383,0.0262,12.01,0.7429,0.112,0.1831,114,0.3333,55.62,122.0,51760596,0
CUST_00382_C2,CUST_00382,금융/보험,5-49인,Basic,Priority,12,46,1,4133132,0.0009,1.18,0.7692,-0.0567,0.217,93,0.0,27.57,183.0,52077463,0
CUST_00383_C1,CUST_00383,유통/커머스,50-299인,Standard,Enterprise,12,10,0,10917945,0.06,3.01,0.7075,-0.0643,0.181,57,0.0526,7.42,31.0,165734405,0
CUST_00383_C2,CUST_00383,유통/커머스,50-299인,Standard,Priority,24,34,1,12100253,-0.0246,3.72,0.7095,0.0303,0.1918,48,0.0833,24.41,62.0,167709507,0
CUST_00383_C3,CUST_00383,유통/커머스,50-299인,Standard,Priority,36,70,2,13411874,-0.0043,16.63,0.7366,-0.021,0.2174,66,0.1364,26.79,62.0,185888574,0
CUST_00384_C1,CUST_00384,제조업,5-49인,Basic,Standard,12,10,0,2402329,-0.0118,11.76,0.597,0.1281,0.2933,200,0.2333,50.36,122.0,28827948,1
CUST_00385_C1,CUST_00385,유통/커머스,5-49인,Basic,Priority,12,10,0,1263265,-0.0127,2.46,0.8937,0.0044,0.1299,80,0.0,21.35,61.0,15917139,0
CUST_00385_C2,CUST_00385,유통/커머스,5-49인,Basic,Standard,12,22,1,1363176,-0.0534,1.61,0.8051,-0.1096,0.1642,101,0.2353,57.8,306.0,16358112,0
CUST_00386_C1,CUST_00386,금융/보험,5-49인,Basic,Standard,12,10,0,4087159,0.0809,5.15,0.7061,-0.0261,0.1952,101,0.2308,63.98,122.0,49045908,0
CUST_00387_C1,CUST_00387,제조업,5-49인,Basic,Priority,12,10,0,5912031,0.0307,2.23,0.6583,-0.1461,0.1955,141,0.0556,23.89,62.0,74491591,0
CUST_00387_C2,CUST_00387,제조업,5-49인,Basic,Standard,24,34,1,5512616,-0.0488,4.57,0.6753,0.0499,0.2321,140,0.1875,68.74,123.0,66151392,0
CUST_00388_C1,CUST_00388,물류/운송,50-299인,Standard,Standard,24,22,0,12088194,-0.0026,3.24,0.7642,-0.0398,0.1571,56,0.0909,53.71,122.0,159564161,0
CUST_00388_C2,CUST_00388,물류/운송,50-299인,Standard,Standard,12,34,1,8431901,0.0016,-1.2,0.8056,0.014,0.1569,58,0.0,62.94,122.0,111301093,0
CUST_00389_C1,CUST_00389,IT/소프트웨어,5-49인,Basic,Standard,24,22,0,3256118,0.0047,4.12,0.7792,0.07,0.194,104,0.1765,65.64,123.0,39073416,0
CUST_00389_C2,CUST_00389,IT/소프트웨어,5-49인,Basic,Standard,12,34,1,4011499,0.0702,1.3,0.7008,-0.0359,0.1678,112,0.1818,78.37,123.0,48137988,0
CUST_00390_C1,CUST_00390,유통/커머스,5-49인,Basic,Standard,24,22,0,9210217,0.061,6.81,0.7655,-0.0489,0.2026,110,0.1875,75.08,122.0,110522604,1
CUST_00391_C1,CUST_00391,IT/소프트웨어,5-49인,Basic,Standard,12,10,0,2063596,-0.0267,14.03,0.7295,0.1323,0.2252,137,0.125,72.56,122.0,24763152,0
CUST_00392_C1,CUST_00392,기타서비스업,5-49인,Basic,Standard,12,10,0,7574649,0.0468,7.46,0.6457,0.078,0.2221,108,0.1875,48.94,123.0,90895788,0
CUST_00393_C1,CUST_00393,교육,5-49인,Basic,Standard,12,10,0,2920052,-0.0128,-15.63,0.8754,0.0241,0.1196,70,0.2222,64.86,,35040624,0
CUST_00394_C1,CUST_00394,교육,5-49인,Standard,Standard,12,10,0,3121871,0.0628,8.04,0.5958,-0.0106,0.1946,91,0.0667,57.51,120.0,41208697,1
CUST_00395_C1,CUST_00395,제조업,5-49인,Basic,Standard,24,22,0,3872848,0.014,5.06,0.8685,-0.0107,0.1259,81,0.1667,38.65,121.0,46474176,0
CUST_00396_C1,CUST_00396,제조업,5-49인,Basic,Standard,24,22,0,3777176,-0.0149,10.12,0.6508,-0.0461,0.2923,128,0.15,53.84,122.0,45326112,1
CUST_00397_C1,CUST_00397,IT/소프트웨어,50-299인,Standard,Priority,24,22,0,22225254,0.0314,11.92,0.7203,0.0083,0.2391,79,0.0833,27.96,61.0,308042020,0
CUST_00398_C1,CUST_00398,물류/운송,5-49인,Basic,Standard,24,22,0,1503599,-0.0137,14.63,0.6512,-0.1461,0.3299,159,0.1111,48.44,121.0,18043188,0
CUST_00398_C2,CUST_00398,물류/운송,5-49인,Basic,Standard,12,34,1,1619830,0.0193,2.06,0.7003,-0.0596,0.2707,120,0.2,70.91,305.0,19437960,0
CUST_00399_C1,CUST_00399,IT/소프트웨어,5-49인,Standard,Priority,12,10,0,3361049,0.007,8.47,0.6327,-0.0023,0.2587,82,0.381,24.72,62.0,46584139,0
CUST_00399_C2,CUST_00399,IT/소프트웨어,5-49인,Standard,Standard,12,22,1,3107809,-0.0484,6.3,0.6332,-0.0086,0.2725,84,0.1667,57.64,307.0,41023079,0
CUST_00399_C3,CUST_00399,IT/소프트웨어,5-49인,Standard,Standard,24,46,2,2146802,0.0092,12.06,0.7008,0.0723,0.2571,77,0.1176,51.39,306.0,28337786,0
CUST_00400_C1,CUST_00400,IT/소프트웨어,5-49인,Basic,Standard,24,22,0,4191714,0.0217,15.84,0.6771,-0.1022,0.2716,169,0.0833,65.74,122.0,50300568,0
CUST_00400_C2,CUST_00400,IT/소프트웨어,5-49인,Basic,Standard,12,34,1,4034448,0.1008,15.46,0.7002,0.0295,0.2082,164,0.15,53.14,122.0,48413376,0
CUST_00401_C1,CUST_00401,교육,5-49인,Basic,Priority,36,34,0,1164636,0.0483,13.03,0.7488,-0.0589,0.2341,102,0.1333,17.98,59.0,14674414,0
CUST_00402_C1,CUST_00402,물류/운송,5-49인,Standard,Priority,24,22,0,2989900,0.0005,7.17,0.6966,0.0095,0.2349,63,0.1667,23.6,59.0,41440014,0
CUST_00402_C2,CUST_00402,물류/운송,5-49인,Standard,Priority,24,46,1,3667589,-0.0217,4.41,0.7051,0.0033,0.2185,78,0.0588,16.99,59.0,50832784,0
CUST_00403_C1,CUST_00403,금융/보험,50-299인,Premium,Standard,24,22,0,21196659,0.0016,6.92,0.7551,-0.036,0.1602,22,0.2308,48.46,122.0,317949885,0
CUST_00403_C2,CUST_00403,금융/보험,50-299인,Premium,Priority,12,34,1,21157787,0.0792,4.97,0.7797,-0.1158,0.1647,32,0.0526,21.89,61.0,333235145,0
CUST_00404_C1,CUST_00404,의료/헬스케어,5-49인,Basic,Standard,12,10,0,3532322,0.0505,-0.37,0.6869,-0.1068,0.2276,152,0.16,49.32,,42387864,0
CUST_00405_C1,CUST_00405,IT/소프트웨어,5-49인,Basic,Standard,24,22,0,5456101,0.0374,18.91,0.6283,-0.0297,0.2673,182,0.2174,49.83,120.0,65473212,1
CUST_00406_C1,CUST_00406,기타서비스업,5-49인,Basic,Standard,12,10,0,2790524,0.0184,15.46,0.5333,-0.0193,0.3609,200,0.2857,49.47,,33486288,1
CUST_00407_C1,CUST_00407,기타서비스업,5-49인,Basic,Standard,12,10,0,2823530,0.0035,-1.47,0.7341,0.085,0.2701,102,0.1111,58.13,123.0,33882360,0
CUST_00408_C1,CUST_00408,의료/헬스케어,5-49인,Basic,Standard,12,10,0,1415937,-0.0335,6.42,0.6896,0.0749,0.3158,125,0.1053,53.43,121.0,16991244,0
CUST_00409_C1,CUST_00409,교육,5-49인,Basic,Standard,24,22,0,4604395,0.0592,15.63,0.5854,0.0477,0.3152,188,0.1818,56.69,122.0,55252740,0
CUST_00409_C2,CUST_00409,교육,5-49인,Basic,Standard,12,34,1,4097292,-0.0198,5.42,0.6274,0.1057,0.268,148,0.3478,67.08,122.0,49167504,1
CUST_00410_C1,CUST_00410,금융/보험,5-49인,Basic,Standard,12,10,0,9913584,0.1302,19.67,0.6314,-0.0493,0.2982,184,0.1111,72.84,122.0,118963008,1
CUST_00411_C1,CUST_00411,금융/보험,5-49인,Standard,Standard,12,10,0,1723019,-0.0036,-2.31,0.8492,-0.1138,0.1024,44,0.0,36.2,122.0,22743851,0
CUST_00412_C1,CUST_00412,물류/운송,5-49인,Basic,Standard,24,22,0,1877311,0.0749,6.88,0.8079,0.031,0.2073,111,0.1333,86.89,488.0,22527732,0
CUST_00413_C1,CUST_00413,IT/소프트웨어,50-299인,Standard,Priority,24,22,0,14177214,0.0038,6.97,0.7333,-0.0281,0.1451,48,0.1538,18.01,59.0,196496186,0
CUST_00413_C2,CUST_00413,IT/소프트웨어,50-299인,Standard,Priority,12,34,1,14688807,0.0032,1.47,0.7582,0.2002,0.1531,71,0.0625,19.81,59.0,203586865,0
CUST_00413_C3,CUST_00413,IT/소프트웨어,50-299인,Standard,Enterprise,12,46,2,13368570,0.0152,6.23,0.7658,-0.1409,0.1757,58,0.0,5.81,28.0,202934893,0
CUST_00414_C1,CUST_00414,제조업,5-49인,Basic,Standard,24,22,0,1641855,0.0236,17.51,0.6432,0.1436,0.2951,156,0.2,52.98,121.0,19702260,0
CUST_00414_C2,CUST_00414,제조업,5-49인,Basic,Standard,12,34,1,1670319,-0.0129,9.01,0.733,0.0252,0.2761,122,0.0,50.41,120.0,20043828,0
CUST_00415_C1,CUST_00415,물류/운송,5-49인,Basic,Priority,12,10,0,1621379,0.049,8.17,0.7365,0.0992,0.1856,144,0.1667,21.44,59.0,20429375,0
CUST_00416_C1,CUST_00416,제조업,5-49인,Basic,Standard,36,34,0,3570762,-0.0131,17.12,0.7651,0.0277,0.2633,97,0.3333,49.21,122.0,42849144,1
CUST_00417_C1,CUST_00417,물류/운송,5-49인,Basic,Standard,12,10,0,4340448,-0.0885,-1.76,0.7476,0.0643,0.2099,112,0.25,89.02,122.0,52085376,1
CUST_00418_C1,CUST_00418,제조업,5-49인,Basic,Priority,24,22,0,2694374,0.0464,11.94,0.66,0.0585,0.1985,117,0.1333,27.78,181.0,33949112,0
CUST_00419_C1,CUST_00419,제조업,5-49인,Standard,Priority,12,10,0,2849716,-0.0196,14.79,0.6574,0.0867,0.2903,83,0.125,19.11,62.0,39497064,1
CUST_00420_C1,CUST_00420,IT/소프트웨어,50-299인,Basic,Priority,12,10,0,9591667,0.0501,6.23,0.6914,0.0613,0.2717,128,0.0435,18.74,62.0,120855004,0
CUST_00421_C1,CUST_00421,제조업,5-49인,Basic,Standard,24,22,0,1267210,-0.0152,17.36,0.6488,0.0942,0.3125,184,0.2667,75.32,123.0,15206520,1
CUST_00422_C1,CUST_00422,기타서비스업,5-49인,Basic,Standard,12,10,0,2928163,0.0094,-2.59,0.7032,-0.0285,0.2039,95,0.0833,55.08,122.0,35137956,0
CUST_00423_C1,CUST_00423,제조업,5-49인,Basic,Standard,12,10,0,7092111,0.0065,11.49,0.7126,-0.1194,0.2827,145,0.0556,55.05,122.0,85105332,1
CUST_00424_C1,CUST_00424,유통/커머스,5-49인,Basic,Standard,24,22,0,7311256,-0.057,2.0,0.6738,-0.0611,0.2157,130,0.4118,53.76,122.0,87735072,0
CUST_00425_C1,CUST_00425,IT/소프트웨어,50-299인,Basic,Standard,12,10,0,5206640,-0.0568,-4.14,0.7847,-0.0563,0.1777,89,0.0625,53.53,122.0,62479680,0
CUST_00425_C2,CUST_00425,IT/소프트웨어,50-299인,Basic,Standard,12,22,1,6279539,0.0301,0.72,0.7947,-0.0464,0.1718,80,0.125,48.94,122.0,75354468,0
CUST_00426_C1,CUST_00426,기타서비스업,5-49인,Basic,Standard,24,22,0,5565111,-0.0403,-4.54,0.7793,0.1673,0.1794,77,0.0,82.17,122.0,66781332,0
CUST_00427_C1,CUST_00427,의료/헬스케어,5-49인,Basic,Standard,12,10,0,2900385,0.0596,12.75,0.7325,-0.0658,0.225,141,0.25,50.2,122.0,34804620,1
CUST_00428_C1,CUST_00428,제조업,5-49인,Standard,Standard,12,10,0,2696397,0.0313,6.01,0.6961,-0.0366,0.2236,84,0.2143,68.75,122.0,35592440,0
CUST_00429_C1,CUST_00429,금융/보험,50-299인,Standard,Enterprise,12,10,0,14676479,0.0071,3.72,0.6923,-0.0102,0.1858,79,0.0909,7.24,,222788951,0
CUST_00430_C1,CUST_00430,금융/보험,5-49인,Basic,Standard,12,10,0,1224754,-0.0381,-6.66,0.7717,-0.0165,0.2005,86,0.1,86.6,,14697048,0
CUST_00431_C1,CUST_00431,금융/보험,5-49인,Basic,Standard,12,10,0,1107614,-0.0196,7.84,0.6576,-0.0226,0.2326,118,0.3,44.8,123.0,13291368,1
CUST_00432_C1,CUST_00432,물류/운송,5-49인,Basic,Enterprise,12,10,0,2931590,0.0368,5.58,0.7357,0.0703,0.2601,112,0.0455,7.33,31.0,40455942,0
CUST_00433_C1,CUST_00433,기타서비스업,5-49인,Basic,Standard,12,10,0,656269,0.0187,7.61,0.6974,-0.0259,0.2778,163,0.2941,50.57,123.0,7875228,0
CUST_00433_C2,CUST_00433,기타서비스업,5-49인,Basic,Standard,12,22,1,926314,0.0783,13.21,0.6286,-0.1283,0.3111,187,0.1667,66.47,123.0,11115768,1
CUST_00434_C1,CUST_00434,제조업,50-299인,Standard,Priority,36,34,0,15331942,-0.0644,5.77,0.7552,0.0528,0.1831,55,0.0,20.36,61.0,212500716,0
CUST_00435_C1,CUST_00435,제조업,5-49인,Basic,Standard,12,10,0,3180920,-0.0122,9.65,0.7477,0.0422,0.1939,121,0.1875,68.63,122.0,38171040,1
CUST_00436_C1,CUST_00436,IT/소프트웨어,5-49인,Standard,Standard,36,34,0,2689551,0.0553,33.06,0.6198,-0.1199,0.2698,98,0.1852,56.65,122.0,35502073,1
CUST_00437_C1,CUST_00437,IT/소프트웨어,5-49인,Basic,Priority,12,10,0,6078795,0.0925,14.02,0.6781,-0.0289,0.2436,159,0.2667,23.3,,76592817,1
CUST_00438_C1,CUST_00438,물류/운송,5-49인,Basic,Standard,12,10,0,1240422,0.0433,15.6,0.6292,-0.0155,0.3002,182,0.5333,56.7,122.0,14885064,1
CUST_00439_C1,CUST_00439,유통/커머스,5-49인,Basic,Standard,12,10,0,704923,-0.0299,-8.33,0.8106,-0.0443,0.1858,78,0.0,55.47,,8459076,0
CUST_00440_C1,CUST_00440,제조업,50-299인,Premium,Priority,12,10,0,11466336,0.0448,10.91,0.743,-0.0336,0.188,27,0.0,20.75,183.0,180594792,0
CUST_00441_C1,CUST_00441,제조업,50-299인,Basic,Standard,36,34,0,7796266,0.0294,25.89,0.6949,-0.0219,0.3089,147,0.3333,52.73,120.0,93555192,1
CUST_00442_C1,CUST_00442,금융/보험,5-49인,Basic,Standard,36,34,0,1469130,0.0334,20.97,0.6232,-0.0222,0.2541,178,0.2143,51.98,122.0,17629560,0
CUST_00442_C2,CUST_00442,금융/보험,5-49인,Basic,Standard,12,46,1,1615030,0.0236,11.81,0.6669,0.0041,0.2778,168,0.3636,45.07,122.0,19380360,0
CUST_00443_C1,CUST_00443,물류/운송,5-49인,Basic,Priority,24,22,0,2796557,0.0478,19.23,0.7388,-0.0814,0.2195,167,0.2143,17.34,59.0,35236618,0
CUST_00443_C2,CUST_00443,물류/운송,5-49인,Basic,Standard,12,34,1,2823658,-0.0026,9.19,0.7252,0.1526,0.2217,112,0.1538,44.95,425.0,33883896,0
CUST_00443_C3,CUST_00443,물류/운송,5-49인,Basic,Standard,12,46,2,3362216,0.023,4.44,0.7575,0.0333,0.2224,128,0.0625,47.09,120.0,40346592,0
CUST_00444_C1,CUST_00444,제조업,5-49인,Basic,Enterprise,12,10,0,2259279,0.0408,7.17,0.6271,-0.0516,0.2351,141,0.0,7.42,30.0,31178050,0
CUST_00444_C2,CUST_00444,제조업,5-49인,Basic,Standard,12,22,1,2397616,0.0692,11.98,0.6998,0.0342,0.2258,159,0.2143,52.1,122.0,28771392,0
CUST_00444_C3,CUST_00444,제조업,5-49인,Basic,Enterprise,24,46,2,2495195,0.0122,7.72,0.7455,-0.0814,0.2027,113,0.0,7.99,30.0,34433691,0
CUST_00445_C1,CUST_00445,유통/커머스,5-49인,Basic,Priority,24,22,0,6904257,-0.0624,-2.19,0.7962,0.0176,0.2588,115,0.0625,26.21,61.0,86993638,0
CUST_00446_C1,CUST_00446,IT/소프트웨어,50-299인,Standard,Priority,12,10,0,33754171,-0.0557,3.4,0.7304,-0.0097,0.2023,56,0.0,21.84,61.0,467832810,0
CUST_00447_C1,CUST_00447,기타서비스업,5-49인,Basic,Standard,24,22,0,3902551,0.0346,18.52,0.7678,0.01,0.2216,107,0.2,71.55,122.0,46830612,0
CUST_00448_C1,CUST_00448,유통/커머스,5-49인,Basic,Standard,24,22,0,1848745,0.0594,7.57,0.7529,-0.1357,0.2032,123,0.3684,50.14,120.0,22184940,1
CUST_00449_C1,CUST_00449,금융/보험,5-49인,Basic,Standard,12,10,0,4868409,-0.0132,5.69,0.7003,0.0852,0.2238,162,0.12,59.05,122.0,58420908,0
CUST_00449_C2,CUST_00449,금융/보험,5-49인,Basic,Priority,12,22,1,5284317,-0.0062,8.02,0.6725,0.1284,0.2786,129,0.2,22.56,182.0,66582394,0
CUST_00449_C3,CUST_00449,금융/보험,5-49인,Basic,Standard,12,34,2,3716821,0.0159,-1.31,0.7904,-0.1082,0.2615,165,0.3636,65.19,305.0,44601852,0
CUST_00450_C1,CUST_00450,IT/소프트웨어,5-49인,Standard,Standard,12,10,0,2976865,-0.0263,-14.19,0.746,0.0141,0.1846,39,0.0909,69.39,120.0,39294618,0
CUST_00450_C2,CUST_00450,IT/소프트웨어,5-49인,Standard,Standard,12,22,1,3425042,-0.0592,-1.09,0.7362,-0.0232,0.2428,45,0.1333,51.25,121.0,45210554,0
CUST_00451_C1,CUST_00451,교육,5-49인,Basic,Standard,12,10,0,1490860,0.03,11.27,0.6874,0.0679,0.1922,125,0.0769,52.67,122.0,17890320,0
CUST_00452_C1,CUST_00452,물류/운송,5-49인,Basic,Priority,12,10,0,2638071,0.04,0.59,0.79,-0.0586,0.2038,104,0.0556,25.52,61.0,33239695,1
CUST_00453_C1,CUST_00453,금융/보험,5-49인,Basic,Standard,12,10,0,6141389,0.0398,6.41,0.7352,0.053,0.2103,113,0.0556,58.66,122.0,73696668,0
CUST_00453_C2,CUST_00453,금융/보험,5-49인,Basic,Standard,36,46,1,5311478,0.0104,16.01,0.7167,0.0295,0.1905,112,0.2143,44.65,122.0,63737736,0
CUST_00454_C1,CUST_00454,제조업,50-299인,Basic,Standard,24,22,0,22288142,0.0245,14.89,0.7277,0.1969,0.1878,120,0.25,62.36,122.0,267457704,0
CUST_00455_C1,CUST_00455,제조업,5-49인,Premium,Priority,12,10,0,4678817,-0.0331,-4.68,0.7226,0.0545,0.1984,21,0.0,21.33,59.0,73691368,0
CUST_00455_C2,CUST_00455,제조업,5-49인,Premium,Priority,12,22,1,4956424,-0.0261,5.87,0.6572,-0.087,0.2128,20,0.1053,19.92,182.0,78063678,0
CUST_00455_C3,CUST_00455,제조업,5-49인,Premium,Priority,24,46,2,5511311,0.0485,11.73,0.7141,-0.0397,0.2058,44,0.05,25.61,59.0,86803148,0
CUST_00456_C1,CUST_00456,금융/보험,5-49인,Basic,Priority,24,22,0,2770431,0.0028,2.78,0.7506,-0.0138,0.2107,99,0.0,24.63,62.0,34907431,0
CUST_00456_C2,CUST_00456,금융/보험,5-49인,Basic,Standard,12,34,1,3249083,0.0148,6.48,0.8231,0.0533,0.1838,99,0.0588,57.24,123.0,38988996,0
CUST_00456_C3,CUST_00456,금융/보험,5-49인,Basic,Standard,36,70,2,2413964,-0.019,15.25,0.7142,0.0226,0.1946,99,0.1111,44.12,123.0,28967568,0
CUST_00457_C1,CUST_00457,IT/소프트웨어,5-49인,Standard,Priority,12,10,0,1572706,0.0358,-0.12,0.8617,-0.1085,0.164,41,0.0,18.23,62.0,21797705,0
CUST_00457_C2,CUST_00457,IT/소프트웨어,5-49인,Standard,Enterprise,12,22,1,1747491,0.0185,5.61,0.8112,-0.0918,0.1637,49,0.0,8.83,31.0,26526913,0
CUST_00458_C1,CUST_00458,교육,5-49인,Basic,Standard,24,22,0,3872673,0.0228,-2.29,0.7629,0.0001,0.1359,81,0.0,75.46,122.0,46472076,0
CUST_00458_C2,CUST_00458,교육,5-49인,Basic,Standard,12,34,1,4018271,0.0568,2.48,0.7368,0.0164,0.1895,110,0.2222,52.9,305.0,48219252,0
CUST_00459_C1,CUST_00459,IT/소프트웨어,50-299인,Standard,Priority,36,34,0,15903810,0.0428,11.7,0.7226,-0.1971,0.2616,81,0.2727,22.41,61.0,220426807,1
CUST_00460_C1,CUST_00460,금융/보험,300인이상,Standard,Standard,12,10,0,20928935,-0.0183,7.49,0.6999,-0.0328,0.2792,109,0.2222,62.35,122.0,276261942,0
CUST_00461_C1,CUST_00461,제조업,5-49인,Basic,Standard,12,10,0,2663923,-0.0336,10.54,0.7176,0.0759,0.2186,135,0.2308,50.9,123.0,31967076,1
CUST_00462_C1,CUST_00462,기타서비스업,5-49인,Basic,Standard,12,10,0,1515995,0.0245,0.13,0.7262,0.0197,0.1757,107,0.1667,52.94,123.0,18191940,0
CUST_00462_C2,CUST_00462,기타서비스업,5-49인,Basic,Enterprise,24,34,1,1908703,0.0244,19.72,0.7517,0.0152,0.2435,156,0.0,8.22,31.0,26340101,0
CUST_00462_C3,CUST_00462,기타서비스업,5-49인,Basic,Priority,12,46,2,1634254,0.0174,2.22,0.7394,-0.0286,0.2296,107,0.25,19.12,62.0,20591600,0
CUST_00463_C1,CUST_00463,제조업,5-49인,Basic,Standard,12,10,0,2161295,0.0535,7.99,0.7246,-0.0375,0.2009,123,0.0625,71.66,122.0,25935540,0
CUST_00464_C1,CUST_00464,IT/소프트웨어,5-49인,Basic,Standard,24,22,0,1308574,0.0763,11.31,0.701,0.0747,0.2367,129,0.1818,58.68,120.0,15702888,0
CUST_00465_C1,CUST_00465,IT/소프트웨어,5-49인,Basic,Standard,12,10,0,3035346,-0.0023,0.99,0.7151,-0.0463,0.2324,108,0.1429,52.17,122.0,36424152,0
CUST_00465_C2,CUST_00465,IT/소프트웨어,5-49인,Basic,Standard,36,46,1,3888715,0.0262,11.27,0.6915,0.0066,0.1963,136,0.05,57.56,122.0,46664580,0
CUST_00466_C1,CUST_00466,IT/소프트웨어,5-49인,Basic,Standard,12,10,0,1246142,0.0281,2.2,0.7224,-0.0128,0.239,126,0.1429,49.22,120.0,14953704,0
CUST_00467_C1,CUST_00467,제조업,50-299인,Standard,Priority,36,34,0,10575414,-0.0122,3.25,0.5858,0.0886,0.2994,97,0.12,20.73,59.0,146575238,0
CUST_00468_C1,CUST_00468,유통/커머스,50-299인,Standard,Priority,24,22,0,25480925,0.0414,7.53,0.6257,0.0197,0.2327,79,0.1875,19.11,61.0,353165620,1
CUST_00469_C1,CUST_00469,제조업,50-299인,Basic,Priority,36,34,0,11290664,0.0638,23.79,0.6207,-0.0156,0.265,134,0.1333,28.23,59.0,142262366,0
CUST_00470_C1,CUST_00470,유통/커머스,5-49인,Premium,Priority,24,22,0,5272636,0.0385,23.22,0.6353,0.1138,0.2691,46,0.1304,21.86,61.0,83044017,0
CUST_00470_C2,CUST_00470,유통/커머스,5-49인,Premium,Priority,24,46,1,3817006,0.0441,16.99,0.6672,0.0423,0.2956,48,0.2174,20.66,61.0,60117844,0
CUST_00471_C1,CUST_00471,제조업,5-49인,Basic,Standard,24,22,0,1270849,0.0596,11.1,0.7182,-0.0844,0.1555,110,0.0769,90.98,123.0,15250188,0
CUST_00471_C2,CUST_00471,제조업,5-49인,Basic,Standard,12,34,1,1096239,0.0142,2.39,0.7433,-0.0658,0.1958,118,0.1429,51.48,489.0,13154868,0
CUST_00472_C1,CUST_00472,제조업,5-49인,Standard,Standard,24,22,0,3144523,-0.0119,-2.76,0.8714,-0.0622,0.1755,43,0.1111,69.21,304.0,41507704,0
CUST_00472_C2,CUST_00472,제조업,5-49인,Standard,Standard,12,34,1,3504608,0.0522,-0.13,0.8153,-0.1535,0.1613,53,0.1538,57.38,120.0,46260826,0
CUST_00473_C1,CUST_00473,유통/커머스,5-49인,Standard,Priority,12,10,0,4850253,0.0211,9.24,0.6911,0.0068,0.3118,77,0.1364,23.89,62.0,67224507,0
CUST_00474_C1,CUST_00474,금융/보험,5-49인,Basic,Standard,24,22,0,1225190,0.0283,10.8,0.8338,0.0516,0.201,89,0.0,71.72,122.0,14702280,0
CUST_00474_C2,CUST_00474,금융/보험,5-49인,Basic,Priority,12,34,1,1081831,-0.0721,-7.16,0.7519,-0.0038,0.2,99,0.0,19.67,184.0,13631071,0
CUST_00474_C3,CUST_00474,금융/보험,5-49인,Basic,Standard,12,46,2,1413698,-0.0177,1.34,0.6353,0.0221,0.2653,137,0.2,38.43,122.0,16964376,0
CUST_00475_C1,CUST_00475,IT/소프트웨어,50-299인,Standard,Enterprise,12,10,0,50393864,0.0984,0.32,0.8053,0.0005,0.1316,51,0.0,5.43,30.0,764978856,0
CUST_00476_C1,CUST_00476,제조업,5-49인,Basic,Standard,12,10,0,4861308,0.0362,7.3,0.6864,-0.0594,0.2539,121,0.0769,76.28,123.0,58335696,1
CUST_00477_C1,CUST_00477,기타서비스업,50-299인,Standard,Enterprise,12,10,0,17131113,0.0457,4.61,0.7545,0.0249,0.1596,64,0.0,7.01,31.0,260050295,0
CUST_00478_C1,CUST_00478,IT/소프트웨어,50-299인,Standard,Priority,24,22,0,29500403,0.0023,9.2,0.7187,-0.1177,0.1676,46,0.0,20.67,181.0,408875586,0
CUST_00479_C1,CUST_00479,IT/소프트웨어,5-49인,Basic,Standard,12,10,0,5948497,-0.0218,-6.25,0.8004,0.0086,0.1834,94,0.0,55.5,123.0,71381964,1
CUST_00480_C1,CUST_00480,제조업,5-49인,Standard,Priority,24,22,0,6631902,0.0021,9.47,0.7055,0.0328,0.1973,76,0.0,17.91,306.0,91918162,0
CUST_00480_C2,CUST_00480,제조업,5-49인,Standard,Standard,12,34,1,8085564,0.0936,9.43,0.6711,0.0004,0.2391,82,0.1071,79.31,123.0,106729445,1
CUST_00481_C1,CUST_00481,금융/보험,5-49인,Basic,Standard,12,10,0,4720104,0.0519,0.6,0.7646,0.0256,0.1707,122,0.1429,46.53,122.0,56641248,0
CUST_00481_C2,CUST_00481,금융/보험,5-49인,Basic,Priority,24,34,1,5974735,0.0239,16.2,0.7992,0.084,0.2099,117,0.0,18.88,183.0,75281661,0
CUST_00482_C1,CUST_00482,물류/운송,5-49인,Standard,Priority,12,10,0,3839750,0.0218,3.54,0.6972,0.072,0.2287,58,0.1875,24.6,60.0,53218935,0
CUST_00482_C2,CUST_00482,물류/운송,5-49인,Standard,Standard,36,46,1,4843069,0.0116,19.25,0.6853,0.0156,0.2033,55,0.2,51.22,120.0,63928511,0
CUST_00483_C1,CUST_00483,금융/보험,5-49인,Basic,Enterprise,24,22,0,3580903,-0.0619,-8.57,0.8782,0.0418,0.1546,69,0.0,6.81,31.0,49416461,0
CUST_00484_C1,CUST_00484,제조업,5-49인,Basic,Priority,24,22,0,2211160,0.0377,14.86,0.6939,-0.0301,0.2721,151,0.08,25.26,306.0,27860616,0
CUST_00485_C1,CUST_00485,제조업,50-299인,Basic,Standard,12,10,0,6599386,0.0278,-4.22,0.7637,-0.0655,0.1207,110,0.0833,67.54,,79192632,0
CUST_00486_C1,CUST_00486,제조업,50-299인,Basic,Standard,12,10,0,7245789,-0.0049,-1.14,0.7199,-0.1429,0.1876,97,0.0,62.1,123.0,86949468,0
CUST_00486_C2,CUST_00486,제조업,50-299인,Basic,Enterprise,36,46,1,9784463,0.0477,15.57,0.7115,0.0614,0.2315,112,0.0,7.56,31.0,135025589,0
CUST_00487_C1,CUST_00487,유통/커머스,5-49인,Basic,Standard,12,10,0,3393438,-0.0201,6.75,0.6231,0.092,0.2967,196,0.3333,58.0,122.0,40721256,1
CUST_00488_C1,CUST_00488,유통/커머스,50-299인,Standard,Enterprise,24,22,0,9541984,0.0483,15.43,0.6244,0.1116,0.2926,94,0.0625,7.18,123.0,144847317,0
CUST_00489_C1,CUST_00489,기타서비스업,5-49인,Basic,Standard,12,10,0,3035913,0.0089,7.31,0.77,-0.0052,0.2548,128,0.2353,56.31,122.0,36430956,0
CUST_00489_C2,CUST_00489,기타서비스업,5-49인,Basic,Priority,24,34,1,3802044,-0.0318,9.5,0.7045,-0.0805,0.2359,102,0.0476,23.31,61.0,47905754,0
CUST_00490_C1,CUST_00490,의료/헬스케어,5-49인,Basic,Standard,12,10,0,3729762,0.0484,9.86,0.6897,-0.0792,0.1888,92,0.0,43.21,122.0,44757144,0
CUST_00491_C1,CUST_00491,교육,5-49인,Basic,Standard,24,22,0,3827428,-0.0129,10.67,0.714,-0.0165,0.262,113,0.3636,47.17,304.0,45929136,1
CUST_00492_C1,CUST_00492,교육,5-49인,Basic,Standard,24,22,0,4906875,0.0649,15.09,0.6831,-0.0043,0.2042,143,0.2667,52.79,122.0,58882500,0
CUST_00493_C1,CUST_00493,기타서비스업,5-49인,Basic,Standard,24,22,0,5152670,-0.08,7.7,0.6685,-0.0016,0.1851,99,0.0909,45.4,121.0,61832040,0
CUST_00493_C2,CUST_00493,기타서비스업,5-49인,Basic,Standard,12,34,1,5150582,0.0085,-0.09,0.6927,0.0243,0.1782,113,0.0,49.0,305.0,61806984,0
CUST_00494_C1,CUST_00494,금융/보험,5-49인,Basic,Standard,12,10,0,4087675,0.0418,11.85,0.7692,0.033,0.2327,121,0.3,54.14,120.0,49052100,0
CUST_00494_C2,CUST_00494,금융/보험,5-49인,Basic,Standard,24,34,1,4401184,0.0137,9.96,0.6868,-0.0053,0.1932,120,0.3077,46.97,120.0,52814208,0
CUST_00495_C1,CUST_00495,제조업,5-49인,Standard,Enterprise,24,22,0,3133318,-0.015,-7.65,0.8277,-0.0464,0.1374,46,0.0,7.02,30.0,47563767,0
CUST_00496_C1,CUST_00496,의료/헬스케어,5-49인,Basic,Standard,12,10,0,1595908,-0.0123,-7.92,0.7979,0.0652,0.1135,65,0.1,35.78,120.0,19150896,0
CUST_00496_C2,CUST_00496,의료/헬스케어,5-49인,Basic,Standard,24,35,1,2202513,-0.0527,1.29,0.7529,-0.0315,0.1787,75,0.0,53.58,121.0,26430156,0
CUST_00497_C1,CUST_00497,제조업,5-49인,Basic,Priority,12,10,0,2917556,0.0399,3.69,0.6905,-0.0014,0.2727,138,0.125,22.92,61.0,36761206,0
CUST_00497_C2,CUST_00497,제조업,5-49인,Basic,Standard,12,22,1,3486975,0.0468,8.17,0.6181,0.094,0.2446,142,0.1562,49.43,304.0,41843700,0
CUST_00498_C1,CUST_00498,제조업,5-49인,Basic,Standard,12,10,0,2862955,0.0689,5.93,0.7142,0.0062,0.2352,129,0.0833,60.85,122.0,34355460,0
CUST_00498_C2,CUST_00498,제조업,5-49인,Basic,Priority,24,34,1,2833761,-0.0117,6.46,0.6585,-0.0557,0.2595,106,0.0556,19.69,61.0,35705389,0
CUST_00498_C3,CUST_00498,제조업,5-49인,Basic,Standard,12,46,2,2889581,0.0041,5.13,0.6816,0.0871,0.2293,138,0.2667,78.25,122.0,34674972,1
CUST_00499_C1,CUST_00499,제조업,5-49인,Basic,Priority,24,22,0,3682390,-0.0604,5.72,0.6983,0.082,0.2471,139,0.0909,28.43,61.0,46398114,0
CUST_00499_C2,CUST_00499,제조업,5-49인,Basic,Standard,24,46,1,3960823,0.0588,13.48,0.6607,0.0396,0.2384,110,0.0833,55.66,122.0,47529876,1
CUST_00500_C1,CUST_00500,교육,50-299인,Premium,Enterprise,12,10,0,34235994,0.134,7.69,0.7154,0.0077,0.2322,36,0.0,6.43,31.0,590570896,0
CUST_00501_C1,CUST_00501,물류/운송,5-49인,Basic,Standard,12,10,0,3832317,-0.0122,7.33,0.7468,-0.0842,0.2539,134,0.1905,59.62,121.0,45987804,1
CUST_00502_C1,CUST_00502,제조업,5-49인,Basic,Standard,24,22,0,2069700,0.0192,5.88,0.7408,0.02,0.2282,101,0.0625,43.01,123.0,24836400,0
CUST_00503_C1,CUST_00503,유통/커머스,5-49인,Basic,Priority,12,10,0,896212,0.0374,11.64,0.6014,-0.1206,0.3474,232,0.0769,22.16,59.0,11292271,0
CUST_00503_C2,CUST_00503,유통/커머스,5-49인,Basic,Standard,12,22,1,987388,-0.0132,5.09,0.648,0.1162,0.2409,133,0.0625,59.59,121.0,11848656,0
CUST_00503_C3,CUST_00503,유통/커머스,5-49인,Basic,Priority,12,34,2,1178953,-0.028,8.42,0.6885,-0.0582,0.2404,115,0.15,28.5,183.0,14854808,1
CUST_00504_C1,CUST_00504,유통/커머스,5-49인,Standard,Standard,24,22,0,5896915,-0.0747,12.23,0.6484,-0.0011,0.2004,59,0.2,73.64,121.0,77839278,0
CUST_00505_C1,CUST_00505,제조업,5-49인,Standard,Enterprise,24,22,0,4079832,0.0817,12.17,0.6572,-0.0014,0.2432,74,0.087,5.67,31.0,61931850,0
CUST_00505_C2,CUST_00505,제조업,5-49인,Standard,Enterprise,24,46,1,4316986,0.0202,11.86,0.685,-0.0375,0.3306,92,0.0526,7.09,121.0,65531847,0
CUST_00506_C1,CUST_00506,금융/보험,5-49인,Basic,Priority,12,10,0,4274384,0.014,-2.25,0.714,0.0565,0.209,92,0.0,29.65,61.0,53857238,0
CUST_00507_C1,CUST_00507,금융/보험,5-49인,Standard,Standard,12,10,0,8346043,0.0563,16.03,0.7281,-0.0952,0.2433,74,0.0556,59.35,121.0,110167768,0
CUST_00508_C1,CUST_00508,의료/헬스케어,50-299인,Premium,Enterprise,24,22,0,21677275,-0.028,6.32,0.6613,0.0173,0.25,32,0.0588,8.14,121.0,373932994,0
CUST_00509_C1,CUST_00509,의료/헬스케어,300인이상,Standard,Priority,36,34,0,35364184,0.0435,17.45,0.8228,0.0429,0.1551,61,0.0,23.0,61.0,490147590,0
CUST_00510_C1,CUST_00510,의료/헬스케어,5-49인,Basic,Enterprise,12,10,0,2159342,-0.0227,-4.9,0.741,-0.003,0.2144,109,0.0833,5.79,31.0,29798920,0
CUST_00510_C2,CUST_00510,의료/헬스케어,5-49인,Basic,Standard,12,22,1,2801224,0.0281,11.91,0.7045,-0.0315,0.123,107,0.3333,45.73,120.0,33614688,0
CUST_00510_C3,CUST_00510,의료/헬스케어,5-49인,Basic,Standard,24,46,2,2151675,-0.0331,-0.35,0.7154,-0.0986,0.2099,136,0.0,47.52,121.0,25820100,0
CUST_00511_C1,CUST_00511,교육,5-49인,Basic,Standard,24,22,0,3330887,0.0247,11.47,0.7034,-0.0541,0.1735,130,0.1429,62.22,304.0,39970644,0
CUST_00512_C1,CUST_00512,의료/헬스케어,5-49인,Basic,Standard,12,10,0,4101015,0.0606,14.09,0.7252,-0.0546,0.25,171,0.1579,65.94,122.0,49212180,0
CUST_00512_C2,CUST_00512,의료/헬스케어,5-49인,Basic,Standard,36,46,1,2891801,0.0122,11.42,0.6975,0.0208,0.2228,131,0.0,65.05,669.0,34701612,1
CUST_00513_C1,CUST_00513,제조업,50-299인,Standard,Priority,36,34,0,6499945,0.0059,20.62,0.7648,0.0461,0.2448,54,0.0833,18.75,184.0,90089238,0
CUST_00513_C2,CUST_00513,제조업,50-299인,Standard,Priority,24,58,1,7319584,0.0274,6.24,0.7468,0.0414,0.2108,82,0.0667,26.99,62.0,101449434,0
CUST_00514_C1,CUST_00514,교육,50-299인,Standard,Priority,12,10,0,10557485,0.0407,-1.56,0.6866,0.0758,0.1444,57,0.0,22.57,61.0,146326742,0
CUST_00514_C2,CUST_00514,교육,50-299인,Standard,Standard,24,34,1,12881613,0.0184,2.38,0.7399,0.1377,0.1487,72,0.2667,57.65,485.0,170037292,0
CUST_00515_C1,CUST_00515,물류/운송,5-49인,Basic,Priority,12,10,0,2377791,0.0734,7.46,0.7293,-0.0572,0.1489,110,0.0833,23.39,59.0,29960167,0
CUST_00516_C1,CUST_00516,금융/보험,50-299인,Standard,Standard,24,22,0,8909589,0.0321,6.65,0.7935,-0.0683,0.1695,76,0.0833,77.05,122.0,117606575,0
CUST_00516_C2,CUST_00516,금융/보험,50-299인,Standard,Priority,36,58,1,10021332,-0.0176,13.81,0.7319,-0.1538,0.238,86,0.0588,19.23,61.0,138895662,0
CUST_00517_C1,CUST_00517,금융/보험,5-49인,Basic,Standard,24,22,0,1527484,0.0974,0.02,0.8001,-0.1547,0.1062,94,0.1429,65.35,122.0,18329808,0
CUST_00518_C1,CUST_00518,제조업,50-299인,Basic,Standard,36,34,0,25217407,-0.0531,17.7,0.7074,-0.0389,0.2786,134,0.0526,67.71,122.0,302608884,0
CUST_00519_C1,CUST_00519,IT/소프트웨어,5-49인,Basic,Standard,24,22,0,2925881,0.0371,12.14,0.7113,-0.0747,0.1585,114,0.0556,71.04,120.0,35110572,0
CUST_00519_C2,CUST_00519,IT/소프트웨어,5-49인,Basic,Standard,12,34,1,2850470,0.054,0.74,0.7707,0.0144,0.159,94,0.0714,54.48,120.0,34205640,0
CUST_00519_C3,CUST_00519,IT/소프트웨어,5-49인,Basic,Standard,12,46,2,2190568,-0.0377,5.16,0.793,0.1119,0.2206,109,0.0,64.05,120.0,26286816,0
CUST_00520_C1,CUST_00520,제조업,5-49인,Basic,Priority,24,22,0,2986827,0.0116,20.87,0.6189,-0.1015,0.2741,168,0.0,19.46,61.0,37634020,0
CUST_00520_C2,CUST_00520,제조업,5-49인,Basic,Standard,12,34,1,2679056,-0.0139,8.25,0.7349,-0.0279,0.2701,141,0.2727,46.46,305.0,32148672,1
CUST_00521_C1,CUST_00521,IT/소프트웨어,50-299인,Basic,Priority,12,10,0,9663828,-0.033,3.93,0.6824,-0.0277,0.2466,136,0.1538,19.65,62.0,121764233,0
CUST_00521_C2,CUST_00521,IT/소프트웨어,50-299인,Basic,Standard,36,46,1,11096396,0.0117,11.4,0.8234,-0.012,0.1628,106,0.0769,53.9,123.0,133156752,0
CUST_00521_C3,CUST_00521,IT/소프트웨어,50-299인,Basic,Standard,24,70,2,13309463,0.0798,18.01,0.7178,-0.2481,0.228,115,0.2,66.76,123.0,159713556,0
CUST_00522_C1,CUST_00522,물류/운송,5-49인,Basic,Priority,24,22,0,4980182,0.0006,-1.38,0.7665,0.0281,0.132,85,0.0,21.45,62.0,62750293,0
CUST_00522_C2,CUST_00522,물류/운송,5-49인,Basic,Standard,24,46,1,5507113,0.045,5.78,0.7807,-0.0073,0.1499,90,0.0833,54.92,121.0,66085356,0
CUST_00522_C3,CUST_00522,물류/운송,5-49인,Basic,Standard,24,70,2,5538884,0.0251,7.01,0.7599,-0.0405,0.1676,99,0.0952,60.54,121.0,66466608,0
CUST_00523_C1,CUST_00523,물류/운송,5-49인,Basic,Standard,36,34,0,2122364,0.0231,17.33,0.5972,0.0005,0.2922,204,0.25,62.39,304.0,25468368,1
CUST_00524_C1,CUST_00524,물류/운송,5-49인,Basic,Standard,12,10,0,2944427,0.0265,7.4,0.7079,-0.0244,0.2412,150,0.1765,61.26,121.0,35333124,0
CUST_00524_C2,CUST_00524,물류/운송,5-49인,Basic,Priority,12,22,1,3244423,0.0665,12.74,0.6699,-0.1075,0.2423,150,0.1304,22.29,61.0,40879730,0
CUST_00524_C3,CUST_00524,물류/운송,5-49인,Basic,Priority,12,34,2,3759521,-0.0404,9.04,0.6909,-0.1547,0.2635,128,0.2,20.98,61.0,47369965,1
CUST_00525_C1,CUST_00525,물류/운송,50-299인,Standard,Standard,24,22,0,39620475,0.0399,13.25,0.7362,0.0084,0.2234,62,0.1875,49.29,122.0,522990270,1
CUST_00526_C1,CUST_00526,금융/보험,5-49인,Basic,Standard,12,10,0,7156613,0.0577,-8.21,0.8198,0.0872,0.1413,101,0.0476,58.14,120.0,85879356,0
CUST_00527_C1,CUST_00527,교육,5-49인,Basic,Standard,12,10,0,2016957,0.0014,6.19,0.7433,0.0402,0.2428,144,0.2273,63.06,122.0,24203484,0
CUST_00527_C2,CUST_00527,교육,5-49인,Basic,Standard,36,46,1,1648892,-0.0072,18.85,0.6942,0.1367,0.2807,142,0.0714,59.65,122.0,19786704,0
CUST_00528_C1,CUST_00528,유통/커머스,50-299인,Basic,Standard,36,34,0,13572146,-0.0398,2.92,0.7718,0.1147,0.1385,86,0.0,59.64,303.0,162865752,0
CUST_00529_C1,CUST_00529,제조업,5-49인,Basic,Standard,12,10,0,2011831,-0.004,4.6,0.7544,-0.0395,0.2277,107,0.0,48.62,120.0,24141972,0
CUST_00529_C2,CUST_00529,제조업,5-49인,Basic,Standard,24,34,1,1779499,0.0419,10.76,0.7245,-0.0026,0.207,125,0.1333,61.72,120.0,21353988,0
CUST_00530_C1,CUST_00530,유통/커머스,5-49인,Basic,Standard,12,10,0,1320535,0.0156,-0.36,0.7719,-0.1273,0.1998,107,0.0833,44.56,123.0,15846420,1
CUST_00531_C1,CUST_00531,물류/운송,5-49인,Premium,Enterprise,12,10,0,2808191,0.0316,10.67,0.724,-0.0382,0.1315,33,0.0,7.84,30.0,48441295,0
CUST_00532_C1,CUST_00532,물류/운송,5-49인,Standard,Priority,24,22,0,12040048,-0.0037,11.61,0.6068,0.051,0.2959,87,0.125,22.23,61.0,166875065,0
CUST_00533_C1,CUST_00533,교육,50-299인,Basic,Standard,12,10,0,7783841,0.0709,8.39,0.7997,0.0235,0.2001,128,0.0714,53.74,121.0,93406092,0
CUST_00534_C1,CUST_00534,제조업,50-299인,Premium,Enterprise,12,10,0,18631009,-0.0222,-5.14,0.7523,0.0327,0.1864,29,0.0,7.21,29.0,321384905,0
CUST_00535_C1,CUST_00535,교육,5-49인,Standard,Priority,12,10,0,3094240,-0.0067,-5.23,0.7483,-0.0596,0.1903,59,0.1818,21.89,59.0,42886166,0
CUST_00536_C1,CUST_00536,교육,5-49인,Standard,Enterprise,24,22,0,1881383,0.0397,1.09,0.7907,0.1833,0.2262,46,0.0,6.93,123.0,28559394,0
CUST_00536_C2,CUST_00536,교육,5-49인,Standard,Standard,12,34,1,2189543,0.034,7.53,0.7729,0.0634,0.2415,68,0.2143,71.28,307.0,28901968,0
CUST_00537_C1,CUST_00537,금융/보험,5-49인,Basic,Standard,12,10,0,2541455,0.0616,-1.33,0.8047,-0.1863,0.1973,91,0.0909,53.98,123.0,30497460,1
CUST_00538_C1,CUST_00538,유통/커머스,5-49인,Basic,Standard,12,10,0,2117117,0.0214,-7.97,0.8554,0.0326,0.1308,57,0.0833,53.7,122.0,25405404,0
CUST_00539_C1,CUST_00539,IT/소프트웨어,50-299인,Basic,Priority,24,22,0,7653601,-0.0239,-3.05,0.7173,-0.0562,0.1711,117,0.0,25.41,62.0,96435373,0
CUST_00540_C1,CUST_00540,제조업,5-49인,Basic,Standard,12,10,0,4438799,0.0024,11.36,0.7124,0.0222,0.2736,148,0.0,52.65,121.0,53265588,1
CUST_00541_C1,CUST_00541,IT/소프트웨어,5-49인,Basic,Priority,24,22,0,1861617,0.0448,26.74,0.7053,-0.0499,0.3271,224,0.1786,22.35,62.0,23456374,1
CUST_00542_C1,CUST_00542,제조업,5-49인,Basic,Standard,12,10,0,1830647,-0.0362,-5.53,0.68,-0.0363,0.1626,131,0.1333,43.72,123.0,21967764,0
CUST_00543_C1,CUST_00543,금융/보험,5-49인,Standard,Priority,12,10,0,1809982,-0.0131,4.14,0.6765,0.0419,0.2257,58,0.0625,19.03,61.0,25086351,0
CUST_00543_C2,CUST_00543,금융/보험,5-49인,Standard,Priority,12,22,1,1888637,-0.0015,-4.04,0.7158,0.0262,0.2168,56,0.1176,19.33,61.0,26176509,0
CUST_00543_C3,CUST_00543,금융/보험,5-49인,Standard,Standard,12,34,2,2351144,-0.0084,-3.23,0.7273,-0.0026,0.2126,65,0.0,62.88,305.0,31035101,0
CUST_00544_C1,CUST_00544,금융/보험,50-299인,Basic,Standard,36,34,0,32572317,-0.0226,15.99,0.6306,0.0265,0.3009,136,0.25,51.27,121.0,390867804,0
CUST_00544_C2,CUST_00544,금융/보험,50-299인,Basic,Standard,12,46,1,32084189,0.0285,16.52,0.7369,0.1122,0.2308,148,0.1905,65.33,121.0,385010268,0
CUST_00544_C3,CUST_00544,금융/보험,50-299인,Basic,Standard,36,82,2,26971737,-0.0194,14.91,0.7078,0.1078,0.2571,142,0.0909,55.02,121.0,323660844,0
CUST_00545_C1,CUST_00545,물류/운송,5-49인,Basic,Standard,12,10,0,7441129,-0.0393,-6.69,0.8405,-0.0508,0.1608,96,0.4286,65.7,122.0,89293548,1
CUST_00546_C1,CUST_00546,제조업,5-49인,Standard,Priority,12,10,0,1922778,0.0536,6.92,0.6976,0.0746,0.2495,83,0.1176,21.05,61.0,26649703,0
CUST_00547_C1,CUST_00547,IT/소프트웨어,300인이상,Premium,Standard,12,10,0,117826458,0.0372,15.23,0.694,-0.0725,0.2121,38,0.2727,54.04,123.0,1767396870,0
CUST_00547_C2,CUST_00547,IT/소프트웨어,300인이상,Premium,Enterprise,24,34,1,127605045,-0.0234,21.96,0.6707,0.156,0.2609,34,0.0,11.16,31.0,2201187026,0
CUST_00548_C1,CUST_00548,IT/소프트웨어,50-299인,Basic,Standard,12,10,0,8340419,0.0468,3.09,0.7387,0.0517,0.1701,92,0.0667,49.33,123.0,100085028,0
CUST_00548_C2,CUST_00548,IT/소프트웨어,50-299인,Basic,Standard,12,22,1,9323883,0.0366,2.15,0.728,-0.0131,0.1958,99,0.2222,45.3,123.0,111886596,0
CUST_00549_C1,CUST_00549,금융/보험,5-49인,Basic,Standard,12,10,0,1394937,0.0052,5.76,0.6681,0.0406,0.2386,143,0.15,55.15,122.0,16739244,0
CUST_00549_C2,CUST_00549,금융/보험,5-49인,Basic,Priority,24,34,1,1596082,0.0257,7.2,0.7136,0.0348,0.1416,142,0.0,23.42,61.0,20110633,0
CUST_00549_C3,CUST_00549,금융/보험,5-49인,Basic,Standard,12,46,2,1941341,-0.0257,1.0,0.7363,0.1966,0.2318,101,0.0526,69.58,122.0,23296092,0
CUST_00550_C1,CUST_00550,의료/헬스케어,5-49인,Standard,Standard,24,22,0,5193005,0.051,20.25,0.6051,0.0109,0.2377,105,0.3333,55.42,304.0,68547666,0
CUST_00550_C2,CUST_00550,의료/헬스케어,5-49인,Standard,Standard,24,46,1,3922697,0.0154,12.67,0.624,0.0347,0.2805,74,0.1765,65.89,122.0,51779600,0
CUST_00551_C1,CUST_00551,IT/소프트웨어,5-49인,Standard,Priority,12,10,0,3880406,0.0199,-0.08,0.7793,0.0886,0.1893,47,0.0909,23.97,62.0,53782427,0
CUST_00552_C1,CUST_00552,제조업,5-49인,Basic,Standard,12,10,0,8055850,0.0257,5.78,0.6552,-0.0383,0.2741,129,0.0741,41.6,122.0,96670200,1
CUST_00553_C1,CUST_00553,IT/소프트웨어,5-49인,Basic,Priority,24,22,0,7238195,0.1109,18.01,0.6644,0.0175,0.2691,160,0.0,27.45,61.0,91201257,0
CUST_00554_C1,CUST_00554,금융/보험,50-299인,Basic,Standard,24,22,0,10648494,-0.005,9.65,0.72,0.0944,0.1796,139,0.1,57.94,123.0,127781928,0
CUST_00554_C2,CUST_00554,금융/보험,50-299인,Basic,Standard,12,34,1,11202708,0.0302,3.0,0.7697,-0.0639,0.2155,92,0.0714,46.35,123.0,134432496,0
CUST_00554_C3,CUST_00554,금융/보험,50-299인,Basic,Standard,12,46,2,13263408,0.0274,-0.79,0.777,0.0498,0.1915,123,0.25,59.12,123.0,159160896,0
CUST_00555_C1,CUST_00555,유통/커머스,5-49인,Basic,Standard,12,10,0,879305,0.0035,0.62,0.7421,-0.0362,0.1735,117,0.2,50.89,122.0,10551660,1
CUST_00556_C1,CUST_00556,유통/커머스,5-49인,Basic,Standard,24,22,0,2227363,-0.0172,4.25,0.7903,0.0835,0.2781,93,0.1667,59.81,122.0,26728356,0
CUST_00557_C1,CUST_00557,교육,5-49인,Standard,Enterprise,24,22,0,4361055,0.0139,1.21,0.8725,-0.1184,0.1995,33,0.0,8.02,30.0,66200815,0
CUST_00557_C2,CUST_00557,교육,5-49인,Standard,Standard,12,34,1,4776602,0.0279,-0.4,0.8054,-0.0176,0.174,57,0.2667,66.85,122.0,63051146,0
CUST_00558_C1,CUST_00558,IT/소프트웨어,50-299인,Basic,Standard,24,22,0,36005898,-0.0118,2.06,0.7196,0.0831,0.263,107,0.1765,61.24,122.0,432070776,0
CUST_00558_C2,CUST_00558,IT/소프트웨어,50-299인,Basic,Standard,24,46,1,48599003,0.0364,11.86,0.6796,-0.0027,0.2026,117,0.2,51.52,122.0,583188036,0
CUST_00559_C1,CUST_00559,IT/소프트웨어,300인이상,Premium,Enterprise,24,22,0,125164163,-0.0232,24.18,0.6652,-0.0122,0.3644,55,0.1739,7.17,31.0,2159081812,0
CUST_00560_C1,CUST_00560,의료/헬스케어,300인이상,Standard,Standard,12,10,0,136437108,0.0456,12.71,0.6232,-0.054,0.2217,66,0.2,49.76,122.0,1800969826,1
CUST_00561_C1,CUST_00561,제조업,5-49인,Premium,Enterprise,12,10,0,4750448,0.035,8.43,0.6646,0.023,0.2044,27,0.0,6.2,30.0,81945228,0
CUST_00562_C1,CUST_00562,제조업,5-49인,Basic,Standard,12,10,0,3472136,-0.0224,4.4,0.7135,0.0537,0.2623,153,0.2,55.66,,41665632,0
CUST_00563_C1,CUST_00563,물류/운송,5-49인,Basic,Enterprise,24,22,0,8805274,0.0224,15.85,0.6833,0.0546,0.2856,156,0.0,5.58,30.0,121512781,0
CUST_00563_C2,CUST_00563,물류/운송,5-49인,Basic,Priority,12,34,1,8093150,-0.0152,2.82,0.6878,0.0249,0.2576,133,0.0526,21.51,61.0,101973690,0
CUST_00563_C3,CUST_00563,물류/운송,5-49인,Basic,Standard,24,58,2,8631368,0.0284,10.47,0.6634,0.1084,0.2092,154,0.3125,59.58,122.0,103576416,0
CUST_00564_C1,CUST_00564,IT/소프트웨어,50-299인,Premium,Priority,12,10,0,6130162,-0.067,9.26,0.6339,-0.0815,0.2771,46,0.2083,21.09,62.0,96550052,0
CUST_00565_C1,CUST_00565,의료/헬스케어,5-49인,Standard,Enterprise,24,22,0,2691108,0.0395,10.99,0.7938,0.0339,0.1712,61,0.0,6.85,30.0,40851019,0
CUST_00565_C2,CUST_00565,의료/헬스케어,5-49인,Standard,Priority,24,46,1,2146633,-0.0002,6.95,0.8035,-0.0709,0.1787,58,0.0667,18.49,61.0,29752333,0
CUST_00565_C3,CUST_00565,의료/헬스케어,5-49인,Standard,Standard,24,70,2,2257993,-0.0411,0.09,0.7725,-0.0687,0.1683,52,0.0769,57.18,122.0,29805508,0
CUST_00566_C1,CUST_00566,제조업,5-49인,Basic,Priority,12,10,0,4961660,-0.0219,1.95,0.705,0.0732,0.229,138,0.2,18.32,62.0,62516916,1
CUST_00567_C1,CUST_00567,제조업,5-49인,Basic,Standard,12,10,0,5227394,0.0553,6.84,0.6986,-0.0852,0.2328,93,0.0,39.44,122.0,62728728,0
CUST_00568_C1,CUST_00568,IT/소프트웨어,5-49인,Basic,Standard,36,34,0,1949229,-0.0046,3.34,0.8354,-0.1183,0.1421,85,0.1429,67.63,123.0,23390748,0
CUST_00568_C2,CUST_00568,IT/소프트웨어,5-49인,Basic,Standard,24,58,1,2577828,-0.0302,8.51,0.7952,0.0379,0.1435,85,0.0714,62.48,304.0,30933936,0
CUST_00569_C1,CUST_00569,기타서비스업,5-49인,Basic,Priority,12,10,0,6471688,-0.01,-3.35,0.7811,0.0681,0.1799,86,0.1667,23.72,61.0,81543269,0
CUST_00569_C2,CUST_00569,기타서비스업,5-49인,Basic,Standard,12,22,1,7967736,-0.0002,-1.42,0.8173,0.0501,0.1742,103,0.0,56.85,305.0,95612832,0
CUST_00570_C1,CUST_00570,기타서비스업,300인이상,Standard,Standard,24,22,0,38508038,0.081,8.4,0.6716,0.1767,0.2701,78,0.36,52.66,122.0,508306102,0
CUST_00570_C2,CUST_00570,기타서비스업,300인이상,Standard,Enterprise,24,46,1,44902945,0.0116,10.13,0.6813,-0.0265,0.232,72,0.0588,5.38,30.0,681626705,0
CUST_00570_C3,CUST_00570,기타서비스업,300인이상,Standard,Priority,36,82,2,36602957,0.0297,16.78,0.7402,-0.0615,0.1686,62,0.1429,28.02,61.0,507316984,0
CUST_00571_C1,CUST_00571,유통/커머스,5-49인,Basic,Standard,12,10,0,2445760,-0.0232,-2.33,0.709,-0.1136,0.1767,107,0.2353,59.32,120.0,29349120,0
CUST_00571_C2,CUST_00571,유통/커머스,5-49인,Basic,Standard,12,22,1,3489914,0.0231,9.95,0.6978,0.0002,0.2526,144,0.2,59.38,121.0,41878968,1
CUST_00572_C1,CUST_00572,금융/보험,5-49인,Basic,Enterprise,24,22,0,2784079,-0.0105,8.72,0.7308,-0.0386,0.2545,88,0.0,6.01,31.0,38420290,0
CUST_00572_C2,CUST_00572,금융/보험,5-49인,Basic,Priority,12,34,1,3055350,-0.0352,0.82,0.7515,0.1866,0.1971,120,0.0,26.07,61.0,38497410,0
CUST_00573_C1,CUST_00573,교육,5-49인,Basic,Standard,36,34,0,4660337,0.0239,13.08,0.7396,0.0736,0.2631,124,0.2857,37.73,122.0,55924044,0
CUST_00574_C1,CUST_00574,유통/커머스,5-49인,Standard,Priority,24,22,0,3109918,0.0318,15.05,0.7434,-0.0873,0.2256,73,0.4667,24.74,61.0,43103463,0
CUST_00575_C1,CUST_00575,IT/소프트웨어,5-49인,Basic,Priority,36,34,0,4094246,0.028,19.68,0.6539,0.0352,0.25,171,0.0938,26.6,59.0,51587500,0
CUST_00576_C1,CUST_00576,의료/헬스케어,5-49인,Basic,Standard,36,34,0,10326009,0.0107,13.51,0.7267,0.1121,0.213,121,0.0625,65.21,122.0,123912108,0
CUST_00577_C1,CUST_00577,기타서비스업,5-49인,Basic,Standard,12,10,0,4391036,-0.01,10.79,0.5375,0.0967,0.3032,175,0.2381,58.04,122.0,52692432,1
CUST_00578_C1,CUST_00578,IT/소프트웨어,50-299인,Basic,Standard,36,34,0,34144224,-0.0502,9.11,0.7365,0.0771,0.23,137,0.0833,61.2,122.0,409730688,0
CUST_00578_C2,CUST_00578,IT/소프트웨어,50-299인,Basic,Priority,24,58,1,36858738,0.022,5.12,0.7439,-0.0878,0.2271,137,0.0833,19.17,61.0,464420099,0
CUST_00578_C3,CUST_00578,IT/소프트웨어,50-299인,Basic,Priority,36,94,2,35865856,-0.0516,11.8,0.7967,-0.0224,0.2089,108,0.0,23.02,61.0,451909786,0
CUST_00579_C1,CUST_00579,금융/보험,5-49인,Standard,Priority,12,10,0,5375265,-0.0688,-6.95,0.6744,0.0386,0.2106,63,0.1667,22.25,184.0,74501173,0
CUST_00579_C2,CUST_00579,금융/보험,5-49인,Standard,Priority,12,22,1,5469024,-0.0669,0.44,0.6796,0.0821,0.2565,53,0.1053,29.26,62.0,75800673,0
CUST_00580_C1,CUST_00580,제조업,50-299인,Standard,Standard,24,22,0,29616765,0.0117,6.94,0.6736,0.0108,0.2649,86,0.1579,57.59,121.0,390941298,0
CUST_00581_C1,CUST_00581,의료/헬스케어,5-49인,Basic,Priority,12,10,0,4178060,-0.0269,-3.42,0.7552,0.0056,0.1873,114,0.0,18.96,60.0,52643556,0
CUST_00582_C1,CUST_00582,물류/운송,5-49인,Basic,Standard,12,10,0,2694027,0.0378,20.76,0.7192,-0.0476,0.2024,122,0.2143,42.33,121.0,32328324,0
CUST_00583_C1,CUST_00583,의료/헬스케어,5-49인,Basic,Priority,24,22,0,2771154,-0.0012,6.37,0.7754,0.085,0.2139,111,0.125,18.29,61.0,34916540,0
CUST_00583_C2,CUST_00583,의료/헬스케어,5-49인,Basic,Standard,36,58,1,3430597,0.0248,14.53,0.7022,-0.0238,0.1964,123,0.3333,46.81,304.0,41167164,0
CUST_00584_C1,CUST_00584,제조업,5-49인,Premium,Enterprise,12,10,0,12738093,-0.0091,3.5,0.772,0.0606,0.1953,29,0.0556,7.05,30.0,219732104,0
CUST_00584_C2,CUST_00584,제조업,5-49인,Premium,Enterprise,12,22,1,11394239,-0.0181,-1.3,0.718,-0.1113,0.188,34,0.0476,9.53,121.0,196550623,0
CUST_00585_C1,CUST_00585,유통/커머스,5-49인,Basic,Standard,36,34,0,1767804,0.0046,20.96,0.6131,0.0185,0.2203,139,0.0588,54.89,120.0,21213648,0
CUST_00586_C1,CUST_00586,물류/운송,5-49인,Standard,Standard,12,10,0,3282135,0.0187,7.35,0.6877,-0.1294,0.19,77,0.25,61.7,123.0,43324182,0
CUST_00586_C2,CUST_00586,물류/운송,5-49인,Standard,Priority,36,46,1,3766828,0.0428,19.73,0.6939,-0.0045,0.1826,65,0.0,18.96,62.0,52208236,0
CUST_00586_C3,CUST_00586,물류/운송,5-49인,Standard,Enterprise,36,82,2,3930404,0.0251,14.24,0.7287,0.1451,0.1917,85,0.0556,6.34,31.0,59663533,0
CUST_00587_C1,CUST_00587,IT/소프트웨어,5-49인,Basic,Standard,12,10,0,1050378,-0.0685,3.39,0.7646,-0.1402,0.1247,107,0.2,61.02,,12604536,0
CUST_00587_C2,CUST_00587,IT/소프트웨어,5-49인,Basic,Standard,12,23,1,1050640,0.0087,3.05,0.7587,0.0996,0.2112,100,0.05,56.74,122.0,12607680,0
CUST_00588_C1,CUST_00588,교육,50-299인,Basic,Standard,24,22,0,9955168,0.0817,15.57,0.722,-0.0828,0.199,153,0.2857,47.36,304.0,119462016,0
CUST_00589_C1,CUST_00589,제조업,5-49인,Basic,Standard,36,34,0,1781700,-0.0021,22.04,0.6628,0.0464,0.3127,134,0.25,73.14,122.0,21380400,0
CUST_00589_C2,CUST_00589,제조업,5-49인,Basic,Priority,12,46,1,1314894,0.0345,15.24,0.5976,-0.0181,0.2415,132,0.1579,20.26,183.0,16567664,1
CUST_00590_C1,CUST_00590,IT/소프트웨어,50-299인,Premium,Enterprise,24,22,0,26834577,0.0049,-3.04,0.885,-0.0447,0.1061,17,0.0,8.2,30.0,462896453,0
CUST_00591_C1,CUST_00591,제조업,5-49인,Standard,Priority,12,10,0,2989015,0.0126,4.12,0.7471,0.037,0.1943,71,0.0,18.98,61.0,41427748,0
CUST_00592_C1,CUST_00592,물류/운송,5-49인,Basic,Enterprise,24,22,0,5684404,0.0586,9.05,0.7923,-0.0008,0.2562,94,0.0,5.34,120.0,78444775,0
CUST_00592_C2,CUST_00592,물류/운송,5-49인,Basic,Standard,24,46,1,7813318,0.0796,11.31,0.7037,-0.0374,0.2744,139,0.1818,61.36,120.0,93759816,1
CUST_00593_C1,CUST_00593,물류/운송,50-299인,Premium,Enterprise,12,10,0,31359145,0.0027,1.93,0.7625,0.093,0.2611,29,0.0,5.68,31.0,540945251,0
CUST_00594_C1,CUST_00594,유통/커머스,5-49인,Premium,Priority,12,10,0,2364307,0.0927,19.28,0.6123,0.0555,0.3014,62,0.0,26.37,181.0,37237835,0
CUST_00594_C2,CUST_00594,유통/커머스,5-49인,Premium,Standard,12,22,1,2426943,-0.0739,7.16,0.6027,-0.0404,0.3522,53,0.2593,64.48,120.0,36404145,0
CUST_00594_C3,CUST_00594,유통/커머스,5-49인,Premium,Enterprise,12,34,2,1782364,0.0177,1.25,0.582,0.0623,0.2628,38,0.0769,7.36,29.0,30745779,0
CUST_00595_C1,CUST_00595,제조업,5-49인,Basic,Standard,12,10,0,4046956,-0.0263,-1.29,0.7438,-0.0211,0.2108,92,0.2727,45.6,123.0,48563472,0
CUST_00596_C1,CUST_00596,제조업,50-299인,Basic,Standard,36,34,0,11363824,0.0854,14.79,0.6672,-0.0901,0.2117,149,0.0667,60.03,123.0,136365888,1
CUST_00597_C1,CUST_00597,IT/소프트웨어,5-49인,Basic,Standard,12,10,0,1108586,0.0352,8.8,0.6019,-0.0387,0.3126,189,0.1739,59.57,,13303032,1
CUST_00598_C1,CUST_00598,유통/커머스,50-299인,Standard,Standard,12,10,0,17205723,0.0541,7.7,0.7018,-0.0066,0.1758,64,0.0,78.7,,227115544,1
CUST_00599_C1,CUST_00599,IT/소프트웨어,5-49인,Basic,Standard,12,10,0,2869194,0.0415,10.66,0.7701,-0.1343,0.189,130,0.087,62.5,121.0,34430328,0
CUST_00599_C2,CUST_00599,IT/소프트웨어,5-49인,Basic,Standard,24,34,1,2897734,-0.0339,5.38,0.695,0.066,0.1969,104,0.1111,44.86,120.0,34772808,0
CUST_00599_C3,CUST_00599,IT/소프트웨어,5-49인,Basic,Standard,12,46,2,3058550,0.0136,-0.19,0.7058,-0.061,0.1866,98,0.25,58.88,120.0,36702600,0
CUST_00600_C1,CUST_00600,의료/헬스케어,5-49인,Standard,Priority,12,10,0,1551205,0.0058,-6.57,0.7928,0.0992,0.2355,48,0.0476,19.83,62.0,21499701,0
CUST_00601_C1,CUST_00601,기타서비스업,50-299인,Standard,Priority,12,10,0,7149696,-0.0792,3.6,0.6909,-0.0296,0.2403,78,0.0556,26.65,61.0,99094787,0
CUST_00602_C1,CUST_00602,제조업,300인이상,Premium,Priority,36,34,0,191198127,0.0219,4.57,0.7628,-0.0353,0.1895,24,0.0769,24.23,61.0,3011370500,0
CUST_00602_C2,CUST_00602,제조업,300인이상,Premium,Standard,36,70,1,234997902,-0.0065,11.31,0.7193,-0.0226,0.2109,41,0.25,55.9,304.0,3524968530,0
CUST_00602_C3,CUST_00602,제조업,300인이상,Premium,Enterprise,36,106,2,215965233,-0.0127,9.18,0.6453,0.0701,0.1929,30,0.0,7.65,121.0,3725400269,0
CUST_00603_C1,CUST_00603,물류/운송,5-49인,Basic,Standard,24,22,0,10027719,0.0262,16.82,0.6932,-0.021,0.2581,156,0.12,53.6,122.0,120332628,0
CUST_00604_C1,CUST_00604,물류/운송,5-49인,Basic,Priority,12,10,0,2862045,0.0196,5.12,0.7323,0.0381,0.2576,121,0.1111,25.7,59.0,36061767,0
CUST_00605_C1,CUST_00605,IT/소프트웨어,5-49인,Standard,Priority,12,10,0,3585663,0.0469,2.22,0.7361,-0.0542,0.2172,53,0.0714,17.15,60.0,49697289,0
CUST_00605_C2,CUST_00605,IT/소프트웨어,5-49인,Standard,Priority,24,34,1,4179596,-0.0215,5.41,0.8557,0.0188,0.2075,64,0.0,20.05,59.0,57929201,0
CUST_00605_C3,CUST_00605,IT/소프트웨어,5-49인,Standard,Standard,12,46,2,4862151,0.0049,6.24,0.7093,-0.0162,0.2296,69,0.1053,59.11,121.0,64180393,0
CUST_00606_C1,CUST_00606,IT/소프트웨어,300인이상,Premium,Enterprise,24,22,0,58201223,0.0007,10.05,0.6998,0.0211,0.2288,28,0.0,7.07,30.0,1003971097,0
CUST_00607_C1,CUST_00607,제조업,5-49인,Standard,Enterprise,12,10,0,4010895,0.0256,-2.95,0.7867,0.1424,0.1844,51,0.0,5.1,28.0,60885386,0
CUST_00607_C2,CUST_00607,제조업,5-49인,Standard,Standard,12,23,1,4749029,0.0435,3.19,0.7028,-0.0787,0.2107,81,0.1333,72.93,120.0,62687183,0
CUST_00608_C1,CUST_00608,기타서비스업,5-49인,Basic,Priority,12,10,0,7993438,-0.014,9.18,0.6579,0.1335,0.2542,120,0.1429,17.77,61.0,100717319,0
CUST_00609_C1,CUST_00609,금융/보험,5-49인,Basic,Standard,12,10,0,7850982,0.006,8.58,0.598,0.0395,0.3156,199,0.2414,65.67,123.0,94211784,1
CUST_00610_C1,CUST_00610,IT/소프트웨어,5-49인,Premium,Priority,12,10,0,5865889,0.0636,7.94,0.6508,-0.0981,0.3334,47,0.1364,26.72,61.0,92387752,0
CUST_00611_C1,CUST_00611,IT/소프트웨어,5-49인,Basic,Priority,12,10,0,3355351,0.0299,-4.67,0.809,0.0723,0.1664,112,0.0625,20.45,184.0,42277423,0
CUST_00611_C2,CUST_00611,IT/소프트웨어,5-49인,Basic,Standard,24,34,1,4587543,0.0069,6.97,0.7937,-0.0594,0.1277,103,0.0833,49.64,123.0,55050516,0
CUST_00612_C1,CUST_00612,제조업,5-49인,Basic,Standard,12,10,0,2748791,0.0189,-1.47,0.7431,0.0788,0.1989,108,0.0,57.96,123.0,32985492,0
CUST_00613_C1,CUST_00613,제조업,5-49인,Standard,Priority,24,22,0,11013641,-0.0283,7.74,0.7822,0.1171,0.1625,56,0.0,24.12,61.0,152649064,0
CUST_00614_C1,CUST_00614,금융/보험,5-49인,Standard,Priority,12,10,0,1796436,-0.0553,-6.72,0.7749,0.0213,0.1983,50,0.0,22.92,61.0,24898603,0
CUST_00615_C1,CUST_00615,제조업,5-49인,Basic,Priority,36,34,0,3787945,0.0204,-0.06,0.7851,0.0817,0.1829,92,0.0,22.28,61.0,47728107,0
CUST_00616_C1,CUST_00616,유통/커머스,5-49인,Basic,Priority,12,10,0,4990252,0.0776,9.45,0.6747,0.1153,0.2019,87,0.0769,25.37,62.0,62877175,0
CUST_00617_C1,CUST_00617,유통/커머스,50-299인,Basic,Standard,12,10,0,25847369,-0.0382,3.89,0.7275,-0.1896,0.2148,128,0.2,47.08,,310168428,1
CUST_00618_C1,CUST_00618,제조업,5-49인,Basic,Standard,12,10,0,4841507,-0.0383,-9.22,0.7036,0.0834,0.2263,137,0.2667,57.68,122.0,58098084,0
CUST_00619_C1,CUST_00619,IT/소프트웨어,5-49인,Standard,Priority,36,34,0,4506050,0.0163,3.77,0.6677,-0.1059,0.1966,92,0.1,25.31,62.0,62453853,0
CUST_00620_C1,CUST_00620,의료/헬스케어,5-49인,Basic,Priority,12,10,0,3770066,0.0025,8.89,0.7691,0.0408,0.2161,125,0.0,18.58,62.0,47502832,0
CUST_00620_C2,CUST_00620,의료/헬스케어,5-49인,Basic,Standard,24,34,1,4349654,0.003,-2.74,0.7432,-0.0843,0.1279,77,0.0,81.3,123.0,52195848,0
CUST_00620_C3,CUST_00620,의료/헬스케어,5-49인,Basic,Standard,12,46,2,5060690,0.0208,-0.26,0.7628,-0.094,0.1659,88,0.2,50.08,123.0,60728280,0
CUST_00621_C1,CUST_00621,IT/소프트웨어,5-49인,Basic,Priority,12,10,0,9933484,0.0065,4.18,0.7882,-0.0365,0.1333,119,0.1053,25.76,61.0,125161898,0
CUST_00622_C1,CUST_00622,교육,5-49인,Standard,Standard,12,10,0,935836,-0.0094,-0.32,0.7049,0.0009,0.1671,39,0.0909,71.71,,12353035,0
CUST_00623_C1,CUST_00623,기타서비스업,5-49인,Basic,Standard,12,10,0,1788627,-0.0301,-1.99,0.7286,0.0573,0.2525,99,0.2727,64.14,,21463524,0
CUST_00623_C2,CUST_00623,기타서비스업,5-49인,Basic,Priority,24,34,1,1809879,-0.0248,9.3,0.7452,0.0812,0.2055,112,0.1538,23.66,184.0,22804475,0
CUST_00624_C1,CUST_00624,IT/소프트웨어,5-49인,Basic,Priority,24,22,0,5516037,0.0424,9.27,0.799,0.1366,0.1109,69,0.0,21.96,61.0,69502066,0
CUST_00624_C2,CUST_00624,IT/소프트웨어,5-49인,Basic,Priority,12,34,1,4954089,0.0414,0.28,0.7647,0.122,0.1629,102,0.0,24.83,61.0,62421521,0
CUST_00624_C3,CUST_00624,IT/소프트웨어,5-49인,Basic,Priority,12,47,2,4521438,-0.0057,-1.24,0.693,0.0277,0.2105,83,0.0526,17.85,62.0,56970119,0
CUST_00625_C1,CUST_00625,의료/헬스케어,5-49인,Standard,Standard,12,10,0,3167169,0.0161,9.63,0.629,0.0161,0.2628,92,0.0909,55.54,123.0,41806631,1
CUST_00626_C1,CUST_00626,금융/보험,5-49인,Standard,Enterprise,24,22,0,13114771,0.0746,10.59,0.7621,0.0719,0.1766,42,0.0,5.89,122.0,199082224,0
CUST_00626_C2,CUST_00626,금융/보험,5-49인,Standard,Standard,12,34,1,9109804,-0.0115,-5.18,0.8203,-0.0028,0.1235,53,0.0909,59.1,122.0,120249413,0
CUST_00626_C3,CUST_00626,금융/보험,5-49인,Standard,Enterprise,12,46,2,9110697,-0.0131,-0.61,0.7482,-0.0298,0.1779,44,0.0,7.8,31.0,138300380,0
CUST_00627_C1,CUST_00627,IT/소프트웨어,5-49인,Standard,Priority,12,10,0,2839462,0.0844,27.22,0.5706,0.0634,0.2454,82,0.125,26.75,,39354943,0
CUST_00628_C1,CUST_00628,기타서비스업,5-49인,Premium,Enterprise,36,34,0,12075401,-0.0059,11.93,0.704,-0.0017,0.2702,36,0.0588,5.44,30.0,208300667,0
CUST_00628_C2,CUST_00628,기타서비스업,5-49인,Premium,Enterprise,24,59,1,15824673,-0.0124,14.57,0.6654,0.0685,0.2057,34,0.0,7.11,31.0,272975609,0
CUST_00628_C3,CUST_00628,기타서비스업,5-49인,Premium,Enterprise,12,71,2,16235820,0.005,6.96,0.6871,-0.1451,0.1977,26,0.0476,7.8,31.0,280067895,0
CUST_00629_C1,CUST_00629,유통/커머스,5-49인,Basic,Standard,24,22,0,4778860,0.019,9.0,0.6583,-0.001,0.2774,160,0.1739,68.05,120.0,57346320,0
CUST_00630_C1,CUST_00630,교육,5-49인,Basic,Standard,36,34,0,2982503,0.0349,12.36,0.7971,0.0597,0.1608,91,0.0714,55.93,121.0,35790036,0
CUST_00631_C1,CUST_00631,교육,5-49인,Basic,Standard,12,10,0,3923002,-0.0246,4.02,0.6552,-0.114,0.2606,135,0.2143,71.65,120.0,47076024,1
CUST_00632_C1,CUST_00632,물류/운송,5-49인,Basic,Standard,12,10,0,4260286,0.026,11.43,0.687,-0.0698,0.2541,123,0.3,44.83,122.0,51123432,0
CUST_00633_C1,CUST_00633,제조업,50-299인,Premium,Priority,24,22,0,12485888,-0.0168,7.71,0.662,0.0233,0.2627,27,0.1071,26.95,306.0,196652736,0
CUST_00634_C1,CUST_00634,교육,5-49인,Basic,Priority,24,22,0,4641108,0.0318,9.94,0.6967,0.029,0.2889,167,0.1333,20.88,62.0,58477961,0
CUST_00635_C1,CUST_00635,교육,50-299인,Standard,Standard,24,22,0,10023532,0.0225,10.59,0.7033,0.0994,0.2736,75,0.2353,59.78,122.0,132310622,0
CUST_00636_C1,CUST_00636,유통/커머스,5-49인,Basic,Priority,12,10,0,2552760,-0.0004,1.22,0.7635,-0.0501,0.2364,125,0.1053,25.03,59.0,32164776,0
CUST_00636_C2,CUST_00636,유통/커머스,5-49인,Basic,Standard,12,22,1,2932265,-0.0313,-2.78,0.7763,0.0318,0.1894,95,0.1111,55.22,121.0,35187180,1
CUST_00637_C1,CUST_00637,물류/운송,50-299인,Basic,Standard,12,10,0,9854845,-0.0258,-2.94,0.804,-0.1083,0.1718,136,0.1875,56.87,120.0,118258140,0
CUST_00637_C2,CUST_00637,물류/운송,50-299인,Basic,Standard,12,23,1,12295059,0.031,7.74,0.728,0.0651,0.219,135,0.1579,51.54,305.0,147540708,0
CUST_00637_C3,CUST_00637,물류/운송,50-299인,Basic,Standard,12,35,2,11529198,-0.0171,1.67,0.6715,0.0553,0.2155,111,0.0714,44.5,120.0,138350376,0
CUST_00638_C1,CUST_00638,금융/보험,5-49인,Standard,Priority,24,22,0,2163512,0.0181,2.47,0.748,-0.0167,0.1322,55,0.0,20.68,61.0,29986276,0
CUST_00638_C2,CUST_00638,금융/보험,5-49인,Standard,Priority,36,58,1,2387102,0.0944,9.98,0.7561,-0.0685,0.1845,47,0.0714,22.53,61.0,33085234,0
CUST_00638_C3,CUST_00638,금융/보험,5-49인,Standard,Standard,24,82,2,2794360,0.079,13.86,0.7938,0.0115,0.1711,64,0.2353,58.57,122.0,36885552,0
CUST_00639_C1,CUST_00639,유통/커머스,300인이상,Premium,Standard,36,34,0,102141321,-0.0165,25.55,0.6753,-0.019,0.2886,38,0.2381,62.21,123.0,1532119815,1
CUST_00640_C1,CUST_00640,교육,5-49인,Basic,Standard,36,34,0,2848800,0.0515,13.99,0.7497,0.0693,0.2173,94,0.0,53.83,122.0,34185600,0
CUST_00640_C2,CUST_00640,교육,5-49인,Basic,Enterprise,24,58,1,3146301,0.039,5.84,0.6903,-0.0451,0.1842,110,0.1429,8.04,31.0,43418954,0
CUST_00640_C3,CUST_00640,교육,5-49인,Basic,Priority,12,70,2,3426097,0.034,7.27,0.6782,-0.0341,0.2453,174,0.2222,22.41,61.0,43168822,0
CUST_00641_C1,CUST_00641,제조업,5-49인,Basic,Priority,24,22,0,6988300,0.0309,20.89,0.7142,-0.1395,0.2392,177,0.1176,21.99,62.0,88052580,0
CUST_00641_C2,CUST_00641,제조업,5-49인,Basic,Standard,12,34,1,5111655,-0.0214,3.1,0.6661,-0.0515,0.2425,166,0.1538,41.18,307.0,61339860,1
CUST_00642_C1,CUST_00642,유통/커머스,50-299인,Premium,Priority,12,10,0,43639916,-0.0537,10.32,0.5735,-0.0993,0.2968,56,0.12,22.8,59.0,687328677,0
CUST_00642_C2,CUST_00642,유통/커머스,50-299인,Premium,Enterprise,24,34,1,55475064,0.1143,22.72,0.7432,0.0318,0.2552,42,0.0,6.09,28.0,956944854,0
CUST_00642_C3,CUST_00642,유통/커머스,50-299인,Premium,Enterprise,24,58,2,56511895,0.1083,20.82,0.6443,0.0732,0.2032,40,0.0,6.68,28.0,974830189,0
CUST_00643_C1,CUST_00643,IT/소프트웨어,5-49인,Standard,Enterprise,24,22,0,6865218,0.0135,0.67,0.7998,-0.0283,0.1891,41,0.0,6.19,31.0,104214009,0
CUST_00643_C2,CUST_00643,IT/소프트웨어,5-49인,Standard,Priority,24,46,1,10003189,0.0918,8.98,0.7563,0.1166,0.1962,53,0.1111,22.75,62.0,138644200,0
CUST_00644_C1,CUST_00644,제조업,5-49인,Premium,Standard,12,10,0,1477967,0.0249,5.87,0.7087,0.0298,0.2272,22,0.1875,56.23,120.0,22169505,0
CUST_00644_C2,CUST_00644,제조업,5-49인,Premium,Enterprise,24,34,1,1466335,-0.0097,4.43,0.8113,-0.0664,0.2166,29,0.0,6.21,31.0,25294279,0
CUST_00645_C1,CUST_00645,기타서비스업,5-49인,Standard,Priority,24,22,0,6084129,-0.0233,14.1,0.7894,0.0269,0.2344,51,0.2105,27.33,61.0,84326028,0
CUST_00645_C2,CUST_00645,기타서비스업,5-49인,Standard,Priority,12,34,1,6702037,-0.0326,-0.96,0.713,0.0813,0.1988,48,0.0625,24.37,61.0,92890233,0
CUST_00646_C1,CUST_00646,교육,50-299인,Standard,Enterprise,12,10,0,14830262,0.0103,8.69,0.6534,0.0121,0.2673,64,0.0,6.44,30.0,225123377,0
CUST_00647_C1,CUST_00647,의료/헬스케어,5-49인,Basic,Priority,12,10,0,2025272,0.0618,0.38,0.788,0.0041,0.1578,115,0.1667,25.73,61.0,25518427,0
CUST_00648_C1,CUST_00648,유통/커머스,50-299인,Standard,Standard,12,10,0,18826262,-0.0074,1.51,0.6578,0.0279,0.2462,82,0.129,63.17,122.0,248506658,0
CUST_00649_C1,CUST_00649,유통/커머스,5-49인,Basic,Standard,24,22,0,990467,0.03,13.04,0.6736,0.0431,0.2685,151,0.1111,45.03,123.0,11885604,0
CUST_00650_C1,CUST_00650,물류/운송,5-49인,Basic,Standard,12,10,0,7805011,0.0097,4.72,0.6278,0.0378,0.2976,173,0.0455,73.74,121.0,93660132,0
CUST_00650_C2,CUST_00650,물류/운송,5-49인,Basic,Standard,24,34,1,8976620,-0.0008,10.34,0.6686,-0.0697,0.2573,151,0.25,58.44,120.0,107719440,0
CUST_00651_C1,CUST_00651,제조업,50-299인,Standard,Standard,36,34,0,14354257,0.0566,21.69,0.6768,0.0911,0.2075,91,0.4,61.04,304.0,189476192,0
CUST_00652_C1,CUST_00652,제조업,5-49인,Basic,Standard,12,10,0,2687894,-0.0207,13.95,0.5652,-0.089,0.2754,148,0.2778,66.91,122.0,32254728,0
CUST_00653_C1,CUST_00653,제조업,5-49인,Standard,Standard,12,10,0,7636162,0.0017,11.67,0.6734,0.1143,0.2813,74,0.32,82.72,122.0,100797338,0
CUST_00654_C1,CUST_00654,금융/보험,5-49인,Basic,Standard,24,22,0,9991356,0.0167,16.84,0.7536,0.0588,0.1877,115,0.1538,90.6,122.0,119896272,0
CUST_00654_C2,CUST_00654,금융/보험,5-49인,Basic,Standard,12,34,1,9525684,0.0374,0.43,0.7292,-0.1261,0.1778,118,0.0833,62.05,307.0,114308208,0
CUST_00655_C1,CUST_00655,유통/커머스,50-299인,Premium,Priority,12,10,0,18517880,0.0377,3.81,0.7604,-0.122,0.1666,32,0.0,22.7,61.0,291656610,0
CUST_00655_C2,CUST_00655,유통/커머스,50-299인,Premium,Enterprise,36,46,1,16419503,0.0517,15.64,0.8504,-0.1738,0.179,22,0.0,5.59,31.0,283236427,0
CUST_00655_C3,CUST_00655,유통/커머스,50-299인,Premium,Enterprise,24,70,2,17866452,0.0033,11.95,0.7183,-0.1229,0.1866,35,0.0,5.86,31.0,308196297,0
CUST_00656_C1,CUST_00656,IT/소프트웨어,50-299인,Basic,Standard,24,22,0,10346545,0.0563,9.79,0.7709,-0.002,0.1996,131,0.2353,58.48,304.0,124158540,1
CUST_00657_C1,CUST_00657,유통/커머스,5-49인,Basic,Standard,12,10,0,3693547,0.0328,11.2,0.6714,0.1184,0.295,148,0.3846,66.25,122.0,44322564,1
CUST_00658_C1,CUST_00658,의료/헬스케어,5-49인,Basic,Priority,24,22,0,3420057,0.0803,21.95,0.6984,0.1303,0.2546,151,0.125,17.87,184.0,43092718,1
CUST_00659_C1,CUST_00659,제조업,5-49인,Premium,Enterprise,24,22,0,2753046,-0.0165,1.96,0.7107,-0.1066,0.23,41,0.0714,6.13,31.0,47490044,0
CUST_00660_C1,CUST_00660,유통/커머스,300인이상,Standard,Priority,36,34,0,68112545,0.0138,3.95,0.694,0.059,0.2012,64,0.0,22.6,62.0,944039874,0
CUST_00661_C1,CUST_00661,IT/소프트웨어,50-299인,Premium,Enterprise,12,10,0,21220485,0.0797,0.61,0.804,-0.0999,0.0673,29,0.0,8.44,31.0,366053366,0
CUST_00661_C2,CUST_00661,IT/소프트웨어,50-299인,Premium,Enterprise,12,22,1,24755176,0.0065,-2.74,0.8577,0.0783,0.1078,23,0.0,6.41,31.0,427026786,0
CUST_00661_C3,CUST_00661,IT/소프트웨어,50-299인,Premium,Enterprise,24,46,2,32206736,-0.0096,-0.41,0.8065,0.0581,0.1411,17,0.0,6.31,31.0,555566196,0
CUST_00662_C1,CUST_00662,유통/커머스,5-49인,Basic,Standard,36,34,0,3689380,-0.0419,18.36,0.7147,0.1386,0.2116,119,0.375,35.9,123.0,44272560,0
CUST_00663_C1,CUST_00663,유통/커머스,5-49인,Standard,Enterprise,12,10,0,3356222,-0.0108,-2.35,0.6556,-0.1544,0.2061,64,0.0,5.41,29.0,50947450,0
CUST_00664_C1,CUST_00664,의료/헬스케어,5-49인,Basic,Standard,24,22,0,2708183,-0.0051,4.64,0.7782,-0.1157,0.1561,93,0.3333,44.03,487.0,32498196,0
CUST_00665_C1,CUST_00665,제조업,5-49인,Standard,Standard,12,10,0,2064426,-0.0277,-6.81,0.7627,0.1777,0.1915,61,0.0909,68.28,122.0,27250423,0
CUST_00665_C2,CUST_00665,제조업,5-49인,Standard,Standard,24,34,1,2163860,0.0259,3.25,0.7264,0.1497,0.1661,60,0.1,47.74,122.0,28562952,0
CUST_00665_C3,CUST_00665,제조업,5-49인,Standard,Priority,12,46,2,2539824,0.0351,5.6,0.7181,-0.0328,0.2528,81,0.0714,26.96,61.0,35201961,0
CUST_00666_C1,CUST_00666,제조업,5-49인,Basic,Standard,24,22,0,1514667,0.0585,14.58,0.7423,-0.1277,0.2181,115,0.2,59.14,120.0,18176004,0
CUST_00667_C1,CUST_00667,제조업,5-49인,Basic,Standard,12,10,0,6678157,-0.0313,4.33,0.8049,0.1092,0.2339,93,0.1875,60.36,122.0,80137884,0
CUST_00667_C2,CUST_00667,제조업,5-49인,Basic,Priority,12,22,1,5367878,0.0274,7.68,0.7976,0.0546,0.1925,118,0.2857,17.83,182.0,67635263,0
CUST_00668_C1,CUST_00668,교육,50-299인,Premium,Standard,24,22,0,28625585,-0.0133,13.86,0.6328,0.064,0.2776,37,0.2059,67.35,122.0,429383775,1
CUST_00669_C1,CUST_00669,제조업,5-49인,Basic,Standard,12,10,0,5136314,0.034,7.9,0.674,0.1115,0.2274,132,0.2381,45.18,122.0,61635768,0
CUST_00670_C1,CUST_00670,금융/보험,5-49인,Basic,Enterprise,12,10,0,1815441,-0.043,2.98,0.707,-0.1092,0.133,115,0.0,9.33,31.0,25053086,0
CUST_00671_C1,CUST_00671,제조업,300인이상,Standard,Priority,24,22,0,43402336,0.0176,14.14,0.5727,-0.1146,0.3157,85,0.1053,26.81,62.0,601556377,1
CUST_00672_C1,CUST_00672,물류/운송,50-299인,Standard,Priority,36,34,0,37718221,0.0446,31.08,0.6472,0.0127,0.3177,93,0.2069,25.5,59.0,522774543,0
CUST_00672_C2,CUST_00672,물류/운송,50-299인,Standard,Priority,24,58,1,40762198,-0.0127,14.6,0.7002,0.0219,0.2312,85,0.1053,22.66,59.0,564964064,0
CUST_00673_C1,CUST_00673,IT/소프트웨어,5-49인,Basic,Priority,24,22,0,1485485,-0.0248,3.04,0.7637,-0.1058,0.2424,110,0.1111,16.04,183.0,18717111,0
CUST_00674_C1,CUST_00674,물류/운송,5-49인,Basic,Standard,24,22,0,4731959,0.0573,8.77,0.7242,0.0915,0.1882,109,0.1176,49.15,120.0,56783508,0
CUST_00674_C2,CUST_00674,물류/운송,5-49인,Basic,Standard,12,34,1,5278158,0.0804,2.1,0.7716,0.0056,0.2139,126,0.2353,41.48,487.0,63337896,1
CUST_00675_C1,CUST_00675,유통/커머스,5-49인,Basic,Standard,36,34,0,6050168,0.0473,17.0,0.6707,0.0946,0.2476,145,0.2381,48.81,122.0,72602016,1
CUST_00676_C1,CUST_00676,의료/헬스케어,5-49인,Basic,Standard,24,22,0,4620154,0.0293,7.95,0.8647,-0.1179,0.162,106,0.125,59.01,120.0,55441848,0
CUST_00677_C1,CUST_00677,제조업,50-299인,Basic,Standard,12,10,0,9822120,0.0035,12.15,0.7231,-0.1418,0.2307,107,0.2,47.65,,117865440,0
CUST_00677_C2,CUST_00677,제조업,50-299인,Basic,Standard,12,22,1,8463679,0.0864,2.13,0.7347,-0.1477,0.2074,133,0.2,54.53,123.0,101564148,0
CUST_00678_C1,CUST_00678,IT/소프트웨어,50-299인,Standard,Enterprise,24,22,0,24361054,-0.0068,22.48,0.5914,0.0722,0.3001,75,0.1111,6.34,30.0,369800800,0
CUST_00678_C2,CUST_00678,IT/소프트웨어,50-299인,Standard,Priority,24,46,1,26632454,0.0599,22.23,0.6784,0.0126,0.2722,97,0.0556,19.72,61.0,369125812,0
CUST_00679_C1,CUST_00679,IT/소프트웨어,5-49인,Basic,Priority,24,22,0,2076484,0.0197,8.78,0.7631,-0.0445,0.1908,93,0.0,23.1,61.0,26163698,0
CUST_00680_C1,CUST_00680,유통/커머스,5-49인,Basic,Priority,24,22,0,2119816,-0.0517,0.24,0.7761,-0.1375,0.1958,112,0.0,22.0,60.0,26709682,0
CUST_00681_C1,CUST_00681,유통/커머스,5-49인,Basic,Standard,12,10,0,6545790,0.0329,-0.33,0.7773,0.0088,0.1968,99,0.1765,62.31,,78549480,0
CUST_00681_C2,CUST_00681,유통/커머스,5-49인,Basic,Standard,12,22,1,6197949,0.0697,1.22,0.7625,0.1158,0.215,117,0.0833,53.5,305.0,74375388,0
CUST_00681_C3,CUST_00681,유통/커머스,5-49인,Basic,Priority,24,47,2,6942948,0.0682,1.33,0.7861,0.0121,0.1953,111,0.0,19.38,61.0,87481145,0
CUST_00682_C1,CUST_00682,유통/커머스,5-49인,Basic,Priority,12,10,0,1778845,0.0301,-5.16,0.8371,0.1277,0.1585,84,0.0,19.59,,22413447,0
CUST_00683_C1,CUST_00683,IT/소프트웨어,5-49인,Basic,Priority,24,22,0,3196406,0.057,24.13,0.5888,0.1247,0.3356,221,0.0,26.48,61.0,40274716,1
CUST_00684_C1,CUST_00684,IT/소프트웨어,5-49인,Basic,Priority,12,10,0,4620242,-0.0007,11.85,0.6241,0.0417,0.2235,140,0.2083,27.7,183.0,58215049,0
CUST_00684_C2,CUST_00684,IT/소프트웨어,5-49인,Basic,Standard,24,34,1,4629355,0.0185,17.89,0.5994,-0.0328,0.2516,140,0.1429,63.87,304.0,55552260,1
CUST_00685_C1,CUST_00685,유통/커머스,5-49인,Basic,Standard,12,10,0,6476658,0.0039,-7.55,0.7106,0.0069,0.185,108,0.0714,57.97,123.0,77719896,0
CUST_00685_C2,CUST_00685,유통/커머스,5-49인,Basic,Standard,24,34,1,7805015,-0.0071,-0.95,0.6471,0.0768,0.1762,122,0.2,27.15,306.0,93660180,0
CUST_00686_C1,CUST_00686,제조업,50-299인,Standard,Enterprise,12,10,0,22049128,0.0578,5.3,0.8021,-0.1093,0.1053,44,0.0,7.49,214.0,334705763,0
CUST_00687_C1,CUST_00687,물류/운송,5-49인,Basic,Standard,12,10,0,5582831,-0.007,2.4,0.783,0.078,0.1486,105,0.2857,52.95,122.0,66993972,1
CUST_00688_C1,CUST_00688,IT/소프트웨어,5-49인,Basic,Priority,12,10,0,6432158,-0.0811,1.03,0.7497,0.08,0.1946,119,0.1765,24.95,59.0,81045191,0
CUST_00688_C2,CUST_00688,IT/소프트웨어,5-49인,Basic,Standard,12,22,1,6264510,-0.0002,3.56,0.7627,0.0891,0.1749,105,0.0625,67.64,120.0,75174120,0
CUST_00688_C3,CUST_00688,IT/소프트웨어,5-49인,Basic,Priority,12,34,2,7105168,-0.0047,8.1,0.6953,-0.011,0.2715,115,0.1667,23.93,59.0,89525117,0
CUST_00689_C1,CUST_00689,의료/헬스케어,50-299인,Standard,Standard,36,34,0,27137226,0.0597,9.44,0.8022,-0.014,0.196,45,0.1667,55.43,123.0,358211383,0
CUST_00689_C2,CUST_00689,의료/헬스케어,50-299인,Standard,Priority,24,58,1,33704678,-0.0329,-3.39,0.7236,0.106,0.2131,66,0.0,22.36,61.0,467146837,0
CUST_00689_C3,CUST_00689,의료/헬스케어,50-299인,Standard,Priority,24,82,2,35268619,0.0068,2.0,0.7486,0.0095,0.1808,59,0.0,26.76,184.0,488823059,0
CUST_00690_C1,CUST_00690,물류/운송,5-49인,Basic,Standard,12,10,0,6341774,0.0306,2.68,0.769,0.041,0.2025,108,0.2,37.83,,76101288,0
CUST_00690_C2,CUST_00690,물류/운송,5-49인,Basic,Priority,12,22,1,6943979,0.0065,2.72,0.8003,-0.0403,0.1799,112,0.0556,19.92,61.0,87494135,0
CUST_00690_C3,CUST_00690,물류/운송,5-49인,Basic,Standard,12,34,2,7018777,-0.013,-3.66,0.7481,-0.021,0.1711,70,0.0,57.0,123.0,84225324,0
CUST_00691_C1,CUST_00691,제조업,5-49인,Standard,Enterprise,12,10,0,3378775,0.0353,11.44,0.7895,0.0285,0.1764,45,0.0,6.42,30.0,51289804,0
CUST_00692_C1,CUST_00692,IT/소프트웨어,5-49인,Basic,Standard,24,22,0,4507032,-0.0213,4.21,0.6818,0.0926,0.2271,139,0.3684,55.39,121.0,54084384,1
CUST_00693_C1,CUST_00693,기타서비스업,5-49인,Basic,Standard,12,10,0,3432616,-0.079,-0.94,0.8097,0.0897,0.1911,104,0.0588,57.39,123.0,41191392,0
CUST_00693_C2,CUST_00693,기타서비스업,5-49인,Basic,Standard,12,22,1,3724799,0.0084,2.13,0.7371,0.0488,0.216,113,0.0588,65.26,123.0,44697588,0
CUST_00693_C3,CUST_00693,기타서비스업,5-49인,Basic,Standard,12,34,2,4219340,-0.0262,5.4,0.6394,-0.1123,0.2357,124,0.1379,53.59,123.0,50632080,0
CUST_00694_C1,CUST_00694,제조업,50-299인,Standard,Enterprise,12,10,0,12432113,0.0179,-3.26,0.7525,-0.1071,0.1211,36,0.0,6.24,121.0,188719475,0
CUST_00694_C2,CUST_00694,제조업,50-299인,Standard,Priority,12,22,1,16729993,0.0538,2.23,0.7788,-0.0365,0.1537,56,0.0714,21.99,59.0,231877703,0
CUST_00695_C1,CUST_00695,금융/보험,5-49인,Premium,Standard,24,22,0,2103918,0.0356,17.62,0.6598,-0.0319,0.2813,41,0.2778,50.21,122.0,31558770,1
CUST_00696_C1,CUST_00696,유통/커머스,50-299인,Standard,Standard,24,22,0,12192933,0.0536,18.37,0.6447,-0.0007,0.2298,96,0.2381,48.98,123.0,160946716,1
CUST_00697_C1,CUST_00697,물류/운송,5-49인,Basic,Priority,12,10,0,1353709,0.018,-11.94,0.7399,0.0605,0.2026,114,0.0,25.1,61.0,17056733,0
CUST_00697_C2,CUST_00697,물류/운송,5-49인,Basic,Priority,24,34,1,2236580,0.0352,11.98,0.6896,-0.0194,0.2451,119,0.0,23.33,61.0,28180908,0
CUST_00698_C1,CUST_00698,IT/소프트웨어,5-49인,Premium,Priority,12,10,0,2786522,-0.0326,10.92,0.6853,0.0404,0.2929,50,0.0,25.12,61.0,43887722,0
CUST_00699_C1,CUST_00699,제조업,5-49인,Basic,Standard,12,10,0,2571463,0.0007,0.32,0.7502,0.1083,0.2037,106,0.0909,51.46,122.0,30857556,0
CUST_00699_C2,CUST_00699,제조업,5-49인,Basic,Standard,12,22,1,2653134,0.0024,12.19,0.7155,-0.0223,0.1795,139,0.1429,56.93,121.0,31837608,0
CUST_00699_C3,CUST_00699,제조업,5-49인,Basic,Priority,12,34,2,2812520,0.04,6.92,0.6848,0.1161,0.2119,115,0.0,19.56,59.0,35437752,0
CUST_00700_C1,CUST_00700,제조업,5-49인,Basic,Priority,12,10,0,3351354,-0.0524,7.91,0.7491,0.0298,0.2221,114,0.0769,16.38,61.0,42227060,0
CUST_00701_C1,CUST_00701,IT/소프트웨어,5-49인,Standard,Standard,12,10,0,1289996,0.0569,6.82,0.7378,-0.0069,0.1733,54,0.1667,40.52,,17027947,0
CUST_00702_C1,CUST_00702,물류/운송,5-49인,Basic,Priority,24,22,0,2464835,-0.056,4.61,0.7447,0.0087,0.2037,105,0.0,23.57,61.0,31056921,0
CUST_00702_C2,CUST_00702,물류/운송,5-49인,Basic,Standard,24,46,1,3299366,0.0293,14.1,0.675,-0.0972,0.2262,140,0.15,55.26,122.0,39592392,0
CUST_00703_C1,CUST_00703,물류/운송,50-299인,Premium,Priority,36,34,0,36362724,0.0212,19.07,0.5505,-0.1132,0.3305,52,0.2222,21.82,181.0,572712903,0
CUST_00704_C1,CUST_00704,제조업,5-49인,Basic,Standard,12,10,0,4933341,-0.0133,1.2,0.7045,0.1021,0.1885,131,0.1111,56.16,,59200092,1
CUST_00705_C1,CUST_00705,금융/보험,5-49인,Basic,Standard,24,22,0,3312160,-0.024,0.74,0.8048,0.0208,0.2578,112,0.0,61.91,122.0,39745920,0
CUST_00706_C1,CUST_00706,유통/커머스,5-49인,Standard,Priority,12,10,0,3955936,0.0689,4.09,0.702,-0.032,0.2377,66,0.2222,18.04,62.0,54829273,0
CUST_00707_C1,CUST_00707,IT/소프트웨어,5-49인,Standard,Standard,12,10,0,9624579,0.0321,10.22,0.589,-0.1026,0.2867,94,0.2667,46.92,120.0,127044443,0
CUST_00707_C2,CUST_00707,IT/소프트웨어,5-49인,Standard,Enterprise,24,34,1,11180224,0.0868,16.5,0.6351,0.0772,0.2591,104,0.0,5.69,30.0,169715800,0
CUST_00707_C3,CUST_00707,IT/소프트웨어,5-49인,Standard,Priority,12,46,2,8633384,0.0943,2.23,0.7233,0.0233,0.2221,71,0.0909,24.95,305.0,119658702,0
CUST_00708_C1,CUST_00708,의료/헬스케어,5-49인,Basic,Priority,12,10,0,10650171,-0.0207,6.95,0.6896,0.0442,0.2516,154,0.2632,25.71,182.0,134192155,0
CUST_00709_C1,CUST_00709,IT/소프트웨어,5-49인,Basic,Standard,24,22,0,2562921,0.0086,5.73,0.7675,-0.0195,0.263,162,0.15,58.12,122.0,30755052,0
CUST_00709_C2,CUST_00709,IT/소프트웨어,5-49인,Basic,Standard,12,34,1,2512201,-0.1072,-10.17,0.756,0.0047,0.2121,108,0.1538,37.76,122.0,30146412,0
CUST_00710_C1,CUST_00710,IT/소프트웨어,5-49인,Basic,Enterprise,12,10,0,6429919,0.0468,6.27,0.7513,0.0998,0.1989,124,0.0,5.39,31.0,88732882,0
CUST_00711_C1,CUST_00711,IT/소프트웨어,5-49인,Basic,Priority,24,22,0,6657004,-0.0261,2.57,0.7573,-0.0123,0.1351,109,0.0625,19.29,59.0,83878250,0
CUST_00711_C2,CUST_00711,IT/소프트웨어,5-49인,Basic,Enterprise,24,46,1,7274784,-0.0634,0.32,0.8156,0.0345,0.1506,93,0.0,7.52,28.0,100392019,0
CUST_00711_C3,CUST_00711,IT/소프트웨어,5-49인,Basic,Priority,12,58,2,7412077,-0.0138,-2.29,0.7872,-0.0523,0.1904,80,0.0,23.94,60.0,93392170,0
CUST_00712_C1,CUST_00712,교육,5-49인,Basic,Standard,24,22,0,3783362,-0.0065,4.45,0.7716,0.0853,0.1831,78,0.1818,52.12,122.0,45400344,0
CUST_00712_C2,CUST_00712,교육,5-49인,Basic,Standard,24,46,1,4773079,0.023,8.94,0.7207,-0.0767,0.2096,120,0.0714,61.77,122.0,57276948,0
CUST_00712_C3,CUST_00712,교육,5-49인,Basic,Priority,24,70,2,6311490,0.0804,19.21,0.656,-0.103,0.2288,107,0.0,23.68,61.0,79524774,0
CUST_00713_C1,CUST_00713,유통/커머스,50-299인,Standard,Priority,12,10,0,36601406,0.0084,11.17,0.5687,0.0621,0.3057,116,0.0909,19.46,61.0,507295487,0
CUST_00713_C2,CUST_00713,유통/커머스,50-299인,Standard,Standard,12,22,1,37188818,0.015,15.21,0.6104,-0.0587,0.2992,121,0.1739,65.59,122.0,490892398,1
CUST_00714_C1,CUST_00714,금융/보험,5-49인,Basic,Standard,24,22,0,9311548,0.0265,11.22,0.7449,0.0041,0.2127,120,0.1,37.38,486.0,111738576,1
CUST_00715_C1,CUST_00715,교육,5-49인,Basic,Standard,12,10,0,2431230,0.0249,-4.68,0.8037,0.0068,0.1686,91,0.1429,54.23,122.0,29174760,0
CUST_00716_C1,CUST_00716,물류/운송,5-49인,Standard,Standard,36,34,0,5370914,0.0228,11.27,0.7696,0.01,0.1833,60,0.0,49.35,122.0,70896065,0
CUST_00717_C1,CUST_00717,IT/소프트웨어,5-49인,Basic,Standard,36,34,0,1528473,0.0604,6.89,0.7766,-0.0064,0.1555,103,0.1111,40.29,122.0,18341676,0
CUST_00718_C1,CUST_00718,제조업,5-49인,Basic,Priority,12,10,0,7514686,0.1297,0.52,0.8063,-0.0889,0.1419,101,0.0,24.7,181.0,94685044,0
CUST_00719_C1,CUST_00719,제조업,5-49인,Basic,Priority,12,10,0,1866173,0.0166,2.82,0.7022,-0.0679,0.2676,137,0.0,26.71,61.0,23513780,0
CUST_00720_C1,CUST_00720,유통/커머스,5-49인,Basic,Standard,24,22,0,3493432,-0.0369,1.34,0.8047,-0.0123,0.1497,81,0.25,41.2,306.0,41921184,0
CUST_00720_C2,CUST_00720,유통/커머스,5-49인,Basic,Standard,12,34,1,3163153,0.0443,-1.31,0.7407,0.0058,0.1535,91,0.0909,43.37,307.0,37957836,0
CUST_00720_C3,CUST_00720,유통/커머스,5-49인,Basic,Priority,24,58,2,2780143,0.0195,6.19,0.7568,0.1774,0.1985,110,0.0,24.42,61.0,35029802,0
CUST_00721_C1,CUST_00721,제조업,5-49인,Basic,Enterprise,24,22,0,3606113,0.0421,23.34,0.6196,0.0284,0.1939,156,0.0,7.09,31.0,49764359,0
CUST_00721_C2,CUST_00721,제조업,5-49인,Basic,Standard,24,46,1,3634792,0.0285,16.8,0.6982,0.0301,0.2326,119,0.2353,73.64,123.0,43617504,0
CUST_00721_C3,CUST_00721,제조업,5-49인,Basic,Priority,24,70,2,3846692,0.0564,13.61,0.673,-0.0077,0.204,145,0.0909,20.38,62.0,48468319,0
CUST_00722_C1,CUST_00722,IT/소프트웨어,5-49인,Basic,Standard,12,10,0,1666272,0.0047,1.03,0.7639,0.0619,0.2185,102,0.1667,57.6,,19995264,0
CUST_00723_C1,CUST_00723,교육,5-49인,Basic,Priority,12,10,0,2423754,0.0261,8.25,0.6781,-0.0661,0.1918,132,0.0667,24.48,62.0,30539300,0
CUST_00723_C2,CUST_00723,교육,5-49인,Basic,Standard,12,22,1,2551317,0.0561,6.03,0.6341,0.085,0.2733,136,0.1429,49.89,122.0,30615804,0
CUST_00723_C3,CUST_00723,교육,5-49인,Basic,Standard,12,35,2,1660645,0.053,1.09,0.7558,-0.1405,0.1929,138,0.0714,60.63,122.0,19927740,1
CUST_00724_C1,CUST_00724,제조업,50-299인,Premium,Standard,24,22,0,19984259,-0.0539,3.58,0.6786,0.0216,0.1843,29,0.1579,62.19,122.0,299763885,0
CUST_00724_C2,CUST_00724,제조업,50-299인,Premium,Enterprise,12,34,1,13714102,-0.037,-3.41,0.7633,-0.0539,0.1498,35,0.0,6.48,31.0,236568259,0
CUST_00724_C3,CUST_00724,제조업,50-299인,Premium,Standard,24,58,2,12702309,0.0548,11.31,0.6691,0.1305,0.2525,33,0.3333,65.99,120.0,190534635,0
CUST_00725_C1,CUST_00725,제조업,50-299인,Premium,Enterprise,12,10,0,20529534,0.0115,6.44,0.5924,0.0474,0.3092,42,0.1667,6.91,31.0,354134462,0
CUST_00726_C1,CUST_00726,유통/커머스,5-49인,Premium,Priority,12,10,0,4382030,-0.0235,7.18,0.7377,-0.0896,0.2855,29,0.0714,25.26,182.0,69016972,0
CUST_00726_C2,CUST_00726,유통/커머스,5-49인,Premium,Enterprise,12,22,1,3944828,0.0467,10.61,0.758,0.0548,0.235,30,0.0833,7.01,31.0,68048283,0
CUST_00727_C1,CUST_00727,제조업,5-49인,Basic,Standard,36,34,0,13011355,0.0278,8.55,0.8299,-0.0225,0.1875,108,0.0,43.54,120.0,156136260,0
CUST_00727_C2,CUST_00727,제조업,5-49인,Basic,Standard,24,58,1,16771591,-0.0178,10.73,0.6852,-0.0567,0.1928,107,0.1538,57.15,121.0,201259092,0
CUST_00727_C3,CUST_00727,제조업,5-49인,Basic,Priority,12,70,2,17909467,0.0142,2.48,0.7885,-0.0298,0.1701,123,0.1,19.51,61.0,225659284,0
CUST_00728_C1,CUST_00728,교육,5-49인,Standard,Enterprise,12,10,0,5531043,0.0367,7.86,0.7391,0.0147,0.1995,75,0.0476,6.83,31.0,83961233,0
CUST_00728_C2,CUST_00728,교육,5-49인,Standard,Priority,24,34,1,5658375,0.065,-1.2,0.7502,0.112,0.1759,52,0.0,24.04,184.0,78425078,0
CUST_00729_C1,CUST_00729,의료/헬스케어,5-49인,Standard,Priority,24,22,0,4671930,-0.0385,-0.24,0.7484,0.0864,0.1427,53,0.0,17.51,61.0,64752950,0
CUST_00729_C2,CUST_00729,의료/헬스케어,5-49인,Standard,Priority,12,34,1,7704460,0.0467,6.32,0.7957,0.0765,0.1942,50,0.0909,17.47,61.0,106783816,0
CUST_00729_C3,CUST_00729,의료/헬스케어,5-49인,Standard,Priority,24,58,2,8099531,0.0184,4.75,0.8417,0.1163,0.1862,49,0.0,16.65,61.0,112259500,0
CUST_00730_C1,CUST_00730,IT/소프트웨어,5-49인,Basic,Standard,24,22,0,3369920,-0.0073,-1.67,0.8228,0.0273,0.1773,81,0.2,40.83,121.0,40439040,0
CUST_00730_C2,CUST_00730,IT/소프트웨어,5-49인,Basic,Standard,24,46,1,3850611,0.0169,-1.48,0.8778,-0.0753,0.1704,77,0.0,65.92,120.0,46207332,0
CUST_00730_C3,CUST_00730,IT/소프트웨어,5-49인,Basic,Standard,12,58,2,3146241,-0.009,6.76,0.7776,-0.0396,0.2267,105,0.2143,50.2,120.0,37754892,0
CUST_00731_C1,CUST_00731,IT/소프트웨어,5-49인,Standard,Standard,12,10,0,2764565,0.0054,4.12,0.7411,-0.0904,0.1992,57,0.3077,56.19,122.0,36492258,0
CUST_00732_C1,CUST_00732,의료/헬스케어,5-49인,Basic,Standard,12,10,0,3381166,0.0048,11.38,0.7435,0.008,0.2511,122,0.3158,56.02,,40573992,0
CUST_00733_C1,CUST_00733,금융/보험,5-49인,Basic,Standard,12,10,0,1637499,0.0029,2.05,0.6331,-0.1063,0.2275,117,0.25,53.86,121.0,19649988,0
CUST_00733_C2,CUST_00733,금융/보험,5-49인,Basic,Standard,12,22,1,1433952,-0.0029,5.74,0.6716,-0.0626,0.2099,98,0.1875,70.43,120.0,17207424,0
CUST_00734_C1,CUST_00734,유통/커머스,5-49인,Premium,Standard,12,10,0,2690604,0.0383,4.12,0.7459,-0.0307,0.1784,21,0.0769,46.18,122.0,40359060,0
CUST_00735_C1,CUST_00735,유통/커머스,5-49인,Basic,Standard,24,22,0,1576782,0.0377,17.95,0.6612,0.0222,0.2818,177,0.15,64.28,122.0,18921384,0
CUST_00735_C2,CUST_00735,유통/커머스,5-49인,Basic,Standard,24,46,1,1722246,-0.0043,10.75,0.624,-0.1044,0.2507,161,0.2632,66.84,122.0,20666952,0
CUST_00735_C3,CUST_00735,유통/커머스,5-49인,Basic,Standard,12,58,2,1612184,-0.0025,4.21,0.6661,0.0106,0.2502,138,0.0,50.04,122.0,19346208,0
CUST_00736_C1,CUST_00736,제조업,5-49인,Standard,Priority,12,10,0,6369043,-0.1066,4.33,0.6835,0.0168,0.2516,84,0.0909,24.04,61.0,88274936,0
CUST_00736_C2,CUST_00736,제조업,5-49인,Standard,Priority,12,22,1,3738714,0.0307,5.92,0.6176,0.0627,0.2223,66,0.2105,22.93,61.0,51818576,0
CUST_00737_C1,CUST_00737,제조업,50-299인,Premium,Enterprise,12,10,0,10385393,0.0494,-0.83,0.7312,-0.107,0.2165,25,0.0526,5.9,31.0,179148029,0
CUST_00737_C2,CUST_00737,제조업,50-299인,Premium,Priority,24,34,1,12617643,0.0754,9.33,0.7194,0.0169,0.1763,35,0.0,32.06,304.0,198727877,0
CUST_00738_C1,CUST_00738,금융/보험,5-49인,Standard,Enterprise,12,10,0,11459806,0.0184,-1.84,0.8679,0.1907,0.0749,38,0.0,6.67,121.0,173959855,0
CUST_00738_C2,CUST_00738,금융/보험,5-49인,Standard,Priority,12,22,1,10271001,0.0431,-1.74,0.7615,-0.1991,0.1659,48,0.0,27.17,59.0,142356074,0
CUST_00739_C1,CUST_00739,유통/커머스,5-49인,Premium,Enterprise,24,22,0,3108521,0.0487,-2.24,0.8446,-0.0565,0.1173,21,0.0,8.39,122.0,53621987,0
CUST_00739_C2,CUST_00739,유통/커머스,5-49인,Premium,Enterprise,12,34,1,4045963,0.045,8.97,0.7948,0.0904,0.1904,24,0.0,8.63,31.0,69792862,0
CUST_00740_C1,CUST_00740,유통/커머스,5-49인,Basic,Standard,12,10,0,1297059,0.0045,-3.06,0.8387,0.0847,0.1918,77,0.1429,53.03,122.0,15564708,0
CUST_00741_C1,CUST_00741,제조업,5-49인,Basic,Standard,24,22,0,1553756,0.048,6.02,0.6905,0.0691,0.2099,114,0.05,52.17,120.0,18645072,0
CUST_00742_C1,CUST_00742,금융/보험,5-49인,Standard,Enterprise,12,10,0,3619830,0.0263,-0.2,0.8072,0.027,0.1633,34,0.0,6.53,212.0,54949019,0
CUST_00742_C2,CUST_00742,금융/보험,5-49인,Standard,Standard,12,22,1,3888559,-0.0116,2.84,0.7616,0.0134,0.1963,54,0.0,71.21,122.0,51328979,0
CUST_00742_C3,CUST_00742,금융/보험,5-49인,Standard,Priority,12,34,2,3940537,-0.0067,-5.25,0.8427,-0.0626,0.2505,66,0.1538,28.22,181.0,54615843,0
CUST_00743_C1,CUST_00743,IT/소프트웨어,300인이상,Premium,Enterprise,24,22,0,25143028,-0.019,-0.38,0.8441,-0.0126,0.1813,17,0.0,5.99,29.0,433717233,0
CUST_00743_C2,CUST_00743,IT/소프트웨어,300인이상,Premium,Enterprise,12,34,1,31681390,-0.0023,-3.18,0.8002,0.0644,0.1505,22,0.0,6.33,28.0,546503978,0
CUST_00744_C1,CUST_00744,유통/커머스,5-49인,Basic,Standard,12,10,0,970626,-0.0436,-4.48,0.7651,0.1205,0.218,99,0.0,60.27,,11647512,0
CUST_00744_C2,CUST_00744,유통/커머스,5-49인,Basic,Priority,24,34,1,1149363,0.0928,-0.24,0.8211,-0.0003,0.1945,91,0.0769,28.92,61.0,14481974,0
CUST_00744_C3,CUST_00744,유통/커머스,5-49인,Basic,Priority,12,46,2,1514053,0.0299,5.5,0.7279,-0.0156,0.1858,132,0.2353,23.18,61.0,19077068,1
CUST_00745_C1,CUST_00745,제조업,50-299인,Premium,Enterprise,24,22,0,35394264,0.0318,13.19,0.5355,0.0133,0.3248,57,0.0,7.4,31.0,610551054,0
CUST_00746_C1,CUST_00746,기타서비스업,50-299인,Standard,Priority,24,22,0,13634221,0.1103,9.6,0.7697,-0.0609,0.1771,56,0.0909,15.94,62.0,188970303,0
CUST_00746_C2,CUST_00746,기타서비스업,50-299인,Standard,Priority,12,34,1,11421247,-0.0314,-10.53,0.7127,-0.1145,0.1953,59,0.1111,18.44,62.0,158298483,0
CUST_00747_C1,CUST_00747,유통/커머스,5-49인,Basic,Priority,24,22,0,1102456,0.0127,8.13,0.6805,0.0408,0.1642,111,0.0625,23.57,61.0,13890946,0
CUST_00748_C1,CUST_00748,유통/커머스,5-49인,Premium,Enterprise,24,22,0,6588289,0.0536,16.56,0.718,0.0114,0.2532,30,0.1579,5.59,31.0,113647985,0
CUST_00749_C1,CUST_00749,의료/헬스케어,5-49인,Basic,Standard,12,10,0,2068349,0.0021,-6.3,0.8112,-0.0406,0.1528,82,0.0667,43.13,122.0,24820188,0
CUST_00750_C1,CUST_00750,IT/소프트웨어,5-49인,Basic,Standard,24,22,0,2419910,-0.0095,18.51,0.7295,0.089,0.2402,117,0.3077,55.83,120.0,29038920,0
CUST_00751_C1,CUST_00751,금융/보험,5-49인,Basic,Enterprise,12,10,0,3290345,0.0049,-0.17,0.7771,-0.0961,0.1872,91,0.0,6.42,31.0,45406761,0
CUST_00751_C2,CUST_00751,금융/보험,5-49인,Basic,Standard,24,34,1,3039970,0.0099,10.92,0.6227,-0.0506,0.1832,139,0.2941,66.45,123.0,36479640,1
CUST_00752_C1,CUST_00752,교육,5-49인,Basic,Standard,24,22,0,3146702,0.0346,8.44,0.6869,-0.0622,0.1937,133,0.2105,85.28,121.0,37760424,0
CUST_00753_C1,CUST_00753,제조업,5-49인,Basic,Standard,12,10,0,3292859,0.0016,5.26,0.702,0.0898,0.2143,134,0.2,37.35,122.0,39514308,1
CUST_00754_C1,CUST_00754,제조업,5-49인,Basic,Standard,12,10,0,3766103,-0.007,-0.12,0.7188,0.039,0.1591,77,0.0909,48.16,120.0,45193236,0
CUST_00755_C1,CUST_00755,물류/운송,5-49인,Basic,Standard,24,22,0,1590417,-0.0086,1.38,0.7583,0.0413,0.1733,118,0.1875,78.92,,19085004,0
CUST_00755_C2,CUST_00755,물류/운송,5-49인,Basic,Priority,24,46,1,1839589,0.016,9.36,0.7402,-0.0431,0.158,108,0.0,25.75,61.0,23178821,0
CUST_00756_C1,CUST_00756,유통/커머스,5-49인,Basic,Standard,24,22,0,5679989,-0.0266,6.97,0.749,0.026,0.1884,111,0.1,74.29,122.0,68159868,0
CUST_00757_C1,CUST_00757,물류/운송,5-49인,Basic,Priority,12,10,0,2347155,-0.011,13.99,0.7585,0.098,0.2415,127,0.0769,15.34,61.0,29574153,0
CUST_00758_C1,CUST_00758,물류/운송,5-49인,Premium,Enterprise,36,34,0,4057221,-0.039,15.08,0.7084,-0.0646,0.2153,32,0.0,5.88,31.0,69987062,0
CUST_00758_C2,CUST_00758,물류/운송,5-49인,Premium,Enterprise,24,58,1,4676824,0.0147,5.24,0.7428,0.0095,0.1723,29,0.0,6.85,122.0,80675214,0
CUST_00759_C1,CUST_00759,제조업,5-49인,Basic,Standard,12,10,0,1786356,0.0595,0.11,0.8273,-0.1927,0.1796,121,0.1667,56.2,,21436272,1
CUST_00760_C1,CUST_00760,교육,5-49인,Basic,Standard,36,34,0,6173096,-0.0096,8.44,0.7033,0.1472,0.1974,113,0.3636,56.09,120.0,74077152,1
CUST_00761_C1,CUST_00761,IT/소프트웨어,5-49인,Standard,Standard,24,22,0,2240700,0.0074,4.15,0.6679,-0.0854,0.1533,52,0.0,52.27,122.0,29577240,0
CUST_00762_C1,CUST_00762,유통/커머스,5-49인,Basic,Priority,12,10,0,6672072,0.0543,11.96,0.6425,-0.0941,0.2403,139,0.0588,22.41,61.0,84068107,0
CUST_00762_C2,CUST_00762,유통/커머스,5-49인,Basic,Standard,12,22,1,4653871,-0.0106,4.58,0.7279,-0.0492,0.2467,120,0.125,59.97,304.0,55846452,0
CUST_00763_C1,CUST_00763,제조업,5-49인,Standard,Priority,12,10,0,1429982,-0.0273,5.36,0.7533,-0.1192,0.2118,64,0.0625,17.71,183.0,19819551,0
CUST_00763_C2,CUST_00763,제조업,5-49인,Standard,Enterprise,12,22,1,1387850,-0.0708,-6.98,0.7231,0.0235,0.2854,73,0.0667,5.94,30.0,21067563,0
CUST_00763_C3,CUST_00763,제조업,5-49인,Standard,Standard,12,34,2,1574791,-0.013,0.87,0.7148,-0.1296,0.229,63,0.0526,51.76,122.0,20787241,0
CUST_00764_C1,CUST_00764,기타서비스업,5-49인,Basic,Standard,12,10,0,2549930,0.0156,12.3,0.7115,-0.0178,0.1837,122,0.0833,66.18,123.0,30599160,0
CUST_00764_C2,CUST_00764,기타서비스업,5-49인,Basic,Priority,24,34,1,2596004,0.0458,6.28,0.7734,0.0977,0.198,95,0.0,19.63,61.0,32709650,0
CUST_00765_C1,CUST_00765,기타서비스업,5-49인,Basic,Standard,12,10,0,4406789,0.0073,5.25,0.7134,-0.019,0.2463,157,0.1739,59.49,122.0,52881468,1
CUST_00766_C1,CUST_00766,IT/소프트웨어,5-49인,Basic,Priority,24,22,0,3887145,-0.0052,1.61,0.8283,-0.0298,0.1191,93,0.0,22.2,60.0,48978027,0
CUST_00767_C1,CUST_00767,제조업,5-49인,Basic,Standard,24,22,0,4171377,0.0071,12.75,0.7138,-0.02,0.2625,139,0.1176,45.25,120.0,50056524,0
CUST_00767_C2,CUST_00767,제조업,5-49인,Basic,Priority,12,34,1,3490326,-0.0304,-2.4,0.6977,-0.0448,0.2357,119,0.0625,26.47,61.0,43978108,0
CUST_00768_C1,CUST_00768,금융/보험,50-299인,Basic,Priority,12,10,0,13266019,0.0057,3.0,0.7493,0.0322,0.1773,98,0.1,20.37,61.0,167151839,0
CUST_00769_C1,CUST_00769,의료/헬스케어,5-49인,Basic,Priority,24,22,0,3444423,-0.0569,5.53,0.6981,0.0172,0.2304,110,0.1429,26.85,61.0,43399730,0
CUST_00770_C1,CUST_00770,제조업,5-49인,Standard,Priority,12,10,0,2997527,0.0716,1.34,0.8128,0.0426,0.1225,50,0.0,16.72,,41545724,0
CUST_00771_C1,CUST_00771,기타서비스업,5-49인,Standard,Standard,12,10,0,5076321,-0.0301,-0.85,0.7459,-0.0763,0.2454,52,0.1111,60.02,120.0,67007437,1
CUST_00772_C1,CUST_00772,유통/커머스,5-49인,Standard,Enterprise,12,10,0,2323999,0.024,3.57,0.7191,-0.0254,0.1567,45,0.0,6.35,31.0,35278305,0
CUST_00773_C1,CUST_00773,금융/보험,5-49인,Premium,Enterprise,12,10,0,1660206,0.007,4.87,0.6819,0.1258,0.214,27,0.0,6.97,28.0,28638553,0
CUST_00773_C2,CUST_00773,금융/보험,5-49인,Premium,Enterprise,12,22,1,1616371,-0.0287,0.84,0.6788,0.0946,0.1913,30,0.0435,6.51,28.0,27882400,0
CUST_00774_C1,CUST_00774,유통/커머스,50-299인,Standard,Enterprise,24,22,0,16428672,-0.0249,20.74,0.6409,0.1689,0.2137,67,0.0,6.75,123.0,249387241,0
CUST_00774_C2,CUST_00774,유통/커머스,50-299인,Standard,Standard,12,34,1,17284533,-0.0209,4.93,0.7225,0.0484,0.228,55,0.2778,66.37,123.0,228155836,0
CUST_00775_C1,CUST_00775,IT/소프트웨어,5-49인,Basic,Priority,12,10,0,2415423,0.004,9.0,0.7132,0.0592,0.2816,114,0.0476,19.54,61.0,30434330,0
CUST_00775_C2,CUST_00775,IT/소프트웨어,5-49인,Basic,Standard,36,46,1,2262710,0.0199,14.76,0.7062,0.1182,0.1913,113,0.0714,55.78,122.0,27152520,0
CUST_00776_C1,CUST_00776,유통/커머스,5-49인,Basic,Standard,12,10,0,4067214,-0.0055,5.42,0.7247,-0.0567,0.1825,103,0.1905,51.25,121.0,48806568,0
CUST_00776_C2,CUST_00776,유통/커머스,5-49인,Basic,Standard,12,22,1,4685380,-0.0026,2.61,0.7516,-0.0607,0.1924,79,0.1667,52.64,120.0,56224560,0
CUST_00777_C1,CUST_00777,기타서비스업,5-49인,Basic,Priority,12,10,0,4196565,0.0049,7.97,0.7229,0.0349,0.2399,112,0.1765,20.71,,52876719,0
CUST_00777_C2,CUST_00777,기타서비스업,5-49인,Basic,Standard,36,46,1,4338940,0.0093,4.8,0.7414,0.1259,0.2316,126,0.0476,60.48,123.0,52067280,0
CUST_00777_C3,CUST_00777,기타서비스업,5-49인,Basic,Priority,24,70,2,4685259,-0.0193,7.39,0.7272,-0.0768,0.2781,130,0.0769,24.37,184.0,59034263,0
CUST_00778_C1,CUST_00778,제조업,5-49인,Basic,Standard,12,10,0,1822290,-0.03,0.38,0.7878,0.0543,0.2403,128,0.1333,56.41,122.0,21867480,0
CUST_00778_C2,CUST_00778,제조업,5-49인,Basic,Standard,24,34,1,1827329,0.076,16.17,0.6428,-0.0464,0.2153,148,0.05,61.09,122.0,21927948,0
CUST_00779_C1,CUST_00779,유통/커머스,5-49인,Standard,Standard,12,10,0,2661481,0.0446,2.28,0.7843,-0.0318,0.2203,79,0.0625,53.98,122.0,35131549,0
CUST_00779_C2,CUST_00779,유통/커머스,5-49인,Standard,Priority,12,22,1,2797770,0.0308,6.42,0.7263,0.0141,0.258,80,0.0,24.68,61.0,38777092,0
CUST_00779_C3,CUST_00779,유통/커머스,5-49인,Standard,Enterprise,12,34,2,2609216,0.0329,10.54,0.7437,0.0386,0.2385,51,0.0,6.7,31.0,39607899,0
CUST_00780_C1,CUST_00780,제조업,5-49인,Basic,Standard,24,22,0,5375290,0.0912,21.78,0.6545,-0.0316,0.2997,161,0.2,53.62,122.0,64503480,0
CUST_00781_C1,CUST_00781,유통/커머스,5-49인,Basic,Standard,24,22,0,5947826,0.004,10.51,0.6042,0.0433,0.2917,118,0.2,74.13,122.0,71373912,0
CUST_00781_C2,CUST_00781,유통/커머스,5-49인,Basic,Standard,12,34,1,6051010,0.0411,2.7,0.5894,-0.063,0.2717,142,0.1818,62.63,122.0,72612120,0
CUST_00781_C3,CUST_00781,유통/커머스,5-49인,Basic,Standard,24,58,2,7376895,0.0423,8.82,0.7243,0.0343,0.2868,105,0.25,65.63,122.0,88522740,0
CUST_00782_C1,CUST_00782,제조업,5-49인,Basic,Standard,24,22,0,2021648,0.0639,28.67,0.7254,0.0274,0.291,157,0.1111,49.32,122.0,24259776,1
CUST_00783_C1,CUST_00783,제조업,5-49인,Standard,Priority,24,22,0,2076102,-0.0079,12.25,0.6286,-0.069,0.2573,114,0.1875,25.58,61.0,28774774,1
CUST_00784_C1,CUST_00784,기타서비스업,50-299인,Premium,Enterprise,36,34,0,25195658,0.0429,24.2,0.7163,0.1018,0.1722,29,0.0625,6.71,28.0,434625100,0
CUST_00785_C1,CUST_00785,제조업,50-299인,Premium,Standard,12,10,0,37086600,-0.0216,-1.15,0.7475,0.0907,0.1741,17,0.2941,65.41,123.0,556299000,0
CUST_00785_C2,CUST_00785,제조업,50-299인,Premium,Standard,12,22,1,42905956,0.0215,1.14,0.7119,0.0878,0.2269,25,0.2143,49.05,123.0,643589340,0
CUST_00785_C3,CUST_00785,제조업,50-299인,Premium,Enterprise,12,34,2,47407764,-0.0582,3.89,0.8152,0.0174,0.197,21,0.0,6.26,31.0,817783929,0
CUST_00786_C1,CUST_00786,교육,50-299인,Standard,Standard,12,10,0,13962826,-0.0399,-5.52,0.7565,0.0042,0.2524,82,0.1875,69.09,120.0,184309303,0
CUST_00786_C2,CUST_00786,교육,50-299인,Standard,Enterprise,24,34,1,17598387,0.0674,16.02,0.789,0.0053,0.2686,77,0.125,6.19,28.0,267143515,0
CUST_00786_C3,CUST_00786,교육,50-299인,Standard,Standard,12,46,2,18473912,0.0421,6.03,0.7443,0.0011,0.2081,85,0.1538,69.74,305.0,243855638,0
CUST_00787_C1,CUST_00787,금융/보험,5-49인,Basic,Priority,12,10,0,3670822,-0.0048,15.87,0.6242,-0.0357,0.2273,152,0.0938,22.1,59.0,46252357,0
CUST_00788_C1,CUST_00788,제조업,5-49인,Basic,Standard,12,10,0,3535436,-0.0107,8.59,0.6003,0.0499,0.2777,185,0.1818,43.51,120.0,42425232,1
CUST_00789_C1,CUST_00789,유통/커머스,5-49인,Standard,Priority,24,22,0,2373798,0.001,2.91,0.6976,0.1197,0.2929,69,0.1667,20.82,60.0,32900840,0
CUST_00790_C1,CUST_00790,제조업,5-49인,Basic,Standard,36,34,0,4201695,0.0903,16.26,0.7817,-0.0506,0.1967,133,0.0667,66.19,305.0,50420340,0
CUST_00790_C2,CUST_00790,제조업,5-49인,Basic,Priority,36,70,1,3463147,0.0216,13.5,0.6663,-0.0713,0.2355,116,0.1667,21.38,61.0,43635652,0
CUST_00791_C1,CUST_00791,IT/소프트웨어,5-49인,Premium,Enterprise,12,10,0,5259713,0.0086,5.1,0.7577,-0.0802,0.1858,26,0.0,6.12,31.0,90730049,0
CUST_00792_C1,CUST_00792,금융/보험,5-49인,Standard,Priority,24,22,0,643734,0.0076,-4.09,0.8854,-0.0897,0.1582,49,0.0,21.32,61.0,8922153,0
CUST_00792_C2,CUST_00792,금융/보험,5-49인,Standard,Standard,12,34,1,631460,-0.0034,-4.38,0.8284,-0.0793,0.1053,42,0.0,67.29,122.0,8335272,0
CUST_00793_C1,CUST_00793,교육,5-49인,Basic,Standard,24,22,0,7473782,-0.0237,0.83,0.7931,-0.0069,0.2015,92,0.0,34.98,122.0,89685384,0
CUST_00793_C2,CUST_00793,교육,5-49인,Basic,Standard,12,34,1,7679795,-0.0482,-7.37,0.7642,-0.0594,0.2049,101,0.2,48.62,122.0,92157540,0
CUST_00793_C3,CUST_00793,교육,5-49인,Basic,Standard,12,46,2,9582468,0.0067,4.03,0.7807,0.0038,0.2265,91,0.0,54.38,122.0,114989616,0
CUST_00794_C1,CUST_00794,교육,5-49인,Standard,Priority,12,10,0,3457021,0.0286,8.29,0.7306,0.0071,0.269,84,0.0909,17.92,181.0,47914311,0
CUST_00794_C2,CUST_00794,교육,5-49인,Standard,Priority,24,34,1,2812268,0.0205,15.6,0.6628,-0.0541,0.2714,94,0.0,21.27,61.0,38978034,0
CUST_00795_C1,CUST_00795,IT/소프트웨어,5-49인,Basic,Standard,24,22,0,9533702,-0.0068,6.57,0.7595,0.0342,0.1771,114,0.0833,62.29,123.0,114404424,0
CUST_00795_C2,CUST_00795,IT/소프트웨어,5-49인,Basic,Standard,12,34,1,12657021,0.0264,8.16,0.7532,0.1235,0.207,165,0.1667,68.26,123.0,151884252,1
CUST_00796_C1,CUST_00796,IT/소프트웨어,50-299인,Standard,Priority,12,10,0,15874574,-0.0101,11.11,0.5782,0.0241,0.3146,118,0.1923,23.81,59.0,220021596,0
CUST_00797_C1,CUST_00797,IT/소프트웨어,5-49인,Standard,Priority,24,22,0,4203624,0.0382,5.03,0.7728,0.0161,0.1416,33,0.0,24.3,61.0,58262229,0
CUST_00798_C1,CUST_00798,금융/보험,5-49인,Basic,Priority,36,34,0,3516074,0.0517,19.63,0.7201,0.0771,0.2784,122,0.0588,22.64,183.0,44302532,0
CUST_00798_C2,CUST_00798,금융/보험,5-49인,Basic,Standard,24,58,1,3184842,-0.0051,5.76,0.7757,-0.0931,0.1845,123,0.1,63.24,122.0,38218104,0
CUST_00799_C1,CUST_00799,IT/소프트웨어,5-49인,Standard,Enterprise,24,22,0,2733469,-0.0467,10.62,0.6757,0.0793,0.2759,99,0.1818,8.42,31.0,41494059,0
CUST_00799_C2,CUST_00799,IT/소프트웨어,5-49인,Standard,Priority,12,35,1,3540598,0.0271,11.11,0.7055,-0.0987,0.2454,98,0.0667,20.2,61.0,49072688,0
CUST_00800_C1,CUST_00800,IT/소프트웨어,5-49인,Basic,Standard,12,10,0,1596736,0.0098,2.82,0.5565,-0.0001,0.2944,151,0.3529,46.98,122.0,19160832,1
CUST_00801_C1,CUST_00801,제조업,5-49인,Basic,Standard,12,10,0,4870090,-0.0017,-2.83,0.7227,-0.0149,0.186,112,0.0769,43.39,,58441080,0
CUST_00802_C1,CUST_00802,금융/보험,5-49인,Basic,Standard,12,10,0,2904726,0.001,6.51,0.7179,-0.028,0.2275,115,0.1765,59.02,,34856712,0
CUST_00803_C1,CUST_00803,유통/커머스,5-49인,Basic,Standard,24,22,0,1698837,-0.0449,7.19,0.6602,0.1124,0.2834,139,0.0625,50.66,121.0,20386044,0
CUST_00803_C2,CUST_00803,유통/커머스,5-49인,Basic,Priority,24,46,1,1736035,0.0769,18.23,0.602,-0.0748,0.197,128,0.0,25.98,61.0,21874041,0
CUST_00803_C3,CUST_00803,유통/커머스,5-49인,Basic,Standard,12,58,2,1816881,0.0221,-0.87,0.7186,-0.0334,0.216,107,0.1667,40.26,120.0,21802572,0
CUST_00804_C1,CUST_00804,유통/커머스,5-49인,Basic,Priority,12,10,0,2820122,0.0362,0.81,0.7883,-0.1365,0.2029,108,0.1111,23.05,181.0,35533537,1
CUST_00805_C1,CUST_00805,물류/운송,5-49인,Standard,Priority,12,10,0,3921205,0.0852,17.7,0.7171,-0.0106,0.2306,62,0.0667,26.64,61.0,54347901,0
CUST_00805_C2,CUST_00805,물류/운송,5-49인,Standard,Priority,12,22,1,3788110,0.0018,6.27,0.7302,-0.0386,0.2372,91,0.3,18.84,61.0,52503205,0
CUST_00805_C3,CUST_00805,물류/운송,5-49인,Standard,Priority,24,46,2,3712045,0.0575,11.66,0.7403,-0.0151,0.2277,80,0.1429,26.87,61.0,51448944,0
CUST_00806_C1,CUST_00806,제조업,5-49인,Standard,Standard,24,22,0,3662536,-0.0135,4.31,0.6513,0.0231,0.2472,98,0.4375,72.7,122.0,48345475,1
CUST_00807_C1,CUST_00807,유통/커머스,5-49인,Basic,Standard,36,34,0,3254395,0.0268,18.46,0.6956,-0.0907,0.204,139,0.1579,56.04,120.0,39052740,0
CUST_00808_C1,CUST_00808,의료/헬스케어,5-49인,Basic,Standard,36,34,0,785608,-0.0535,2.94,0.7852,-0.038,0.2501,142,0.25,39.88,122.0,9427296,0
CUST_00808_C2,CUST_00808,의료/헬스케어,5-49인,Basic,Standard,12,46,1,870137,0.05,6.32,0.7567,0.0661,0.2066,96,0.1667,53.97,122.0,10441644,0
CUST_00809_C1,CUST_00809,금융/보험,5-49인,Standard,Priority,24,22,0,5531694,0.03,8.38,0.6835,-0.0418,0.2635,79,0.25,17.62,59.0,76669279,0
CUST_00809_C2,CUST_00809,금융/보험,5-49인,Standard,Priority,36,58,1,7578128,0.0354,18.68,0.7388,0.0463,0.2222,84,0.0,24.13,60.0,105032854,0
CUST_00810_C1,CUST_00810,교육,5-49인,Basic,Standard,12,10,0,8476623,0.1192,4.47,0.7801,-0.0114,0.1848,86,0.1176,49.05,121.0,101719476,0
CUST_00810_C2,CUST_00810,교육,5-49인,Basic,Standard,24,34,1,7958702,-0.0135,-0.34,0.8498,-0.0085,0.1331,83,0.1111,43.12,120.0,95504424,0
CUST_00810_C3,CUST_00810,교육,5-49인,Basic,Standard,12,46,2,7392602,0.0775,3.96,0.7974,0.0292,0.1423,97,0.2,62.28,120.0,88711224,0
CUST_00811_C1,CUST_00811,물류/운송,5-49인,Basic,Standard,12,10,0,4969504,0.0443,8.11,0.6304,0.0918,0.2805,148,0.1765,76.04,122.0,59634048,1
CUST_00812_C1,CUST_00812,교육,5-49인,Basic,Standard,12,10,0,3759241,0.0613,13.63,0.6563,0.0569,0.2655,151,0.1429,73.91,122.0,45110892,1
CUST_00813_C1,CUST_00813,의료/헬스케어,5-49인,Basic,Standard,12,10,0,3272447,0.007,11.25,0.6394,-0.0174,0.2875,175,0.3,59.29,121.0,39269364,1
CUST_00814_C1,CUST_00814,IT/소프트웨어,5-49인,Basic,Priority,12,10,0,2362949,0.0143,1.94,0.6634,0.0138,0.2426,143,0.2667,20.03,59.0,29773157,0
CUST_00814_C2,CUST_00814,IT/소프트웨어,5-49인,Basic,Standard,12,22,1,1677288,0.0153,-1.81,0.7016,0.0639,0.1797,137,0.3333,62.44,121.0,20127456,1
CUST_00815_C1,CUST_00815,제조업,300인이상,Standard,Priority,36,34,0,26684446,0.0858,14.12,0.7273,-0.0325,0.2006,92,0.2222,22.46,184.0,369846422,0
CUST_00815_C2,CUST_00815,제조업,300인이상,Standard,Priority,24,58,1,29975747,0.0085,5.57,0.7224,-0.01,0.2226,50,0.0,21.8,62.0,415463853,0
CUST_00816_C1,CUST_00816,IT/소프트웨어,5-49인,Basic,Standard,24,22,0,2567260,0.0101,13.76,0.7183,0.0649,0.2481,130,0.2083,42.71,121.0,30807120,0
CUST_00816_C2,CUST_00816,IT/소프트웨어,5-49인,Basic,Standard,24,46,1,2995125,0.0491,7.71,0.6818,0.0549,0.2468,178,0.2667,55.59,120.0,35941500,0
CUST_00816_C3,CUST_00816,IT/소프트웨어,5-49인,Basic,Standard,36,82,2,3541363,0.0089,9.37,0.6917,-0.0436,0.2196,124,0.087,54.18,304.0,42496356,0
CUST_00817_C1,CUST_00817,교육,5-49인,Basic,Standard,24,22,0,5157173,-0.0102,6.2,0.6992,0.0593,0.2077,98,0.2143,73.36,122.0,61886076,0
CUST_00817_C2,CUST_00817,교육,5-49인,Basic,Standard,24,46,1,6303686,-0.0323,14.26,0.7182,-0.0764,0.2132,105,0.0625,47.69,122.0,75644232,0
CUST_00818_C1,CUST_00818,제조업,5-49인,Basic,Priority,12,10,0,2571828,-0.0198,6.01,0.6159,-0.1214,0.3289,180,0.1579,24.61,184.0,32405033,1
CUST_00819_C1,CUST_00819,교육,5-49인,Basic,Standard,12,10,0,5530755,0.0513,11.9,0.6614,-0.1538,0.3045,177,0.1333,78.42,122.0,66369060,1
CUST_00820_C1,CUST_00820,교육,5-49인,Basic,Priority,12,10,0,4758858,0.0105,2.79,0.6842,-0.0802,0.2757,132,0.0714,20.07,183.0,59961611,0
CUST_00820_C2,CUST_00820,교육,5-49인,Basic,Enterprise,12,22,1,4496162,0.0741,16.29,0.6483,-0.0537,0.2782,150,0.0714,6.95,31.0,62047036,0
CUST_00821_C1,CUST_00821,제조업,5-49인,Basic,Priority,24,22,0,1086905,-0.0149,8.41,0.7237,0.0434,0.219,94,0.0,21.14,62.0,13695003,0
CUST_00822_C1,CUST_00822,제조업,50-299인,Basic,Standard,12,10,0,7776309,0.0178,0.38,0.8245,-0.1292,0.2002,92,0.0,60.12,122.0,93315708,0
CUST_00822_C2,CUST_00822,제조업,50-299인,Basic,Standard,24,34,1,10306242,-0.0207,7.94,0.7526,-0.071,0.1679,71,0.1333,48.18,122.0,123674904,0
CUST_00823_C1,CUST_00823,금융/보험,5-49인,Basic,Standard,12,10,0,2490970,-0.0289,-1.22,0.7047,0.1032,0.2034,112,0.1818,61.83,121.0,29891640,0
CUST_00824_C1,CUST_00824,기타서비스업,5-49인,Basic,Standard,12,10,0,1863953,0.0691,11.99,0.6789,-0.0037,0.2753,134,0.2353,68.15,123.0,22367436,0
CUST_00825_C1,CUST_00825,유통/커머스,5-49인,Basic,Standard,12,10,0,2312718,0.0233,7.64,0.7344,0.1344,0.234,120,0.1765,58.89,123.0,27752616,1
CUST_00826_C1,CUST_00826,제조업,5-49인,Basic,Standard,24,22,0,8913614,-0.0127,14.71,0.6775,0.0199,0.2072,98,0.1818,61.57,305.0,106963368,0
CUST_00827_C1,CUST_00827,IT/소프트웨어,5-49인,Basic,Priority,12,10,0,9252610,0.0085,1.8,0.6838,-0.0858,0.2652,140,0.0909,17.8,182.0,116582886,0
CUST_00827_C2,CUST_00827,IT/소프트웨어,5-49인,Basic,Standard,12,22,1,10392587,0.0784,9.8,0.6723,0.0539,0.2462,87,0.1,43.04,121.0,124711044,1
CUST_00828_C1,CUST_00828,제조업,5-49인,Basic,Standard,12,10,0,4666205,0.0456,1.04,0.7473,0.0317,0.1863,87,0.0,64.09,123.0,55994460,0
CUST_00828_C2,CUST_00828,제조업,5-49인,Basic,Standard,12,22,1,3607285,-0.0115,1.73,0.777,-0.0062,0.128,84,0.3846,64.1,123.0,43287420,0
CUST_00828_C3,CUST_00828,제조업,5-49인,Basic,Standard,24,46,2,3650232,0.0255,-0.34,0.7253,-0.0924,0.1664,95,0.0625,53.76,123.0,43802784,0
CUST_00829_C1,CUST_00829,금융/보험,5-49인,Standard,Priority,12,10,0,4479390,0.0091,12.47,0.8024,0.0294,0.2651,72,0.1304,22.19,184.0,62084345,0
CUST_00829_C2,CUST_00829,금융/보험,5-49인,Standard,Enterprise,24,34,1,3493064,0.0172,4.23,0.6826,-0.0425,0.2154,63,0.0,8.52,31.0,53024712,0
CUST_00830_C1,CUST_00830,IT/소프트웨어,50-299인,Standard,Priority,24,22,0,19542607,0.0715,9.67,0.7347,-0.1205,0.2254,51,0.0625,21.38,61.0,270860533,0
CUST_00831_C1,CUST_00831,유통/커머스,5-49인,Basic,Standard,12,10,0,2020193,-0.0183,-2.52,0.69,0.0077,0.163,119,0.1875,45.12,122.0,24242316,0
CUST_00832_C1,CUST_00832,IT/소프트웨어,5-49인,Standard,Priority,12,10,0,3761813,0.0623,4.89,0.8137,0.0389,0.1419,63,0.0,21.0,61.0,52138728,0
CUST_00833_C1,CUST_00833,물류/운송,50-299인,Standard,Priority,12,10,0,20848807,0.0145,-4.25,0.6795,0.0011,0.1909,85,0.0588,23.84,59.0,288964465,0
CUST_00833_C2,CUST_00833,물류/운송,50-299인,Standard,Standard,12,22,1,24748637,0.0403,2.17,0.7134,-0.0773,0.2342,93,0.2308,46.3,122.0,326682008,0
CUST_00834_C1,CUST_00834,교육,5-49인,Basic,Standard,12,10,0,3075672,0.0611,5.16,0.8077,0.1144,0.1516,108,0.0556,93.02,122.0,36908064,0
CUST_00835_C1,CUST_00835,IT/소프트웨어,5-49인,Basic,Priority,12,10,0,1439386,-0.0049,15.01,0.6145,0.1327,0.2967,197,0.087,22.12,61.0,18136264,0
CUST_00836_C1,CUST_00836,금융/보험,5-49인,Standard,Priority,12,10,0,3259825,-0.0178,-6.34,0.7464,-0.0175,0.1552,53,0.0769,19.91,61.0,45181174,0
CUST_00836_C2,CUST_00836,금융/보험,5-49인,Standard,Enterprise,24,34,1,3844185,-0.0141,2.22,0.7538,0.0142,0.2328,67,0.0,6.83,31.0,58354728,0
CUST_00837_C1,CUST_00837,IT/소프트웨어,5-49인,Basic,Standard,12,10,0,1944015,-0.0487,3.18,0.7745,0.175,0.1846,99,0.0,58.68,122.0,23328180,0
CUST_00837_C2,CUST_00837,IT/소프트웨어,5-49인,Basic,Standard,12,22,1,2080502,-0.004,-0.98,0.746,-0.0127,0.153,95,0.2,45.8,122.0,24966024,0
CUST_00838_C1,CUST_00838,제조업,5-49인,Premium,Priority,36,34,0,2839865,-0.0353,14.15,0.7073,0.0547,0.2584,24,0.0,24.01,61.0,44727874,0
CUST_00838_C2,CUST_00838,제조업,5-49인,Premium,Priority,36,70,1,4176032,0.0398,18.5,0.6599,-0.0059,0.2803,28,0.0556,29.17,61.0,65772504,0
CUST_00839_C1,CUST_00839,유통/커머스,5-49인,Standard,Standard,24,22,0,2464079,-0.0365,13.48,0.5796,0.1469,0.3052,83,0.2857,55.11,303.0,32525843,1
CUST_00840_C1,CUST_00840,유통/커머스,5-49인,Basic,Priority,12,10,0,3432793,-0.0524,-4.17,0.7759,0.1043,0.1774,108,0.0556,18.98,61.0,43253192,0
CUST_00841_C1,CUST_00841,제조업,5-49인,Standard,Priority,24,22,0,1350075,-0.0236,3.2,0.7922,-0.1318,0.1471,45,0.0,19.77,62.0,18712040,0
CUST_00842_C1,CUST_00842,금융/보험,50-299인,Basic,Standard,12,10,0,19501747,-0.0456,4.55,0.7475,-0.0228,0.2345,120,0.3636,67.89,120.0,234020964,0
CUST_00843_C1,CUST_00843,제조업,5-49인,Premium,Priority,12,10,0,2566964,0.0269,5.19,0.7103,0.0017,0.2348,31,0.0556,24.15,,40429683,0
CUST_00844_C1,CUST_00844,IT/소프트웨어,50-299인,Standard,Priority,12,10,0,27814870,-0.0188,3.16,0.6623,0.0091,0.2612,71,0.2727,27.71,61.0,385514098,0
CUST_00844_C2,CUST_00844,IT/소프트웨어,50-299인,Standard,Priority,12,22,1,31761685,-0.0103,5.59,0.6492,0.0933,0.2754,66,0.0952,20.23,61.0,440216954,0
CUST_00845_C1,CUST_00845,유통/커머스,5-49인,Basic,Priority,36,34,0,1352310,-0.0299,17.27,0.7195,0.0485,0.2085,96,0.0,19.89,61.0,17039106,1
CUST_00846_C1,CUST_00846,금융/보험,5-49인,Basic,Standard,12,10,0,1816466,0.0252,4.65,0.6951,-0.1238,0.2116,127,0.15,40.69,122.0,21797592,0
CUST_00847_C1,CUST_00847,유통/커머스,5-49인,Standard,Enterprise,36,34,0,2660337,-0.0181,7.87,0.7304,0.1696,0.2193,68,0.0556,6.65,31.0,40383916,0
CUST_00847_C2,CUST_00847,유통/커머스,5-49인,Standard,Priority,12,46,1,3346490,0.0848,6.61,0.7475,0.0332,0.2274,70,0.1176,23.23,61.0,46382351,0
CUST_00848_C1,CUST_00848,물류/운송,5-49인,Standard,Standard,12,10,0,3398455,0.0616,5.26,0.7944,-0.0824,0.2194,55,0.1333,58.72,120.0,44859606,0
CUST_00849_C1,CUST_00849,물류/운송,50-299인,Premium,Enterprise,36,34,0,37055602,0.0491,20.54,0.764,0.0675,0.2212,22,0.0,5.18,30.0,639209134,0
CUST_00850_C1,CUST_00850,제조업,5-49인,Basic,Standard,36,34,0,2254833,0.0375,25.98,0.6488,0.0424,0.322,210,0.2778,56.25,305.0,27057996,1
CUST_00851_C1,CUST_00851,제조업,5-49인,Standard,Priority,24,22,0,10200854,-0.0136,10.49,0.7142,0.0856,0.2135,71,0.1818,22.06,181.0,141383836,0
CUST_00851_C2,CUST_00851,제조업,5-49인,Standard,Priority,24,46,1,10413278,0.0391,9.04,0.7762,0.0263,0.2147,62,0.0,25.88,61.0,144328033,0
CUST_00852_C1,CUST_00852,교육,5-49인,Basic,Standard,24,22,0,4015129,0.0174,18.43,0.7136,-0.0739,0.2403,124,0.15,43.34,122.0,48181548,0
CUST_00852_C2,CUST_00852,교육,5-49인,Basic,Standard,12,34,1,4288886,-0.0424,1.65,0.7249,0.0721,0.2085,109,0.1429,43.13,122.0,51466632,0
CUST_00853_C1,CUST_00853,제조업,5-49인,Basic,Standard,12,10,0,2980872,-0.0276,1.42,0.7082,0.1889,0.2822,124,0.0357,55.42,121.0,35770464,1
CUST_00854_C1,CUST_00854,물류/운송,5-49인,Basic,Priority,12,10,0,3531378,0.0856,6.47,0.8106,0.026,0.1749,91,0.0,24.53,,44495363,0
CUST_00855_C1,CUST_00855,유통/커머스,5-49인,Basic,Priority,24,22,0,3662700,0.0128,6.78,0.6752,0.0111,0.2807,126,0.0909,26.55,61.0,46150020,0
CUST_00856_C1,CUST_00856,의료/헬스케어,5-49인,Standard,Standard,12,10,0,4964169,0.0596,9.63,0.7593,-0.1324,0.1824,69,0.3333,67.4,,65527031,0
CUST_00856_C2,CUST_00856,의료/헬스케어,5-49인,Standard,Enterprise,24,34,1,6386871,-0.0551,12.9,0.6545,0.119,0.2236,68,0.0,6.93,31.0,96952702,0
CUST_00857_C1,CUST_00857,IT/소프트웨어,50-299인,Standard,Priority,36,34,0,29995561,0.084,24.95,0.733,-0.1764,0.2026,60,0.0,26.44,61.0,415738475,0
CUST_00858_C1,CUST_00858,제조업,5-49인,Basic,Standard,36,34,0,7581034,0.053,23.98,0.6462,-0.0957,0.2427,187,0.4,64.51,120.0,90972408,1
CUST_00859_C1,CUST_00859,기타서비스업,5-49인,Basic,Standard,12,10,0,5123571,0.0734,0.69,0.6959,-0.0634,0.2136,120,0.4,119.17,123.0,61482852,1
CUST_00860_C1,CUST_00860,교육,5-49인,Basic,Priority,24,22,0,3681070,-0.0058,16.72,0.6711,0.0853,0.2189,147,0.1875,17.85,61.0,46381482,0
CUST_00860_C2,CUST_00860,교육,5-49인,Basic,Standard,12,34,1,2870232,-0.015,-1.29,0.6964,-0.107,0.2943,139,0.1053,60.95,122.0,34442784,0
CUST_00860_C3,CUST_00860,교육,5-49인,Basic,Standard,12,46,2,2500508,-0.0526,5.24,0.7652,0.0123,0.2697,129,0.1765,64.61,122.0,30006096,0
CUST_00861_C1,CUST_00861,제조업,5-49인,Basic,Priority,12,10,0,2617931,0.0201,7.57,0.5826,-0.0729,0.2186,166,0.15,22.85,61.0,32985931,1
CUST_00862_C1,CUST_00862,금융/보험,5-49인,Premium,Priority,12,10,0,1054520,0.026,0.87,0.7524,-0.1618,0.1735,27,0.0,24.21,61.0,16608690,0
CUST_00863_C1,CUST_00863,IT/소프트웨어,5-49인,Basic,Standard,12,10,0,3627626,-0.0667,-3.15,0.6992,0.0218,0.1729,94,0.2727,91.62,122.0,43531512,0
CUST_00863_C2,CUST_00863,IT/소프트웨어,5-49인,Basic,Priority,24,34,1,4373438,0.0644,11.07,0.6788,-0.0914,0.2154,125,0.0556,24.45,61.0,55105319,0
CUST_00864_C1,CUST_00864,기타서비스업,5-49인,Standard,Priority,36,34,0,3872333,0.0054,9.35,0.7265,-0.0148,0.2278,47,0.1429,25.2,62.0,53670535,0
CUST_00864_C2,CUST_00864,기타서비스업,5-49인,Standard,Enterprise,12,46,1,3281966,-0.0375,3.78,0.7065,0.1215,0.216,69,0.0,7.66,31.0,49820244,0
CUST_00865_C1,CUST_00865,IT/소프트웨어,5-49인,Basic,Standard,24,22,0,3992780,0.0186,15.15,0.661,0.0086,0.2735,144,0.087,41.81,122.0,47913360,0
CUST_00865_C2,CUST_00865,IT/소프트웨어,5-49인,Basic,Standard,24,46,1,2785266,-0.0023,10.82,0.6451,-0.0856,0.2486,132,0.2174,48.66,122.0,33423192,0
CUST_00866_C1,CUST_00866,IT/소프트웨어,5-49인,Basic,Enterprise,12,10,0,22596175,-0.0127,2.29,0.7213,0.2409,0.2109,103,0.0,6.26,122.0,311827215,0
CUST_00867_C1,CUST_00867,유통/커머스,5-49인,Standard,Priority,12,10,0,1215225,0.0179,4.76,0.6435,-0.0422,0.2066,75,0.1579,24.96,61.0,16843019,0
CUST_00868_C1,CUST_00868,제조업,5-49인,Basic,Priority,12,10,0,7296802,0.0519,6.83,0.7548,-0.111,0.1785,108,0.0526,20.78,61.0,91939705,0
CUST_00868_C2,CUST_00868,제조업,5-49인,Basic,Standard,24,34,1,7476952,0.0162,0.06,0.7788,-0.1206,0.1596,106,0.2308,46.42,123.0,89723424,0
CUST_00869_C1,CUST_00869,유통/커머스,5-49인,Standard,Priority,24,22,0,3678093,-0.0048,7.85,0.5934,-0.1708,0.2316,95,0.45,18.03,59.0,50978369,0
CUST_00870_C1,CUST_00870,금융/보험,5-49인,Basic,Priority,12,10,0,2100943,0.0186,-2.15,0.8036,0.0646,0.1945,100,0.0,17.07,61.0,26471882,0
CUST_00871_C1,CUST_00871,교육,5-49인,Basic,Standard,12,10,0,1160646,0.0045,5.55,0.7547,-0.0906,0.2482,141,0.1053,49.58,123.0,13927752,0
CUST_00871_C2,CUST_00871,교육,5-49인,Basic,Priority,24,34,1,1272650,-0.0427,10.47,0.6502,-0.0854,0.2284,106,0.2667,22.1,62.0,16035390,0
CUST_00871_C3,CUST_00871,교육,5-49인,Basic,Priority,12,46,2,1175413,-0.0467,-1.82,0.706,-0.0656,0.2201,157,0.1053,19.91,62.0,14810204,0
CUST_00872_C1,CUST_00872,의료/헬스케어,5-49인,Standard,Standard,12,10,0,1700584,-0.0889,0.14,0.7224,-0.0281,0.2265,41,0.0,61.89,122.0,22447709,0
CUST_00873_C1,CUST_00873,유통/커머스,5-49인,Basic,Standard,12,10,0,997266,0.1054,5.8,0.699,-0.0599,0.217,146,0.1,57.4,,11967192,0
CUST_00874_C1,CUST_00874,기타서비스업,5-49인,Basic,Standard,24,22,0,1744530,0.0353,21.61,0.5662,-0.0605,0.3414,211,0.28,61.72,123.0,20934360,1
CUST_00875_C1,CUST_00875,제조업,5-49인,Standard,Priority,24,22,0,2528406,-0.0204,3.75,0.6436,-0.0136,0.2499,52,0.1429,22.46,62.0,35043707,0
CUST_00876_C1,CUST_00876,금융/보험,5-49인,Basic,Standard,12,10,0,3264333,-0.0438,14.97,0.6174,-0.0914,0.3232,192,0.2963,53.96,,39171996,1
CUST_00877_C1,CUST_00877,기타서비스업,5-49인,Basic,Priority,24,22,0,1725393,0.0021,8.19,0.6914,0.0731,0.2166,111,0.0625,20.06,61.0,21739952,0
CUST_00877_C2,CUST_00877,기타서비스업,5-49인,Basic,Standard,24,46,1,1940066,0.0016,8.44,0.6459,-0.1361,0.2241,131,0.0,53.52,122.0,23280792,0
CUST_00878_C1,CUST_00878,기타서비스업,5-49인,Basic,Standard,36,34,0,1330360,0.0502,11.86,0.7607,-0.1073,0.2048,111,0.0,72.81,304.0,15964320,0
CUST_00878_C2,CUST_00878,기타서비스업,5-49인,Basic,Standard,12,46,1,937687,-0.057,3.36,0.7578,-0.102,0.2475,116,0.1429,67.09,122.0,11252244,0
CUST_00879_C1,CUST_00879,의료/헬스케어,5-49인,Basic,Standard,12,10,0,3174226,0.013,-5.91,0.8282,0.0027,0.137,74,0.1,52.1,,38090712,0
CUST_00879_C2,CUST_00879,의료/헬스케어,5-49인,Basic,Standard,36,46,1,4285758,-0.0059,3.54,0.6593,-0.013,0.1895,86,0.1053,56.52,304.0,51429096,0
CUST_00879_C3,CUST_00879,의료/헬스케어,5-49인,Basic,Standard,24,70,2,5476296,-0.0122,8.74,0.7795,0.011,0.206,82,0.0556,55.73,305.0,65715552,0
CUST_00880_C1,CUST_00880,제조업,5-49인,Basic,Standard,12,10,0,3230964,0.0099,-3.15,0.734,-0.0903,0.1856,97,0.0909,37.27,120.0,38771568,0
CUST_00880_C2,CUST_00880,제조업,5-49인,Basic,Standard,24,34,1,3020858,0.0072,6.38,0.7198,-0.1689,0.2261,140,0.0625,57.55,120.0,36250296,0
CUST_00880_C3,CUST_00880,제조업,5-49인,Basic,Standard,12,47,2,3043464,0.0494,2.36,0.6742,-0.0041,0.2906,133,0.1538,59.95,486.0,36521568,0
CUST_00881_C1,CUST_00881,IT/소프트웨어,5-49인,Basic,Standard,12,10,0,6059152,0.0243,8.17,0.6987,0.1717,0.2651,111,0.381,52.44,120.0,72709824,0
CUST_00881_C2,CUST_00881,IT/소프트웨어,5-49인,Basic,Priority,24,34,1,6114630,-0.0201,4.17,0.738,0.0326,0.209,130,0.0,19.36,61.0,77044338,0
CUST_00881_C3,CUST_00881,IT/소프트웨어,5-49인,Basic,Standard,12,46,2,4342522,-0.0027,4.04,0.6833,0.0158,0.2869,127,0.2,57.97,120.0,52110264,1
CUST_00882_C1,CUST_00882,제조업,300인이상,Basic,Standard,36,34,0,40050523,-0.0488,11.83,0.7413,0.07,0.2683,114,0.1818,92.12,123.0,480606276,0
CUST_00883_C1,CUST_00883,IT/소프트웨어,50-299인,Standard,Standard,12,10,0,29443364,0.0196,-2.1,0.6568,0.1293,0.2723,82,0.2308,47.24,123.0,388652405,0
CUST_00883_C2,CUST_00883,IT/소프트웨어,50-299인,Standard,Priority,12,22,1,34684399,-0.0425,8.08,0.6559,0.0534,0.2501,76,0.0588,18.41,61.0,480725770,0
CUST_00884_C1,CUST_00884,IT/소프트웨어,5-49인,Standard,Enterprise,24,22,0,2800933,-0.0182,9.3,0.6605,0.0657,0.2384,78,0.0,6.49,30.0,42518163,1
CUST_00885_C1,CUST_00885,IT/소프트웨어,5-49인,Basic,Standard,12,10,0,1198480,0.0399,1.61,0.6963,0.0291,0.2196,97,0.25,51.79,122.0,14381760,0
CUST_00885_C2,CUST_00885,IT/소프트웨어,5-49인,Basic,Standard,12,22,1,1156888,0.0147,4.26,0.7266,0.0209,0.2338,151,0.0556,58.43,122.0,13882656,0
CUST_00885_C3,CUST_00885,IT/소프트웨어,5-49인,Basic,Standard,12,34,2,1115895,0.0271,2.86,0.6988,-0.0894,0.2487,133,0.0625,61.86,307.0,13390740,0
CUST_00886_C1,CUST_00886,IT/소프트웨어,50-299인,Premium,Priority,24,22,0,28902653,0.0243,17.37,0.7702,-0.0191,0.2293,50,0.1579,19.36,181.0,455216785,0
CUST_00886_C2,CUST_00886,IT/소프트웨어,50-299인,Premium,Enterprise,12,34,1,29064311,-0.0093,4.06,0.7252,0.1462,0.2022,26,0.0,5.07,30.0,501359365,0
CUST_00887_C1,CUST_00887,물류/운송,5-49인,Standard,Priority,36,34,0,3322611,0.0337,11.27,0.777,-0.0667,0.1949,65,0.0,21.41,61.0,46051388,0
CUST_00888_C1,CUST_00888,유통/커머스,5-49인,Basic,Standard,12,10,0,3904674,-0.0191,14.81,0.6692,0.131,0.202,125,0.1111,65.7,123.0,46856088,0
CUST_00888_C2,CUST_00888,유통/커머스,5-49인,Basic,Standard,24,34,1,2836946,0.0256,8.48,0.7499,-0.0096,0.2658,121,0.1429,48.13,123.0,34043352,1
CUST_00889_C1,CUST_00889,교육,5-49인,Premium,Priority,12,10,0,7300768,-0.0028,-2.84,0.8302,-0.1724,0.2092,19,0.0909,23.49,61.0,114987096,0
CUST_00889_C2,CUST_00889,교육,5-49인,Premium,Enterprise,12,22,1,7699331,-0.0362,-7.34,0.7944,0.0791,0.2206,22,0.0,5.95,305.0,132813460,0
CUST_00890_C1,CUST_00890,기타서비스업,5-49인,Basic,Priority,12,10,0,1254747,0.0131,-8.99,0.7693,-0.0635,0.2366,103,0.0909,27.1,59.0,15809812,0
CUST_00890_C2,CUST_00890,기타서비스업,5-49인,Basic,Standard,12,22,1,1210370,-0.0179,4.73,0.792,-0.0507,0.2052,85,0.2,50.43,121.0,14524440,0
CUST_00891_C1,CUST_00891,물류/운송,5-49인,Basic,Priority,12,10,0,4652820,0.0201,13.16,0.7334,0.0585,0.2278,130,0.0455,22.32,61.0,58625532,0
CUST_00891_C2,CUST_00891,물류/운송,5-49인,Basic,Priority,12,22,1,5048713,0.0496,16.87,0.7052,-0.0846,0.2858,168,0.125,18.48,181.0,63613784,0
CUST_00892_C1,CUST_00892,IT/소프트웨어,5-49인,Basic,Priority,24,22,0,3230441,0.036,-0.45,0.7415,-0.0764,0.1705,102,0.0,20.79,62.0,40703557,0
CUST_00892_C2,CUST_00892,IT/소프트웨어,5-49인,Basic,Standard,12,34,1,3419928,0.0323,7.62,0.7914,0.0962,0.1917,123,0.2778,49.12,123.0,41039136,1
CUST_00893_C1,CUST_00893,IT/소프트웨어,50-299인,Premium,Standard,24,22,0,41315336,-0.0006,14.06,0.6652,-0.0506,0.253,43,0.2667,51.01,122.0,619730040,0
CUST_00893_C2,CUST_00893,IT/소프트웨어,50-299인,Premium,Enterprise,24,46,1,46465061,0.0323,8.84,0.7778,0.0532,0.2731,40,0.0,7.33,30.0,801522302,0
CUST_00893_C3,CUST_00893,IT/소프트웨어,50-299인,Premium,Enterprise,12,58,2,51179236,-0.0277,2.57,0.6746,0.0133,0.2341,32,0.0,7.8,30.0,882841821,0
CUST_00894_C1,CUST_00894,금융/보험,5-49인,Basic,Standard,24,22,0,1924979,0.0389,10.86,0.7607,0.0119,0.1916,140,0.1765,49.41,122.0,23099748,1
CUST_00895_C1,CUST_00895,유통/커머스,5-49인,Standard,Standard,24,22,0,2664921,-0.0115,-3.88,0.7282,0.0459,0.1161,55,0.0,58.99,123.0,35176957,0
CUST_00896_C1,CUST_00896,유통/커머스,50-299인,Basic,Standard,12,10,0,16835065,-0.0359,0.06,0.8198,-0.0168,0.2098,102,0.25,60.24,120.0,202020780,0
CUST_00896_C2,CUST_00896,유통/커머스,50-299인,Basic,Standard,24,34,1,18432338,-0.0011,-2.33,0.6736,0.0235,0.224,113,0.0,59.48,121.0,221188056,0
CUST_00897_C1,CUST_00897,물류/운송,5-49인,Standard,Standard,24,22,0,4286913,0.0294,18.77,0.6447,-0.0179,0.2276,71,0.1739,60.16,306.0,56587252,1
CUST_00898_C1,CUST_00898,교육,5-49인,Standard,Priority,24,22,0,3755775,-0.0347,13.88,0.7001,0.1264,0.2471,71,0.0,21.18,61.0,52055042,0
CUST_00899_C1,CUST_00899,물류/운송,5-49인,Basic,Standard,36,34,0,4121661,-0.0042,11.06,0.6718,-0.1401,0.2598,139,0.0588,62.28,123.0,49459932,0
CUST_00899_C2,CUST_00899,물류/운송,5-49인,Basic,Priority,24,58,1,3147677,0.0616,5.11,0.6451,0.0546,0.2365,149,0.3333,24.91,62.0,39660730,0
CUST_00899_C3,CUST_00899,물류/운송,5-49인,Basic,Standard,12,70,2,2300004,-0.0342,0.79,0.7507,-0.0133,0.2356,112,0.15,78.36,123.0,27600048,0
CUST_00900_C1,CUST_00900,유통/커머스,300인이상,Premium,Standard,24,22,0,136918690,-0.0011,-2.43,0.769,-0.0378,0.1857,18,0.0667,62.96,122.0,2053780350,0
CUST_00901_C1,CUST_00901,IT/소프트웨어,5-49인,Standard,Priority,12,10,0,1080681,-0.0333,9.87,0.6684,0.0752,0.2599,70,0.375,22.35,61.0,14978239,0
CUST_00902_C1,CUST_00902,교육,5-49인,Basic,Priority,12,10,0,987410,0.1446,9.41,0.7141,0.1201,0.216,157,0.0667,21.03,62.0,12441366,1
CUST_00903_C1,CUST_00903,의료/헬스케어,5-49인,Basic,Standard,12,10,0,7187529,0.003,2.15,0.7386,-0.0336,0.204,116,0.0,71.56,122.0,86250348,0
CUST_00903_C2,CUST_00903,의료/헬스케어,5-49인,Basic,Standard,12,22,1,4550756,-0.0293,3.47,0.7192,0.1572,0.1459,94,0.0714,52.63,307.0,54609072,0
CUST_00903_C3,CUST_00903,의료/헬스케어,5-49인,Basic,Standard,24,46,2,3731915,0.1414,8.28,0.7315,-0.0924,0.2001,111,0.1176,64.1,122.0,44782980,1
CUST_00904_C1,CUST_00904,IT/소프트웨어,5-49인,Standard,Priority,12,10,0,2647892,-0.0132,9.23,0.6533,-0.0068,0.2524,93,0.2308,19.75,61.0,36699783,0
CUST_00905_C1,CUST_00905,IT/소프트웨어,5-49인,Basic,Standard,12,10,0,947490,0.0513,4.65,0.7839,-0.0232,0.1591,104,0.1,77.79,,11369880,0
CUST_00905_C2,CUST_00905,IT/소프트웨어,5-49인,Basic,Standard,12,22,1,868319,0.0395,4.37,0.696,0.0584,0.215,108,0.1818,54.6,121.0,10419828,0
CUST_00905_C3,CUST_00905,IT/소프트웨어,5-49인,Basic,Priority,24,46,2,1111417,0.0526,10.35,0.6652,-0.036,0.2392,136,0.1111,28.13,61.0,14003854,0
CUST_00906_C1,CUST_00906,기타서비스업,5-49인,Standard,Standard,24,22,0,2376276,-0.0127,11.58,0.6655,-0.0427,0.2737,58,0.1333,48.28,120.0,31366843,0
CUST_00907_C1,CUST_00907,제조업,5-49인,Basic,Standard,12,10,0,4298662,0.0471,8.14,0.5943,-0.0072,0.3013,202,0.0476,66.6,122.0,51583944,0
CUST_00908_C1,CUST_00908,금융/보험,5-49인,Basic,Standard,24,22,0,2245737,0.0685,9.37,0.6705,-0.1313,0.2439,126,0.1333,48.65,123.0,26948844,1
CUST_00909_C1,CUST_00909,유통/커머스,50-299인,Standard,Standard,36,34,0,10426353,0.05,11.34,0.6777,-0.0628,0.2254,57,0.1765,68.63,303.0,137627860,0
CUST_00910_C1,CUST_00910,물류/운송,5-49인,Basic,Standard,24,22,0,10226255,-0.0159,9.95,0.6744,0.0883,0.2613,114,0.2,66.07,304.0,122715060,0
CUST_00911_C1,CUST_00911,IT/소프트웨어,5-49인,Standard,Priority,12,10,0,4802625,0.0433,5.79,0.6692,-0.0839,0.3089,84,0.0952,24.86,61.0,66564383,1
CUST_00912_C1,CUST_00912,유통/커머스,5-49인,Basic,Standard,24,22,0,2292965,-0.0244,8.57,0.71,0.0205,0.222,116,0.15,67.58,121.0,27515580,0
CUST_00912_C2,CUST_00912,유통/커머스,5-49인,Basic,Priority,24,46,1,2234930,-0.0168,3.25,0.7954,-0.1229,0.2366,129,0.2143,21.45,59.0,28160118,0
CUST_00913_C1,CUST_00913,유통/커머스,5-49인,Basic,Standard,12,10,0,2190218,0.0441,1.68,0.8203,0.0693,0.164,104,0.0714,78.36,,26282616,0
CUST_00913_C2,CUST_00913,유통/커머스,5-49인,Basic,Standard,36,46,1,4204942,-0.0456,3.76,0.7734,-0.0167,0.199,118,0.2308,50.77,122.0,50459304,0
CUST_00913_C3,CUST_00913,유통/커머스,5-49인,Basic,Standard,12,58,2,4089925,-0.014,-5.61,0.762,0.08,0.2051,98,0.1818,94.17,306.0,49079100,0
CUST_00914_C1,CUST_00914,제조업,5-49인,Basic,Standard,12,10,0,2570354,0.0798,0.71,0.7966,0.1368,0.1293,113,0.25,36.46,123.0,30844248,0
CUST_00914_C2,CUST_00914,제조업,5-49인,Basic,Standard,12,22,1,2947084,0.0005,3.72,0.7434,-0.1695,0.2252,113,0.1667,57.07,123.0,35365008,0
CUST_00915_C1,CUST_00915,IT/소프트웨어,5-49인,Basic,Priority,12,10,0,4952864,-0.0649,-0.64,0.7476,-0.0347,0.1855,103,0.0714,19.37,,62406086,0
CUST_00915_C2,CUST_00915,IT/소프트웨어,5-49인,Basic,Priority,12,22,1,6377720,0.0081,6.62,0.7028,0.0479,0.2147,104,0.0,25.59,182.0,80359272,0
CUST_00916_C1,CUST_00916,IT/소프트웨어,5-49인,Premium,Priority,24,22,0,6566284,0.0268,6.29,0.7318,-0.0673,0.2818,21,0.0952,24.86,59.0,103418973,0
CUST_00916_C2,CUST_00916,IT/소프트웨어,5-49인,Premium,Enterprise,12,34,1,4168961,0.0172,5.92,0.6415,0.0418,0.256,35,0.0909,6.67,31.0,71914577,0
CUST_00917_C1,CUST_00917,유통/커머스,5-49인,Basic,Enterprise,24,22,0,2904834,0.0145,21.41,0.6113,0.1809,0.2996,181,0.12,7.51,120.0,40086709,1
CUST_00918_C1,CUST_00918,물류/운송,5-49인,Standard,Enterprise,24,22,0,1548436,-0.0275,0.02,0.751,0.1407,0.1647,57,0.0,8.0,28.0,23505258,0
CUST_00918_C2,CUST_00918,물류/운송,5-49인,Standard,Priority,36,58,1,1955664,0.0756,13.93,0.8015,-0.1526,0.222,47,0.1111,21.31,59.0,27105503,1
CUST_00919_C1,CUST_00919,유통/커머스,5-49인,Basic,Priority,12,10,0,9195283,0.0001,4.73,0.6446,-0.0433,0.1763,121,0.087,17.26,62.0,115860566,0
CUST_00919_C2,CUST_00919,유통/커머스,5-49인,Premium,Priority,24,34,1,11050946,-0.0269,4.57,0.6835,0.0687,0.1879,28,0.0909,27.78,62.0,174052400,0
CUST_00919_C3,CUST_00919,유통/커머스,5-49인,Premium,Enterprise,36,70,2,12959942,0.0001,12.58,0.7473,-0.0387,0.2206,19,0.0833,6.4,123.0,223558999,0
CUST_00920_C1,CUST_00920,유통/커머스,5-49인,Basic,Standard,12,10,0,3804383,0.0039,-2.7,0.7533,0.0129,0.1745,94,0.0909,50.41,122.0,45652596,0
CUST_00921_C1,CUST_00921,금융/보험,5-49인,Standard,Standard,12,10,0,11813826,0.0153,4.02,0.7025,-0.0483,0.2669,80,0.0833,58.16,121.0,155942503,0
CUST_00922_C1,CUST_00922,제조업,5-49인,Standard,Standard,12,10,0,4729339,0.0049,3.46,0.7409,0.0274,0.1965,55,0.1875,55.55,122.0,62427275,0
CUST_00923_C1,CUST_00923,물류/운송,50-299인,Standard,Priority,24,22,0,10162880,-0.0251,5.41,0.745,0.0911,0.2071,44,0.0769,24.13,61.0,140857517,0
CUST_00923_C2,CUST_00923,물류/운송,50-299인,Standard,Standard,24,46,1,12669710,-0.0007,11.86,0.6677,-0.0611,0.2419,70,0.087,62.42,122.0,167240172,0
CUST_00923_C3,CUST_00923,물류/운송,50-299인,Standard,Priority,24,70,2,15664458,0.0045,16.17,0.7501,0.0632,0.2073,63,0.0,21.75,181.0,217109388,0
CUST_00924_C1,CUST_00924,제조업,50-299인,Basic,Standard,24,22,0,13919646,0.0089,8.85,0.8896,0.0025,0.143,58,0.0,77.34,122.0,167035752,0
CUST_00925_C1,CUST_00925,IT/소프트웨어,5-49인,Basic,Standard,24,22,0,4235370,0.0079,6.01,0.733,-0.1338,0.1641,112,0.2,42.9,122.0,50824440,0
CUST_00926_C1,CUST_00926,IT/소프트웨어,50-299인,Basic,Standard,12,10,0,7209145,-0.0136,7.61,0.6472,-0.0348,0.2615,167,0.1111,65.12,,86509740,1
CUST_00927_C1,CUST_00927,제조업,5-49인,Basic,Standard,24,22,0,2497814,0.0085,3.14,0.8176,0.0195,0.1428,59,0.1667,64.54,120.0,29973768,0
CUST_00928_C1,CUST_00928,금융/보험,5-49인,Basic,Standard,12,10,0,7373351,-0.0026,-1.6,0.7175,-0.0126,0.2345,111,0.1,77.02,,88480212,0
CUST_00928_C2,CUST_00928,금융/보험,5-49인,Basic,Priority,12,22,1,8674625,-0.0331,-1.13,0.7751,0.0313,0.2358,119,0.0,23.42,61.0,109300275,0
CUST_00928_C3,CUST_00928,금융/보험,5-49인,Basic,Standard,12,34,2,8707450,-0.0058,-3.78,0.7346,-0.0182,0.2394,98,0.0833,56.1,122.0,104489400,0
CUST_00929_C1,CUST_00929,IT/소프트웨어,5-49인,Basic,Standard,36,34,0,3124067,-0.0416,4.6,0.7582,0.0597,0.1921,98,0.1538,67.97,121.0,37488804,0
CUST_00930_C1,CUST_00930,제조업,5-49인,Basic,Standard,36,34,0,3883958,0.0191,23.47,0.6463,0.0303,0.2828,178,0.1739,51.28,122.0,46607496,0
CUST_00930_C2,CUST_00930,제조업,5-49인,Basic,Priority,24,58,1,4666290,-0.007,16.9,0.723,-0.0058,0.2209,165,0.2143,25.21,61.0,58795254,0
CUST_00931_C1,CUST_00931,제조업,5-49인,Basic,Standard,12,10,0,3928089,0.0658,16.3,0.6306,0.0464,0.3068,133,0.1,50.58,123.0,47137068,1
CUST_00932_C1,CUST_00932,유통/커머스,5-49인,Basic,Standard,24,22,0,1898312,-0.0553,3.81,0.7092,0.0861,0.2023,98,0.1176,64.01,123.0,22779744,0
CUST_00933_C1,CUST_00933,기타서비스업,5-49인,Standard,Priority,24,22,0,1898647,-0.0073,3.52,0.7547,-0.0836,0.1543,41,0.0833,19.22,61.0,26315247,0
CUST_00934_C1,CUST_00934,금융/보험,5-49인,Basic,Standard,12,10,0,1381126,-0.0281,2.16,0.7053,0.0171,0.179,95,0.0588,66.67,,16573512,0
CUST_00935_C1,CUST_00935,금융/보험,5-49인,Basic,Standard,12,10,0,2293023,-0.0287,3.69,0.7538,-0.1359,0.1587,78,0.0,62.32,123.0,27516276,1
CUST_00936_C1,CUST_00936,물류/운송,5-49인,Standard,Priority,24,22,0,3312851,-0.0015,6.1,0.7905,0.0015,0.1616,53,0.0,19.69,61.0,45916115,0
CUST_00937_C1,CUST_00937,의료/헬스케어,5-49인,Basic,Standard,12,10,0,11880825,-0.0226,10.22,0.637,0.0994,0.2652,141,0.2,55.07,120.0,142569900,1
CUST_00938_C1,CUST_00938,IT/소프트웨어,5-49인,Basic,Enterprise,12,10,0,1591493,-0.0632,-1.75,0.7932,-0.0152,0.1369,104,0.0,5.63,31.0,21962603,0
CUST_00938_C2,CUST_00938,IT/소프트웨어,5-49인,Basic,Standard,24,34,1,1666718,0.0297,1.98,0.7494,-0.0717,0.1578,93,0.1111,68.72,123.0,20000616,0
CUST_00939_C1,CUST_00939,의료/헬스케어,5-49인,Basic,Standard,12,10,0,6659681,-0.0077,7.22,0.7062,-0.0288,0.2206,144,0.25,102.35,122.0,79916172,0
CUST_00940_C1,CUST_00940,제조업,5-49인,Basic,Enterprise,12,10,0,3504726,-0.0292,8.26,0.656,-0.0707,0.3242,177,0.0345,7.17,31.0,48365219,0
CUST_00941_C1,CUST_00941,유통/커머스,5-49인,Basic,Priority,36,34,0,782884,0.0526,31.33,0.7206,0.0251,0.2059,119,0.0667,24.59,61.0,9864338,0
CUST_00942_C1,CUST_00942,물류/운송,5-49인,Standard,Priority,24,22,0,3121040,0.0101,7.08,0.7207,-0.0179,0.2109,93,0.0,20.22,184.0,43257614,0
CUST_00942_C2,CUST_00942,물류/운송,5-49인,Standard,Priority,36,58,1,3909294,-0.0313,18.47,0.7126,0.0107,0.2177,59,0.125,26.4,62.0,54182815,0
CUST_00943_C1,CUST_00943,유통/커머스,5-49인,Premium,Enterprise,12,10,0,9467269,0.012,5.48,0.7441,-0.0678,0.2175,21,0.0588,6.38,31.0,163310390,0
CUST_00943_C2,CUST_00943,유통/커머스,5-49인,Premium,Enterprise,12,22,1,9315291,-0.0259,-1.11,0.727,0.0111,0.1574,32,0.0,6.75,31.0,160688770,0
CUST_00943_C3,CUST_00943,유통/커머스,5-49인,Premium,Enterprise,12,34,2,13316035,0.0345,8.9,0.6286,-0.0656,0.2538,30,0.0667,7.32,121.0,229701604,0
CUST_00944_C1,CUST_00944,물류/운송,5-49인,Standard,Enterprise,12,10,0,1862379,0.0685,3.76,0.8275,-0.0912,0.2277,49,0.0,7.08,30.0,28270913,0
CUST_00945_C1,CUST_00945,물류/운송,50-299인,Standard,Priority,24,22,0,7610930,0.0143,5.14,0.7677,-0.0503,0.1813,55,0.1053,24.69,303.0,105487490,0
CUST_00945_C2,CUST_00945,물류/운송,50-299인,Standard,Standard,12,34,1,5585871,-0.0337,-1.92,0.7144,0.0258,0.1978,54,0.3333,39.73,122.0,73733497,0
CUST_00945_C3,CUST_00945,물류/운송,50-299인,Standard,Enterprise,24,58,2,5264990,0.0956,23.58,0.6639,-0.0584,0.2503,59,0.04,7.45,30.0,79922548,0
CUST_00946_C1,CUST_00946,유통/커머스,5-49인,Standard,Priority,12,10,0,4266373,-0.013,-9.56,0.7694,0.0258,0.2248,31,0.0,23.42,59.0,59131930,0
CUST_00947_C1,CUST_00947,기타서비스업,5-49인,Standard,Priority,12,10,0,7645036,0.054,4.05,0.7491,-0.077,0.1833,46,0.0,20.89,61.0,105960199,0
CUST_00948_C1,CUST_00948,물류/운송,5-49인,Standard,Priority,12,10,0,2744275,-0.0083,-1.72,0.7896,0.0416,0.1413,54,0.0,21.82,182.0,38035652,0
CUST_00948_C2,CUST_00948,물류/운송,5-49인,Standard,Standard,12,22,1,2952865,0.0285,-1.34,0.8301,-0.0019,0.1497,39,0.1538,74.03,306.0,38977818,0
CUST_00948_C3,CUST_00948,물류/운송,5-49인,Standard,Standard,24,46,2,4260696,-0.0745,-10.98,0.792,0.0291,0.1756,44,0.2857,89.22,120.0,56241187,0
CUST_00949_C1,CUST_00949,IT/소프트웨어,5-49인,Standard,Standard,24,22,0,2080576,0.0128,10.18,0.7163,-0.0143,0.2568,57,0.0,33.19,122.0,27463603,0
CUST_00950_C1,CUST_00950,유통/커머스,50-299인,Premium,Enterprise,24,22,0,11875032,0.0952,18.63,0.7039,-0.0344,0.2617,35,0.1429,6.92,122.0,204844302,0
CUST_00951_C1,CUST_00951,제조업,5-49인,Basic,Priority,12,10,0,1564621,-0.0131,9.58,0.7444,0.0561,0.2004,162,0.0769,27.19,61.0,19714225,0
CUST_00951_C2,CUST_00951,제조업,5-49인,Basic,Standard,12,22,1,1696184,0.0259,4.46,0.6735,-0.0772,0.2536,118,0.1429,47.23,122.0,20354208,0
CUST_00952_C1,CUST_00952,금융/보험,5-49인,Premium,Enterprise,12,10,0,2590037,-0.0491,-2.45,0.6722,-0.0421,0.2668,37,0.0,9.15,31.0,44678138,0
CUST_00952_C2,CUST_00952,금융/보험,5-49인,Premium,Priority,12,22,1,2545677,0.0239,2.74,0.7784,-0.0949,0.2155,30,0.0,16.63,60.0,40094413,0
CUST_00952_C3,CUST_00952,금융/보험,5-49인,Premium,Enterprise,12,34,2,2657600,0.0508,9.7,0.7125,-0.0013,0.2097,31,0.1176,5.34,31.0,45843600,0
CUST_00953_C1,CUST_00953,IT/소프트웨어,5-49인,Basic,Priority,12,10,0,2240179,-0.0262,-0.71,0.7831,-0.0013,0.1599,120,0.0909,24.4,184.0,28226255,0
CUST_00953_C2,CUST_00953,IT/소프트웨어,5-49인,Basic,Priority,12,22,1,2714358,0.0223,-1.9,0.744,-0.0239,0.1757,104,0.0,28.65,61.0,34200911,0
CUST_00953_C3,CUST_00953,IT/소프트웨어,5-49인,Basic,Priority,12,34,2,3096445,0.0508,3.86,0.7356,-0.0778,0.1405,129,0.1818,19.34,305.0,39015207,0
CUST_00954_C1,CUST_00954,유통/커머스,5-49인,Basic,Priority,12,10,0,4240225,0.0034,8.96,0.6293,0.029,0.284,172,0.0667,19.69,61.0,53426835,1
CUST_00955_C1,CUST_00955,제조업,5-49인,Basic,Standard,12,10,0,1967266,0.0451,13.94,0.6657,-0.0577,0.2751,169,0.0952,52.61,,23607192,0
CUST_00956_C1,CUST_00956,금융/보험,5-49인,Standard,Priority,12,10,0,6142207,-0.0255,0.34,0.7015,0.0487,0.2098,53,0.0833,26.7,62.0,85130989,0
CUST_00956_C2,CUST_00956,금융/보험,5-49인,Standard,Enterprise,12,22,1,3974617,0.0073,-1.07,0.7899,0.032,0.1308,48,0.0,9.34,123.0,60334686,0
CUST_00957_C1,CUST_00957,IT/소프트웨어,5-49인,Basic,Standard,12,10,0,1625616,0.0494,8.41,0.716,0.0159,0.277,149,0.3333,73.06,,19507392,0
CUST_00958_C1,CUST_00958,유통/커머스,5-49인,Standard,Priority,24,22,0,3379300,-0.0368,12.97,0.6857,0.038,0.2379,82,0.1176,15.04,184.0,46837098,0
CUST_00958_C2,CUST_00958,유통/커머스,5-49인,Standard,Standard,24,46,1,3857376,-0.0087,13.22,0.7668,-0.2187,0.2544,83,0.3125,56.87,122.0,50917363,0
CUST_00959_C1,CUST_00959,IT/소프트웨어,5-49인,Basic,Enterprise,24,22,0,4993301,0.0133,17.32,0.5966,-0.0298,0.253,147,0.0,6.52,30.0,68907554,0
CUST_00959_C2,CUST_00959,IT/소프트웨어,5-49인,Basic,Standard,12,34,1,5576288,0.0486,7.53,0.7335,-0.1021,0.1772,140,0.0909,69.09,122.0,66915456,1
CUST_00960_C1,CUST_00960,IT/소프트웨어,5-49인,Standard,Standard,12,10,0,5944784,0.011,7.39,0.7088,-0.0908,0.2915,99,0.1,59.95,123.0,78471149,0
CUST_00960_C2,CUST_00960,IT/소프트웨어,5-49인,Standard,Priority,24,34,1,7339494,0.0035,14.91,0.6812,-0.0108,0.2379,88,0.0,20.61,61.0,101725387,0
CUST_00961_C1,CUST_00961,제조업,5-49인,Basic,Standard,12,10,0,4135092,-0.0238,3.36,0.685,0.0763,0.2611,118,0.0667,44.91,122.0,49621104,0
CUST_00962_C1,CUST_00962,제조업,50-299인,Premium,Enterprise,24,22,0,22216925,0.0499,5.91,0.8643,0.0818,0.1063,24,0.0,5.87,122.0,383241956,0
CUST_00963_C1,CUST_00963,제조업,5-49인,Standard,Priority,12,10,0,1767667,0.0018,0.33,0.765,-0.0661,0.1876,51,0.0,24.56,61.0,24499865,0
CUST_00964_C1,CUST_00964,교육,5-49인,Basic,Standard,36,34,0,9562554,-0.0277,19.49,0.6633,-0.1043,0.287,172,0.1562,63.67,120.0,114750648,1
CUST_00965_C1,CUST_00965,제조업,300인이상,Standard,Enterprise,36,34,0,34387821,0.0001,5.2,0.8082,0.0872,0.173,59,0.0,6.03,30.0,522007123,0
CUST_00965_C2,CUST_00965,제조업,300인이상,Standard,Standard,12,46,1,35281661,-0.0029,-4.21,0.7051,0.1089,0.2128,73,0.3125,64.8,121.0,465717925,0
CUST_00966_C1,CUST_00966,IT/소프트웨어,50-299인,Premium,Enterprise,24,22,0,15702569,0.0051,5.93,0.6644,0.0542,0.2305,39,0.1364,6.95,120.0,270869315,0
CUST_00967_C1,CUST_00967,물류/운송,5-49인,Basic,Enterprise,24,22,0,6993834,0.0962,18.9,0.7418,0.0613,0.2223,134,0.0,6.32,121.0,96514909,1
CUST_00968_C1,CUST_00968,교육,5-49인,Basic,Priority,24,22,0,3439347,0.0329,18.06,0.5795,0.0915,0.3447,163,0.125,20.72,62.0,43335772,0
CUST_00969_C1,CUST_00969,IT/소프트웨어,50-299인,Standard,Priority,12,10,0,4091040,0.0073,-14.92,0.8463,0.0211,0.1171,30,0.0,20.46,61.0,56701814,0
CUST_00970_C1,CUST_00970,제조업,5-49인,Standard,Standard,24,22,0,1437638,0.0857,9.73,0.7761,-0.0485,0.127,61,0.1,67.2,303.0,18976822,0
CUST_00970_C2,CUST_00970,제조업,5-49인,Standard,Priority,12,34,1,1449048,-0.0146,4.46,0.7187,-0.0228,0.211,56,0.0,29.17,61.0,20083805,0
CUST_00971_C1,CUST_00971,IT/소프트웨어,5-49인,Basic,Standard,24,22,0,5432231,-0.0265,2.3,0.7717,0.0915,0.2274,111,0.2,56.56,120.0,65186772,0
CUST_00971_C2,CUST_00971,IT/소프트웨어,5-49인,Basic,Priority,12,34,1,5899251,-0.0132,7.7,0.7842,0.0216,0.262,101,0.0769,31.08,61.0,74330563,0
CUST_00972_C1,CUST_00972,유통/커머스,300인이상,Premium,Standard,24,22,0,81396202,0.0658,12.35,0.7618,0.0962,0.2269,41,0.2857,58.77,123.0,1220943030,0
CUST_00972_C2,CUST_00972,유통/커머스,300인이상,Premium,Priority,24,46,1,94550794,0.0779,9.74,0.7749,-0.0295,0.2065,22,0.125,20.13,62.0,1489175006,0
CUST_00973_C1,CUST_00973,제조업,5-49인,Standard,Priority,12,10,0,7732750,0.0249,7.42,0.7179,-0.0891,0.2867,62,0.1667,22.25,59.0,107175915,0
CUST_00974_C1,CUST_00974,금융/보험,5-49인,Standard,Priority,24,22,0,8102761,-0.025,4.56,0.7319,0.0646,0.1674,50,0.0,26.49,61.0,112304267,0
CUST_00975_C1,CUST_00975,제조업,50-299인,Premium,Priority,24,22,0,11764541,-0.0086,9.41,0.6655,-0.09,0.2943,34,0.0417,22.34,184.0,185291521,0
CUST_00975_C2,CUST_00975,제조업,50-299인,Basic,Standard,24,46,1,11464037,0.0057,15.88,0.7021,-0.0786,0.2578,157,0.1765,56.7,123.0,137568444,0
CUST_00976_C1,CUST_00976,유통/커머스,5-49인,Basic,Priority,24,22,0,7314656,0.0106,18.56,0.6802,0.0202,0.2856,178,0.1786,19.51,62.0,92164666,1
CUST_00977_C1,CUST_00977,기타서비스업,5-49인,Standard,Standard,12,10,0,5454614,-0.0649,-1.99,0.8003,0.0142,0.2453,64,0.0,50.88,122.0,72000905,0
CUST_00977_C2,CUST_00977,기타서비스업,5-49인,Standard,Standard,12,22,1,4248910,0.0663,2.26,0.7217,0.0121,0.2331,79,0.0769,42.05,122.0,56085612,0
CUST_00978_C1,CUST_00978,제조업,5-49인,Basic,Standard,12,10,0,1978708,0.0726,8.02,0.7486,-0.0088,0.2421,105,0.0,58.08,123.0,23744496,0
CUST_00978_C2,CUST_00978,제조업,5-49인,Basic,Standard,12,22,1,1980011,-0.0209,-4.8,0.7674,-0.0356,0.1734,91,0.1,68.33,123.0,23760132,0
CUST_00978_C3,CUST_00978,제조업,5-49인,Basic,Standard,12,34,2,2012151,0.0274,8.39,0.7832,-0.0505,0.1874,107,0.2105,55.54,490.0,24145812,0
CUST_00979_C1,CUST_00979,IT/소프트웨어,5-49인,Basic,Standard,24,22,0,2078566,0.0248,6.27,0.6839,0.0804,0.2357,124,0.1765,45.34,303.0,24942792,1
CUST_00980_C1,CUST_00980,IT/소프트웨어,5-49인,Basic,Standard,24,22,0,9699911,0.0578,5.95,0.7473,0.1047,0.2466,125,0.1765,77.93,304.0,116398932,0
CUST_00980_C2,CUST_00980,IT/소프트웨어,5-49인,Basic,Standard,12,34,1,11498061,0.0287,8.01,0.6746,0.0426,0.2333,133,0.2353,64.88,121.0,137976732,0
CUST_00981_C1,CUST_00981,금융/보험,50-299인,Premium,Standard,24,22,0,18987839,0.0131,13.9,0.7599,0.0744,0.2816,46,0.4615,49.64,122.0,284817585,0
CUST_00981_C2,CUST_00981,금융/보험,50-299인,Premium,Priority,24,46,1,17046813,-0.0065,5.61,0.6934,0.0078,0.2412,33,0.1111,22.64,61.0,268487305,0
CUST_00981_C3,CUST_00981,금융/보험,50-299인,Premium,Priority,24,70,2,23717917,0.0734,17.87,0.8045,-0.0529,0.2735,42,0.0667,23.12,61.0,373557193,0
CUST_00982_C1,CUST_00982,금융/보험,5-49인,Basic,Priority,24,22,0,1929114,0.0025,15.43,0.6863,0.0105,0.2268,116,0.2105,21.41,62.0,24306836,1
CUST_00983_C1,CUST_00983,의료/헬스케어,5-49인,Basic,Standard,24,22,0,1419145,0.0342,17.31,0.7309,0.0011,0.2359,145,0.0909,42.98,120.0,17029740,0
CUST_00984_C1,CUST_00984,IT/소프트웨어,5-49인,Standard,Priority,12,10,0,4580911,-0.0399,11.66,0.8168,0.0822,0.1699,59,0.0,21.62,61.0,63491426,0
CUST_00984_C2,CUST_00984,IT/소프트웨어,5-49인,Standard,Enterprise,12,22,1,4568139,-0.0159,5.08,0.6641,0.0653,0.1962,63,0.0714,7.09,31.0,69344350,1
CUST_00985_C1,CUST_00985,교육,5-49인,Basic,Priority,12,10,0,4211465,0.0052,9.06,0.714,0.1748,0.2349,131,0.1905,21.66,61.0,53064459,0
CUST_00985_C2,CUST_00985,교육,5-49인,Basic,Standard,36,46,1,4354752,0.0602,9.6,0.6507,0.0712,0.2753,129,0.0833,48.94,122.0,52257024,0
CUST_00985_C3,CUST_00985,교육,5-49인,Basic,Standard,24,70,2,4697942,0.0156,13.23,0.6949,-0.1045,0.2474,149,0.2105,55.64,122.0,56375304,0
CUST_00986_C1,CUST_00986,유통/커머스,5-49인,Basic,Standard,24,22,0,2724573,-0.0112,10.98,0.7232,0.0701,0.1759,121,0.1429,57.12,123.0,32694876,0
CUST_00987_C1,CUST_00987,IT/소프트웨어,50-299인,Premium,Enterprise,36,34,0,20976154,0.0015,5.08,0.7487,-0.0675,0.2098,26,0.0,10.27,31.0,361838656,0
CUST_00988_C1,CUST_00988,제조업,5-49인,Basic,Enterprise,24,22,0,4841353,0.0386,27.34,0.6522,-0.0168,0.2554,156,0.0,6.34,31.0,66810671,1
CUST_00989_C1,CUST_00989,유통/커머스,5-49인,Basic,Standard,12,10,0,3316186,0.0537,9.34,0.7077,0.0112,0.1602,174,0.1818,49.66,123.0,39794232,0
CUST_00990_C1,CUST_00990,유통/커머스,5-49인,Basic,Standard,12,10,0,2998009,0.0469,2.35,0.7952,-0.0915,0.1752,108,0.3636,52.61,,35976108,0
CUST_00990_C2,CUST_00990,유통/커머스,5-49인,Basic,Standard,36,46,1,3715390,0.0485,20.05,0.7329,0.0913,0.2219,116,0.0667,62.09,306.0,44584680,0
CUST_00991_C1,CUST_00991,IT/소프트웨어,50-299인,Basic,Standard,12,10,0,5091810,0.0367,7.26,0.68,0.0417,0.2485,132,0.2857,49.9,122.0,61101720,1
CUST_00992_C1,CUST_00992,IT/소프트웨어,5-49인,Basic,Standard,12,10,0,4923497,0.0069,10.55,0.758,0.0917,0.2158,120,0.1053,47.7,122.0,59081964,0
CUST_00993_C1,CUST_00993,IT/소프트웨어,5-49인,Standard,Priority,12,10,0,5160619,-0.0487,0.51,0.672,-0.1132,0.1894,64,0.0556,22.16,61.0,71526179,0
CUST_00994_C1,CUST_00994,IT/소프트웨어,50-299인,Premium,Enterprise,12,10,0,23191723,0.0335,2.66,0.6828,-0.0507,0.2676,39,0.0952,6.9,30.0,400057222,0
CUST_00995_C1,CUST_00995,의료/헬스케어,5-49인,Basic,Standard,12,10,0,1670306,0.001,-10.68,0.8152,0.1425,0.1587,78,0.0909,48.13,122.0,20043672,0
CUST_00996_C1,CUST_00996,교육,5-49인,Basic,Standard,12,10,0,9634493,-0.0042,9.04,0.6849,-0.0361,0.2467,129,0.2,68.61,120.0,115613916,0
CUST_00997_C1,CUST_00997,제조업,5-49인,Standard,Priority,12,10,0,3436911,-0.0583,-1.66,0.7564,0.0577,0.2244,73,0.1154,27.29,61.0,47635586,0
CUST_00997_C2,CUST_00997,제조업,5-49인,Standard,Priority,12,22,1,4093110,0.0327,2.7,0.7066,-0.085,0.2742,59,0.1304,17.66,61.0,56730505,0
CUST_00997_C3,CUST_00997,제조업,5-49인,Standard,Priority,12,34,2,4631985,-0.0145,8.67,0.6793,-0.0092,0.2634,79,0.2353,19.2,61.0,64199312,0
CUST_00998_C1,CUST_00998,기타서비스업,50-299인,Premium,Enterprise,24,22,0,14039645,0.0093,8.78,0.656,-0.0832,0.1805,36,0.0588,6.78,30.0,242183876,0
CUST_00999_C1,CUST_00999,IT/소프트웨어,5-49인,Basic,Priority,24,22,0,1318946,0.0564,9.96,0.7815,0.0712,0.1798,83,0.0625,19.87,61.0,16618720,0
CUST_01000_C1,CUST_01000,물류/운송,5-49인,Basic,Standard,12,10,0,4125422,-0.0054,1.78,0.7089,-0.109,0.234,93,0.1111,64.03,123.0,49505064,0
CUST_01000_C2,CUST_01000,물류/운송,5-49인,Basic,Enterprise,12,22,1,4315033,0.0431,-0.96,0.7223,0.0236,0.1947,166,0.0909,6.75,31.0,59547455,1
CUST_01001_C1,CUST_01001,금융/보험,5-49인,Basic,Standard,12,10,0,2780937,-0.0031,-1.08,0.6532,0.0297,0.2511,127,0.1579,59.68,123.0,33371244,0
CUST_01002_C1,CUST_01002,유통/커머스,5-49인,Basic,Standard,12,10,0,6171585,-0.0739,2.91,0.683,0.0331,0.2095,132,0.2941,52.22,,74059020,1
CUST_01003_C1,CUST_01003,교육,5-49인,Standard,Standard,24,22,0,2996825,0.0197,8.11,0.8355,-0.0433,0.2266,56,0.2857,59.15,122.0,39558090,0
CUST_01004_C1,CUST_01004,제조업,5-49인,Basic,Standard,12,10,0,1812438,-0.0394,6.19,0.6962,0.0549,0.2425,117,0.1429,44.35,122.0,21749256,1
CUST_01005_C1,CUST_01005,교육,5-49인,Basic,Standard,12,10,0,3801724,0.0514,5.22,0.7415,0.0455,0.17,110,0.0714,55.49,,45620688,0
CUST_01005_C2,CUST_01005,교육,5-49인,Basic,Standard,24,34,1,4141955,0.0015,12.97,0.7396,0.0168,0.2152,119,0.1333,65.79,120.0,49703460,0
CUST_01005_C3,CUST_01005,교육,5-49인,Basic,Standard,12,46,2,3720000,0.0311,-5.04,0.7548,0.022,0.1699,114,0.2667,62.33,120.0,44640000,0
CUST_01006_C1,CUST_01006,유통/커머스,5-49인,Premium,Priority,12,10,0,11468637,-0.0574,7.15,0.6303,0.0905,0.2798,42,0.0526,22.74,61.0,180631033,0
CUST_01007_C1,CUST_01007,제조업,5-49인,Standard,Enterprise,12,10,0,5188170,-0.0028,-2.34,0.7591,0.0519,0.1957,55,0.0,5.81,31.0,78756421,0
CUST_01007_C2,CUST_01007,제조업,5-49인,Standard,Enterprise,12,22,1,4443541,0.0735,7.68,0.7319,-0.0736,0.219,61,0.05,6.66,31.0,67452952,0
CUST_01008_C1,CUST_01008,IT/소프트웨어,5-49인,Basic,Priority,24,22,0,5548254,0.0914,8.0,0.793,-0.0717,0.1894,82,0.0,24.7,184.0,69908000,0
CUST_01008_C2,CUST_01008,IT/소프트웨어,5-49인,Basic,Standard,24,46,1,5573599,-0.0348,-0.71,0.7559,-0.0136,0.1748,88,0.05,57.07,122.0,66883188,0
CUST_01008_C3,CUST_01008,IT/소프트웨어,5-49인,Basic,Priority,12,58,2,4353762,-0.0007,-3.86,0.7109,-0.0504,0.2214,89,0.0714,22.55,61.0,54857401,0
CUST_01009_C1,CUST_01009,유통/커머스,5-49인,Standard,Standard,12,10,0,3197286,0.0149,-0.57,0.6986,-0.0012,0.1421,66,0.1667,53.92,122.0,42204175,0
CUST_01010_C1,CUST_01010,유통/커머스,5-49인,Standard,Enterprise,24,22,0,4994062,0.0485,22.93,0.7389,0.0667,0.2815,94,0.0741,6.82,28.0,75809861,0
CUST_01011_C1,CUST_01011,물류/운송,5-49인,Basic,Standard,24,22,0,2102367,0.0329,9.09,0.7763,-0.0862,0.2263,114,0.125,33.11,303.0,25228404,0
CUST_01012_C1,CUST_01012,유통/커머스,5-49인,Standard,Priority,12,10,0,7433111,0.0078,9.74,0.7355,0.0556,0.2935,79,0.0526,19.01,61.0,103022918,0
CUST_01013_C1,CUST_01013,IT/소프트웨어,5-49인,Basic,Standard,12,10,0,2441004,0.0768,-4.24,0.8076,-0.0249,0.0904,92,0.0,57.54,123.0,29292048,0
CUST_01013_C2,CUST_01013,IT/소프트웨어,5-49인,Basic,Standard,12,22,1,2473258,0.0198,-3.08,0.7907,0.057,0.185,77,0.0769,60.83,123.0,29679096,0
CUST_01014_C1,CUST_01014,금융/보험,5-49인,Basic,Standard,24,22,0,4351578,0.023,10.26,0.7447,-0.036,0.243,134,0.0909,50.9,305.0,52218936,0
CUST_01015_C1,CUST_01015,금융/보험,5-49인,Premium,Priority,12,10,0,1934224,0.0469,12.6,0.7373,-0.0486,0.2637,36,0.125,20.29,61.0,30464028,0
CUST_01015_C2,CUST_01015,금융/보험,5-49인,Premium,Enterprise,12,22,1,2012569,-0.028,5.52,0.715,0.0398,0.1685,20,0.0,6.09,31.0,34716815,0
CUST_01015_C3,CUST_01015,금융/보험,5-49인,Premium,Enterprise,24,46,2,1795099,0.0315,9.75,0.6924,0.142,0.1718,27,0.0,6.3,31.0,30965458,0
CUST_01016_C1,CUST_01016,제조업,5-49인,Basic,Priority,12,10,0,7506804,-0.0262,8.54,0.6956,0.1462,0.2745,128,0.3,16.91,184.0,94585730,1
CUST_01017_C1,CUST_01017,물류/운송,5-49인,Basic,Standard,12,10,0,3629831,0.0015,-1.35,0.7448,-0.0853,0.1914,129,0.1667,48.06,,43557972,0
CUST_01017_C2,CUST_01017,물류/운송,5-49인,Basic,Standard,36,46,1,4272451,-0.0267,9.61,0.7046,0.026,0.217,110,0.1111,84.03,121.0,51269412,0
CUST_01018_C1,CUST_01018,교육,5-49인,Standard,Priority,24,22,0,7402536,0.034,12.3,0.7474,0.0425,0.245,85,0.0476,25.16,61.0,102599149,0
CUST_01018_C2,CUST_01018,교육,5-49인,Standard,Priority,24,46,1,8169280,-0.0063,19.6,0.6314,0.0207,0.2948,98,0.1304,17.61,61.0,113226221,0
CUST_01019_C1,CUST_01019,금융/보험,5-49인,Basic,Standard,12,10,0,4247660,-0.0332,0.7,0.7303,0.1107,0.2688,134,0.1,62.69,122.0,50971920,0
CUST_01020_C1,CUST_01020,유통/커머스,50-299인,Standard,Priority,24,22,0,11598147,-0.0918,3.27,0.7367,0.1128,0.2126,66,0.0435,22.3,62.0,160750317,0
CUST_01021_C1,CUST_01021,제조업,5-49인,Basic,Standard,12,10,0,9485390,-0.0152,1.39,0.6765,-0.0275,0.1967,119,0.4,63.3,120.0,113824680,0
CUST_01022_C1,CUST_01022,의료/헬스케어,50-299인,Standard,Priority,36,34,0,16566850,-0.0052,3.75,0.7399,-0.0634,0.2185,69,0.0625,20.62,61.0,229616541,1
CUST_01023_C1,CUST_01023,제조업,5-49인,Basic,Standard,24,22,0,2724805,0.0639,16.37,0.6457,-0.0912,0.246,153,0.0,49.15,120.0,32697660,0
CUST_01023_C2,CUST_01023,제조업,5-49인,Basic,Standard,12,34,1,2958553,0.0082,9.18,0.7645,0.0004,0.2001,119,0.1875,45.88,121.0,35502636,0
CUST_01024_C1,CUST_01024,IT/소프트웨어,5-49인,Basic,Priority,12,10,0,1475411,0.0567,3.89,0.7522,-0.0909,0.2027,91,0.0625,17.25,181.0,18590179,0
CUST_01025_C1,CUST_01025,유통/커머스,5-49인,Basic,Priority,24,22,0,2582908,0.007,1.51,0.6976,0.132,0.2891,160,0.1176,16.13,61.0,32544641,0
CUST_01026_C1,CUST_01026,IT/소프트웨어,5-49인,Basic,Standard,12,10,0,3888983,-0.0408,-3.92,0.7081,-0.0226,0.2376,130,0.0,63.93,,46667796,0
CUST_01026_C2,CUST_01026,IT/소프트웨어,5-49인,Basic,Standard,24,34,1,3804465,-0.0573,9.06,0.7456,-0.0606,0.1866,100,0.0909,54.93,122.0,45653580,0
CUST_01027_C1,CUST_01027,제조업,5-49인,Standard,Standard,12,10,0,2430403,0.0378,7.48,0.6797,0.005,0.2422,65,0.1364,58.13,120.0,32081320,0
CUST_01028_C1,CUST_01028,제조업,5-49인,Basic,Standard,24,22,0,6080740,0.0158,12.73,0.7475,-0.1806,0.1654,119,0.0714,44.29,306.0,72968880,0
CUST_01028_C2,CUST_01028,제조업,5-49인,Basic,Standard,24,46,1,7864274,-0.0451,11.85,0.7619,0.0514,0.2158,103,0.0667,76.97,123.0,94371288,1
CUST_01029_C1,CUST_01029,제조업,5-49인,Premium,Priority,12,10,0,1157696,-0.0105,4.42,0.6877,0.0795,0.2479,26,0.1111,17.46,61.0,18233712,0
CUST_01030_C1,CUST_01030,IT/소프트웨어,5-49인,Premium,Enterprise,36,34,0,2656776,0.0061,9.32,0.6127,-0.1502,0.2052,24,0.0,7.06,123.0,45829386,0
CUST_01031_C1,CUST_01031,제조업,50-299인,Standard,Priority,36,34,0,67038380,-0.0212,-0.5,0.7334,-0.045,0.2254,59,0.0909,20.09,61.0,929151947,0
CUST_01031_C2,CUST_01031,제조업,50-299인,Standard,Priority,36,70,1,55534188,0.0436,6.8,0.7265,-0.0571,0.1493,42,0.0,21.34,61.0,769703846,0
CUST_01031_C3,CUST_01031,제조업,50-299인,Standard,Standard,12,82,2,59355222,0.0195,7.46,0.6822,0.0385,0.2241,51,0.1667,62.4,122.0,783488930,0
CUST_01032_C1,CUST_01032,IT/소프트웨어,50-299인,Standard,Priority,24,22,0,14043463,0.0129,15.08,0.743,0.0748,0.2527,62,0.1,21.84,59.0,194642397,0
CUST_01032_C2,CUST_01032,IT/소프트웨어,50-299인,Standard,Enterprise,12,34,1,13171344,-0.0193,0.93,0.7237,-0.0091,0.2023,62,0.0625,6.83,31.0,199941002,0
CUST_01032_C3,CUST_01032,IT/소프트웨어,50-299인,Standard,Standard,24,58,2,12650543,0.0076,10.32,0.7541,-0.0523,0.2324,50,0.1176,59.95,304.0,166987168,0
CUST_01033_C1,CUST_01033,IT/소프트웨어,5-49인,Basic,Priority,12,10,0,1865567,-0.0077,7.65,0.6664,0.0832,0.2362,138,0.125,24.06,61.0,23506144,0
CUST_01033_C2,CUST_01033,IT/소프트웨어,5-49인,Basic,Priority,12,22,1,1712637,-0.0316,2.16,0.7449,-0.0738,0.1841,129,0.1765,28.96,61.0,21579226,0
CUST_01033_C3,CUST_01033,IT/소프트웨어,5-49인,Basic,Standard,24,46,2,2148029,-0.0342,18.44,0.7363,-0.1181,0.293,141,0.2632,55.2,122.0,25776348,0
CUST_01034_C1,CUST_01034,교육,5-49인,Standard,Priority,24,22,0,1736997,0.0137,5.5,0.6827,-0.0709,0.2324,74,0.0,23.23,61.0,24074778,0
CUST_01035_C1,CUST_01035,유통/커머스,5-49인,Standard,Enterprise,24,22,0,5817648,-0.0235,4.27,0.6031,0.004,0.2098,74,0.04,5.92,30.0,88311897,0
CUST_01035_C2,CUST_01035,유통/커머스,5-49인,Standard,Priority,12,34,1,7191527,-0.0043,7.1,0.7076,0.0875,0.2563,84,0.1875,19.71,61.0,99674564,0
CUST_01036_C1,CUST_01036,금융/보험,50-299인,Premium,Enterprise,24,22,0,15792703,0.003,13.23,0.6831,-0.0217,0.1743,18,0.0,7.17,31.0,272424127,0
CUST_01037_C1,CUST_01037,금융/보험,5-49인,Basic,Standard,12,10,0,2255180,0.077,8.11,0.6551,0.045,0.2955,163,0.2857,71.19,122.0,27062160,0
CUST_01037_C2,CUST_01037,금융/보험,5-49인,Basic,Standard,12,22,1,2641303,0.0234,8.64,0.7201,0.091,0.1653,111,0.1579,51.64,122.0,31695636,0
CUST_01037_C3,CUST_01037,금융/보험,5-49인,Basic,Standard,12,34,2,2871397,0.0433,7.42,0.5733,-0.0507,0.2742,147,0.2222,45.83,489.0,34456764,1
CUST_01038_C1,CUST_01038,물류/운송,5-49인,Basic,Standard,24,22,0,3016288,-0.0057,7.94,0.7032,0.0805,0.2089,108,0.1111,51.33,121.0,36195456,0
CUST_01039_C1,CUST_01039,제조업,50-299인,Premium,Standard,24,22,0,31902754,-0.0118,9.01,0.7192,0.1367,0.2243,25,0.2174,58.8,122.0,478541310,0
CUST_01040_C1,CUST_01040,의료/헬스케어,50-299인,Standard,Priority,36,34,0,19013691,0.0564,14.05,0.6632,0.0701,0.1946,66,0.0,22.53,61.0,263529757,0
CUST_01041_C1,CUST_01041,금융/보험,5-49인,Basic,Enterprise,24,22,0,8679391,0.0146,13.89,0.5926,-0.0325,0.3067,163,0.0417,7.1,28.0,119775596,0
CUST_01042_C1,CUST_01042,물류/운송,5-49인,Standard,Priority,12,10,0,1234637,-0.0119,-5.89,0.7067,0.0334,0.1932,61,0.0714,24.57,61.0,17112069,0
CUST_01042_C2,CUST_01042,물류/운송,5-49인,Standard,Standard,36,46,1,1559070,0.0869,15.71,0.7329,-0.0338,0.2562,74,0.2222,53.19,303.0,20579724,1
CUST_01043_C1,CUST_01043,금융/보험,5-49인,Basic,Priority,12,10,0,4159868,-0.067,-4.42,0.7638,-0.0432,0.2052,121,0.0769,26.77,61.0,52414337,0
CUST_01044_C1,CUST_01044,유통/커머스,300인이상,Premium,Priority,36,34,0,126268086,-0.063,8.07,0.7001,0.085,0.186,21,0.0,25.57,184.0,1988722354,0
CUST_01045_C1,CUST_01045,교육,50-299인,Basic,Standard,36,34,0,33830285,0.0497,22.7,0.7229,-0.0721,0.2203,131,0.1667,60.94,121.0,405963420,0
CUST_01046_C1,CUST_01046,IT/소프트웨어,5-49인,Basic,Standard,12,10,0,4812426,0.0304,8.54,0.6572,0.023,0.2566,198,0.1667,60.73,123.0,57749112,1
CUST_01047_C1,CUST_01047,교육,5-49인,Premium,Enterprise,12,10,0,14482671,0.012,2.74,0.7426,-0.1085,0.225,31,0.0625,6.9,29.0,249826075,0
CUST_01047_C2,CUST_01047,교육,5-49인,Premium,Enterprise,24,34,1,19161934,-0.0021,13.33,0.7334,0.1078,0.1523,21,0.0,5.18,30.0,330543362,0
CUST_01048_C1,CUST_01048,금융/보험,5-49인,Basic,Standard,12,10,0,2314549,0.0877,9.24,0.689,0.0144,0.2232,141,0.25,68.31,122.0,27774588,0
CUST_01048_C2,CUST_01048,금융/보험,5-49인,Basic,Standard,24,34,1,2803145,0.0456,13.64,0.7237,-0.0845,0.2209,137,0.2143,71.36,122.0,33637740,0
CUST_01049_C1,CUST_01049,교육,5-49인,Standard,Priority,36,34,0,1323878,-0.0013,2.69,0.702,0.0631,0.1706,55,0.0,21.98,61.0,18348949,0
CUST_01049_C2,CUST_01049,교육,5-49인,Standard,Priority,24,58,1,1558851,0.0721,7.54,0.7756,-0.0112,0.1834,44,0.0667,24.74,61.0,21605675,0
CUST_01049_C3,CUST_01049,교육,5-49인,Standard,Priority,12,70,2,1519558,-0.0323,-1.54,0.7952,-0.0984,0.1835,41,0.0,26.31,182.0,21061074,0
CUST_01050_C1,CUST_01050,의료/헬스케어,5-49인,Basic,Standard,12,10,0,5009184,0.0129,3.82,0.7086,0.0485,0.2454,129,0.0,41.73,122.0,60110208,0
CUST_01050_C2,CUST_01050,의료/헬스케어,5-49인,Basic,Priority,36,47,1,5981547,-0.0872,9.75,0.6862,0.0241,0.2261,147,0.2105,24.14,62.0,75367492,0
CUST_01051_C1,CUST_01051,기타서비스업,50-299인,Premium,Enterprise,12,10,0,15572036,-0.0039,-1.02,0.7199,0.0646,0.2161,20,0.0714,6.61,31.0,268617621,0
CUST_01051_C2,CUST_01051,기타서비스업,50-299인,Premium,Enterprise,12,22,1,13523494,-0.0413,1.89,0.7907,-0.0677,0.221,23,0.0,6.99,31.0,233280271,0
CUST_01051_C3,CUST_01051,기타서비스업,50-299인,Premium,Priority,36,58,2,10137563,0.006,9.47,0.7384,0.1638,0.2322,26,0.0,23.24,61.0,159666617,0
CUST_01052_C1,CUST_01052,제조업,5-49인,Premium,Enterprise,24,22,0,1335289,0.0443,3.29,0.7363,0.0698,0.2687,22,0.0769,5.99,31.0,23033735,0
CUST_01052_C2,CUST_01052,제조업,5-49인,Premium,Priority,12,34,1,1694969,-0.0126,2.98,0.7841,0.0628,0.2195,25,0.0526,21.74,61.0,26695762,0
CUST_01053_C1,CUST_01053,IT/소프트웨어,5-49인,Basic,Enterprise,12,10,0,4043316,0.0352,-2.16,0.794,0.0794,0.1206,94,0.0,6.47,28.0,55797761,0
CUST_01053_C2,CUST_01053,IT/소프트웨어,5-49인,Basic,Standard,24,34,1,4834817,0.0254,8.13,0.8109,0.0052,0.1263,96,0.2,59.99,120.0,58017804,0
CUST_01054_C1,CUST_01054,금융/보험,5-49인,Basic,Standard,12,10,0,6153460,0.0564,0.86,0.7637,-0.0495,0.2247,89,0.0588,55.06,123.0,73841520,0
CUST_01055_C1,CUST_01055,교육,5-49인,Basic,Priority,24,22,0,2344047,0.031,13.54,0.6904,0.026,0.1877,109,0.0,27.19,61.0,29534992,0
CUST_01055_C2,CUST_01055,교육,5-49인,Basic,Priority,24,46,1,2566558,-0.0227,2.77,0.6436,-0.0513,0.2515,133,0.0833,20.4,61.0,32338631,0
CUST_01055_C3,CUST_01055,교육,5-49인,Basic,Standard,12,58,2,4116869,0.0303,2.38,0.7315,-0.0329,0.2522,126,0.2143,64.91,122.0,49402428,0
CUST_01056_C1,CUST_01056,IT/소프트웨어,5-49인,Basic,Standard,36,34,0,5509843,-0.0445,22.22,0.7261,-0.055,0.2273,133,0.2941,59.95,121.0,66118116,0
CUST_01056_C2,CUST_01056,IT/소프트웨어,5-49인,Basic,Standard,24,58,1,4137310,-0.0628,14.56,0.6309,0.1546,0.2355,156,0.2353,70.12,120.0,49647720,0
CUST_01056_C3,CUST_01056,IT/소프트웨어,5-49인,Basic,Standard,24,82,2,3720354,-0.0015,10.08,0.6598,0.03,0.246,168,0.1429,50.07,121.0,44644248,0
CUST_01057_C1,CUST_01057,IT/소프트웨어,5-49인,Basic,Standard,24,22,0,6323741,0.0194,13.62,0.686,-0.0604,0.2802,137,0.16,58.64,121.0,75884892,0
CUST_01057_C2,CUST_01057,IT/소프트웨어,5-49인,Basic,Standard,12,34,1,7650220,-0.0181,8.74,0.6959,-0.0704,0.2748,138,0.1,52.95,120.0,91802640,0
CUST_01058_C1,CUST_01058,교육,50-299인,Premium,Enterprise,24,22,0,18201131,-0.0312,0.08,0.8108,0.1143,0.1499,14,0.0,7.25,31.0,313969510,0
CUST_01058_C2,CUST_01058,교육,50-299인,Premium,Enterprise,36,58,1,25953097,0.1106,21.53,0.798,-0.1452,0.163,21,0.0,7.17,121.0,447690923,0
CUST_01058_C3,CUST_01058,교육,50-299인,Premium,Standard,12,70,2,24678797,0.0516,2.12,0.7884,0.0767,0.1616,31,0.0714,65.25,120.0,370181955,0
CUST_01059_C1,CUST_01059,물류/운송,5-49인,Standard,Priority,24,22,0,4585262,0.0189,7.97,0.7236,-0.0941,0.1851,53,0.1,13.42,304.0,63551731,0
CUST_01060_C1,CUST_01060,금융/보험,5-49인,Basic,Standard,12,10,0,1494913,0.0038,5.8,0.7228,0.1212,0.2849,109,0.1111,52.24,122.0,17938956,1
CUST_01061_C1,CUST_01061,제조업,50-299인,Premium,Enterprise,12,10,0,14097787,-0.0134,-4.09,0.7526,0.1812,0.2272,30,0.0,6.09,30.0,243186826,0
CUST_01062_C1,CUST_01062,기타서비스업,5-49인,Basic,Priority,12,10,0,7282760,0.0438,-1.11,0.7694,-0.0522,0.2254,109,0.0526,21.08,181.0,91762776,1
CUST_01063_C1,CUST_01063,물류/운송,5-49인,Basic,Enterprise,12,10,0,3535937,0.0156,2.76,0.7155,0.0351,0.1583,98,0.0,6.51,30.0,48795931,0
CUST_01064_C1,CUST_01064,금융/보험,5-49인,Standard,Standard,12,10,0,7761151,-0.001,6.05,0.6081,-0.0975,0.2896,105,0.2381,45.49,,102447193,1
CUST_01065_C1,CUST_01065,물류/운송,5-49인,Basic,Priority,12,10,0,5707374,0.0121,9.11,0.6558,-0.0147,0.2433,120,0.1,17.94,182.0,71912912,0
CUST_01066_C1,CUST_01066,금융/보험,5-49인,Basic,Standard,12,10,0,2215386,0.0685,10.21,0.7369,0.0524,0.2049,126,0.1818,70.03,122.0,26584632,1
CUST_01067_C1,CUST_01067,유통/커머스,5-49인,Basic,Standard,24,22,0,4620055,-0.0218,2.8,0.6843,0.0067,0.2197,106,0.2778,56.75,122.0,55440660,0
CUST_01067_C2,CUST_01067,유통/커머스,5-49인,Basic,Priority,12,34,1,5039494,0.0059,6.32,0.7034,0.0484,0.2512,139,0.05,21.37,61.0,63497624,0
CUST_01068_C1,CUST_01068,유통/커머스,50-299인,Standard,Priority,36,34,0,34755774,0.0038,8.09,0.8085,0.0096,0.1563,52,0.0833,24.83,184.0,481715028,0
CUST_01069_C1,CUST_01069,교육,5-49인,Basic,Standard,36,34,0,4003130,0.0173,27.14,0.6544,-0.0179,0.1953,113,0.125,60.53,303.0,48037560,0
CUST_01070_C1,CUST_01070,IT/소프트웨어,5-49인,Basic,Standard,24,22,0,2713605,0.0045,16.1,0.6022,-0.0152,0.2709,166,0.3077,67.1,304.0,32563260,1
CUST_01071_C1,CUST_01071,제조업,5-49인,Basic,Enterprise,24,22,0,2007143,0.0036,12.74,0.7275,-0.0153,0.2092,112,0.1667,5.52,123.0,27698573,0
CUST_01071_C2,CUST_01071,제조업,5-49인,Basic,Priority,12,34,1,2450385,-0.0025,6.93,0.7241,-0.0079,0.295,158,0.3846,27.55,61.0,30874851,0
CUST_01072_C1,CUST_01072,IT/소프트웨어,5-49인,Standard,Priority,12,10,0,2421226,0.0575,16.43,0.8023,-0.0361,0.2366,65,0.1304,23.26,61.0,33558192,0
CUST_01073_C1,CUST_01073,유통/커머스,5-49인,Basic,Priority,12,10,0,1152919,0.0079,-6.2,0.8226,0.0265,0.1583,74,0.0833,18.91,61.0,14526779,0
CUST_01073_C2,CUST_01073,유통/커머스,5-49인,Basic,Standard,12,22,1,1257854,0.026,-4.05,0.7852,-0.0884,0.159,92,0.0556,47.45,120.0,15094248,0
CUST_01073_C3,CUST_01073,유통/커머스,5-49인,Basic,Standard,24,47,2,1232409,0.0015,-1.17,0.7723,-0.0276,0.193,101,0.0,45.43,120.0,14788908,0
CUST_01074_C1,CUST_01074,IT/소프트웨어,5-49인,Standard,Priority,24,22,0,1584152,-0.0059,14.8,0.7493,-0.0507,0.1609,69,0.1538,19.26,61.0,21956347,0
CUST_01074_C2,CUST_01074,IT/소프트웨어,5-49인,Standard,Enterprise,12,34,1,1781944,-0.0452,-7.7,0.7726,0.2204,0.1819,78,0.0,6.62,30.0,27049910,0
CUST_01075_C1,CUST_01075,IT/소프트웨어,5-49인,Standard,Priority,12,10,0,3425097,0.047,7.24,0.6234,-0.0187,0.2592,128,0.1111,31.93,61.0,47471844,0
CUST_01076_C1,CUST_01076,물류/운송,5-49인,Standard,Priority,24,22,0,5814864,-0.0644,3.36,0.7278,-0.0758,0.2245,84,0.1304,20.32,62.0,80594015,0
CUST_01077_C1,CUST_01077,금융/보험,5-49인,Basic,Standard,12,10,0,5082181,-0.0023,3.1,0.7533,-0.0115,0.1378,82,0.1333,51.66,123.0,60986172,0
CUST_01077_C2,CUST_01077,금융/보험,5-49인,Basic,Standard,12,22,1,3250859,0.0175,1.99,0.7478,0.0441,0.1963,104,0.0625,68.59,123.0,39010308,0
CUST_01078_C1,CUST_01078,제조업,5-49인,Standard,Priority,12,10,0,6185144,0.0454,13.24,0.6442,0.1062,0.2345,62,0.0,22.18,61.0,85726096,0
CUST_01079_C1,CUST_01079,IT/소프트웨어,50-299인,Premium,Enterprise,36,34,0,13713189,0.056,25.75,0.7007,-0.0607,0.2466,38,0.0,6.69,213.0,236552510,0
CUST_01080_C1,CUST_01080,유통/커머스,5-49인,Basic,Standard,24,22,0,1489117,-0.0615,-5.12,0.762,-0.014,0.2161,112,0.0833,61.01,304.0,17869404,0
CUST_01081_C1,CUST_01081,기타서비스업,5-49인,Basic,Priority,36,34,0,3155823,-0.062,7.98,0.6214,0.0557,0.2567,131,0.1333,19.95,61.0,39763370,0
CUST_01081_C2,CUST_01081,기타서비스업,5-49인,Basic,Standard,12,46,1,3669781,-0.01,3.06,0.6933,-0.1554,0.2372,143,0.1053,45.26,122.0,44037372,0
CUST_01081_C3,CUST_01081,기타서비스업,5-49인,Basic,Standard,24,70,2,4213159,0.0033,11.33,0.7662,-0.0071,0.2028,111,0.2143,46.35,122.0,50557908,0
CUST_01082_C1,CUST_01082,유통/커머스,50-299인,Standard,Enterprise,12,10,0,18967293,-0.0227,14.31,0.5433,0.0066,0.3324,129,0.15,6.25,31.0,287923508,1
CUST_01083_C1,CUST_01083,IT/소프트웨어,50-299인,Premium,Priority,24,22,0,16696677,-0.034,1.56,0.8051,-0.0231,0.1789,20,0.0,20.41,62.0,262972663,0
CUST_01083_C2,CUST_01083,IT/소프트웨어,50-299인,Premium,Priority,12,34,1,19766821,-0.0328,2.25,0.6695,0.0469,0.1487,30,0.0833,23.44,184.0,311327431,0
CUST_01084_C1,CUST_01084,IT/소프트웨어,5-49인,Premium,Priority,36,34,0,4616684,0.0285,17.34,0.6836,0.0167,0.1982,29,0.1176,22.49,61.0,72712773,0
CUST_01085_C1,CUST_01085,제조업,5-49인,Standard,Priority,24,22,0,6182521,0.0935,4.57,0.7415,-0.0149,0.1928,59,0.0769,19.06,61.0,85689741,0
CUST_01086_C1,CUST_01086,유통/커머스,5-49인,Standard,Priority,24,22,0,9139668,0.0613,23.12,0.5904,0.0509,0.3176,93,0.0,20.03,60.0,126675798,0
CUST_01086_C2,CUST_01086,유통/커머스,5-49인,Standard,Standard,36,58,1,10619476,0.048,23.15,0.6801,-0.1169,0.313,113,0.1429,68.18,121.0,140177083,0
CUST_01087_C1,CUST_01087,IT/소프트웨어,5-49인,Basic,Priority,24,22,0,1781019,0.0182,7.45,0.6925,0.0428,0.2127,125,0.1818,19.19,184.0,22440839,0
CUST_01088_C1,CUST_01088,제조업,5-49인,Basic,Standard,12,10,0,3751098,-0.0104,3.41,0.7471,-0.018,0.1553,103,0.15,59.13,122.0,45013176,0
CUST_01089_C1,CUST_01089,유통/커머스,5-49인,Basic,Standard,36,34,0,886369,0.0449,16.3,0.7289,-0.0401,0.1508,126,0.1176,63.29,123.0,10636428,0
CUST_01090_C1,CUST_01090,금융/보험,5-49인,Basic,Standard,24,22,0,6163634,-0.0188,9.62,0.7202,0.0091,0.2453,135,0.3333,64.39,304.0,73963608,1
CUST_01091_C1,CUST_01091,IT/소프트웨어,50-299인,Basic,Standard,12,10,0,9861596,0.0544,14.37,0.6784,-0.1302,0.2718,171,0.25,47.73,122.0,118339152,1
CUST_01092_C1,CUST_01092,IT/소프트웨어,5-49인,Standard,Standard,12,10,0,1417730,0.0074,-9.09,0.8474,0.0362,0.159,38,0.0,54.93,120.0,18714036,0
CUST_01093_C1,CUST_01093,유통/커머스,5-49인,Standard,Standard,24,22,0,1968860,0.0118,12.92,0.7584,-0.0607,0.2509,68,0.0769,61.55,123.0,25988952,1
CUST_01094_C1,CUST_01094,유통/커머스,5-49인,Basic,Standard,24,22,0,2852093,-0.0781,1.85,0.7329,0.1243,0.2164,77,0.1333,60.72,123.0,34225116,0
CUST_01094_C2,CUST_01094,유통/커머스,5-49인,Basic,Standard,36,58,1,3345799,0.0234,9.41,0.7785,0.0085,0.1744,85,0.1333,64.56,123.0,40149588,0
CUST_01094_C3,CUST_01094,유통/커머스,5-49인,Basic,Priority,24,82,2,3972083,-0.008,8.89,0.7434,-0.0939,0.2304,118,0.0,17.82,427.0,50048246,0
CUST_01095_C1,CUST_01095,의료/헬스케어,5-49인,Basic,Priority,12,10,0,2644235,-0.048,-1.78,0.8393,-0.0254,0.1653,84,0.05,17.69,61.0,33317361,0
CUST_01096_C1,CUST_01096,기타서비스업,5-49인,Basic,Priority,12,10,0,7178457,0.0579,10.46,0.6887,0.0184,0.2821,123,0.0556,25.23,59.0,90448558,0
CUST_01097_C1,CUST_01097,제조업,5-49인,Basic,Priority,12,10,0,1103322,0.0248,5.35,0.667,-0.0285,0.2728,164,0.0625,27.44,61.0,13901857,1
CUST_01098_C1,CUST_01098,IT/소프트웨어,5-49인,Premium,Enterprise,12,10,0,1557299,0.0143,10.15,0.6346,0.0153,0.3345,63,0.1538,5.67,31.0,26863408,0
CUST_01098_C2,CUST_01098,IT/소프트웨어,5-49인,Premium,Enterprise,12,22,1,2407974,-0.0074,3.71,0.6056,0.0275,0.2628,35,0.125,7.89,31.0,41537552,0
CUST_01099_C1,CUST_01099,유통/커머스,5-49인,Basic,Standard,24,22,0,5316142,0.0101,0.32,0.8413,-0.0964,0.1881,102,0.2727,49.44,123.0,63793704,0
CUST_01100_C1,CUST_01100,유통/커머스,5-49인,Basic,Priority,12,10,0,6651032,-0.0163,3.39,0.7051,0.0992,0.2137,136,0.08,20.53,61.0,83803003,0
CUST_01101_C1,CUST_01101,기타서비스업,5-49인,Basic,Standard,12,10,0,6970214,0.0538,0.17,0.7791,-0.0106,0.1366,98,0.1429,77.4,,83642568,0
CUST_01102_C1,CUST_01102,IT/소프트웨어,50-299인,Basic,Standard,12,10,0,5272999,0.0203,2.06,0.7417,0.0819,0.1718,84,0.2308,53.21,123.0,63275988,0
CUST_01103_C1,CUST_01103,교육,5-49인,Basic,Priority,12,10,0,5124736,0.1063,8.03,0.6757,-0.0607,0.1989,163,0.0,20.81,61.0,64571674,0
CUST_01103_C2,CUST_01103,교육,5-49인,Basic,Standard,24,34,1,5482814,0.013,13.35,0.6895,0.0232,0.2243,135,0.1,53.71,122.0,65793768,1
CUST_01104_C1,CUST_01104,IT/소프트웨어,5-49인,Basic,Priority,24,22,0,2989522,-0.0005,1.84,0.7625,-0.0384,0.1106,87,0.0,20.62,182.0,37667977,0
CUST_01104_C2,CUST_01104,IT/소프트웨어,5-49인,Basic,Standard,12,34,1,3028667,-0.0296,-5.59,0.7737,-0.1281,0.156,110,0.0667,60.08,548.0,36344004,0
CUST_01105_C1,CUST_01105,제조업,5-49인,Basic,Priority,12,10,0,5688784,0.0244,4.2,0.681,-0.0612,0.2196,104,0.0,25.92,61.0,71678678,0
CUST_01106_C1,CUST_01106,IT/소프트웨어,5-49인,Standard,Standard,36,34,0,2476436,-0.0115,7.66,0.7553,0.0261,0.2044,69,0.0,72.97,122.0,32688955,0
CUST_01106_C2,CUST_01106,IT/소프트웨어,5-49인,Standard,Standard,12,46,1,2582425,0.0237,0.13,0.7591,0.1202,0.1912,57,0.3571,41.91,122.0,34088010,0
CUST_01107_C1,CUST_01107,기타서비스업,50-299인,Premium,Priority,12,10,0,32106069,-0.0401,7.41,0.5956,0.1294,0.3213,30,0.1053,22.56,62.0,505670587,0
CUST_01108_C1,CUST_01108,유통/커머스,5-49인,Basic,Priority,12,10,0,1481314,-0.0539,-6.27,0.7951,0.1013,0.1632,78,0.0,20.03,61.0,18664556,0
CUST_01108_C2,CUST_01108,유통/커머스,5-49인,Basic,Standard,12,22,1,1734654,0.0032,0.5,0.712,0.0813,0.2411,105,0.1667,60.04,120.0,20815848,0
CUST_01108_C3,CUST_01108,유통/커머스,5-49인,Basic,Standard,24,46,2,1463217,0.0483,9.94,0.7753,0.0905,0.1767,100,0.0667,56.22,486.0,17558604,1
CUST_01109_C1,CUST_01109,제조업,5-49인,Basic,Standard,24,22,0,1306964,0.0256,6.82,0.8305,0.0131,0.1747,112,0.1765,55.13,120.0,15683568,0
CUST_01109_C2,CUST_01109,제조업,5-49인,Basic,Standard,12,34,1,1364890,0.0509,-0.63,0.7835,0.0348,0.2268,108,0.0,69.21,120.0,16378680,0
CUST_01110_C1,CUST_01110,기타서비스업,5-49인,Standard,Priority,12,10,0,5666448,0.0308,10.1,0.7146,-0.0146,0.2679,66,0.1667,22.15,61.0,78536969,0
CUST_01111_C1,CUST_01111,IT/소프트웨어,5-49인,Standard,Enterprise,24,22,0,3227754,0.009,11.93,0.7357,-0.0428,0.1703,79,0.1,5.99,31.0,48997306,0
CUST_01111_C2,CUST_01111,IT/소프트웨어,5-49인,Standard,Priority,12,34,1,2965180,0.0083,2.85,0.7441,-0.0904,0.2504,66,0.0,23.32,61.0,41097395,0
CUST_01111_C3,CUST_01111,IT/소프트웨어,5-49인,Standard,Priority,12,46,2,3056742,0.0077,6.12,0.692,0.0857,0.268,70,0.0625,27.24,61.0,42366444,0
CUST_01112_C1,CUST_01112,제조업,5-49인,Standard,Priority,12,10,0,2385715,0.0109,4.16,0.8258,-0.0634,0.1748,62,0.0,20.73,61.0,33066010,0
CUST_01112_C2,CUST_01112,제조업,5-49인,Standard,Priority,24,34,1,2507049,0.0297,7.29,0.784,0.0094,0.2096,50,0.0769,24.97,61.0,34747699,0
CUST_01113_C1,CUST_01113,IT/소프트웨어,5-49인,Basic,Standard,24,22,0,6461098,0.0134,2.93,0.8334,-0.0556,0.1667,69,0.3333,36.45,122.0,77533176,1
CUST_01114_C1,CUST_01114,금융/보험,5-49인,Basic,Standard,12,10,0,2405460,0.0779,13.48,0.6944,-0.0196,0.219,163,0.125,50.29,122.0,28865520,0
CUST_01114_C2,CUST_01114,금융/보험,5-49인,Basic,Standard,12,22,1,2686308,0.0054,15.95,0.654,0.0765,0.2919,163,0.2353,45.89,122.0,32235696,0
CUST_01114_C3,CUST_01114,금융/보험,5-49인,Basic,Standard,12,34,2,2769172,0.0378,7.6,0.6388,0.03,0.2431,168,0.2414,85.99,122.0,33230064,0
CUST_01115_C1,CUST_01115,금융/보험,5-49인,Basic,Standard,12,10,0,5468192,0.0522,8.24,0.676,-0.1668,0.1735,116,0.129,63.96,,65618304,0
CUST_01116_C1,CUST_01116,유통/커머스,5-49인,Standard,Priority,12,10,0,2260741,-0.0302,-1.99,0.682,-0.1893,0.26,67,0.0,24.0,61.0,31333870,0
CUST_01116_C2,CUST_01116,유통/커머스,5-49인,Standard,Enterprise,12,22,1,2495013,-0.0661,1.54,0.6576,-0.0204,0.2222,72,0.0667,7.15,31.0,37874297,0
CUST_01117_C1,CUST_01117,의료/헬스케어,5-49인,Basic,Standard,12,10,0,5826338,-0.0544,-3.26,0.7184,0.2271,0.2054,126,0.1538,43.11,122.0,69916056,0
CUST_01117_C2,CUST_01117,의료/헬스케어,5-49인,Basic,Standard,12,22,1,6039669,0.0839,3.82,0.7149,0.0837,0.2397,105,0.0769,78.16,122.0,72476028,0
CUST_01117_C3,CUST_01117,의료/헬스케어,5-49인,Basic,Standard,12,34,2,7584836,-0.0358,9.67,0.6959,0.0056,0.2576,140,0.2105,64.39,122.0,91018032,0
CUST_01118_C1,CUST_01118,유통/커머스,5-49인,Standard,Priority,12,10,0,2648043,-0.0516,-4.13,0.7643,-0.055,0.1857,52,0.0,20.71,,36701876,0
CUST_01118_C2,CUST_01118,유통/커머스,5-49인,Standard,Standard,12,22,1,3067633,0.0588,4.8,0.7669,-0.0125,0.1929,65,0.0667,60.06,122.0,40492756,0
CUST_01118_C3,CUST_01118,유통/커머스,5-49인,Standard,Enterprise,12,34,2,3256575,0.0284,2.79,0.733,0.0757,0.2491,75,0.125,6.21,31.0,49434808,0
CUST_01119_C1,CUST_01119,금융/보험,50-299인,Premium,Enterprise,24,22,0,88518113,-0.0216,6.75,0.7033,0.0516,0.2741,34,0.0,8.06,31.0,1526937449,0
CUST_01120_C1,CUST_01120,물류/운송,5-49인,Basic,Priority,24,22,0,2788602,0.0377,13.48,0.6663,-0.1075,0.2223,173,0.1765,23.55,183.0,35136385,0
CUST_01120_C2,CUST_01120,물류/운송,5-49인,Basic,Standard,36,58,1,2150885,-0.0019,16.32,0.7002,0.0958,0.2796,134,0.3333,68.74,122.0,25810620,0
CUST_01120_C3,CUST_01120,물류/운송,5-49인,Basic,Standard,24,82,2,2690205,0.014,13.69,0.6299,0.1073,0.2842,157,0.25,36.9,122.0,32282460,0
CUST_01121_C1,CUST_01121,금융/보험,5-49인,Basic,Standard,12,10,0,3290755,0.0416,5.01,0.6951,-0.0499,0.2141,124,0.1053,55.34,120.0,39489060,0
CUST_01121_C2,CUST_01121,금융/보험,5-49인,Basic,Standard,24,34,1,3058208,0.0072,12.22,0.7336,-0.1792,0.1946,131,0.15,57.34,120.0,36698496,0
CUST_01121_C3,CUST_01121,금융/보험,5-49인,Basic,Standard,12,46,2,3454263,-0.0869,3.81,0.68,0.0081,0.2429,105,0.0769,44.8,121.0,41451156,0
CUST_01122_C1,CUST_01122,물류/운송,5-49인,Basic,Priority,24,22,0,5503507,0.0409,15.37,0.5945,0.0438,0.315,197,0.1579,17.66,184.0,69344188,1
CUST_01123_C1,CUST_01123,IT/소프트웨어,5-49인,Standard,Standard,12,10,0,4336508,-0.0289,-5.02,0.7654,0.1206,0.2278,68,0.2667,58.22,122.0,57241906,0
CUST_01124_C1,CUST_01124,유통/커머스,5-49인,Basic,Standard,12,10,0,4124536,0.0292,9.64,0.7402,0.0711,0.1521,93,0.2,51.84,120.0,49494432,0
CUST_01124_C2,CUST_01124,유통/커머스,5-49인,Basic,Standard,24,34,1,4108357,0.0601,6.97,0.6987,0.1261,0.2147,121,0.0909,52.48,120.0,49300284,0
CUST_01125_C1,CUST_01125,교육,50-299인,Standard,Priority,24,22,0,13589896,-0.099,-0.49,0.7583,0.1949,0.1878,49,0.0,16.29,304.0,188355959,0
CUST_01126_C1,CUST_01126,교육,5-49인,Standard,Priority,12,10,0,2790869,0.0025,8.57,0.6961,-0.0031,0.2027,59,0.1,19.92,61.0,38681444,0
CUST_01127_C1,CUST_01127,제조업,5-49인,Basic,Standard,36,34,0,1726467,0.0402,13.16,0.7987,0.0256,0.1533,89,0.0,61.02,122.0,20717604,0
CUST_01128_C1,CUST_01128,기타서비스업,5-49인,Basic,Standard,12,10,0,2229207,0.0388,0.99,0.6089,-0.1526,0.2858,184,0.24,53.12,123.0,26750484,1
CUST_01129_C1,CUST_01129,교육,5-49인,Standard,Standard,24,22,0,1359864,0.0382,13.76,0.6124,-0.0266,0.2362,95,0.1667,46.51,120.0,17950205,0
CUST_01130_C1,CUST_01130,기타서비스업,5-49인,Basic,Priority,12,10,0,3029251,0.0534,5.81,0.8554,0.0753,0.196,80,0.0,23.05,59.0,38168563,0
CUST_01131_C1,CUST_01131,유통/커머스,50-299인,Premium,Priority,36,34,0,32228891,-0.0078,7.86,0.7198,-0.0615,0.2545,22,0.0769,22.46,61.0,507605033,0
CUST_01132_C1,CUST_01132,제조업,5-49인,Standard,Priority,12,10,0,1628005,-0.0138,-2.57,0.812,-0.0638,0.2148,51,0.0,19.32,59.0,22564149,0
CUST_01133_C1,CUST_01133,IT/소프트웨어,5-49인,Basic,Priority,12,10,0,860672,-0.0065,-3.61,0.7061,0.0156,0.3089,203,0.125,21.84,62.0,10844467,0
CUST_01134_C1,CUST_01134,금융/보험,5-49인,Basic,Standard,24,22,0,6446130,0.0574,17.9,0.6661,0.0473,0.25,144,0.1765,56.54,487.0,77353560,1
CUST_01135_C1,CUST_01135,물류/운송,5-49인,Standard,Standard,12,10,0,1118108,0.0132,1.99,0.7687,-0.015,0.2077,51,0.1429,45.8,,14759026,0
CUST_01136_C1,CUST_01136,IT/소프트웨어,5-49인,Basic,Priority,24,22,0,7023100,0.1023,8.38,0.8227,0.0395,0.172,84,0.1111,20.77,181.0,88491060,0
CUST_01137_C1,CUST_01137,IT/소프트웨어,5-49인,Basic,Standard,24,22,0,4004994,-0.0139,6.83,0.7737,0.0353,0.2133,97,0.25,63.21,120.0,48059928,0
CUST_01138_C1,CUST_01138,유통/커머스,50-299인,Basic,Standard,24,22,0,11187510,-0.0524,16.87,0.5754,-0.0844,0.2639,162,0.2333,69.58,122.0,134250120,0
CUST_01139_C1,CUST_01139,제조업,5-49인,Basic,Standard,12,10,0,6091262,0.0806,6.84,0.7497,0.0263,0.2358,131,0.2143,48.13,123.0,73095144,0
CUST_01140_C1,CUST_01140,교육,5-49인,Basic,Standard,12,10,0,1577510,-0.0047,-1.21,0.7295,0.0941,0.2106,101,0.125,40.08,,18930120,0
CUST_01141_C1,CUST_01141,교육,5-49인,Basic,Priority,12,10,0,2190274,0.0331,3.38,0.7091,0.0878,0.228,144,0.0833,22.38,62.0,27597452,1
CUST_01142_C1,CUST_01142,제조업,5-49인,Basic,Standard,12,10,0,4072726,0.0293,10.1,0.727,0.0081,0.1922,125,0.25,60.83,121.0,48872712,0
CUST_01143_C1,CUST_01143,의료/헬스케어,5-49인,Basic,Priority,24,22,0,2129958,0.0577,17.51,0.6807,-0.1101,0.2764,139,0.1,21.9,60.0,26837471,0
CUST_01144_C1,CUST_01144,IT/소프트웨어,5-49인,Basic,Standard,24,22,0,2967035,0.0191,15.5,0.6685,-0.0458,0.3397,162,0.0667,46.1,121.0,35604420,1
CUST_01145_C1,CUST_01145,제조업,5-49인,Basic,Priority,12,10,0,2048535,-0.0622,-0.11,0.7944,0.0882,0.0926,97,0.0,20.75,61.0,25811541,0
CUST_01146_C1,CUST_01146,의료/헬스케어,5-49인,Basic,Standard,12,10,0,2464005,-0.0101,2.18,0.717,0.0488,0.1852,124,0.2,41.98,120.0,29568060,0
CUST_01147_C1,CUST_01147,의료/헬스케어,5-49인,Premium,Priority,12,10,0,2014757,0.0287,3.82,0.7902,0.1256,0.1437,28,0.0909,19.39,61.0,31732423,0
CUST_01148_C1,CUST_01148,금융/보험,5-49인,Basic,Priority,12,10,0,976322,0.0092,-2.88,0.7555,0.0932,0.1289,94,0.0,24.33,61.0,12301657,0
CUST_01148_C2,CUST_01148,금융/보험,5-49인,Basic,Standard,12,22,1,977990,0.0249,-4.24,0.7406,0.0275,0.1716,122,0.0556,70.83,120.0,11735880,0
CUST_01149_C1,CUST_01149,IT/소프트웨어,5-49인,Standard,Priority,12,10,0,1020657,-0.0139,3.96,0.7471,0.006,0.1592,55,0.1,15.9,182.0,14146306,0
CUST_01150_C1,CUST_01150,IT/소프트웨어,5-49인,Basic,Priority,36,34,0,4724250,-0.0216,7.26,0.7909,-0.0866,0.1393,68,0.0588,17.43,62.0,59525550,0
CUST_01150_C2,CUST_01150,IT/소프트웨어,5-49인,Basic,Standard,12,46,1,4352200,-0.0264,-6.0,0.7392,-0.094,0.1645,112,0.1333,49.22,305.0,52226400,0
CUST_01151_C1,CUST_01151,IT/소프트웨어,300인이상,Premium,Enterprise,12,10,0,126657473,-0.0173,0.48,0.6094,0.065,0.2598,44,0.1,7.86,30.0,2184841409,0
CUST_01151_C2,CUST_01151,IT/소프트웨어,300인이상,Premium,Priority,36,46,1,149937661,0.0268,12.57,0.7042,-0.1136,0.2129,44,0.0,18.61,61.0,2361518161,0
CUST_01152_C1,CUST_01152,유통/커머스,5-49인,Basic,Enterprise,12,10,0,4494801,0.059,2.02,0.8268,-0.0267,0.1716,91,0.0,4.3,31.0,62028254,0
CUST_01152_C2,CUST_01152,유통/커머스,5-49인,Basic,Standard,12,22,1,5137020,0.0068,4.72,0.7454,-0.0467,0.2242,107,0.1667,56.52,122.0,61644240,0
CUST_01152_C3,CUST_01152,유통/커머스,5-49인,Basic,Standard,12,34,2,4886366,-0.0473,-5.89,0.7304,0.0154,0.2179,92,0.1667,51.64,122.0,58636392,0
CUST_01153_C1,CUST_01153,의료/헬스케어,5-49인,Basic,Standard,12,10,0,3264236,0.0756,4.91,0.7117,0.0846,0.1877,144,0.1053,40.96,122.0,39170832,0
CUST_01154_C1,CUST_01154,IT/소프트웨어,5-49인,Basic,Enterprise,24,22,0,3038897,0.057,9.49,0.7752,-0.0764,0.177,116,0.0,7.96,31.0,41936779,0
CUST_01154_C2,CUST_01154,IT/소프트웨어,5-49인,Basic,Standard,24,47,1,3399123,0.0209,3.01,0.7403,-0.0619,0.1787,129,0.25,59.39,120.0,40789476,0
CUST_01155_C1,CUST_01155,IT/소프트웨어,5-49인,Basic,Standard,24,22,0,2083438,0.0335,21.45,0.6136,0.0422,0.2414,204,0.2857,60.68,122.0,25001256,1
CUST_01156_C1,CUST_01156,교육,5-49인,Basic,Priority,12,10,0,5827268,0.0088,-4.15,0.8022,0.0438,0.1529,115,0.0,20.67,183.0,73423577,0
CUST_01156_C2,CUST_01156,교육,5-49인,Basic,Standard,12,22,1,3665060,-0.0662,-0.06,0.7365,0.1046,0.1625,83,0.0625,66.84,122.0,43980720,0
CUST_01157_C1,CUST_01157,의료/헬스케어,5-49인,Standard,Enterprise,12,10,0,4943123,-0.0455,3.6,0.6827,0.057,0.2079,65,0.1667,7.07,30.0,75036607,0
CUST_01157_C2,CUST_01157,의료/헬스케어,5-49인,Standard,Priority,12,22,1,4958336,-0.0163,3.08,0.6898,0.1007,0.2196,60,0.0526,18.12,61.0,68722537,0
CUST_01158_C1,CUST_01158,물류/운송,5-49인,Basic,Standard,24,22,0,2308790,-0.0392,5.05,0.6163,0.0274,0.2009,89,0.1,46.79,122.0,27705480,0
CUST_01159_C1,CUST_01159,유통/커머스,5-49인,Standard,Standard,36,34,0,3284604,0.0009,7.62,0.7746,0.1247,0.1802,40,0.1667,52.36,306.0,43356773,0
CUST_01159_C2,CUST_01159,유통/커머스,5-49인,Standard,Standard,24,58,1,3768928,0.0013,-0.46,0.7442,-0.017,0.1999,77,0.0833,68.6,123.0,49749850,0
CUST_01160_C1,CUST_01160,유통/커머스,5-49인,Basic,Standard,36,34,0,4641732,-0.1075,18.07,0.6686,-0.0727,0.2603,154,0.1818,70.64,122.0,55700784,0
CUST_01161_C1,CUST_01161,제조업,5-49인,Basic,Standard,24,22,0,2064921,-0.0253,3.82,0.6597,-0.0329,0.2513,168,0.2222,63.43,486.0,24779052,0
CUST_01162_C1,CUST_01162,IT/소프트웨어,5-49인,Basic,Standard,24,22,0,4946169,0.0325,15.1,0.7206,-0.002,0.269,145,0.2667,63.99,120.0,59354028,0
CUST_01163_C1,CUST_01163,IT/소프트웨어,5-49인,Basic,Standard,12,10,0,1591297,0.0427,-3.01,0.7487,-0.0889,0.188,121,0.1875,73.97,120.0,19095564,0
CUST_01164_C1,CUST_01164,교육,5-49인,Basic,Priority,12,10,0,1584051,0.0776,12.09,0.6795,0.1028,0.254,177,0.0625,25.59,61.0,19959043,1
CUST_01165_C1,CUST_01165,IT/소프트웨어,5-49인,Basic,Standard,12,10,0,3429810,-0.0791,-5.17,0.6547,0.0572,0.241,156,0.16,61.85,123.0,41157720,1
CUST_01166_C1,CUST_01166,제조업,5-49인,Basic,Standard,12,10,0,2087791,0.0096,5.54,0.7602,0.0633,0.2676,127,0.1818,49.02,120.0,25053492,0
CUST_01166_C2,CUST_01166,제조업,5-49인,Basic,Standard,12,22,1,1891830,-0.0338,-0.55,0.6801,0.2151,0.1964,128,0.2667,67.0,120.0,22701960,0
CUST_01167_C1,CUST_01167,제조업,5-49인,Basic,Standard,12,10,0,3052190,-0.0007,-0.44,0.7226,0.0888,0.1969,113,0.0909,81.31,120.0,36626280,0
CUST_01167_C2,CUST_01167,제조업,5-49인,Basic,Standard,12,22,1,3298114,-0.0564,-3.83,0.7924,0.162,0.2172,96,0.1333,45.28,121.0,39577368,0
CUST_01167_C3,CUST_01167,제조업,5-49인,Basic,Standard,24,46,2,3998901,0.0815,10.99,0.7271,-0.1122,0.2338,108,0.0588,63.53,120.0,47986812,0
CUST_01168_C1,CUST_01168,금융/보험,5-49인,Basic,Priority,24,22,0,1535745,0.1369,19.18,0.7516,-0.0244,0.2717,161,0.1111,22.98,61.0,19350387,1
CUST_01169_C1,CUST_01169,제조업,50-299인,Premium,Enterprise,24,22,0,27974763,-0.0114,19.07,0.5904,0.0227,0.2853,33,0.1053,8.16,30.0,482564662,0
CUST_01169_C2,CUST_01169,제조업,50-299인,Premium,Enterprise,12,35,1,25178149,-0.0037,8.85,0.694,-0.0962,0.2835,30,0.04,6.52,30.0,434323070,0
CUST_01170_C1,CUST_01170,교육,5-49인,Basic,Enterprise,36,34,0,2151454,-0.033,12.53,0.6749,-0.0228,0.2449,135,0.0476,6.24,31.0,29690065,0
CUST_01170_C2,CUST_01170,교육,5-49인,Basic,Standard,24,58,1,2408681,-0.0064,9.19,0.6873,0.1686,0.2391,123,0.1111,54.46,304.0,28904172,0
CUST_01170_C3,CUST_01170,교육,5-49인,Basic,Standard,12,70,2,2129512,0.0851,1.74,0.7083,0.0048,0.2544,140,0.2105,55.41,122.0,25554144,0
CUST_01171_C1,CUST_01171,의료/헬스케어,5-49인,Standard,Standard,12,10,0,8827862,0.101,3.2,0.6325,-0.0609,0.2542,88,0.1667,44.85,,116527778,1
CUST_01172_C1,CUST_01172,금융/보험,5-49인,Premium,Enterprise,12,10,0,3153375,0.0091,-0.83,0.6928,0.1654,0.2458,35,0.0,5.83,30.0,54395719,0
CUST_01172_C2,CUST_01172,금융/보험,5-49인,Premium,Priority,12,22,1,4390024,0.0584,6.5,0.7658,-0.0824,0.1936,34,0.0769,18.57,61.0,69142878,0
CUST_01173_C1,CUST_01173,기타서비스업,5-49인,Basic,Standard,24,22,0,3292426,0.0271,4.08,0.814,0.0725,0.1844,91,0.0,61.17,304.0,39509112,0
CUST_01174_C1,CUST_01174,제조업,5-49인,Basic,Standard,12,10,0,877299,0.0689,2.86,0.8035,-0.0644,0.1837,96,0.1,47.39,121.0,10527588,0
CUST_01174_C2,CUST_01174,제조업,5-49인,Basic,Standard,12,22,1,811763,-0.0126,-5.76,0.7635,0.0335,0.2105,93,0.1818,36.97,121.0,9741156,0
CUST_01175_C1,CUST_01175,금융/보험,5-49인,Standard,Priority,24,22,0,3641589,-0.0156,0.08,0.7629,0.0657,0.1923,42,0.0,20.93,305.0,50472424,0
CUST_01176_C1,CUST_01176,유통/커머스,5-49인,Standard,Standard,12,10,0,4454943,-0.0434,8.86,0.6243,0.0292,0.3108,90,0.1923,69.71,121.0,58805248,1
CUST_01177_C1,CUST_01177,제조업,5-49인,Standard,Priority,12,10,0,948570,0.0091,13.57,0.6703,0.0918,0.2837,114,0.0588,20.11,184.0,13147180,0
CUST_01177_C2,CUST_01177,제조업,5-49인,Standard,Enterprise,36,46,1,959207,-0.0257,22.12,0.6736,-0.0962,0.2425,92,0.05,6.85,31.0,14560762,0
CUST_01178_C1,CUST_01178,교육,5-49인,Basic,Standard,12,10,0,1971877,-0.0414,11.43,0.6084,-0.0401,0.3328,189,0.3,52.47,,23662524,0
CUST_01179_C1,CUST_01179,교육,50-299인,Basic,Standard,36,34,0,16746382,0.0172,16.23,0.6469,-0.004,0.2718,150,0.3125,41.03,122.0,200956584,0
CUST_01180_C1,CUST_01180,물류/운송,5-49인,Basic,Priority,12,10,0,2841808,0.0232,-0.82,0.7863,-0.0414,0.2076,130,0.0625,24.36,61.0,35806781,1
CUST_01181_C1,CUST_01181,IT/소프트웨어,5-49인,Basic,Standard,12,10,0,3996464,0.0698,2.38,0.8375,-0.0017,0.1579,103,0.0625,64.65,120.0,47957568,0
CUST_01181_C2,CUST_01181,IT/소프트웨어,5-49인,Basic,Standard,36,46,1,4307862,0.0163,9.06,0.7906,-0.0245,0.1998,101,0.1579,49.13,669.0,51694344,0
CUST_01182_C1,CUST_01182,교육,5-49인,Basic,Standard,12,10,0,5990336,0.0026,-5.4,0.7333,-0.0163,0.2623,100,0.2308,48.3,,71884032,0
CUST_01183_C1,CUST_01183,제조업,5-49인,Standard,Enterprise,12,10,0,3092206,0.0651,6.06,0.6893,0.0155,0.2092,74,0.0,8.67,31.0,46939687,0
CUST_01183_C2,CUST_01183,제조업,5-49인,Standard,Priority,12,22,1,2532964,-0.0168,6.52,0.6425,0.0579,0.2639,75,0.0714,30.63,61.0,35106881,0
CUST_01184_C1,CUST_01184,IT/소프트웨어,5-49인,Basic,Priority,12,10,0,7170883,0.0196,10.03,0.572,0.0152,0.3231,158,0.1176,22.24,61.0,90353126,0
CUST_01184_C2,CUST_01184,IT/소프트웨어,5-49인,Basic,Standard,36,46,1,8091248,0.0431,20.65,0.7221,0.0528,0.2491,145,0.0625,64.33,303.0,97094976,0
CUST_01185_C1,CUST_01185,IT/소프트웨어,5-49인,Basic,Standard,24,22,0,3708466,0.0221,6.82,0.7495,0.05,0.1904,103,0.1818,38.32,122.0,44501592,0
CUST_01186_C1,CUST_01186,물류/운송,5-49인,Basic,Standard,24,22,0,8364979,0.0717,15.81,0.7802,0.0232,0.1972,122,0.4118,68.88,121.0,100379748,0
CUST_01186_C2,CUST_01186,물류/운송,5-49인,Basic,Standard,12,34,1,8422074,-0.0332,5.29,0.7163,0.0763,0.2023,117,0.0,73.67,120.0,101064888,0
CUST_01187_C1,CUST_01187,물류/운송,5-49인,Basic,Priority,12,10,0,6368580,-0.0473,12.82,0.7241,0.0735,0.221,146,0.15,29.66,62.0,80244108,0
CUST_01188_C1,CUST_01188,교육,5-49인,Basic,Priority,12,10,0,8035874,-0.013,11.62,0.5679,0.0838,0.3251,203,0.1364,19.62,62.0,101252012,0
CUST_01189_C1,CUST_01189,제조업,5-49인,Standard,Priority,12,10,0,7511299,0.0297,11.76,0.6781,-0.0369,0.2396,75,0.1538,18.52,183.0,104106604,0
CUST_01190_C1,CUST_01190,의료/헬스케어,300인이상,Standard,Enterprise,36,34,0,86962903,-0.0123,18.55,0.6867,0.0942,0.2949,81,0.0435,7.0,28.0,1320096868,0
CUST_01191_C1,CUST_01191,IT/소프트웨어,5-49인,Standard,Priority,24,22,0,3492133,0.0666,23.98,0.6369,-0.0899,0.2647,103,0.1905,25.22,60.0,48400963,0
CUST_01192_C1,CUST_01192,유통/커머스,50-299인,Standard,Priority,12,10,0,20229193,-0.0192,9.83,0.6825,0.0355,0.2031,72,0.0,24.36,183.0,280376615,0
CUST_01192_C2,CUST_01192,유통/커머스,50-299인,Standard,Standard,12,22,1,23908099,-0.0274,12.18,0.6858,0.0291,0.1753,51,0.3529,65.03,122.0,315586907,0
CUST_01193_C1,CUST_01193,제조업,5-49인,Premium,Enterprise,24,22,0,3304969,0.0332,14.81,0.699,-0.0196,0.2501,37,0.0526,8.39,31.0,57010715,0
CUST_01193_C2,CUST_01193,제조업,5-49인,Premium,Enterprise,24,46,1,3585799,0.0381,10.44,0.7285,0.1309,0.229,37,0.125,6.59,31.0,61855033,0
CUST_01194_C1,CUST_01194,기타서비스업,5-49인,Basic,Standard,12,10,0,5685015,-0.0604,-9.33,0.7334,0.0073,0.2285,97,0.1667,59.03,,68220180,0
CUST_01194_C2,CUST_01194,기타서비스업,5-49인,Basic,Standard,24,34,1,7683978,0.0386,11.97,0.7512,0.0588,0.2014,111,0.0,53.95,123.0,92207736,0
CUST_01195_C1,CUST_01195,IT/소프트웨어,5-49인,Standard,Priority,12,10,0,5734181,0.0349,7.73,0.6958,-0.0324,0.2423,60,0.0476,24.11,61.0,79475749,0
CUST_01195_C2,CUST_01195,IT/소프트웨어,5-49인,Standard,Standard,12,22,1,4975965,-0.0108,-6.37,0.6808,0.0584,0.2538,55,0.0769,60.75,122.0,65682738,0
CUST_01196_C1,CUST_01196,제조업,5-49인,Basic,Standard,12,10,0,1511112,-0.025,-1.89,0.7483,-0.0179,0.2136,88,0.125,54.07,122.0,18133344,0
CUST_01197_C1,CUST_01197,IT/소프트웨어,300인이상,Standard,Enterprise,12,10,0,110944737,-0.0074,-1.15,0.7329,0.0355,0.204,71,0.0,7.29,31.0,1684141108,0
CUST_01198_C1,CUST_01198,금융/보험,5-49인,Standard,Priority,24,22,0,2714205,0.0087,9.44,0.7571,0.0897,0.2169,48,0.0,28.31,61.0,37618881,0
CUST_01198_C2,CUST_01198,금융/보험,5-49인,Standard,Priority,12,34,1,2920602,-0.0312,-1.07,0.7555,0.0743,0.1704,63,0.0,22.25,61.0,40479544,0
CUST_01198_C3,CUST_01198,금융/보험,5-49인,Standard,Priority,24,58,2,3593164,0.0013,9.73,0.726,0.003,0.1974,61,0.0,28.3,61.0,49801253,0
CUST_01199_C1,CUST_01199,물류/운송,5-49인,Basic,Standard,24,22,0,1541290,-0.0149,-1.88,0.7794,-0.0882,0.1691,96,0.1765,53.75,123.0,18495480,0
CUST_01199_C2,CUST_01199,물류/운송,5-49인,Basic,Standard,12,34,1,2149251,0.0453,2.32,0.8069,-0.0333,0.1556,126,0.2857,60.37,123.0,25791012,0
CUST_01199_C3,CUST_01199,물류/운송,5-49인,Basic,Standard,12,46,2,2313919,0.0438,4.16,0.7948,0.0686,0.1737,103,0.0833,54.44,123.0,27767028,0
CUST_01200_C1,CUST_01200,유통/커머스,5-49인,Basic,Enterprise,12,10,0,2385898,0.0406,3.62,0.7151,0.0745,0.1945,97,0.0,7.2,28.0,32925392,0
CUST_01201_C1,CUST_01201,의료/헬스케어,5-49인,Premium,Enterprise,24,22,0,3233764,0.0005,3.78,0.7621,-0.1221,0.2077,19,0.0435,6.09,30.0,55782429,0
CUST_01202_C1,CUST_01202,의료/헬스케어,5-49인,Basic,Standard,12,10,0,3750341,-0.0425,3.31,0.7207,-0.0173,0.214,132,0.0,81.26,123.0,45004092,0
CUST_01203_C1,CUST_01203,물류/운송,5-49인,Basic,Standard,12,10,0,1942533,-0.0151,-4.31,0.6913,0.0643,0.2146,104,0.3,51.87,,23310396,0
CUST_01203_C2,CUST_01203,물류/운송,5-49인,Basic,Priority,12,22,1,1611867,-0.0001,3.8,0.7362,0.0686,0.1754,124,0.125,15.62,60.0,20309524,0
CUST_01204_C1,CUST_01204,IT/소프트웨어,50-299인,Premium,Priority,12,10,0,5698195,0.0092,-4.89,0.7742,0.0465,0.1473,17,0.0,20.62,61.0,89746571,0
CUST_01204_C2,CUST_01204,IT/소프트웨어,50-299인,Premium,Enterprise,36,46,1,6829462,-0.0038,19.28,0.7442,-0.0195,0.2598,23,0.0,6.8,31.0,117808219,0
CUST_01205_C1,CUST_01205,의료/헬스케어,5-49인,Basic,Standard,12,10,0,3567555,0.0598,-1.66,0.6097,-0.1154,0.2365,182,0.1579,51.44,123.0,42810660,1
CUST_01206_C1,CUST_01206,IT/소프트웨어,5-49인,Standard,Priority,12,10,0,7783943,0.0216,-3.22,0.753,0.0727,0.1921,48,0.1538,19.85,61.0,107885450,0
CUST_01207_C1,CUST_01207,제조업,5-49인,Basic,Standard,24,22,0,3279936,-0.0056,14.02,0.6292,0.0186,0.268,168,0.15,46.76,303.0,39359232,1
CUST_01208_C1,CUST_01208,IT/소프트웨어,5-49인,Basic,Priority,12,10,0,4961413,0.0246,6.91,0.6966,0.0199,0.3043,143,0.0,21.2,61.0,62513804,0
CUST_01209_C1,CUST_01209,제조업,5-49인,Standard,Priority,12,10,0,2944277,0.0395,-1.61,0.759,-0.02,0.1769,73,0.0,24.92,61.0,40807679,0
CUST_01209_C2,CUST_01209,제조업,5-49인,Standard,Priority,12,22,1,2854574,0.0165,0.15,0.7301,-0.0693,0.2121,57,0.0667,25.56,184.0,39564396,0
CUST_01210_C1,CUST_01210,교육,5-49인,Standard,Priority,12,10,0,3524446,-0.047,-2.71,0.6975,0.0382,0.2102,68,0.0625,21.92,62.0,48848822,0
CUST_01210_C2,CUST_01210,교육,5-49인,Standard,Standard,12,22,1,4340825,-0.0017,3.76,0.8064,0.0524,0.1422,67,0.0,27.65,305.0,57298890,0
CUST_01210_C3,CUST_01210,교육,5-49인,Standard,Standard,24,46,2,4184359,0.0238,7.11,0.7781,-0.1233,0.1903,68,0.0,64.05,305.0,55233539,0
CUST_01211_C1,CUST_01211,유통/커머스,5-49인,Basic,Standard,24,22,0,3458498,0.0481,15.35,0.7083,-0.0897,0.2024,134,0.1429,64.34,123.0,41501976,0
CUST_01212_C1,CUST_01212,제조업,5-49인,Basic,Standard,12,10,0,5373154,0.0206,6.09,0.7975,-0.1073,0.1396,97,0.1333,66.85,120.0,64477848,1
CUST_01213_C1,CUST_01213,의료/헬스케어,5-49인,Standard,Priority,12,10,0,1690734,-0.0457,11.13,0.6349,-0.0063,0.3199,103,0.1,23.18,62.0,23433573,0
CUST_01213_C2,CUST_01213,의료/헬스케어,5-49인,Standard,Enterprise,24,34,1,1749144,0.0411,15.91,0.6441,0.0363,0.2745,76,0.1667,5.76,31.0,26552006,0
CUST_01213_C3,CUST_01213,의료/헬스케어,5-49인,Standard,Enterprise,12,46,2,1987345,0.0524,11.29,0.6692,-0.0966,0.1798,100,0.0625,6.88,31.0,30167897,0
CUST_01214_C1,CUST_01214,의료/헬스케어,50-299인,Standard,Priority,24,22,0,17246720,0.0438,11.6,0.736,-0.0005,0.1555,46,0.1875,25.79,61.0,239039539,0
CUST_01215_C1,CUST_01215,제조업,5-49인,Standard,Priority,24,22,0,4196303,0.1146,17.2,0.7421,-0.1309,0.2392,76,0.0,22.47,61.0,58160760,0
CUST_01216_C1,CUST_01216,IT/소프트웨어,5-49인,Basic,Standard,24,22,0,4032262,-0.0246,4.19,0.6972,0.0675,0.2646,111,0.05,63.67,122.0,48387144,0
CUST_01216_C2,CUST_01216,IT/소프트웨어,5-49인,Basic,Standard,12,34,1,4070117,-0.0252,-1.17,0.7342,0.202,0.1641,105,0.0714,49.16,122.0,48841404,0
CUST_01217_C1,CUST_01217,유통/커머스,5-49인,Basic,Standard,24,22,0,1896587,0.0293,6.8,0.6697,0.1241,0.2943,153,0.2308,61.2,122.0,22759044,1
CUST_01218_C1,CUST_01218,제조업,5-49인,Standard,Priority,12,10,0,1776429,-0.0528,6.37,0.7325,0.0514,0.2962,77,0.1667,18.68,61.0,24621306,0
CUST_01219_C1,CUST_01219,의료/헬스케어,50-299인,Basic,Standard,24,22,0,9355543,0.0268,8.01,0.6929,0.0652,0.2555,170,0.0714,71.92,121.0,112266516,0
CUST_01219_C2,CUST_01219,의료/헬스케어,50-299인,Basic,Standard,12,34,1,11284835,0.0059,10.95,0.6497,0.0316,0.2943,151,0.1176,79.73,122.0,135418020,1
CUST_01220_C1,CUST_01220,IT/소프트웨어,5-49인,Basic,Standard,12,10,0,1457753,0.0323,3.39,0.8191,-0.0977,0.1837,88,0.1538,54.06,122.0,17493036,0
CUST_01221_C1,CUST_01221,유통/커머스,5-49인,Standard,Priority,12,10,0,2714337,-0.0303,4.02,0.7753,0.0484,0.2647,71,0.1333,21.0,61.0,37620711,0
CUST_01222_C1,CUST_01222,금융/보험,5-49인,Basic,Standard,24,22,0,7168283,-0.0696,4.94,0.7303,0.0665,0.2022,74,0.0909,60.16,123.0,86019396,0
CUST_01223_C1,CUST_01223,물류/운송,5-49인,Standard,Priority,12,10,0,1634197,0.037,-0.5,0.7359,-0.004,0.18,62,0.1667,27.42,,22649970,0
CUST_01223_C2,CUST_01223,물류/운송,5-49인,Standard,Priority,24,34,1,1234741,-0.0118,13.08,0.6987,0.1304,0.2273,64,0.0,25.38,59.0,17113510,0
CUST_01224_C1,CUST_01224,유통/커머스,50-299인,Basic,Priority,24,22,0,14591681,-0.0319,18.22,0.6472,0.1376,0.2205,104,0.0,19.24,183.0,183855181,0
CUST_01225_C1,CUST_01225,제조업,50-299인,Standard,Enterprise,24,22,0,23494177,-0.0179,9.77,0.6752,0.1454,0.24,74,0.0,6.49,30.0,356641607,0
CUST_01225_C2,CUST_01225,제조업,50-299인,Standard,Standard,36,58,1,32151634,0.0978,22.67,0.6334,0.0329,0.2495,80,0.0,55.7,122.0,424401569,0
CUST_01226_C1,CUST_01226,유통/커머스,5-49인,Basic,Standard,24,22,0,1805573,0.0225,6.86,0.7061,0.2201,0.1798,89,0.1111,58.64,122.0,21666876,0
CUST_01226_C2,CUST_01226,유통/커머스,5-49인,Basic,Standard,12,34,1,1905820,0.0171,0.69,0.7509,-0.0081,0.1692,102,0.0952,50.92,122.0,22869840,0
CUST_01227_C1,CUST_01227,교육,5-49인,Basic,Standard,12,10,0,1553009,-0.0041,4.45,0.6465,0.0065,0.2383,126,0.1765,51.25,,18636108,0
CUST_01227_C2,CUST_01227,교육,5-49인,Basic,Priority,12,22,1,1569589,-0.0332,-0.53,0.8405,-0.0519,0.1686,116,0.0,21.1,61.0,19776821,0
CUST_01228_C1,CUST_01228,IT/소프트웨어,50-299인,Standard,Enterprise,24,22,0,22661184,-0.0036,8.43,0.7171,-0.0869,0.2083,63,0.0625,7.47,31.0,343996773,0
CUST_01228_C2,CUST_01228,IT/소프트웨어,50-299인,Standard,Standard,24,46,1,27582797,0.0604,11.97,0.6997,0.0285,0.2136,59,0.2667,49.65,304.0,364092920,0
CUST_01228_C3,CUST_01228,IT/소프트웨어,50-299인,Standard,Enterprise,12,58,2,31634999,-0.0198,4.94,0.71,0.0143,0.2219,61,0.05,7.52,31.0,480219285,0
CUST_01229_C1,CUST_01229,IT/소프트웨어,5-49인,Standard,Standard,12,10,0,2811581,-0.0058,9.68,0.6627,0.0428,0.3073,80,0.0588,53.07,,37112869,0
CUST_01230_C1,CUST_01230,IT/소프트웨어,5-49인,Basic,Standard,12,10,0,6213744,0.0237,9.05,0.7399,-0.0561,0.2089,106,0.0714,58.68,122.0,74564928,0
CUST_01231_C1,CUST_01231,유통/커머스,5-49인,Standard,Priority,12,10,0,2588933,-0.0415,-10.93,0.8705,0.0691,0.1072,42,0.0,19.46,59.0,35882611,0
CUST_01231_C2,CUST_01231,유통/커머스,5-49인,Standard,Enterprise,12,22,1,3072903,-0.0058,0.45,0.7865,0.0155,0.2003,59,0.0,7.37,31.0,46646668,0
CUST_01232_C1,CUST_01232,제조업,50-299인,Standard,Enterprise,24,22,0,18412381,0.0125,11.4,0.6733,0.1048,0.2443,108,0.0833,6.74,30.0,279499944,0
CUST_01233_C1,CUST_01233,의료/헬스케어,5-49인,Basic,Standard,12,10,0,3747369,0.0103,6.99,0.6371,0.0415,0.2906,187,0.3077,92.09,122.0,44968428,1
CUST_01234_C1,CUST_01234,제조업,5-49인,Basic,Standard,36,34,0,10563158,-0.0071,12.15,0.652,0.0769,0.1938,117,0.25,53.27,123.0,126757896,1
CUST_01235_C1,CUST_01235,물류/운송,5-49인,Basic,Standard,12,10,0,2025355,0.0568,13.69,0.5483,-0.0727,0.3588,278,0.1875,63.43,122.0,24304260,0
CUST_01236_C1,CUST_01236,제조업,5-49인,Basic,Standard,12,10,0,4178315,-0.0132,4.64,0.5999,-0.1853,0.3138,209,0.25,68.6,122.0,50139780,1
CUST_01237_C1,CUST_01237,금융/보험,5-49인,Basic,Standard,12,10,0,2439142,0.1224,13.06,0.6767,-0.1116,0.1927,158,0.15,44.57,123.0,29269704,0
CUST_01237_C2,CUST_01237,금융/보험,5-49인,Basic,Standard,12,22,1,1861226,-0.006,6.78,0.732,-0.009,0.2209,116,0.2308,40.91,123.0,22334712,1
CUST_01238_C1,CUST_01238,IT/소프트웨어,300인이상,Premium,Enterprise,24,22,0,50976745,-0.0094,12.91,0.6815,0.0947,0.3036,48,0.125,7.23,31.0,879348851,0
CUST_01239_C1,CUST_01239,유통/커머스,5-49인,Basic,Standard,36,34,0,3739101,0.0043,7.01,0.7353,-0.0718,0.1753,106,0.1111,49.3,305.0,44869212,0
CUST_01239_C2,CUST_01239,유통/커머스,5-49인,Basic,Standard,24,58,1,4137319,0.039,0.58,0.7342,0.0091,0.1931,83,0.0,69.97,122.0,49647828,0
CUST_01239_C3,CUST_01239,유통/커머스,5-49인,Basic,Standard,12,70,2,4657139,0.0402,1.99,0.8346,-0.0643,0.1817,99,0.3077,64.09,305.0,55885668,0
CUST_01240_C1,CUST_01240,IT/소프트웨어,5-49인,Standard,Enterprise,12,10,0,1571798,-0.0029,-4.69,0.8661,-0.0667,0.1261,38,0.0,6.03,121.0,23859894,0
CUST_01240_C2,CUST_01240,IT/소프트웨어,5-49인,Standard,Standard,24,34,1,1762995,-0.0626,-6.93,0.8334,0.1133,0.1586,43,0.0,64.6,120.0,23271534,0
CUST_01240_C3,CUST_01240,IT/소프트웨어,5-49인,Standard,Enterprise,12,46,2,1898276,-0.0785,-5.72,0.7263,-0.047,0.1825,51,0.0667,6.99,28.0,28815830,0
CUST_01241_C1,CUST_01241,제조업,5-49인,Basic,Standard,12,10,0,1397522,-0.012,1.62,0.7298,0.1465,0.0966,83,0.0,56.55,122.0,16770264,0
CUST_01242_C1,CUST_01242,의료/헬스케어,5-49인,Basic,Standard,24,22,0,3240342,-0.0435,2.26,0.6706,-0.0528,0.2236,109,0.1818,59.67,123.0,38884104,0
CUST_01242_C2,CUST_01242,의료/헬스케어,5-49인,Basic,Standard,24,46,1,2388822,-0.0432,1.05,0.7989,0.061,0.1663,85,0.1304,56.81,304.0,28665864,0
CUST_01243_C1,CUST_01243,IT/소프트웨어,5-49인,Basic,Standard,24,22,0,3899854,0.0536,10.34,0.8059,-0.0875,0.1695,119,0.1,76.08,123.0,46798248,0
CUST_01243_C2,CUST_01243,IT/소프트웨어,5-49인,Basic,Standard,12,34,1,2510701,0.0899,2.96,0.6754,-0.0715,0.2044,126,0.125,75.04,123.0,30128412,1
CUST_01244_C1,CUST_01244,유통/커머스,5-49인,Basic,Priority,36,34,0,2300684,0.0294,8.82,0.7531,-0.1303,0.1857,144,0.0625,19.2,61.0,28988618,0
CUST_01245_C1,CUST_01245,물류/운송,5-49인,Basic,Standard,36,34,0,2411023,-0.0622,11.5,0.5742,0.0245,0.3133,127,0.1429,54.91,123.0,28932276,1
CUST_01246_C1,CUST_01246,유통/커머스,5-49인,Basic,Standard,12,10,0,3223571,-0.0167,1.18,0.7182,-0.0009,0.2394,135,0.0476,87.98,122.0,38682852,0
CUST_01247_C1,CUST_01247,제조업,5-49인,Basic,Standard,36,34,0,3898612,0.0494,9.97,0.7567,0.0888,0.1515,89,0.2222,68.53,121.0,46783344,0
CUST_01247_C2,CUST_01247,제조업,5-49인,Basic,Standard,12,46,1,5156078,-0.0028,0.9,0.7578,0.0563,0.2129,115,0.1333,50.67,121.0,61872936,0
CUST_01248_C1,CUST_01248,유통/커머스,5-49인,Basic,Standard,12,10,0,5000744,0.0046,-2.97,0.8089,0.0649,0.1032,66,0.4444,58.36,123.0,60008928,0
CUST_01249_C1,CUST_01249,기타서비스업,5-49인,Basic,Standard,24,22,0,3474636,-0.0016,15.81,0.6363,0.0287,0.2649,181,0.2381,66.02,122.0,41695632,1
CUST_01250_C1,CUST_01250,IT/소프트웨어,5-49인,Standard,Priority,24,22,0,5287356,0.037,12.1,0.7883,0.0863,0.2273,57,0.0,24.37,61.0,73282754,0
CUST_01251_C1,CUST_01251,금융/보험,5-49인,Basic,Priority,36,34,0,3115015,0.0253,19.23,0.7213,-0.0494,0.2151,119,0.0,18.71,61.0,39249189,0
CUST_01251_C2,CUST_01251,금융/보험,5-49인,Basic,Standard,24,58,1,3076926,-0.0415,4.13,0.7086,0.0062,0.1685,100,0.0,49.28,122.0,36923112,0
CUST_01252_C1,CUST_01252,IT/소프트웨어,5-49인,Basic,Standard,24,22,0,6056618,0.0221,15.88,0.6974,0.0623,0.2588,110,0.2609,57.91,122.0,72679416,0
CUST_01252_C2,CUST_01252,IT/소프트웨어,5-49인,Basic,Standard,24,46,1,5530717,0.0279,5.04,0.6775,0.0888,0.2601,145,0.0625,52.73,487.0,66368604,0
CUST_01252_C3,CUST_01252,IT/소프트웨어,5-49인,Basic,Priority,12,58,2,7131467,0.0899,9.55,0.7238,-0.158,0.2042,169,0.0,23.17,307.0,89856484,0
CUST_01253_C1,CUST_01253,IT/소프트웨어,5-49인,Premium,Enterprise,12,10,0,2271392,-0.0529,2.66,0.7207,-0.0641,0.1672,32,0.0,5.73,30.0,39181512,0
CUST_01253_C2,CUST_01253,IT/소프트웨어,5-49인,Premium,Enterprise,24,34,1,2392846,-0.0173,9.27,0.682,0.1099,0.2095,16,0.0,7.82,30.0,41276594,0
CUST_01253_C3,CUST_01253,IT/소프트웨어,5-49인,Premium,Enterprise,24,58,2,2235406,-0.052,6.68,0.7316,0.1328,0.2305,32,0.0,5.48,30.0,38560754,0
CUST_01254_C1,CUST_01254,IT/소프트웨어,5-49인,Basic,Standard,24,22,0,4081071,0.0446,6.82,0.7465,0.0354,0.1879,86,0.0625,59.37,304.0,48972852,0
CUST_01255_C1,CUST_01255,금융/보험,5-49인,Basic,Standard,12,10,0,7440204,-0.0564,-0.18,0.7191,0.0629,0.2096,127,0.1765,59.31,,89282448,0
CUST_01255_C2,CUST_01255,금융/보험,5-49인,Basic,Standard,24,34,1,8862117,0.0664,11.75,0.6485,-0.0507,0.2889,142,0.1667,49.9,486.0,106345404,1
CUST_01256_C1,CUST_01256,IT/소프트웨어,5-49인,Basic,Standard,24,22,0,6795544,0.017,3.8,0.7452,-0.0049,0.208,125,0.0952,58.07,123.0,81546528,0
CUST_01257_C1,CUST_01257,교육,50-299인,Standard,Standard,12,10,0,14860538,0.0305,1.81,0.7604,0.1139,0.2169,65,0.0833,57.34,123.0,196159102,0
CUST_01258_C1,CUST_01258,물류/운송,50-299인,Standard,Priority,36,34,0,18356094,0.0502,13.85,0.7332,-0.0266,0.2262,74,0.1667,19.45,59.0,254415463,0
CUST_01258_C2,CUST_01258,물류/운송,50-299인,Standard,Priority,12,46,1,17743742,-0.0105,0.72,0.7939,0.0664,0.1466,38,0.0,20.85,60.0,245928264,0
CUST_01258_C3,CUST_01258,물류/운송,50-299인,Standard,Priority,12,58,2,17799958,-0.0215,-3.71,0.6848,-0.0141,0.2248,67,0.0588,25.96,59.0,246707418,0
CUST_01259_C1,CUST_01259,제조업,5-49인,Standard,Priority,24,22,0,2453833,0.0011,3.6,0.704,-0.0549,0.2336,56,0.0,30.18,61.0,34010125,0
CUST_01260_C1,CUST_01260,제조업,5-49인,Basic,Priority,24,22,0,1546666,-0.0001,6.18,0.7803,-0.0388,0.2643,118,0.0,27.6,61.0,19487992,0
CUST_01260_C2,CUST_01260,제조업,5-49인,Basic,Standard,12,34,1,1029492,0.0396,3.04,0.742,-0.0163,0.1276,130,0.2105,42.01,122.0,12353904,0
CUST_01261_C1,CUST_01261,제조업,50-299인,Basic,Priority,12,10,0,6716702,-0.0144,-1.33,0.6859,-0.0476,0.2588,140,0.0526,23.44,60.0,84630445,0
CUST_01261_C2,CUST_01261,제조업,50-299인,Basic,Standard,24,34,1,5691319,0.0558,7.95,0.7689,-0.1127,0.234,131,0.1429,50.0,121.0,68295828,0
CUST_01261_C3,CUST_01261,제조업,50-299인,Basic,Priority,12,46,2,4810011,-0.0267,0.09,0.7934,0.0254,0.1769,128,0.0,18.45,59.0,60606139,0
CUST_01262_C1,CUST_01262,기타서비스업,5-49인,Basic,Standard,24,22,0,5900658,0.0822,4.22,0.7089,0.0501,0.226,116,0.0833,73.89,120.0,70807896,0
CUST_01263_C1,CUST_01263,기타서비스업,5-49인,Basic,Standard,36,34,0,3802290,0.0077,30.74,0.5934,0.0859,0.2877,217,0.2667,59.54,122.0,45627480,0
CUST_01263_C2,CUST_01263,기타서비스업,5-49인,Basic,Standard,12,46,1,4204191,0.0364,22.42,0.605,-0.0485,0.2939,259,0.1944,60.47,122.0,50450292,1
CUST_01264_C1,CUST_01264,제조업,5-49인,Basic,Priority,24,22,0,5185364,-0.0439,6.92,0.7024,0.1063,0.2003,160,0.0,20.99,61.0,65335586,0
CUST_01265_C1,CUST_01265,금융/보험,5-49인,Basic,Standard,24,22,0,2380470,-0.0015,2.71,0.6018,0.137,0.2198,118,0.3529,48.5,123.0,28565640,0
CUST_01265_C2,CUST_01265,금융/보험,5-49인,Basic,Standard,12,34,1,2915066,0.0401,8.97,0.7953,-0.1054,0.1903,127,0.0714,63.03,123.0,34980792,0
CUST_01266_C1,CUST_01266,유통/커머스,5-49인,Standard,Priority,12,10,0,1601750,0.0953,12.1,0.6772,-0.0954,0.2624,90,0.125,27.92,61.0,22200255,0
CUST_01266_C2,CUST_01266,유통/커머스,5-49인,Standard,Standard,12,22,1,1533727,-0.0203,-1.89,0.7118,-0.0597,0.189,79,0.3077,53.58,306.0,20245196,0
CUST_01266_C3,CUST_01266,유통/커머스,5-49인,Standard,Priority,24,47,2,1909852,0.024,14.24,0.7127,0.0264,0.2601,69,0.0741,22.28,62.0,26470549,0
CUST_01267_C1,CUST_01267,의료/헬스케어,50-299인,Basic,Standard,24,22,0,30086992,-0.0456,12.94,0.7137,-0.0117,0.2127,110,0.2632,55.59,304.0,361043904,0
CUST_01267_C2,CUST_01267,의료/헬스케어,50-299인,Basic,Priority,12,34,1,32830826,0.0422,4.63,0.7293,-0.1282,0.1944,132,0.0,17.37,61.0,413668408,0
CUST_01267_C3,CUST_01267,의료/헬스케어,50-299인,Basic,Standard,24,58,2,23928610,0.0427,7.77,0.7434,0.1029,0.2135,88,0.0,39.04,122.0,287143320,0
CUST_01268_C1,CUST_01268,IT/소프트웨어,5-49인,Basic,Standard,36,34,0,3046853,-0.0555,15.07,0.7347,0.0758,0.2388,144,0.2857,99.41,122.0,36562236,1
CUST_01269_C1,CUST_01269,유통/커머스,5-49인,Basic,Standard,12,10,0,4744346,0.0426,8.02,0.6579,-0.0368,0.3102,193,0.1154,59.87,121.0,56932152,1
CUST_01270_C1,CUST_01270,금융/보험,5-49인,Basic,Standard,12,10,0,1510894,0.1373,7.86,0.7686,-0.1301,0.2493,103,0.3077,53.7,122.0,18130728,1
CUST_01271_C1,CUST_01271,IT/소프트웨어,5-49인,Basic,Priority,36,34,0,2318797,0.0074,9.33,0.6459,0.0253,0.2248,134,0.1364,17.31,59.0,29216842,0
CUST_01272_C1,CUST_01272,IT/소프트웨어,300인이상,Standard,Standard,36,34,0,64510369,0.0066,9.4,0.6603,-0.0406,0.2662,54,0.0769,69.17,488.0,851536871,1
CUST_01273_C1,CUST_01273,IT/소프트웨어,5-49인,Standard,Priority,12,10,0,3999822,0.0173,-7.64,0.8292,-0.0827,0.2151,47,0.1,20.76,62.0,55437533,0
CUST_01274_C1,CUST_01274,교육,5-49인,Basic,Standard,12,10,0,2569979,-0.0364,-0.87,0.7562,0.0588,0.168,110,0.5556,56.25,122.0,30839748,1
CUST_01275_C1,CUST_01275,IT/소프트웨어,5-49인,Standard,Standard,12,10,0,2009453,0.001,8.87,0.6748,-0.0237,0.2442,75,0.3571,70.51,122.0,26524780,1
CUST_01276_C1,CUST_01276,제조업,5-49인,Standard,Priority,24,22,0,3219958,-0.0119,4.03,0.7873,-0.102,0.118,45,0.0,24.92,62.0,44628618,0
CUST_01276_C2,CUST_01276,제조업,5-49인,Standard,Priority,24,46,1,2888771,-0.0082,8.66,0.7385,0.1233,0.1963,52,0.0,18.4,184.0,40038366,0
CUST_01277_C1,CUST_01277,제조업,5-49인,Basic,Enterprise,12,10,0,3586767,0.0669,3.4,0.7739,-0.1179,0.2129,113,0.0,5.09,122.0,49497385,0
CUST_01277_C2,CUST_01277,제조업,5-49인,Basic,Standard,36,46,1,3787824,-0.0069,6.88,0.7271,0.0723,0.1791,75,0.1818,55.21,122.0,45453888,0
CUST_01278_C1,CUST_01278,IT/소프트웨어,5-49인,Basic,Standard,12,10,0,1106180,-0.0112,0.65,0.7543,-0.0291,0.2063,127,0.0909,73.67,120.0,13274160,1
CUST_01279_C1,CUST_01279,교육,5-49인,Basic,Standard,12,10,0,7319521,-0.031,11.04,0.6865,0.1132,0.2412,101,0.0833,44.99,123.0,87834252,0
CUST_01279_C2,CUST_01279,교육,5-49인,Basic,Standard,12,22,1,8149308,0.0666,8.21,0.7583,0.0253,0.2323,125,0.0,59.23,123.0,97791696,1
CUST_01280_C1,CUST_01280,제조업,5-49인,Standard,Enterprise,12,10,0,1609466,-0.0147,0.39,0.7727,-0.0073,0.2433,51,0.0,7.49,31.0,24431694,0
CUST_01281_C1,CUST_01281,제조업,5-49인,Basic,Standard,12,10,0,2902188,0.0465,3.74,0.693,0.0705,0.1998,115,0.0526,82.94,122.0,34826256,0
CUST_01282_C1,CUST_01282,IT/소프트웨어,5-49인,Basic,Priority,12,10,0,2952274,0.0233,15.49,0.7511,0.037,0.2154,127,0.0526,18.62,61.0,37198652,0
CUST_01282_C2,CUST_01282,IT/소프트웨어,5-49인,Basic,Priority,24,34,1,2252745,0.046,9.35,0.8041,0.176,0.1841,90,0.0,19.02,61.0,28384587,0
CUST_01283_C1,CUST_01283,기타서비스업,50-299인,Basic,Priority,24,22,0,13232182,-0.0216,8.17,0.807,-0.1196,0.1914,71,0.0,20.03,61.0,166725493,0
CUST_01284_C1,CUST_01284,유통/커머스,5-49인,Basic,Standard,24,22,0,2854985,0.013,6.49,0.7065,-0.0192,0.2125,118,0.0,105.1,120.0,34259820,0
CUST_01284_C2,CUST_01284,유통/커머스,5-49인,Basic,Standard,24,46,1,3235066,-0.0321,11.98,0.6838,0.0852,0.2327,125,0.2667,63.78,671.0,38820792,1
CUST_01285_C1,CUST_01285,금융/보험,5-49인,Standard,Standard,12,10,0,4508964,0.0883,15.76,0.7732,-0.0009,0.2453,78,0.1429,53.57,122.0,59518325,0
CUST_01285_C2,CUST_01285,금융/보험,5-49인,Standard,Priority,12,22,1,2745531,0.1304,9.71,0.6812,-0.0235,0.2586,85,0.1667,24.01,61.0,38053060,0
CUST_01286_C1,CUST_01286,의료/헬스케어,5-49인,Basic,Standard,12,10,0,3341826,-0.0515,-9.32,0.7376,0.1354,0.2162,99,0.1053,70.78,,40101912,0
CUST_01286_C2,CUST_01286,의료/헬스케어,5-49인,Basic,Priority,12,22,1,3430471,0.0477,-1.14,0.7901,-0.0763,0.2056,99,0.0,24.09,182.0,43223935,0
CUST_01287_C1,CUST_01287,교육,50-299인,Standard,Standard,24,22,0,45137064,-0.0168,7.84,0.705,0.095,0.2474,65,0.087,55.74,120.0,595809245,0
CUST_01288_C1,CUST_01288,기타서비스업,5-49인,Basic,Standard,24,22,0,1720407,0.0297,12.0,0.7306,0.0308,0.2514,111,0.2222,51.34,120.0,20644884,0
CUST_01288_C2,CUST_01288,기타서비스업,5-49인,Basic,Enterprise,24,46,1,1326834,-0.0236,3.29,0.6892,0.0008,0.1837,112,0.0667,5.96,120.0,18310309,0
CUST_01288_C3,CUST_01288,기타서비스업,5-49인,Basic,Priority,12,58,2,1507424,0.0145,10.14,0.7009,0.0846,0.1946,118,0.1176,24.7,61.0,18993542,0
CUST_01289_C1,CUST_01289,금융/보험,5-49인,Basic,Priority,12,10,0,2760332,0.0445,0.69,0.8079,-0.128,0.1624,98,0.0556,22.91,184.0,34780183,1
CUST_01290_C1,CUST_01290,IT/소프트웨어,5-49인,Basic,Standard,12,10,0,4517475,-0.0785,-6.54,0.7941,0.0156,0.1599,72,0.1667,59.86,,54209700,0
CUST_01290_C2,CUST_01290,IT/소프트웨어,5-49인,Basic,Standard,24,34,1,3888623,0.08,11.89,0.7353,0.0423,0.153,99,0.2,59.24,122.0,46663476,0
CUST_01290_C3,CUST_01290,IT/소프트웨어,5-49인,Basic,Standard,12,46,2,4720528,0.0686,14.12,0.6932,-0.0233,0.1989,107,0.1579,59.92,122.0,56646336,0
CUST_01291_C1,CUST_01291,제조업,50-299인,Standard,Priority,24,22,0,7675431,0.0405,9.98,0.6969,0.0571,0.246,71,0.0,21.38,61.0,106381474,0
CUST_01291_C2,CUST_01291,제조업,50-299인,Standard,Enterprise,24,46,1,5911382,0.0013,8.18,0.7093,-0.0502,0.2632,75,0.0952,5.93,31.0,89734779,0
CUST_01292_C1,CUST_01292,IT/소프트웨어,5-49인,Basic,Standard,12,10,0,1923092,-0.0013,3.86,0.8159,-0.0066,0.2082,115,0.0769,64.68,122.0,23077104,0
CUST_01293_C1,CUST_01293,교육,5-49인,Basic,Enterprise,24,22,0,3406954,0.0342,20.87,0.7242,-0.0104,0.2341,133,0.0,5.91,30.0,47015965,0
CUST_01293_C2,CUST_01293,교육,5-49인,Basic,Priority,24,46,1,3869056,0.0315,13.17,0.6545,-0.1165,0.2427,129,0.0833,23.69,61.0,48750106,0
CUST_01294_C1,CUST_01294,의료/헬스케어,50-299인,Standard,Standard,12,10,0,9465354,-0.0088,-6.11,0.802,-0.0142,0.1607,55,0.1176,64.59,120.0,124942673,0
CUST_01295_C1,CUST_01295,제조업,5-49인,Basic,Standard,12,10,0,2023117,0.0053,8.95,0.6431,0.1113,0.2365,134,0.25,42.0,123.0,24277404,0
CUST_01296_C1,CUST_01296,교육,50-299인,Standard,Priority,24,22,0,25516025,-0.0084,11.47,0.739,0.0757,0.2057,56,0.0,23.53,61.0,353652106,0
CUST_01297_C1,CUST_01297,IT/소프트웨어,5-49인,Basic,Standard,12,10,0,4085651,-0.0039,-3.62,0.682,-0.0069,0.2632,142,0.3077,58.86,,49027812,1
CUST_01298_C1,CUST_01298,물류/운송,5-49인,Basic,Standard,24,22,0,3282470,-0.0161,3.52,0.6277,0.0715,0.2884,146,0.2143,46.38,122.0,39389640,0
CUST_01299_C1,CUST_01299,금융/보험,5-49인,Standard,Standard,36,34,0,3564879,0.0225,24.94,0.6133,0.085,0.2718,97,0.125,56.92,122.0,47056403,0
CUST_01300_C1,CUST_01300,물류/운송,50-299인,Basic,Standard,24,22,0,12339977,-0.0777,8.41,0.8159,0.1026,0.2593,116,0.0,39.44,120.0,148079724,1
CUST_01301_C1,CUST_01301,기타서비스업,5-49인,Basic,Priority,12,10,0,3905723,0.022,12.47,0.7897,0.0022,0.2403,132,0.0741,23.21,61.0,49212110,0
CUST_01302_C1,CUST_01302,제조업,50-299인,Standard,Priority,24,22,0,5243017,0.0045,10.3,0.694,0.0165,0.2984,81,0.2,23.66,183.0,72668216,0
CUST_01302_C2,CUST_01302,제조업,50-299인,Standard,Priority,12,34,1,6250830,0.0593,7.26,0.6056,-0.0524,0.273,80,0.125,21.45,61.0,86636504,0
CUST_01303_C1,CUST_01303,제조업,5-49인,Basic,Priority,24,22,0,2159574,-0.0052,7.27,0.7021,-0.0119,0.2729,106,0.12,21.69,61.0,27210632,0
CUST_01303_C2,CUST_01303,제조업,5-49인,Basic,Priority,36,58,1,2897345,0.0481,25.67,0.7122,-0.1168,0.2164,140,0.1111,21.69,61.0,36506547,1
CUST_01304_C1,CUST_01304,물류/운송,5-49인,Basic,Standard,12,10,0,1371583,0.0019,-2.75,0.7803,-0.106,0.1416,108,0.1429,62.6,122.0,16458996,0
CUST_01305_C1,CUST_01305,물류/운송,5-49인,Basic,Priority,36,34,0,1473494,-0.0597,11.53,0.7359,-0.0516,0.2552,125,0.25,19.89,61.0,18566024,0
CUST_01306_C1,CUST_01306,IT/소프트웨어,50-299인,Basic,Priority,24,22,0,21671283,-0.0299,18.03,0.656,0.0812,0.2767,122,0.2308,26.58,62.0,273058166,0
CUST_01306_C2,CUST_01306,IT/소프트웨어,50-299인,Basic,Priority,24,46,1,22010018,-0.0085,10.84,0.5979,0.0516,0.2681,168,0.24,21.66,62.0,277326227,0
CUST_01307_C1,CUST_01307,IT/소프트웨어,50-299인,Premium,Enterprise,24,22,0,14865222,0.0366,10.6,0.7119,-0.0289,0.23,25,0.0,7.48,31.0,256425079,0
CUST_01308_C1,CUST_01308,제조업,5-49인,Standard,Priority,12,10,0,1374016,-0.027,-9.32,0.7914,0.0068,0.1389,53,0.0,26.2,61.0,19043862,0
CUST_01308_C2,CUST_01308,제조업,5-49인,Standard,Standard,12,22,1,1555827,0.0248,1.83,0.767,0.1238,0.1736,53,0.0769,64.3,121.0,20536916,0
CUST_01309_C1,CUST_01309,제조업,50-299인,Standard,Enterprise,12,10,0,9661299,0.0138,15.65,0.6102,0.0872,0.2879,114,0.0417,6.07,31.0,146658519,0
CUST_01310_C1,CUST_01310,IT/소프트웨어,5-49인,Basic,Standard,36,34,0,3442237,0.0355,24.49,0.6389,0.1132,0.2323,211,0.2941,55.55,120.0,41306844,0
CUST_01310_C2,CUST_01310,IT/소프트웨어,5-49인,Basic,Standard,12,46,1,2849275,-0.0133,16.72,0.6172,-0.1131,0.2832,155,0.125,50.14,120.0,34191300,0
CUST_01310_C3,CUST_01310,IT/소프트웨어,5-49인,Basic,Standard,12,58,2,2621955,-0.0267,5.11,0.7186,0.0866,0.1989,107,0.0667,59.36,486.0,31463460,0
CUST_01311_C1,CUST_01311,제조업,5-49인,Standard,Enterprise,24,22,0,19571019,0.0282,15.34,0.61,-0.0823,0.2714,79,0.0,8.11,28.0,297088068,0
CUST_01312_C1,CUST_01312,금융/보험,50-299인,Basic,Standard,12,10,0,22236905,0.0043,9.62,0.7112,-0.0292,0.2369,141,0.1053,64.45,123.0,266842860,1
CUST_01313_C1,CUST_01313,IT/소프트웨어,5-49인,Basic,Standard,12,10,0,2640017,0.0621,9.95,0.6413,-0.0475,0.3205,180,0.25,75.45,122.0,31680204,1
CUST_01314_C1,CUST_01314,금융/보험,5-49인,Standard,Priority,36,34,0,5618153,-0.0471,3.83,0.8952,-0.099,0.1874,44,0.0,21.65,61.0,77867601,0
CUST_01314_C2,CUST_01314,금융/보험,5-49인,Standard,Standard,24,58,1,6525055,-0.0149,3.39,0.6878,0.0485,0.1795,56,0.1429,53.57,120.0,86130726,0
CUST_01314_C3,CUST_01314,금융/보험,5-49인,Standard,Enterprise,24,82,2,7249369,-0.0766,5.67,0.7409,-0.0916,0.2398,58,0.0,7.44,121.0,110045421,0
CUST_01315_C1,CUST_01315,제조업,5-49인,Standard,Standard,12,10,0,2294553,0.0242,-0.37,0.7757,-0.0224,0.1788,65,0.1,52.91,123.0,30288100,0
CUST_01315_C2,CUST_01315,제조업,5-49인,Standard,Standard,12,22,1,2116827,-0.0225,-6.07,0.793,-0.0453,0.2458,53,0.1,48.49,123.0,27942116,0
CUST_01316_C1,CUST_01316,제조업,5-49인,Basic,Standard,24,22,0,1899326,0.0334,14.33,0.6282,-0.0943,0.286,183,0.3077,67.93,122.0,22791912,1
CUST_01317_C1,CUST_01317,유통/커머스,5-49인,Basic,Standard,24,22,0,1357993,-0.0013,11.51,0.711,-0.0287,0.2167,129,0.3889,47.37,122.0,16295916,0
CUST_01317_C2,CUST_01317,유통/커머스,5-49인,Basic,Enterprise,12,34,1,1507633,-0.0093,2.53,0.7175,-0.1039,0.2151,119,0.0,5.7,31.0,20805335,0
CUST_01318_C1,CUST_01318,유통/커머스,5-49인,Standard,Priority,12,10,0,3445600,-0.0224,-5.19,0.797,0.0328,0.1635,55,0.1818,25.57,62.0,47756016,0
CUST_01318_C2,CUST_01318,유통/커머스,5-49인,Standard,Priority,12,22,1,2464976,0.0295,8.67,0.7029,0.0032,0.1998,57,0.1429,26.74,62.0,34164567,0
CUST_01319_C1,CUST_01319,유통/커머스,5-49인,Basic,Standard,12,10,0,2756489,0.0629,9.54,0.736,-0.0635,0.2058,122,0.1765,49.35,,33077868,0
CUST_01320_C1,CUST_01320,유통/커머스,50-299인,Premium,Enterprise,36,34,0,35203105,-0.0294,4.64,0.7559,0.1016,0.1574,20,0.0,7.78,31.0,607253561,0
CUST_01321_C1,CUST_01321,유통/커머스,5-49인,Basic,Standard,36,34,0,5049853,0.0003,12.51,0.7176,0.0002,0.2678,106,0.1538,79.09,122.0,60598236,0
CUST_01322_C1,CUST_01322,교육,50-299인,Premium,Enterprise,36,34,0,15558064,-0.0007,10.84,0.6928,0.0088,0.2491,35,0.0,6.31,30.0,268376604,0
CUST_01322_C2,CUST_01322,교육,50-299인,Premium,Priority,12,46,1,15217005,-0.0278,4.47,0.7452,-0.139,0.2505,24,0.1667,17.73,181.0,239667829,0
CUST_01323_C1,CUST_01323,IT/소프트웨어,50-299인,Basic,Standard,36,34,0,10809637,0.011,15.38,0.7701,-0.0809,0.1869,122,0.0833,63.9,123.0,129715644,0
CUST_01323_C2,CUST_01323,IT/소프트웨어,50-299인,Basic,Enterprise,12,46,1,8135991,0.0573,3.05,0.7996,0.0028,0.1743,108,0.0,4.72,214.0,112276676,0
CUST_01324_C1,CUST_01324,유통/커머스,50-299인,Premium,Enterprise,24,22,0,39854676,0.0166,-2.69,0.698,0.1076,0.206,22,0.0,7.11,30.0,687493161,0
CUST_01324_C2,CUST_01324,유통/커머스,50-299인,Premium,Enterprise,12,34,1,48471076,0.0236,-0.49,0.7751,0.1177,0.2246,32,0.0,8.07,30.0,836126061,0
CUST_01325_C1,CUST_01325,의료/헬스케어,5-49인,Standard,Priority,24,22,0,3956847,-0.0263,24.14,0.59,-0.0128,0.3473,116,0.0769,28.33,303.0,54841899,0
CUST_01325_C2,CUST_01325,의료/헬스케어,5-49인,Standard,Priority,12,34,1,3418588,0.0238,20.06,0.6137,-0.0369,0.2821,128,0.1667,19.73,61.0,47381630,1
CUST_01326_C1,CUST_01326,제조업,5-49인,Basic,Enterprise,24,22,0,5810853,-0.0172,14.35,0.7138,0.0186,0.2352,127,0.0,7.88,31.0,80189771,0
CUST_01327_C1,CUST_01327,의료/헬스케어,5-49인,Standard,Priority,12,10,0,3346072,-0.0256,-0.37,0.7267,-0.0336,0.2776,69,0.1667,21.21,,46376558,0
CUST_01328_C1,CUST_01328,교육,300인이상,Premium,Enterprise,24,22,0,154035709,0.0051,1.33,0.7069,-0.0933,0.2099,30,0.0,9.03,29.0,2657115980,0
CUST_01328_C2,CUST_01328,교육,300인이상,Premium,Enterprise,36,58,1,140905844,-0.033,9.02,0.8452,-0.0831,0.1862,22,0.0,6.32,28.0,2430625809,0
CUST_01328_C3,CUST_01328,교육,300인이상,Premium,Enterprise,12,70,2,99853365,0.0011,-3.35,0.7209,-0.0341,0.1901,24,0.0,7.16,29.0,1722470546,0
CUST_01329_C1,CUST_01329,IT/소프트웨어,5-49인,Standard,Standard,12,10,0,2309948,-0.0056,-6.46,0.7304,0.1295,0.1965,51,0.2353,44.55,122.0,30491314,0
CUST_01329_C2,CUST_01329,IT/소프트웨어,5-49인,Standard,Priority,24,35,1,3182130,0.0474,11.29,0.6797,0.0371,0.2067,48,0.0833,18.86,61.0,44104322,0
CUST_01330_C1,CUST_01330,제조업,5-49인,Basic,Priority,12,10,0,3374113,0.0069,4.99,0.771,-0.0432,0.1933,111,0.0476,25.32,59.0,42513824,0
CUST_01330_C2,CUST_01330,제조업,5-49인,Basic,Standard,12,22,1,2443376,-0.0498,0.22,0.6787,-0.0765,0.2272,133,0.0,62.22,122.0,29320512,1
CUST_01331_C1,CUST_01331,금융/보험,5-49인,Standard,Priority,12,10,0,4062036,0.0577,-10.51,0.853,0.0514,0.1647,36,0.0,28.77,59.0,56299819,0
CUST_01332_C1,CUST_01332,의료/헬스케어,5-49인,Basic,Standard,12,10,0,2713427,-0.0144,6.87,0.7595,0.1153,0.2846,117,0.0588,64.73,,32561124,0
CUST_01333_C1,CUST_01333,제조업,5-49인,Basic,Standard,12,10,0,658915,-0.0034,-4.44,0.7257,-0.0436,0.1613,98,0.1,61.96,122.0,7906980,0
CUST_01333_C2,CUST_01333,제조업,5-49인,Basic,Priority,12,22,1,749117,0.0699,-6.5,0.7832,0.0226,0.1865,128,0.0,24.38,61.0,9438874,0
CUST_01334_C1,CUST_01334,물류/운송,5-49인,Basic,Priority,12,10,0,3019076,0.0526,5.71,0.6695,-0.0278,0.2622,169,0.2222,19.42,60.0,38040358,0
CUST_01335_C1,CUST_01335,제조업,5-49인,Basic,Standard,12,10,0,6070297,-0.0311,11.72,0.6709,-0.0251,0.2654,132,0.16,70.34,,72843564,0
CUST_01336_C1,CUST_01336,제조업,5-49인,Standard,Priority,36,34,0,1395941,-0.0055,7.93,0.7548,-0.028,0.2931,92,0.0833,20.3,181.0,19347742,0
CUST_01336_C2,CUST_01336,제조업,5-49인,Standard,Priority,36,70,1,1914691,0.0186,22.51,0.6675,0.0855,0.1718,66,0.15,23.89,61.0,26537617,1
CUST_01337_C1,CUST_01337,제조업,5-49인,Basic,Priority,24,22,0,1769139,-0.0037,3.19,0.8018,0.1008,0.112,100,0.0,18.6,61.0,22291151,0
CUST_01338_C1,CUST_01338,교육,300인이상,Premium,Priority,24,22,0,226566044,0.0506,10.58,0.7646,-0.1727,0.1814,18,0.05,26.82,183.0,3568415193,0
CUST_01339_C1,CUST_01339,교육,5-49인,Basic,Standard,36,34,0,6578002,-0.0095,22.35,0.6666,-0.0195,0.27,119,0.3043,48.29,121.0,78936024,1
CUST_01340_C1,CUST_01340,유통/커머스,50-299인,Premium,Priority,12,10,0,22361815,0.0065,3.55,0.7089,-0.1013,0.2576,56,0.2,24.62,61.0,352198586,0
CUST_01341_C1,CUST_01341,의료/헬스케어,50-299인,Premium,Enterprise,24,22,0,16190093,0.0015,7.24,0.7682,0.002,0.218,20,0.0769,7.01,29.0,279279104,0
CUST_01342_C1,CUST_01342,금융/보험,5-49인,Basic,Standard,36,34,0,2995090,0.0261,17.28,0.7101,0.0354,0.2743,137,0.3846,50.62,304.0,35941080,1
CUST_01343_C1,CUST_01343,물류/운송,5-49인,Basic,Standard,12,10,0,2574548,-0.0109,9.64,0.6337,-0.0054,0.2863,173,0.1053,63.91,120.0,30894576,1
CUST_01344_C1,CUST_01344,제조업,5-49인,Standard,Standard,12,10,0,2229076,-0.0369,8.68,0.6176,0.0025,0.2753,97,0.4167,56.43,122.0,29423803,0
CUST_01345_C1,CUST_01345,기타서비스업,50-299인,Standard,Priority,12,10,0,31406511,0.0277,1.95,0.7062,-0.0259,0.2842,75,0.2,23.64,62.0,435294242,1
CUST_01346_C1,CUST_01346,유통/커머스,5-49인,Basic,Standard,12,10,0,2925340,0.0078,-0.27,0.7273,-0.0584,0.2226,127,0.2,48.53,121.0,35104080,0
CUST_01347_C1,CUST_01347,유통/커머스,5-49인,Standard,Enterprise,12,10,0,3256530,0.0107,3.15,0.6732,-0.0313,0.2275,93,0.1053,7.42,30.0,49434125,0
CUST_01348_C1,CUST_01348,물류/운송,5-49인,Standard,Priority,12,10,0,3397111,0.0583,5.95,0.6855,-0.0511,0.2738,102,0.0667,20.27,,47083958,0
CUST_01348_C2,CUST_01348,물류/운송,5-49인,Standard,Priority,12,22,1,3605579,0.056,3.67,0.7596,-0.1303,0.1996,75,0.1,19.57,184.0,49973325,0
CUST_01348_C3,CUST_01348,물류/운송,5-49인,Standard,Priority,12,34,2,4307913,0.049,9.93,0.7392,0.1336,0.2665,70,0.1429,20.71,184.0,59707674,0
CUST_01349_C1,CUST_01349,교육,5-49인,Basic,Standard,12,10,0,2525701,0.0067,11.11,0.6111,-0.1263,0.3288,224,0.25,65.91,122.0,30308412,1
CUST_01350_C1,CUST_01350,기타서비스업,300인이상,Standard,Standard,36,34,0,46126003,0.023,8.62,0.682,-0.0729,0.1731,68,0.0556,70.75,122.0,608863240,0
CUST_01351_C1,CUST_01351,금융/보험,5-49인,Basic,Standard,24,22,0,1919895,0.0179,10.99,0.7157,-0.0816,0.2925,157,0.3333,51.62,120.0,23038740,0
CUST_01351_C2,CUST_01351,금융/보험,5-49인,Basic,Standard,24,46,1,2085483,-0.0229,8.89,0.6741,0.0576,0.2705,136,0.0,50.57,121.0,25025796,0
CUST_01351_C3,CUST_01351,금융/보험,5-49인,Basic,Standard,12,58,2,2533215,-0.0283,6.38,0.6902,0.0192,0.2629,156,0.2667,66.51,305.0,30398580,0
CUST_01352_C1,CUST_01352,IT/소프트웨어,5-49인,Basic,Enterprise,24,22,0,2448889,-0.0204,11.43,0.6774,-0.053,0.254,139,0.0526,6.13,122.0,33794668,0
CUST_01352_C2,CUST_01352,IT/소프트웨어,5-49인,Basic,Standard,12,34,1,2025884,0.014,0.43,0.6795,0.0298,0.1964,139,0.2941,47.73,122.0,24310608,0
CUST_01352_C3,CUST_01352,IT/소프트웨어,5-49인,Basic,Standard,12,46,2,2501440,-0.0031,3.14,0.6198,0.1499,0.2636,142,0.1667,56.48,122.0,30017280,1
CUST_01353_C1,CUST_01353,유통/커머스,5-49인,Basic,Standard,24,22,0,5483949,0.0065,3.25,0.6888,0.1603,0.1777,96,0.2,75.86,122.0,65807388,0
CUST_01354_C1,CUST_01354,제조업,5-49인,Standard,Enterprise,12,10,0,2212103,-0.0232,0.25,0.7073,0.0527,0.2409,61,0.0,5.34,30.0,33579724,0
CUST_01355_C1,CUST_01355,의료/헬스케어,5-49인,Basic,Enterprise,12,10,0,3989648,-0.002,17.45,0.6158,0.0472,0.292,201,0.1111,7.03,30.0,55057142,1
CUST_01356_C1,CUST_01356,제조업,5-49인,Basic,Standard,12,10,0,3619994,-0.0017,6.86,0.657,0.0716,0.2833,175,0.1818,50.3,123.0,43439928,1
CUST_01357_C1,CUST_01357,금융/보험,5-49인,Basic,Standard,24,22,0,2714706,-0.0412,9.66,0.6846,-0.042,0.2311,127,0.2105,56.71,123.0,32576472,0
CUST_01358_C1,CUST_01358,유통/커머스,5-49인,Standard,Enterprise,36,34,0,4462601,0.0011,5.44,0.8214,0.1271,0.1726,63,0.0,6.97,30.0,67742283,0
CUST_01359_C1,CUST_01359,IT/소프트웨어,5-49인,Basic,Standard,12,10,0,5940895,0.0165,-2.47,0.7837,0.0903,0.2325,104,0.0909,55.23,121.0,71290740,0
CUST_01360_C1,CUST_01360,제조업,5-49인,Basic,Standard,12,10,0,4211667,0.0166,8.91,0.6329,0.0618,0.2494,178,0.25,103.7,,50540004,1
CUST_01361_C1,CUST_01361,IT/소프트웨어,5-49인,Standard,Enterprise,36,34,0,1532995,-0.0444,7.04,0.8036,0.1307,0.1428,41,0.0,4.53,213.0,23270864,0
CUST_01361_C2,CUST_01361,IT/소프트웨어,5-49인,Standard,Standard,12,46,1,1532526,0.0174,5.46,0.7873,-0.0143,0.1866,65,0.0,69.89,122.0,20229343,0
CUST_01362_C1,CUST_01362,제조업,5-49인,Basic,Standard,12,10,0,2970907,-0.0412,9.57,0.7031,-0.0528,0.2466,118,0.1111,60.71,122.0,35650884,0
CUST_01362_C2,CUST_01362,제조업,5-49인,Basic,Standard,24,34,1,2278384,0.0443,13.63,0.7636,0.0005,0.209,122,0.25,104.32,122.0,27340608,0
CUST_01363_C1,CUST_01363,IT/소프트웨어,50-299인,Premium,Enterprise,24,22,0,19822062,-0.003,1.41,0.7487,-0.0597,0.207,22,0.0,6.88,31.0,341930570,0
CUST_01364_C1,CUST_01364,IT/소프트웨어,5-49인,Standard,Priority,24,22,0,4583068,-0.0008,9.08,0.7269,0.103,0.1661,55,0.0,19.75,550.0,63521322,0
CUST_01364_C2,CUST_01364,IT/소프트웨어,5-49인,Standard,Priority,12,34,1,5365962,0.0525,4.09,0.6799,-0.002,0.2146,74,0.125,24.18,62.0,74372233,0
CUST_01364_C3,CUST_01364,IT/소프트웨어,5-49인,Standard,Standard,24,58,2,6218686,0.0546,15.34,0.7182,-0.0568,0.2546,92,0.0,57.04,123.0,82086655,0
CUST_01365_C1,CUST_01365,교육,5-49인,Premium,Priority,12,10,0,1036469,0.053,8.31,0.7132,-0.1083,0.1975,27,0.0,24.0,184.0,16324387,0
CUST_01365_C2,CUST_01365,교육,5-49인,Premium,Enterprise,24,34,1,1014199,0.0374,11.04,0.7679,-0.0022,0.2532,28,0.0,4.6,31.0,17494933,0
CUST_01366_C1,CUST_01366,물류/운송,5-49인,Basic,Standard,12,10,0,2316477,-0.0079,1.87,0.6471,-0.057,0.3083,198,0.1364,61.96,122.0,27797724,1
CUST_01367_C1,CUST_01367,제조업,5-49인,Basic,Priority,12,10,0,3282122,0.0736,5.16,0.7436,0.0567,0.1845,104,0.0833,20.18,59.0,41354737,0
CUST_01368_C1,CUST_01368,유통/커머스,5-49인,Basic,Priority,24,22,0,1698941,0.0636,3.55,0.7622,-0.0385,0.1953,117,0.0,26.53,61.0,21406657,0
CUST_01368_C2,CUST_01368,유통/커머스,5-49인,Basic,Standard,12,34,1,1740229,-0.0065,3.71,0.7576,0.1577,0.2242,121,0.1111,83.89,122.0,20882748,0
CUST_01369_C1,CUST_01369,금융/보험,5-49인,Basic,Standard,36,34,0,3729512,-0.0016,16.9,0.7699,-0.0097,0.233,135,0.1667,67.49,123.0,44754144,0
CUST_01369_C2,CUST_01369,금융/보험,5-49인,Basic,Standard,36,70,1,4799198,0.0485,25.12,0.789,0.0198,0.2303,138,0.0667,45.49,123.0,57590376,0
CUST_01369_C3,CUST_01369,금융/보험,5-49인,Basic,Standard,24,94,2,5281497,-0.0298,12.14,0.6955,0.1685,0.239,122,0.1429,60.99,123.0,63377964,0
CUST_01370_C1,CUST_01370,제조업,5-49인,Basic,Priority,12,10,0,2759823,-0.0216,2.0,0.6935,0.0887,0.2559,131,0.0,28.73,61.0,34773770,0
CUST_01370_C2,CUST_01370,제조업,5-49인,Basic,Priority,36,46,1,2125791,-0.0003,11.74,0.7177,0.0806,0.2837,137,0.2353,24.16,61.0,26784967,0
CUST_01370_C3,CUST_01370,제조업,5-49인,Basic,Standard,36,82,2,1683815,-0.0017,12.61,0.6459,-0.1274,0.2495,152,0.1538,71.03,122.0,20205780,1
CUST_01371_C1,CUST_01371,IT/소프트웨어,5-49인,Basic,Standard,36,34,0,4855936,0.0691,7.71,0.7912,-0.145,0.1817,97,0.0769,43.17,305.0,58271232,0
CUST_01372_C1,CUST_01372,제조업,5-49인,Basic,Standard,12,10,0,687309,-0.0754,-9.75,0.7872,-0.0374,0.2603,131,0.1538,84.08,122.0,8247708,0
CUST_01372_C2,CUST_01372,제조업,5-49인,Basic,Standard,12,22,1,872638,0.0814,5.76,0.7264,-0.0766,0.1816,152,0.0435,70.4,122.0,10471656,0
CUST_01372_C3,CUST_01372,제조업,5-49인,Basic,Standard,12,34,2,1088982,0.148,12.35,0.6854,-0.0406,0.2091,150,0.1053,61.7,122.0,13067784,0
CUST_01373_C1,CUST_01373,제조업,50-299인,Premium,Priority,24,22,0,15605184,0.0207,9.03,0.7423,-0.0844,0.2116,29,0.0556,19.46,61.0,245781648,0
CUST_01374_C1,CUST_01374,의료/헬스케어,50-299인,Basic,Enterprise,36,34,0,14648567,0.0196,13.02,0.7923,-0.0056,0.247,140,0.0,8.77,31.0,202150225,0
CUST_01374_C2,CUST_01374,의료/헬스케어,50-299인,Basic,Standard,12,46,1,16909334,0.0448,7.31,0.6672,-0.0366,0.2405,157,0.2727,61.44,123.0,202912008,0
CUST_01374_C3,CUST_01374,의료/헬스케어,50-299인,Basic,Priority,24,70,2,18899590,0.0149,7.78,0.7452,0.153,0.213,129,0.0556,20.62,62.0,238134834,0
CUST_01375_C1,CUST_01375,제조업,50-299인,Standard,Enterprise,12,10,0,11834433,-0.0193,10.39,0.6809,-0.0478,0.2531,76,0.0,6.49,31.0,179646693,0
CUST_01375_C2,CUST_01375,제조업,50-299인,Standard,Priority,24,34,1,13592027,0.0409,19.46,0.703,-0.1236,0.2218,116,0.1154,18.59,61.0,188385494,0
CUST_01376_C1,CUST_01376,유통/커머스,50-299인,Premium,Enterprise,24,22,0,19489423,0.0069,2.06,0.6517,0.0217,0.257,19,0.0,6.11,30.0,336192547,0
CUST_01377_C1,CUST_01377,제조업,5-49인,Standard,Enterprise,12,10,0,2619717,0.1018,5.39,0.7965,0.0357,0.1143,42,0.0,7.91,31.0,39767304,0
CUST_01377_C2,CUST_01377,제조업,5-49인,Standard,Priority,12,22,1,2514982,-0.001,-4.43,0.8224,0.0936,0.1576,43,0.0,20.12,62.0,34857651,0
CUST_01378_C1,CUST_01378,물류/운송,50-299인,Standard,Standard,24,22,0,33361393,-0.0034,3.56,0.7214,-0.0182,0.2767,58,0.1429,53.88,122.0,440370388,0
CUST_01379_C1,CUST_01379,물류/운송,5-49인,Basic,Priority,24,22,0,1806514,0.008,5.85,0.8261,-0.1263,0.2112,116,0.0833,25.31,60.0,22762076,0
CUST_01380_C1,CUST_01380,IT/소프트웨어,5-49인,Basic,Standard,12,10,0,3037613,0.0227,8.79,0.6004,-0.0907,0.29,143,0.1667,71.65,121.0,36451356,1
CUST_01381_C1,CUST_01381,IT/소프트웨어,5-49인,Standard,Priority,12,10,0,2904488,0.1702,1.65,0.7458,-0.1408,0.1948,59,0.0,22.95,62.0,40256204,0
CUST_01382_C1,CUST_01382,유통/커머스,5-49인,Standard,Priority,12,10,0,13332100,0.0117,-5.46,0.8128,0.1187,0.1318,39,0.0,20.85,62.0,184782906,0
CUST_01382_C2,CUST_01382,유통/커머스,5-49인,Standard,Standard,24,34,1,9610002,-0.0376,-2.3,0.8364,0.0136,0.1092,26,0.0,70.04,122.0,126852026,0
CUST_01383_C1,CUST_01383,금융/보험,5-49인,Basic,Priority,12,10,0,2018210,0.0397,11.59,0.7384,0.0592,0.2199,129,0.0667,23.26,61.0,25429446,0
CUST_01384_C1,CUST_01384,기타서비스업,300인이상,Premium,Enterprise,36,34,0,71869848,0.0166,14.7,0.8035,0.0708,0.2366,28,0.0625,8.43,31.0,1239754878,0
CUST_01385_C1,CUST_01385,제조업,5-49인,Basic,Standard,36,34,0,2474198,0.0242,33.25,0.6041,-0.0737,0.2827,191,0.2174,49.3,122.0,29690376,0
CUST_01386_C1,CUST_01386,유통/커머스,5-49인,Basic,Standard,12,10,0,3579738,-0.0064,-5.1,0.6478,0.1649,0.1485,121,0.1429,38.67,122.0,42956856,0
CUST_01386_C2,CUST_01386,유통/커머스,5-49인,Basic,Standard,12,22,1,4266962,-0.0297,4.63,0.6165,-0.0717,0.3026,129,0.2143,79.24,122.0,51203544,0
CUST_01387_C1,CUST_01387,유통/커머스,5-49인,Premium,Standard,24,22,0,4134995,0.0004,8.3,0.708,0.0641,0.1832,17,0.0769,49.38,122.0,62024925,0
CUST_01387_C2,CUST_01387,유통/커머스,5-49인,Premium,Enterprise,12,34,1,5431125,0.0071,4.81,0.7285,-0.1211,0.2315,22,0.0,6.09,31.0,93686906,0
CUST_01387_C3,CUST_01387,유통/커머스,5-49인,Premium,Priority,12,46,2,4504972,0.0408,7.21,0.7406,0.0724,0.1834,16,0.0526,20.95,184.0,70953309,0
CUST_01388_C1,CUST_01388,유통/커머스,5-49인,Standard,Enterprise,12,10,0,5978550,0.0093,5.94,0.6857,-0.013,0.2673,82,0.0769,6.98,31.0,90754389,0
CUST_01389_C1,CUST_01389,제조업,5-49인,Basic,Priority,24,22,0,6027594,-0.0057,5.79,0.7691,-0.085,0.1491,100,0.125,24.49,60.0,75947684,0
CUST_01389_C2,CUST_01389,제조업,5-49인,Basic,Standard,36,58,1,7312706,-0.0167,19.16,0.7425,-0.1166,0.2652,128,0.3,61.46,304.0,87752472,0
CUST_01389_C3,CUST_01389,제조업,5-49인,Basic,Standard,36,94,2,7040737,0.0881,12.76,0.7592,-0.2326,0.1227,126,0.0,43.28,121.0,84488844,0
CUST_01390_C1,CUST_01390,IT/소프트웨어,50-299인,Premium,Enterprise,12,10,0,71938770,0.0613,3.24,0.7319,-0.0357,0.2385,30,0.0,5.04,31.0,1240943782,0
CUST_01391_C1,CUST_01391,유통/커머스,5-49인,Basic,Priority,12,10,0,8028756,-0.0056,6.88,0.6645,0.035,0.3185,150,0.0,19.58,59.0,101162326,0
CUST_01392_C1,CUST_01392,IT/소프트웨어,50-299인,Standard,Standard,36,34,0,6263044,-0.0348,11.37,0.7319,0.0324,0.307,80,0.15,47.72,305.0,82672181,0
CUST_01393_C1,CUST_01393,물류/운송,50-299인,Standard,Priority,12,10,0,11147197,0.0186,10.32,0.7473,-0.1056,0.2165,80,0.0769,23.36,182.0,154500150,0
CUST_01394_C1,CUST_01394,의료/헬스케어,300인이상,Premium,Enterprise,24,22,0,64211546,0.0388,4.64,0.7657,-0.1761,0.1468,17,0.0,8.44,30.0,1107649168,0
CUST_01395_C1,CUST_01395,물류/운송,5-49인,Premium,Priority,24,22,0,15292739,-0.0105,7.29,0.6704,0.0062,0.1976,41,0.05,19.27,60.0,240860639,0
CUST_01396_C1,CUST_01396,제조업,50-299인,Premium,Standard,24,22,0,17818267,-0.0253,-2.98,0.6709,0.0066,0.1253,35,0.1333,62.0,123.0,267274005,0
CUST_01397_C1,CUST_01397,IT/소프트웨어,5-49인,Basic,Standard,36,34,0,4752477,0.0548,12.85,0.701,-0.0841,0.2295,128,0.0769,64.77,120.0,57029724,0
CUST_01397_C2,CUST_01397,IT/소프트웨어,5-49인,Basic,Standard,12,46,1,4806605,-0.0175,4.73,0.6776,-0.0384,0.2226,109,0.2,79.77,120.0,57679260,0
CUST_01398_C1,CUST_01398,물류/운송,5-49인,Basic,Standard,36,34,0,2806075,0.0351,9.2,0.7337,-0.0991,0.2128,121,0.1333,49.85,122.0,33672900,1
CUST_01399_C1,CUST_01399,IT/소프트웨어,5-49인,Basic,Standard,12,10,0,1847036,0.0286,15.78,0.7113,0.0166,0.2949,149,0.2414,55.45,,22164432,1
CUST_01400_C1,CUST_01400,유통/커머스,5-49인,Basic,Standard,12,10,0,4508528,-0.0244,-2.86,0.738,0.0453,0.1512,75,0.0714,63.28,122.0,54102336,0
CUST_01400_C2,CUST_01400,유통/커머스,5-49인,Basic,Standard,12,22,1,5461101,0.0473,-0.24,0.7435,-0.086,0.2297,102,0.125,53.53,122.0,65533212,0
CUST_01401_C1,CUST_01401,기타서비스업,5-49인,Basic,Standard,36,34,0,3248183,-0.0208,9.17,0.6764,-0.0314,0.2895,136,0.2727,70.34,122.0,38978196,1
CUST_01402_C1,CUST_01402,금융/보험,5-49인,Premium,Enterprise,12,10,0,2485164,0.0135,-2.12,0.7835,0.0487,0.2247,24,0.0,7.36,31.0,42869079,0
CUST_01403_C1,CUST_01403,의료/헬스케어,5-49인,Basic,Standard,36,34,0,1354631,0.122,30.35,0.7313,-0.1037,0.2639,158,0.3158,65.75,122.0,16255572,1
CUST_01404_C1,CUST_01404,IT/소프트웨어,5-49인,Standard,Priority,24,22,0,3214156,0.0276,7.93,0.7269,-0.1562,0.1296,59,0.0,28.22,61.0,44548202,0
CUST_01404_C2,CUST_01404,IT/소프트웨어,5-49인,Standard,Standard,36,58,1,3941512,0.0041,22.87,0.8363,-0.0368,0.2039,61,0.1579,54.51,122.0,52027958,0
CUST_01404_C3,CUST_01404,IT/소프트웨어,5-49인,Standard,Standard,36,94,2,4122205,0.0133,14.79,0.762,-0.1468,0.1805,57,0.2143,65.75,122.0,54413106,0
CUST_01405_C1,CUST_01405,물류/운송,5-49인,Basic,Priority,12,10,0,8119850,-0.0112,8.28,0.6438,-0.0365,0.2653,158,0.0833,25.88,61.0,102310110,0
CUST_01405_C2,CUST_01405,물류/운송,5-49인,Basic,Priority,12,22,1,5885752,-0.0367,6.26,0.6756,-0.0577,0.2091,132,0.1579,26.43,61.0,74160475,0
CUST_01405_C3,CUST_01405,물류/운송,5-49인,Basic,Standard,12,34,2,6143135,0.0155,6.12,0.72,-0.0974,0.2242,123,0.3846,62.31,122.0,73717620,0
CUST_01406_C1,CUST_01406,금융/보험,5-49인,Basic,Standard,24,22,0,7874616,-0.0533,5.38,0.7812,0.074,0.1787,108,0.0714,60.16,487.0,94495392,0
CUST_01406_C2,CUST_01406,금융/보험,5-49인,Basic,Standard,36,58,1,8299883,0.0532,13.76,0.7283,-0.0337,0.2082,130,0.125,53.71,122.0,99598596,0
CUST_01407_C1,CUST_01407,제조업,5-49인,Basic,Priority,36,34,0,3049176,-0.0041,12.25,0.6578,0.0507,0.2302,124,0.1429,21.22,59.0,38419618,0
CUST_01407_C2,CUST_01407,제조업,5-49인,Basic,Standard,12,46,1,3394452,-0.0129,5.31,0.745,0.0158,0.2292,139,0.1154,54.46,306.0,40733424,0
CUST_01407_C3,CUST_01407,제조업,5-49인,Basic,Standard,12,58,2,3785447,0.0206,3.79,0.6862,-0.0281,0.2409,138,0.0769,61.92,120.0,45425364,0
CUST_01408_C1,CUST_01408,유통/커머스,300인이상,Premium,Priority,36,34,0,121670585,-0.0001,16.03,0.6814,-0.059,0.2469,24,0.0,20.21,61.0,1916311714,0
CUST_01408_C2,CUST_01408,유통/커머스,300인이상,Premium,Standard,36,70,1,144072090,0.0194,22.0,0.6496,-0.0842,0.2885,48,0.3333,67.83,122.0,2161081350,1
CUST_01409_C1,CUST_01409,IT/소프트웨어,5-49인,Standard,Priority,12,10,0,2348339,0.0289,8.17,0.7459,-0.08,0.198,66,0.0455,21.49,62.0,32547979,0
CUST_01410_C1,CUST_01410,IT/소프트웨어,5-49인,Basic,Priority,12,10,0,4144675,-0.0234,-7.78,0.7945,-0.0042,0.1776,90,0.0,25.5,61.0,52222905,0
CUST_01410_C2,CUST_01410,IT/소프트웨어,5-49인,Basic,Standard,24,34,1,5072407,0.026,2.55,0.7677,-0.0009,0.1691,90,0.0,52.04,121.0,60868884,0
CUST_01410_C3,CUST_01410,IT/소프트웨어,5-49인,Basic,Standard,12,46,2,5001204,0.0127,-5.57,0.8128,-0.0126,0.1629,87,0.0,54.94,120.0,60014448,0
CUST_01411_C1,CUST_01411,물류/운송,50-299인,Basic,Priority,12,10,0,18203137,-0.0527,-8.29,0.7531,-0.0579,0.1634,105,0.0588,20.05,61.0,229359526,0
CUST_01412_C1,CUST_01412,제조업,5-49인,Basic,Priority,36,34,0,2635725,-0.0457,4.3,0.708,0.1229,0.2687,106,0.125,20.48,61.0,33210135,0
CUST_01413_C1,CUST_01413,금융/보험,5-49인,Basic,Standard,24,22,0,3838747,-0.0126,3.45,0.8067,-0.0164,0.2016,94,0.0714,82.11,120.0,46064964,0
CUST_01413_C2,CUST_01413,금융/보험,5-49인,Basic,Priority,12,34,1,4927971,0.0169,7.15,0.8042,-0.1094,0.1697,116,0.0909,22.36,61.0,62092435,0
CUST_01414_C1,CUST_01414,기타서비스업,5-49인,Basic,Priority,24,22,0,4049792,0.0147,5.97,0.8867,-0.0202,0.1408,96,0.0714,22.72,61.0,51027379,0
CUST_01415_C1,CUST_01415,교육,300인이상,Basic,Standard,24,22,0,54498379,0.0653,16.51,0.6578,0.0109,0.2305,157,0.3,67.35,122.0,653980548,1
CUST_01416_C1,CUST_01416,의료/헬스케어,5-49인,Standard,Priority,36,34,0,4851916,-0.0558,2.36,0.8005,0.1641,0.1416,41,0.0,24.61,184.0,67247556,0
CUST_01416_C2,CUST_01416,의료/헬스케어,5-49인,Standard,Priority,12,46,1,5650816,0.091,1.88,0.7683,-0.0315,0.1921,62,0.0714,24.12,62.0,78320310,0
CUST_01416_C3,CUST_01416,의료/헬스케어,5-49인,Standard,Enterprise,12,58,2,5735725,-0.0261,-1.49,0.7076,0.0005,0.136,50,0.0,6.17,31.0,87068306,0
CUST_01417_C1,CUST_01417,유통/커머스,50-299인,Basic,Standard,12,10,0,31667745,-0.0599,-12.51,0.8076,0.0856,0.1921,94,0.0,47.26,,380012940,0
CUST_01417_C2,CUST_01417,유통/커머스,50-299인,Basic,Enterprise,24,34,1,35714229,0.0519,6.13,0.6873,-0.0837,0.194,110,0.0,6.31,28.0,492856360,0
CUST_01418_C1,CUST_01418,교육,50-299인,Standard,Standard,12,10,0,12262639,-0.0318,0.73,0.7614,-0.1031,0.233,51,0.0667,37.26,,161866835,0
CUST_01418_C2,CUST_01418,교육,50-299인,Standard,Standard,12,22,1,13909918,0.0349,-4.02,0.7324,-0.0035,0.1389,45,0.2857,53.76,122.0,183610918,0
CUST_01419_C1,CUST_01419,유통/커머스,5-49인,Basic,Priority,12,10,0,3084758,0.0441,8.21,0.6057,-0.0401,0.2287,141,0.1053,28.51,,38867951,1
CUST_01420_C1,CUST_01420,IT/소프트웨어,5-49인,Basic,Standard,12,10,0,1315510,0.0783,17.05,0.6131,0.0618,0.2941,183,0.2273,56.41,120.0,15786120,1
CUST_01421_C1,CUST_01421,의료/헬스케어,5-49인,Premium,Enterprise,36,34,0,4516776,0.0223,23.16,0.638,0.0017,0.3042,37,0.0,6.04,120.0,77914386,0
CUST_01421_C2,CUST_01421,의료/헬스케어,5-49인,Premium,Enterprise,12,46,1,4721010,0.0438,-1.55,0.7109,-0.1129,0.2596,37,0.0556,6.89,29.0,81437422,0
CUST_01421_C3,CUST_01421,의료/헬스케어,5-49인,Premium,Enterprise,12,58,2,4966703,0.0186,-0.0,0.701,-0.0469,0.2341,36,0.0,7.05,28.0,85675627,0
CUST_01422_C1,CUST_01422,금융/보험,5-49인,Basic,Standard,24,22,0,4579013,0.0438,6.88,0.7693,-0.0903,0.2174,85,0.1667,51.34,122.0,54948156,0
CUST_01423_C1,CUST_01423,기타서비스업,5-49인,Basic,Standard,12,10,0,1439568,-0.02,9.73,0.5789,0.0464,0.3221,221,0.2,60.04,122.0,17274816,1
CUST_01424_C1,CUST_01424,기타서비스업,5-49인,Basic,Priority,12,10,0,3667427,-0.0279,-1.74,0.7829,-0.0905,0.2321,138,0.2105,25.51,181.0,46209580,0
CUST_01425_C1,CUST_01425,제조업,5-49인,Standard,Priority,12,10,0,8444221,-0.0035,-1.63,0.7675,0.0011,0.2557,55,0.0714,21.02,62.0,117036903,0
CUST_01425_C2,CUST_01425,제조업,5-49인,Standard,Priority,12,22,1,9807424,0.0674,1.81,0.7245,-0.0645,0.1872,65,0.0,20.63,62.0,135930897,0
CUST_01426_C1,CUST_01426,IT/소프트웨어,5-49인,Basic,Standard,12,10,0,1738210,-0.0053,7.16,0.66,0.0971,0.2923,152,0.5263,50.86,120.0,20858520,1
CUST_01427_C1,CUST_01427,IT/소프트웨어,5-49인,Basic,Priority,12,10,0,3217762,-0.0166,12.77,0.6214,0.159,0.3165,185,0.1364,24.33,59.0,40543801,0
CUST_01427_C2,CUST_01427,IT/소프트웨어,5-49인,Basic,Enterprise,12,22,1,3418947,-0.0006,10.47,0.6896,-0.1872,0.2666,132,0.1667,5.44,31.0,47181469,0
CUST_01428_C1,CUST_01428,제조업,5-49인,Standard,Priority,24,22,0,4168181,0.0435,6.1,0.7097,0.0029,0.3118,99,0.125,19.55,61.0,57770989,0
CUST_01429_C1,CUST_01429,제조업,5-49인,Standard,Priority,12,10,0,2992315,0.0229,-1.48,0.7887,-0.0146,0.1927,61,0.0833,26.53,62.0,41473486,0
CUST_01429_C2,CUST_01429,제조업,5-49인,Standard,Priority,36,46,1,3522844,0.04,14.71,0.7397,0.0516,0.2374,66,0.1667,27.08,62.0,48826618,0
CUST_01429_C3,CUST_01429,제조업,5-49인,Standard,Priority,12,58,2,4125458,0.0102,-0.23,0.6761,0.0611,0.2035,49,0.0,21.21,62.0,57178848,0
CUST_01430_C1,CUST_01430,교육,50-299인,Basic,Standard,24,22,0,7193780,0.0603,13.39,0.6923,-0.0003,0.2144,167,0.4615,78.39,306.0,86325360,0
CUST_01430_C2,CUST_01430,교육,50-299인,Basic,Standard,36,58,1,8419462,0.0623,17.66,0.634,-0.0138,0.2365,162,0.0,50.88,122.0,101033544,1
CUST_01431_C1,CUST_01431,금융/보험,5-49인,Standard,Priority,24,22,0,2526703,-0.0832,2.22,0.7563,0.017,0.1454,45,0.0,25.55,62.0,35020104,0
CUST_01431_C2,CUST_01431,금융/보험,5-49인,Standard,Standard,36,58,1,2494866,0.0109,10.13,0.7609,-0.0162,0.1722,61,0.1111,46.93,123.0,32932231,0
CUST_01431_C3,CUST_01431,금융/보험,5-49인,Standard,Enterprise,12,70,2,2753179,0.0276,-2.78,0.7242,0.0037,0.1483,61,0.0,6.79,123.0,41793257,0
CUST_01432_C1,CUST_01432,IT/소프트웨어,5-49인,Standard,Standard,24,22,0,2107700,0.004,10.72,0.7316,-0.159,0.1668,67,0.1429,50.97,304.0,27821640,0
CUST_01433_C1,CUST_01433,기타서비스업,5-49인,Basic,Standard,36,34,0,5199589,0.0071,17.33,0.6304,-0.0102,0.1991,126,0.1667,51.02,122.0,62395068,1
CUST_01434_C1,CUST_01434,IT/소프트웨어,5-49인,Basic,Standard,36,34,0,1785443,0.0523,13.28,0.7025,-0.0807,0.2801,156,0.0667,55.62,121.0,21425316,0
CUST_01435_C1,CUST_01435,금융/보험,5-49인,Basic,Priority,12,10,0,1638456,-0.0369,1.38,0.7462,0.1234,0.176,96,0.2143,22.37,61.0,20644546,0
CUST_01435_C2,CUST_01435,금융/보험,5-49인,Basic,Standard,12,22,1,1847960,-0.0138,8.91,0.7626,0.0013,0.2299,126,0.1579,49.42,307.0,22175520,0
CUST_01436_C1,CUST_01436,유통/커머스,5-49인,Basic,Priority,12,10,0,2396999,0.0046,0.8,0.7556,-0.0854,0.1781,89,0.0,19.23,61.0,30202187,1
CUST_01437_C1,CUST_01437,물류/운송,5-49인,Basic,Standard,24,22,0,1481927,-0.0011,10.27,0.6793,0.0256,0.1732,106,0.2222,75.61,123.0,17783124,0
CUST_01438_C1,CUST_01438,교육,50-299인,Basic,Enterprise,24,22,0,3688945,-0.0377,-0.98,0.7795,-0.0739,0.1879,89,0.0,7.51,31.0,50907441,0
CUST_01438_C2,CUST_01438,교육,50-299인,Basic,Priority,12,34,1,4049503,0.0114,6.15,0.7093,0.0046,0.1836,132,0.1765,29.61,61.0,51023738,0
CUST_01439_C1,CUST_01439,기타서비스업,5-49인,Basic,Priority,24,22,0,1397652,0.1342,28.29,0.601,-0.0567,0.3033,194,0.125,24.12,184.0,17610415,1
CUST_01440_C1,CUST_01440,기타서비스업,5-49인,Basic,Standard,12,10,0,1071088,0.0054,1.52,0.7624,-0.0551,0.1321,78,0.0625,59.27,123.0,12853056,0
CUST_01440_C2,CUST_01440,기타서비스업,5-49인,Basic,Standard,24,34,1,841641,0.0287,4.58,0.7856,-0.0534,0.1353,82,0.1111,50.65,123.0,10099692,0
CUST_01440_C3,CUST_01440,기타서비스업,5-49인,Basic,Standard,36,70,2,1009552,0.009,5.86,0.768,-0.0189,0.1646,90,0.0909,44.21,123.0,12114624,0
CUST_01441_C1,CUST_01441,유통/커머스,5-49인,Standard,Priority,24,22,0,2733262,0.0203,1.32,0.7968,-0.0958,0.1503,44,0.0,21.48,182.0,37883011,0
CUST_01442_C1,CUST_01442,IT/소프트웨어,5-49인,Basic,Standard,36,34,0,2298367,-0.0529,12.24,0.6422,-0.1049,0.2473,129,0.25,53.91,122.0,27580404,1
CUST_01443_C1,CUST_01443,교육,5-49인,Basic,Standard,12,10,0,1908924,0.0564,8.7,0.7777,0.0862,0.1732,111,0.2632,56.58,122.0,22907088,0
CUST_01444_C1,CUST_01444,물류/운송,5-49인,Premium,Enterprise,12,10,0,2259781,-0.0386,-4.55,0.7363,0.0656,0.272,32,0.0556,6.38,30.0,38981222,0
CUST_01445_C1,CUST_01445,IT/소프트웨어,5-49인,Basic,Standard,12,10,0,1709306,-0.0542,-3.67,0.8036,0.0048,0.211,118,0.0667,68.59,122.0,20511672,0
CUST_01446_C1,CUST_01446,IT/소프트웨어,5-49인,Basic,Priority,24,22,0,2812417,0.0545,16.41,0.6068,0.0408,0.295,195,0.1481,25.38,183.0,35436454,0
CUST_01446_C2,CUST_01446,IT/소프트웨어,5-49인,Basic,Standard,12,34,1,2745969,-0.032,5.51,0.6749,0.1468,0.2507,169,0.5,43.88,122.0,32951628,0
CUST_01447_C1,CUST_01447,유통/커머스,5-49인,Basic,Standard,24,22,0,1374881,-0.0339,-6.93,0.8517,0.0297,0.1837,94,0.0,59.9,121.0,16498572,0
CUST_01447_C2,CUST_01447,유통/커머스,5-49인,Basic,Enterprise,12,34,1,1156110,0.0473,2.6,0.7703,-0.1165,0.2005,111,0.0,6.91,28.0,15954318,0
CUST_01448_C1,CUST_01448,IT/소프트웨어,5-49인,Basic,Priority,12,10,0,5004887,-0.0202,-4.11,0.6299,0.0782,0.3279,154,0.1818,26.08,,63061576,0
CUST_01449_C1,CUST_01449,IT/소프트웨어,5-49인,Basic,Standard,12,10,0,4170780,-0.0528,4.23,0.6699,0.0655,0.203,121,0.0833,36.74,122.0,50049360,0
CUST_01449_C2,CUST_01449,IT/소프트웨어,5-49인,Basic,Standard,24,34,1,4674070,-0.014,7.93,0.7311,-0.025,0.1984,124,0.2308,59.33,306.0,56088840,0
CUST_01450_C1,CUST_01450,물류/운송,5-49인,Standard,Enterprise,24,22,0,3155731,-0.01,0.01,0.8262,-0.0124,0.1036,39,0.0,6.75,122.0,47903997,0
CUST_01451_C1,CUST_01451,물류/운송,50-299인,Standard,Enterprise,12,10,0,16609088,-0.0493,-8.04,0.7676,0.1338,0.1392,48,0.0,6.42,31.0,252125956,0
CUST_01451_C2,CUST_01451,물류/운송,50-299인,Standard,Enterprise,36,46,1,18336008,0.0538,11.02,0.8026,0.0186,0.1857,45,0.0,7.83,212.0,278340601,0
CUST_01452_C1,CUST_01452,IT/소프트웨어,5-49인,Basic,Standard,24,22,0,6233893,0.0478,18.72,0.6354,-0.1141,0.2284,114,0.3333,46.66,122.0,74806716,0
CUST_01453_C1,CUST_01453,물류/운송,5-49인,Basic,Priority,12,10,0,3030850,0.0143,-1.75,0.8312,-0.0776,0.1372,77,0.0,19.39,61.0,38188710,0
CUST_01453_C2,CUST_01453,물류/운송,5-49인,Basic,Standard,24,34,1,3498678,0.0426,-0.58,0.828,-0.057,0.2373,70,0.0,78.02,122.0,41984136,0
CUST_01454_C1,CUST_01454,IT/소프트웨어,5-49인,Premium,Enterprise,12,10,0,2873752,0.1044,9.29,0.7686,-0.0367,0.1959,18,0.0,7.18,120.0,49572222,0
CUST_01455_C1,CUST_01455,물류/운송,50-299인,Standard,Standard,24,22,0,9352353,0.0257,11.61,0.7538,-0.0546,0.1331,47,0.1538,82.93,121.0,123451060,0
CUST_01455_C2,CUST_01455,물류/운송,50-299인,Standard,Standard,24,46,1,8905849,-0.0296,0.28,0.775,0.0847,0.2404,53,0.0,66.77,120.0,117557207,0
CUST_01456_C1,CUST_01456,IT/소프트웨어,5-49인,Basic,Priority,24,22,0,1305444,0.0183,1.16,0.6879,0.0528,0.1458,94,0.0909,24.41,61.0,16448594,0
CUST_01456_C2,CUST_01456,IT/소프트웨어,5-49인,Basic,Standard,12,34,1,1418336,0.0311,-0.73,0.7855,0.0255,0.1742,113,0.1176,75.9,123.0,17020032,0
CUST_01456_C3,CUST_01456,IT/소프트웨어,5-49인,Basic,Standard,36,70,2,1784200,-0.0256,14.74,0.6997,-0.0334,0.155,142,0.2857,38.63,123.0,21410400,0
CUST_01457_C1,CUST_01457,물류/운송,50-299인,Standard,Priority,24,22,0,18725699,-0.0486,6.07,0.7555,-0.1686,0.1962,57,0.1538,25.75,61.0,259538188,0
CUST_01458_C1,CUST_01458,유통/커머스,5-49인,Standard,Standard,12,10,0,3037657,-0.0594,0.34,0.782,0.079,0.1906,56,0.1875,53.55,,40097072,0
CUST_01459_C1,CUST_01459,IT/소프트웨어,50-299인,Basic,Standard,12,10,0,5125988,0.0245,10.01,0.6317,0.0246,0.268,141,0.5714,42.33,122.0,61511856,1
CUST_01460_C1,CUST_01460,금융/보험,5-49인,Basic,Standard,36,34,0,1456990,-0.0242,7.52,0.7285,0.0257,0.219,114,0.0833,62.15,122.0,17483880,0
CUST_01461_C1,CUST_01461,의료/헬스케어,5-49인,Standard,Priority,24,22,0,2253040,0.0117,6.84,0.7324,-0.0319,0.2399,77,0.1333,26.12,61.0,31227134,0
CUST_01462_C1,CUST_01462,제조업,5-49인,Standard,Priority,12,10,0,3634836,0.0007,-1.25,0.7251,0.0024,0.1692,52,0.0,16.04,62.0,50378827,0
CUST_01462_C2,CUST_01462,제조업,5-49인,Standard,Enterprise,24,34,1,4844378,0.0128,1.89,0.7318,0.0053,0.2063,47,0.0556,5.95,31.0,73537658,0
CUST_01463_C1,CUST_01463,물류/운송,5-49인,Standard,Priority,24,22,0,2551100,0.0126,3.76,0.7762,-0.0067,0.1618,60,0.1,28.21,61.0,35358246,0
CUST_01464_C1,CUST_01464,물류/운송,5-49인,Standard,Enterprise,12,10,0,3345047,-0.0053,2.06,0.7127,0.0365,0.2276,49,0.0,5.89,31.0,50777813,0
CUST_01464_C2,CUST_01464,물류/운송,5-49인,Standard,Standard,12,22,1,3667364,0.0202,10.87,0.7134,-0.0349,0.2093,76,0.2105,50.75,123.0,48409205,1
CUST_01465_C1,CUST_01465,물류/운송,5-49인,Standard,Standard,12,10,0,1160678,-0.0031,7.82,0.6304,-0.0291,0.3451,80,0.2222,51.51,121.0,15320950,0
CUST_01466_C1,CUST_01466,유통/커머스,5-49인,Standard,Standard,24,22,0,2571665,-0.0347,-7.49,0.7978,-0.0446,0.1798,47,0.125,69.24,123.0,33945978,0
CUST_01467_C1,CUST_01467,유통/커머스,5-49인,Basic,Standard,12,10,0,4003019,0.0468,1.05,0.7065,-0.0532,0.2458,132,0.1429,69.19,121.0,48036228,0
CUST_01468_C1,CUST_01468,교육,300인이상,Basic,Standard,36,34,0,72450528,0.0131,28.2,0.6592,-0.0939,0.2781,204,0.2222,59.68,120.0,869406336,1
CUST_01469_C1,CUST_01469,기타서비스업,5-49인,Basic,Standard,24,22,0,4964084,-0.0467,7.63,0.7309,0.0301,0.1957,94,0.2105,59.93,303.0,59569008,0
CUST_01470_C1,CUST_01470,교육,5-49인,Standard,Standard,12,10,0,7400913,0.0586,2.8,0.706,-0.0815,0.1526,58,0.0,62.49,123.0,97692052,0
CUST_01471_C1,CUST_01471,금융/보험,5-49인,Basic,Standard,24,22,0,6100717,0.0196,-0.24,0.8229,-0.0549,0.0756,80,0.1111,66.03,122.0,73208604,0
CUST_01471_C2,CUST_01471,금융/보험,5-49인,Basic,Priority,12,34,1,5720488,0.0401,1.43,0.7844,-0.1099,0.1598,100,0.0714,18.76,61.0,72078149,0
CUST_01472_C1,CUST_01472,물류/운송,5-49인,Basic,Standard,12,10,0,4948906,0.0304,10.29,0.7018,-0.0599,0.2491,148,0.1304,48.9,122.0,59386872,0
CUST_01472_C2,CUST_01472,물류/운송,5-49인,Basic,Standard,12,22,1,3795398,0.0407,2.97,0.7578,-0.0074,0.1679,91,0.2857,46.67,122.0,45544776,0
CUST_01473_C1,CUST_01473,유통/커머스,50-299인,Basic,Standard,12,10,0,10017910,0.0218,8.95,0.7518,0.0763,0.2213,119,0.3571,75.74,,120214920,0
CUST_01473_C2,CUST_01473,유통/커머스,50-299인,Standard,Priority,12,22,1,11027359,-0.0002,-1.05,0.7102,-0.0323,0.1892,57,0.1538,27.88,61.0,152839196,0
CUST_01474_C1,CUST_01474,기타서비스업,50-299인,Premium,Enterprise,36,34,0,21699679,-0.0309,5.88,0.6928,0.0912,0.2007,36,0.08,7.58,31.0,374319463,0
CUST_01475_C1,CUST_01475,IT/소프트웨어,5-49인,Standard,Standard,12,10,0,3966346,0.0428,11.83,0.6372,0.1181,0.2302,93,0.12,60.7,122.0,52355767,0
CUST_01476_C1,CUST_01476,의료/헬스케어,5-49인,Basic,Standard,12,10,0,5827759,-0.0215,8.52,0.7447,-0.0322,0.1888,120,0.2222,58.87,120.0,69933108,0
CUST_01476_C2,CUST_01476,의료/헬스케어,5-49인,Basic,Priority,12,22,1,5850263,-0.0603,1.06,0.7586,0.0587,0.1764,97,0.0,18.86,182.0,73713314,0
CUST_01476_C3,CUST_01476,의료/헬스케어,5-49인,Basic,Standard,12,34,2,7137256,0.0426,15.01,0.749,-0.1106,0.191,135,0.1429,46.3,305.0,85647072,0
CUST_01477_C1,CUST_01477,금융/보험,5-49인,Basic,Standard,24,22,0,1762083,0.0047,13.37,0.6456,0.0609,0.2892,160,0.24,76.68,122.0,21144996,1
CUST_01478_C1,CUST_01478,의료/헬스케어,5-49인,Standard,Priority,12,10,0,876864,0.1087,15.17,0.5458,-0.0424,0.3352,118,0.1765,32.0,61.0,12153335,1
CUST_01479_C1,CUST_01479,교육,5-49인,Basic,Standard,12,10,0,9550391,-0.0093,6.4,0.7434,-0.0852,0.1744,95,0.3125,51.25,122.0,114604692,0
CUST_01480_C1,CUST_01480,제조업,5-49인,Basic,Priority,24,22,0,3924782,0.0383,15.33,0.6961,-0.059,0.2707,149,0.0667,25.26,62.0,49452253,0
CUST_01480_C2,CUST_01480,제조업,5-49인,Basic,Standard,12,34,1,3494770,0.0485,9.46,0.6336,0.0933,0.298,151,0.0769,47.33,122.0,41937240,0
CUST_01481_C1,CUST_01481,유통/커머스,5-49인,Standard,Priority,24,22,0,3462828,-0.0101,10.51,0.6992,-0.0279,0.1972,57,0.0526,21.89,61.0,47994796,0
CUST_01482_C1,CUST_01482,제조업,50-299인,Basic,Priority,12,10,0,4761136,0.0247,-2.53,0.7233,-0.0319,0.157,158,0.2143,19.89,62.0,59990314,0
CUST_01482_C2,CUST_01482,제조업,50-299인,Basic,Standard,24,34,1,4184861,0.048,6.36,0.7828,-0.0082,0.2001,101,0.2857,53.17,123.0,50218332,0
CUST_01483_C1,CUST_01483,제조업,5-49인,Standard,Priority,12,10,0,3566834,0.0113,2.98,0.8315,0.0756,0.1136,44,0.0,21.22,184.0,49436319,0
CUST_01483_C2,CUST_01483,제조업,5-49인,Standard,Priority,12,22,1,3797875,0.0195,-2.64,0.6889,0.0207,0.1359,63,0.0,18.1,62.0,52638548,0
CUST_01484_C1,CUST_01484,유통/커머스,5-49인,Basic,Standard,12,10,0,4983200,-0.0413,9.84,0.6063,0.0985,0.2738,222,0.16,47.7,122.0,59798400,0
CUST_01485_C1,CUST_01485,IT/소프트웨어,5-49인,Premium,Standard,12,10,0,1707973,-0.024,-2.99,0.7338,0.1052,0.1511,33,0.2143,56.26,,25619595,0
CUST_01486_C1,CUST_01486,IT/소프트웨어,5-49인,Basic,Standard,24,22,0,5479575,-0.033,8.71,0.6005,0.0462,0.2528,139,0.1667,40.72,122.0,65754900,0
CUST_01487_C1,CUST_01487,교육,5-49인,Basic,Standard,12,10,0,1838461,0.0269,4.82,0.7421,-0.0326,0.1758,106,0.0769,59.97,122.0,22061532,1
CUST_01488_C1,CUST_01488,IT/소프트웨어,5-49인,Basic,Standard,12,10,0,1534264,0.0334,9.06,0.6784,-0.05,0.2746,147,0.2857,51.35,122.0,18411168,0
CUST_01489_C1,CUST_01489,제조업,5-49인,Standard,Standard,12,10,0,2660284,0.1034,3.24,0.7654,0.012,0.1185,51,0.2143,55.76,,35115749,0
CUST_01489_C2,CUST_01489,제조업,5-49인,Standard,Priority,12,22,1,2868447,0.0158,4.7,0.8444,-0.0602,0.1363,37,0.0,30.1,182.0,39756675,0
CUST_01490_C1,CUST_01490,IT/소프트웨어,5-49인,Basic,Standard,36,34,0,1478284,0.0843,17.59,0.7146,-0.1142,0.2377,143,0.1818,60.72,122.0,17739408,1
CUST_01491_C1,CUST_01491,기타서비스업,5-49인,Basic,Priority,12,10,0,2939926,0.0738,4.92,0.7646,0.0279,0.172,90,0.0,31.31,61.0,37043068,0
CUST_01491_C2,CUST_01491,기타서비스업,5-49인,Basic,Standard,24,34,1,3351281,-0.0025,0.32,0.769,0.0839,0.1865,98,0.0556,54.8,122.0,40215372,0
CUST_01491_C3,CUST_01491,기타서비스업,5-49인,Basic,Standard,12,46,2,4498612,0.0179,7.7,0.7198,-0.0211,0.2458,112,0.125,66.62,122.0,53983344,0
CUST_01492_C1,CUST_01492,물류/운송,5-49인,Standard,Enterprise,24,22,0,3831639,0.0721,18.16,0.6841,0.0231,0.2832,85,0.0435,6.57,30.0,58164280,0
CUST_01493_C1,CUST_01493,제조업,5-49인,Basic,Standard,12,10,0,3792043,-0.0437,-3.83,0.7049,0.0012,0.2341,97,0.1176,59.09,121.0,45504516,0
CUST_01493_C2,CUST_01493,제조업,5-49인,Basic,Standard,12,22,1,3276310,-0.0054,3.4,0.67,0.0546,0.2162,145,0.2,55.06,122.0,39315720,0
CUST_01494_C1,CUST_01494,제조업,5-49인,Standard,Priority,12,10,0,2151876,-0.0235,1.73,0.587,-0.0104,0.2156,68,0.0769,24.07,182.0,29825001,0
CUST_01495_C1,CUST_01495,금융/보험,50-299인,Premium,Enterprise,36,34,0,11794750,-0.0816,12.3,0.6766,0.0146,0.2849,29,0.0455,7.4,30.0,203459437,0
CUST_01496_C1,CUST_01496,유통/커머스,50-299인,Standard,Priority,12,10,0,10652844,-0.0057,-1.58,0.7608,-0.0233,0.1463,52,0.0,19.89,60.0,147648418,0
CUST_01497_C1,CUST_01497,제조업,5-49인,Basic,Standard,36,34,0,1537812,-0.0146,6.15,0.7309,0.0283,0.2233,106,0.2222,47.46,120.0,18453744,0
CUST_01498_C1,CUST_01498,제조업,5-49인,Standard,Priority,12,10,0,4354277,0.0518,11.08,0.6672,0.1874,0.278,95,0.1304,20.36,59.0,60350279,0
CUST_01498_C2,CUST_01498,제조업,5-49인,Standard,Standard,36,46,1,5126090,0.0794,18.13,0.7372,0.0211,0.2436,72,0.1333,60.6,121.0,67664388,0
CUST_01499_C1,CUST_01499,교육,5-49인,Standard,Priority,24,22,0,2966727,-0.0471,2.14,0.8898,-0.0517,0.1667,43,0.0,22.13,61.0,41118836,0
CUST_01499_C2,CUST_01499,교육,5-49인,Standard,Standard,36,58,1,2888512,0.0434,9.36,0.8574,-0.0524,0.1847,51,0.2857,57.24,120.0,38128358,0
CUST_01499_C3,CUST_01499,교육,5-49인,Standard,Priority,12,70,2,3297974,0.0308,5.55,0.728,-0.0072,0.1773,62,0.0,25.34,61.0,45709920,0
CUST_01500_C1,CUST_01500,물류/운송,5-49인,Basic,Standard,24,22,0,4548521,-0.0341,16.84,0.7269,-0.099,0.2468,111,0.2941,63.38,122.0,54582252,0
CUST_01501_C1,CUST_01501,의료/헬스케어,5-49인,Basic,Standard,24,22,0,3488810,-0.0067,7.16,0.7555,0.0074,0.1849,138,0.1429,52.67,304.0,41865720,0
CUST_01501_C2,CUST_01501,의료/헬스케어,5-49인,Basic,Priority,24,46,1,2721507,-0.0084,3.18,0.74,-0.046,0.1768,99,0.0625,21.91,61.0,34290988,0
CUST_01502_C1,CUST_01502,IT/소프트웨어,5-49인,Standard,Priority,36,34,0,6840676,-0.0086,9.42,0.77,0.0664,0.2022,57,0.0,24.69,61.0,94811769,0
CUST_01502_C2,CUST_01502,IT/소프트웨어,5-49인,Standard,Standard,36,70,1,8920330,0.1222,16.56,0.7657,0.0691,0.2026,54,0.1765,54.61,120.0,117748356,0
CUST_01502_C3,CUST_01502,IT/소프트웨어,5-49인,Standard,Enterprise,12,82,2,5845429,0.0283,-0.78,0.7309,0.1583,0.2243,74,0.0,6.65,30.0,88733612,0
CUST_01503_C1,CUST_01503,제조업,50-299인,Standard,Priority,24,22,0,15469359,-0.0597,2.76,0.6944,-0.051,0.2486,79,0.0625,19.7,183.0,214405316,0
CUST_01503_C2,CUST_01503,제조업,50-299인,Standard,Priority,12,34,1,11266836,0.0499,3.13,0.7231,-0.016,0.1952,89,0.0,18.77,61.0,156158347,0
CUST_01504_C1,CUST_01504,교육,5-49인,Basic,Standard,12,10,0,372970,0.0408,-1.28,0.7397,0.044,0.1488,85,0.0714,81.22,120.0,4475640,0
CUST_01505_C1,CUST_01505,제조업,5-49인,Basic,Priority,12,10,0,2115885,0.0054,1.39,0.6963,0.0534,0.2961,142,0.0526,21.22,62.0,26660151,0
CUST_01505_C2,CUST_01505,제조업,5-49인,Basic,Standard,12,22,1,2341206,0.0107,6.77,0.699,0.0088,0.248,129,0.16,67.44,123.0,28094472,0
CUST_01506_C1,CUST_01506,유통/커머스,50-299인,Standard,Enterprise,36,34,0,17583296,-0.033,19.78,0.6135,0.0351,0.278,98,0.125,6.66,31.0,266914433,0
CUST_01507_C1,CUST_01507,금융/보험,5-49인,Standard,Enterprise,12,10,0,1949609,0.0349,7.69,0.8283,0.0499,0.1751,44,0.0,5.34,30.0,29595065,0
CUST_01507_C2,CUST_01507,금융/보험,5-49인,Standard,Priority,24,34,1,1894397,0.0149,3.02,0.7696,-0.1198,0.1147,54,0.125,21.71,181.0,26256342,0
CUST_01508_C1,CUST_01508,금융/보험,5-49인,Basic,Standard,12,10,0,1675088,0.0105,-0.63,0.7057,-0.1408,0.1951,102,0.25,39.59,121.0,20101056,0
CUST_01509_C1,CUST_01509,기타서비스업,5-49인,Basic,Standard,12,10,0,4918328,0.0652,1.3,0.6556,-0.1662,0.2761,125,0.0417,55.22,123.0,59019936,0
CUST_01509_C2,CUST_01509,기타서비스업,5-49인,Basic,Priority,24,34,1,3531233,0.0541,5.68,0.668,-0.0703,0.2446,118,0.0556,27.35,61.0,44493536,1
CUST_01510_C1,CUST_01510,제조업,50-299인,Standard,Standard,12,10,0,13861548,0.0672,4.82,0.7598,-0.1012,0.1366,56,0.0,54.33,122.0,182972434,0
CUST_01510_C2,CUST_01510,제조업,50-299인,Standard,Priority,12,22,1,15739522,0.0026,4.33,0.7789,-0.129,0.205,55,0.0,20.32,181.0,218149775,0
CUST_01511_C1,CUST_01511,제조업,5-49인,Basic,Priority,12,10,0,2948461,-0.0726,-2.33,0.7394,0.0671,0.138,105,0.0714,24.48,61.0,37150609,0
CUST_01512_C1,CUST_01512,제조업,5-49인,Basic,Enterprise,12,10,0,2672145,0.02,3.3,0.6702,0.0063,0.2276,147,0.0667,6.33,123.0,36875601,0
CUST_01512_C2,CUST_01512,제조업,5-49인,Basic,Standard,12,22,1,3872532,0.1174,4.22,0.7515,-0.0183,0.1887,98,0.1765,64.51,305.0,46470384,1
CUST_01513_C1,CUST_01513,기타서비스업,5-49인,Standard,Standard,12,10,0,3019111,0.0219,9.18,0.7248,-0.1638,0.2218,90,0.3529,57.2,122.0,39852265,0
CUST_01513_C2,CUST_01513,기타서비스업,5-49인,Standard,Standard,12,22,1,3066257,-0.0358,13.35,0.6881,0.0319,0.2325,76,0.1852,45.0,122.0,40474592,0
CUST_01513_C3,CUST_01513,기타서비스업,5-49인,Standard,Standard,12,34,2,2093384,0.003,6.4,0.6902,0.1056,0.2334,91,0.2,51.38,122.0,27632669,0
CUST_01514_C1,CUST_01514,IT/소프트웨어,5-49인,Basic,Standard,24,22,0,3490954,0.0206,13.62,0.5996,0.0336,0.2116,145,0.4118,66.71,122.0,41891448,1
CUST_01515_C1,CUST_01515,IT/소프트웨어,5-49인,Standard,Priority,24,22,0,4013335,0.0278,16.69,0.6658,0.0431,0.2924,104,0.0,18.82,61.0,55624823,0
CUST_01515_C2,CUST_01515,IT/소프트웨어,5-49인,Standard,Enterprise,12,34,1,3797536,-0.0078,-5.16,0.7143,0.0788,0.229,75,0.0833,7.52,31.0,57646596,0
CUST_01515_C3,CUST_01515,IT/소프트웨어,5-49인,Standard,Standard,24,58,2,4041728,-0.0558,0.36,0.6839,-0.0244,0.1582,55,0.0,55.31,123.0,53350810,0
CUST_01516_C1,CUST_01516,IT/소프트웨어,50-299인,Basic,Standard,24,22,0,8374364,0.0179,11.03,0.8141,-0.0652,0.1966,126,0.1,68.63,306.0,100492368,0
CUST_01516_C2,CUST_01516,IT/소프트웨어,50-299인,Basic,Standard,24,46,1,10264069,-0.0013,9.27,0.705,0.1642,0.2154,97,0.0,102.11,122.0,123168828,0
CUST_01517_C1,CUST_01517,유통/커머스,5-49인,Standard,Standard,24,22,0,1536220,0.0506,1.07,0.8359,0.0015,0.2004,43,0.2222,58.3,304.0,20278104,0
CUST_01517_C2,CUST_01517,유통/커머스,5-49인,Standard,Enterprise,36,58,1,1221888,0.0297,8.31,0.8165,0.0449,0.1625,67,0.0,7.48,31.0,18548260,0
CUST_01518_C1,CUST_01518,IT/소프트웨어,5-49인,Standard,Standard,24,22,0,2862781,0.0655,5.46,0.7655,-0.0277,0.1944,54,0.2143,43.1,120.0,37788709,0
CUST_01519_C1,CUST_01519,금융/보험,5-49인,Basic,Standard,12,10,0,1262726,0.0362,4.68,0.7256,-0.0012,0.1813,122,0.2,60.13,120.0,15152712,0
CUST_01520_C1,CUST_01520,의료/헬스케어,5-49인,Standard,Standard,24,22,0,1818084,0.034,-3.08,0.8165,0.0535,0.1094,51,0.1667,55.97,123.0,23998709,0
CUST_01521_C1,CUST_01521,유통/커머스,5-49인,Premium,Standard,12,10,0,6844221,0.0235,-4.85,0.688,0.0376,0.2623,25,0.2632,55.83,120.0,102663315,0
CUST_01522_C1,CUST_01522,IT/소프트웨어,5-49인,Standard,Enterprise,12,10,0,2467415,0.0036,-6.86,0.819,0.0804,0.1669,33,0.0,7.65,31.0,37455360,0
CUST_01523_C1,CUST_01523,제조업,5-49인,Basic,Priority,24,22,0,5237266,0.0098,2.06,0.6735,-0.0191,0.1623,138,0.1429,19.66,60.0,65989552,0
CUST_01523_C2,CUST_01523,제조업,5-49인,Basic,Priority,12,34,1,5654816,-0.0133,0.01,0.7626,0.0065,0.1773,126,0.0909,23.28,59.0,71250682,0
CUST_01524_C1,CUST_01524,IT/소프트웨어,5-49인,Premium,Enterprise,12,10,0,6390347,0.062,7.67,0.7178,-0.0617,0.2519,41,0.0,6.45,30.0,110233486,0
CUST_01524_C2,CUST_01524,IT/소프트웨어,5-49인,Premium,Priority,12,22,1,6834211,0.0248,6.26,0.6846,0.0515,0.2702,29,0.0952,23.33,61.0,107638823,0
CUST_01524_C3,CUST_01524,IT/소프트웨어,5-49인,Premium,Enterprise,36,58,2,8073838,-0.0155,11.15,0.7213,0.0938,0.245,33,0.0,7.8,30.0,139273706,0
CUST_01525_C1,CUST_01525,유통/커머스,5-49인,Standard,Enterprise,24,22,0,6187832,0.029,19.13,0.6429,0.0769,0.2943,93,0.0588,7.16,31.0,93931290,0
CUST_01526_C1,CUST_01526,물류/운송,5-49인,Basic,Standard,24,22,0,799240,0.0072,1.89,0.8673,-0.0283,0.0878,92,0.0588,76.11,122.0,9590880,0
CUST_01526_C2,CUST_01526,물류/운송,5-49인,Basic,Priority,12,34,1,593512,-0.0023,-2.54,0.9232,-0.0472,0.1264,79,0.0,25.32,488.0,7478251,0
CUST_01526_C3,CUST_01526,물류/운송,5-49인,Basic,Priority,12,46,2,557337,-0.0096,2.35,0.7711,0.1579,0.1715,63,0.0,21.02,306.0,7022446,0
CUST_01527_C1,CUST_01527,교육,5-49인,Standard,Standard,24,22,0,4979469,-0.002,14.09,0.8037,0.0376,0.2123,54,0.1333,51.0,123.0,65728991,0
CUST_01527_C2,CUST_01527,교육,5-49인,Standard,Enterprise,24,46,1,5407617,0.0672,12.42,0.7386,0.0106,0.2159,59,0.0,4.95,31.0,82087626,0
CUST_01527_C3,CUST_01527,교육,5-49인,Standard,Enterprise,12,58,2,4097065,-0.0043,2.83,0.7537,0.1254,0.1998,59,0.0,7.02,31.0,62193447,0
CUST_01528_C1,CUST_01528,금융/보험,5-49인,Basic,Standard,24,22,0,4678470,-0.0391,8.64,0.6811,-0.0163,0.2534,114,0.2143,49.45,304.0,56141640,0
CUST_01528_C2,CUST_01528,금융/보험,5-49인,Basic,Standard,12,34,1,5461919,-0.0025,6.96,0.7344,0.0713,0.1999,91,0.1875,41.08,120.0,65543028,0
CUST_01528_C3,CUST_01528,금융/보험,5-49인,Basic,Standard,24,58,2,4783552,0.0071,-0.04,0.7546,-0.0493,0.1823,104,0.1364,61.52,120.0,57402624,0
CUST_01529_C1,CUST_01529,금융/보험,5-49인,Basic,Standard,24,22,0,4810753,0.021,9.95,0.7167,0.0319,0.1888,130,0.4,65.53,122.0,57729036,0
CUST_01530_C1,CUST_01530,제조업,5-49인,Basic,Standard,24,22,0,2571233,0.0133,5.47,0.7369,-0.0265,0.1982,103,0.0,71.89,120.0,30854796,0
CUST_01530_C2,CUST_01530,제조업,5-49인,Basic,Standard,12,34,1,2655726,-0.0079,-3.01,0.709,0.063,0.2212,103,0.0,56.51,121.0,31868712,0
CUST_01530_C3,CUST_01530,제조업,5-49인,Basic,Priority,12,46,2,3034094,-0.0019,-6.88,0.7862,-0.0257,0.2283,104,0.0,22.47,61.0,38229584,0
CUST_01531_C1,CUST_01531,물류/운송,5-49인,Basic,Standard,24,22,0,2836752,-0.0426,4.93,0.6888,0.0015,0.1939,94,0.3,71.29,303.0,34041024,1
CUST_01532_C1,CUST_01532,제조업,5-49인,Premium,Enterprise,24,22,0,7949564,-0.0127,1.1,0.8175,-0.1765,0.155,23,0.0,5.89,31.0,137129979,0
CUST_01532_C2,CUST_01532,제조업,5-49인,Premium,Enterprise,12,34,1,8038906,0.0359,0.73,0.7808,-0.0095,0.1773,19,0.0,6.03,31.0,138671128,0
CUST_01533_C1,CUST_01533,IT/소프트웨어,50-299인,Premium,Priority,36,34,0,63937301,0.0061,23.86,0.5963,-0.0917,0.364,47,0.0714,26.05,304.0,1007012491,1
CUST_01534_C1,CUST_01534,물류/운송,300인이상,Standard,Priority,24,22,0,36847772,-0.0069,-1.15,0.73,0.016,0.1351,61,0.0,19.93,182.0,510710120,0
CUST_01534_C2,CUST_01534,물류/운송,300인이상,Standard,Standard,24,46,1,45604592,-0.0248,4.9,0.8418,-0.0184,0.1685,39,0.1667,88.5,120.0,601980614,0
CUST_01535_C1,CUST_01535,유통/커머스,5-49인,Standard,Enterprise,36,34,0,1169498,0.0042,11.45,0.6748,-0.0145,0.2459,102,0.2353,6.02,31.0,17752980,0
CUST_01535_C2,CUST_01535,유통/커머스,5-49인,Standard,Priority,12,46,1,1439700,0.0294,7.72,0.6639,-0.0495,0.2643,85,0.0455,21.14,61.0,19954242,0
CUST_01536_C1,CUST_01536,의료/헬스케어,50-299인,Basic,Standard,36,34,0,35362823,0.0077,-0.44,0.8072,-0.1005,0.1947,85,0.0,57.14,120.0,424353876,0
CUST_01537_C1,CUST_01537,물류/운송,50-299인,Standard,Enterprise,12,10,0,12268053,0.0453,6.5,0.6294,-0.0658,0.2021,77,0.0,7.55,31.0,186229045,1
CUST_01538_C1,CUST_01538,금융/보험,50-299인,Standard,Priority,12,10,0,19699967,-0.0537,-4.35,0.7821,0.0249,0.1893,49,0.0,21.57,61.0,273041543,0
CUST_01539_C1,CUST_01539,유통/커머스,5-49인,Basic,Standard,12,10,0,1281972,-0.0046,-1.87,0.6935,0.0247,0.233,135,0.0,43.78,122.0,15383664,0
CUST_01539_C2,CUST_01539,유통/커머스,5-49인,Basic,Standard,12,22,1,1472946,0.0172,10.64,0.731,0.0617,0.2479,116,0.0667,62.74,122.0,17675352,0
CUST_01540_C1,CUST_01540,유통/커머스,50-299인,Basic,Priority,24,22,0,12132480,0.0307,22.97,0.7122,0.0727,0.2127,121,0.0435,22.73,62.0,152869248,0
CUST_01541_C1,CUST_01541,금융/보험,5-49인,Basic,Standard,24,22,0,4603914,-0.022,14.13,0.6244,-0.0291,0.2626,159,0.1667,52.69,123.0,55246968,1
CUST_01542_C1,CUST_01542,물류/운송,5-49인,Basic,Priority,12,10,0,2223245,-0.0624,-1.67,0.7924,0.0305,0.1944,76,0.0,19.92,61.0,28012887,0
CUST_01543_C1,CUST_01543,IT/소프트웨어,5-49인,Basic,Standard,24,22,0,1813130,0.0049,0.18,0.8609,0.0329,0.1508,65,0.0909,46.22,121.0,21757560,0
CUST_01544_C1,CUST_01544,교육,5-49인,Standard,Priority,12,10,0,1010675,0.0013,6.68,0.6724,-0.0904,0.2117,64,0.0625,16.33,61.0,14007956,0
CUST_01545_C1,CUST_01545,유통/커머스,50-299인,Premium,Enterprise,24,22,0,21314314,0.0302,8.54,0.8387,-0.1409,0.1714,21,0.0,5.72,29.0,367671916,0
CUST_01546_C1,CUST_01546,의료/헬스케어,5-49인,Basic,Standard,36,34,0,3739770,0.0495,17.55,0.6548,-0.0892,0.1997,156,0.3333,51.83,304.0,44877240,1
CUST_01547_C1,CUST_01547,제조업,5-49인,Basic,Standard,12,10,0,2531353,0.035,6.46,0.6831,-0.0508,0.2077,145,0.1905,50.05,123.0,30376236,1
CUST_01548_C1,CUST_01548,물류/운송,5-49인,Basic,Standard,12,10,0,3053314,0.0698,-4.38,0.7487,0.0687,0.2148,104,0.1818,56.63,120.0,36639768,0
CUST_01549_C1,CUST_01549,IT/소프트웨어,5-49인,Basic,Standard,12,10,0,1976319,0.0215,3.07,0.7209,0.1994,0.1921,90,0.0,55.05,122.0,23715828,0
CUST_01550_C1,CUST_01550,금융/보험,50-299인,Basic,Standard,12,10,0,6741754,0.0173,2.3,0.6418,0.024,0.235,136,0.2143,64.85,120.0,80901048,1
CUST_01551_C1,CUST_01551,물류/운송,5-49인,Standard,Priority,12,10,0,3027641,-0.0208,11.64,0.6315,0.0568,0.2503,108,0.2258,24.88,61.0,41963104,0
CUST_01551_C2,CUST_01551,물류/운송,5-49인,Standard,Priority,36,46,1,3871746,0.0611,27.74,0.6693,-0.0071,0.2158,81,0.0833,25.57,61.0,53662400,0
CUST_01551_C3,CUST_01551,물류/운송,5-49인,Standard,Priority,12,58,2,3412670,0.0272,5.11,0.717,0.0445,0.26,83,0.2632,25.06,61.0,47299606,0
CUST_01552_C1,CUST_01552,제조업,5-49인,Basic,Standard,12,10,0,1454276,-0.0069,0.68,0.7738,0.0373,0.2471,117,0.125,53.54,122.0,17451312,0
CUST_01553_C1,CUST_01553,물류/운송,5-49인,Basic,Standard,12,10,0,4122546,0.0783,7.7,0.6856,0.0398,0.2557,138,0.0909,45.18,122.0,49470552,0
CUST_01554_C1,CUST_01554,물류/운송,5-49인,Basic,Standard,12,10,0,1327226,-0.0801,-0.68,0.7879,-0.0441,0.1632,58,0.0,52.88,122.0,15926712,0
CUST_01555_C1,CUST_01555,유통/커머스,50-299인,Standard,Enterprise,24,22,0,14815445,0.0435,11.86,0.6042,0.0539,0.2128,69,0.0,5.35,30.0,224898455,0
CUST_01556_C1,CUST_01556,유통/커머스,5-49인,Basic,Standard,24,22,0,2853531,-0.0231,11.03,0.679,0.0956,0.1706,128,0.0625,53.41,304.0,34242372,0
CUST_01556_C2,CUST_01556,유통/커머스,5-49인,Basic,Standard,12,34,1,2628208,-0.0914,0.01,0.7064,0.1062,0.2766,127,0.1429,56.99,121.0,31538496,0
CUST_01557_C1,CUST_01557,IT/소프트웨어,5-49인,Basic,Standard,24,22,0,1721921,-0.0197,0.11,0.7673,0.0947,0.1975,81,0.1176,47.29,122.0,20663052,0
CUST_01557_C2,CUST_01557,IT/소프트웨어,5-49인,Basic,Standard,24,46,1,1445115,0.0043,-1.63,0.8066,-0.126,0.2102,103,0.1875,60.67,122.0,17341380,0
CUST_01558_C1,CUST_01558,제조업,5-49인,Standard,Priority,24,22,0,5960170,0.0657,13.16,0.6622,-0.0143,0.226,83,0.15,19.44,59.0,82607956,0
CUST_01559_C1,CUST_01559,제조업,5-49인,Standard,Priority,36,34,0,2931347,-0.0148,-1.5,0.7809,0.0451,0.1993,58,0.0909,24.7,61.0,40628469,0
CUST_01560_C1,CUST_01560,기타서비스업,5-49인,Basic,Standard,12,10,0,1379021,0.0378,4.42,0.7376,-0.0234,0.1936,124,0.1333,63.99,122.0,16548252,0
CUST_01560_C2,CUST_01560,기타서비스업,5-49인,Basic,Priority,12,22,1,1255244,0.0339,-2.19,0.766,-0.0463,0.2334,115,0.0,20.53,61.0,15816074,0
CUST_01560_C3,CUST_01560,기타서비스업,5-49인,Basic,Priority,12,34,2,1629165,-0.0012,0.31,0.7748,-0.1048,0.1757,109,0.1875,20.79,61.0,20527479,0
CUST_01561_C1,CUST_01561,의료/헬스케어,5-49인,Basic,Standard,12,10,0,1939890,-0.0076,-0.94,0.7004,0.0445,0.2658,144,0.2,57.66,120.0,23278680,0
CUST_01561_C2,CUST_01561,의료/헬스케어,5-49인,Basic,Standard,24,34,1,2487873,0.0097,10.5,0.7305,-0.1168,0.2802,110,0.0526,61.83,120.0,29854476,0
CUST_01562_C1,CUST_01562,제조업,5-49인,Basic,Standard,12,10,0,6249155,-0.0046,4.81,0.7699,0.0427,0.1825,102,0.2222,41.23,,74989860,0
CUST_01563_C1,CUST_01563,금융/보험,5-49인,Standard,Standard,12,10,0,2987885,-0.0411,4.33,0.648,0.0964,0.2646,81,0.0556,46.98,122.0,39440082,0
CUST_01563_C2,CUST_01563,금융/보험,5-49인,Standard,Priority,12,22,1,3603125,0.0181,12.83,0.6327,0.0467,0.2631,88,0.0769,25.98,61.0,49939313,0
CUST_01563_C3,CUST_01563,금융/보험,5-49인,Standard,Priority,12,34,2,2755431,0.0353,7.37,0.7234,0.1052,0.2293,85,0.0625,20.9,61.0,38190274,0
CUST_01564_C1,CUST_01564,의료/헬스케어,5-49인,Basic,Standard,12,10,0,11132000,0.0736,13.06,0.6603,0.0176,0.2516,174,0.28,43.73,123.0,133584000,1
CUST_01565_C1,CUST_01565,유통/커머스,50-299인,Basic,Standard,36,34,0,9193855,-0.024,13.17,0.6984,-0.0657,0.1595,105,0.0,54.86,120.0,110326260,0
CUST_01565_C2,CUST_01565,유통/커머스,50-299인,Basic,Standard,36,70,1,11319227,0.0314,12.98,0.7805,-0.0417,0.2561,119,0.2857,53.2,120.0,135830724,0
CUST_01566_C1,CUST_01566,제조업,5-49인,Standard,Enterprise,36,34,0,3337201,0.0252,12.3,0.7464,0.077,0.1956,53,0.0,6.74,30.0,50658711,0
CUST_01566_C2,CUST_01566,제조업,5-49인,Standard,Priority,12,46,1,1903068,-0.0161,3.32,0.7381,0.1541,0.1507,54,0.0833,20.13,61.0,26376522,0
CUST_01567_C1,CUST_01567,기타서비스업,5-49인,Basic,Priority,24,22,0,3977659,0.006,8.03,0.732,-0.0658,0.1718,92,0.0,21.89,60.0,50118503,0
CUST_01568_C1,CUST_01568,기타서비스업,5-49인,Basic,Priority,12,10,0,1913803,0.0333,4.04,0.8059,-0.1116,0.2094,132,0.0,22.94,59.0,24113918,0
CUST_01568_C2,CUST_01568,기타서비스업,5-49인,Basic,Standard,12,22,1,2271398,-0.0178,2.52,0.6813,-0.0226,0.2139,119,0.3077,44.18,306.0,27256776,0
CUST_01569_C1,CUST_01569,유통/커머스,50-299인,Standard,Priority,36,34,0,19117127,0.0663,22.76,0.6298,0.0095,0.2833,87,0.2222,20.72,181.0,264963380,0
CUST_01570_C1,CUST_01570,금융/보험,50-299인,Premium,Enterprise,12,10,0,11321658,-0.0098,-3.56,0.6625,0.1293,0.2214,37,0.2,6.18,30.0,195298600,0
CUST_01570_C2,CUST_01570,금융/보험,50-299인,Premium,Enterprise,12,22,1,10030733,-0.0048,-4.26,0.7951,0.0105,0.1889,24,0.0,6.61,30.0,173030144,0
CUST_01571_C1,CUST_01571,유통/커머스,5-49인,Standard,Priority,12,10,0,2852052,0.0368,8.42,0.7625,0.011,0.2015,55,0.1429,22.45,59.0,39529441,0
CUST_01571_C2,CUST_01571,유통/커머스,5-49인,Standard,Priority,12,22,1,2736273,-0.0331,2.16,0.7414,0.134,0.1755,46,0.0,21.5,181.0,37924744,0
CUST_01572_C1,CUST_01572,IT/소프트웨어,5-49인,Standard,Enterprise,24,22,0,2972303,0.0195,2.85,0.651,0.0602,0.2035,52,0.0,5.62,31.0,45119560,0
CUST_01573_C1,CUST_01573,제조업,5-49인,Basic,Standard,12,10,0,4328438,-0.0091,-0.11,0.8209,-0.0637,0.1547,77,0.1,50.46,123.0,51941256,0
CUST_01573_C2,CUST_01573,제조업,5-49인,Basic,Priority,12,22,1,4554635,-0.0351,-2.0,0.8095,-0.1072,0.1514,95,0.0,20.56,62.0,57388401,0
CUST_01574_C1,CUST_01574,제조업,50-299인,Premium,Enterprise,24,22,0,36869584,-0.0573,11.02,0.7235,0.0488,0.2587,33,0.0,7.26,120.0,636000324,0
CUST_01574_C2,CUST_01574,제조업,50-299인,Premium,Enterprise,12,34,1,38534916,0.032,8.38,0.7543,-0.0816,0.2151,27,0.0476,5.48,28.0,664727301,0
CUST_01575_C1,CUST_01575,교육,5-49인,Standard,Priority,36,34,0,6308286,0.02,20.39,0.619,0.0918,0.2534,65,0.1818,26.52,62.0,87432844,0
CUST_01575_C2,CUST_01575,교육,5-49인,Standard,Enterprise,24,58,1,6585303,0.0668,16.08,0.7694,-0.0035,0.267,59,0.0,5.85,31.0,99964900,0
CUST_01576_C1,CUST_01576,금융/보험,50-299인,Basic,Standard,12,10,0,9033124,0.0119,-2.72,0.7746,-0.0014,0.2974,122,0.125,70.43,122.0,108397488,0
CUST_01576_C2,CUST_01576,금융/보험,50-299인,Basic,Standard,36,46,1,9660506,-0.0068,13.44,0.7638,-0.0608,0.2314,94,0.0714,48.52,122.0,115926072,0
CUST_01576_C3,CUST_01576,금융/보험,50-299인,Basic,Standard,24,70,2,11948655,0.0019,12.27,0.7253,-0.0336,0.1816,124,0.2353,70.83,122.0,143383860,0
CUST_01577_C1,CUST_01577,제조업,5-49인,Basic,Priority,24,22,0,1719612,0.0048,6.77,0.7321,-0.0034,0.1883,106,0.0,20.97,61.0,21667111,0
CUST_01578_C1,CUST_01578,유통/커머스,5-49인,Basic,Standard,12,10,0,3348554,-0.0259,-3.81,0.753,-0.1132,0.1668,101,0.2857,91.5,120.0,40182648,0
CUST_01579_C1,CUST_01579,기타서비스업,50-299인,Basic,Standard,24,22,0,32927430,0.0593,0.93,0.8043,-0.0626,0.2094,108,0.0833,49.67,304.0,395129160,0
CUST_01579_C2,CUST_01579,기타서비스업,50-299인,Basic,Standard,12,34,1,37407554,-0.0163,-1.84,0.7438,-0.0947,0.1522,108,0.0,51.43,121.0,448890648,0
CUST_01580_C1,CUST_01580,유통/커머스,5-49인,Basic,Standard,12,10,0,3775084,-0.0099,8.93,0.614,-0.0554,0.2107,142,0.05,53.37,122.0,45301008,0
CUST_01581_C1,CUST_01581,제조업,5-49인,Premium,Priority,12,10,0,3012394,0.0383,14.65,0.5967,0.0558,0.2687,52,0.0909,24.4,61.0,47445206,0
CUST_01581_C2,CUST_01581,제조업,5-49인,Premium,Enterprise,12,22,1,2992702,0.028,5.81,0.6746,-0.1407,0.2907,43,0.1429,8.19,30.0,51624109,0
CUST_01581_C3,CUST_01581,제조업,5-49인,Premium,Priority,12,34,2,3279181,0.0221,3.23,0.6359,0.0252,0.2502,33,0.2667,25.88,61.0,51647101,0
CUST_01582_C1,CUST_01582,교육,300인이상,Basic,Standard,36,34,0,47564077,0.0103,1.42,0.8092,0.0224,0.1277,75,0.0,57.05,120.0,570768924,0
CUST_01582_C2,CUST_01582,교육,300인이상,Basic,Enterprise,12,46,1,59629495,0.0427,2.93,0.761,0.1779,0.1775,60,0.0,6.86,29.0,822887031,0
CUST_01583_C1,CUST_01583,의료/헬스케어,5-49인,Basic,Standard,12,10,0,2686939,0.0402,-1.46,0.7529,-0.0532,0.1725,85,0.1333,41.22,,32243268,0
CUST_01583_C2,CUST_01583,의료/헬스케어,5-49인,Basic,Standard,12,22,1,3332864,0.0617,3.13,0.7731,-0.151,0.2329,124,0.1875,40.76,306.0,39994368,0
CUST_01583_C3,CUST_01583,의료/헬스케어,5-49인,Basic,Standard,12,34,2,4182082,0.0164,4.92,0.7367,-0.0036,0.2402,125,0.1429,76.32,123.0,50184984,0
CUST_01584_C1,CUST_01584,IT/소프트웨어,5-49인,Premium,Enterprise,24,22,0,10904663,0.0107,3.68,0.6366,-0.0497,0.2267,34,0.0,6.44,31.0,188105437,0
CUST_01585_C1,CUST_01585,교육,300인이상,Standard,Priority,24,22,0,49489827,0.0018,9.95,0.6512,-0.0383,0.2861,67,0.1053,25.56,61.0,685929002,0
CUST_01586_C1,CUST_01586,제조업,5-49인,Basic,Priority,12,10,0,1572744,-0.0206,0.56,0.7041,0.0287,0.2536,124,0.1053,26.34,183.0,19816574,0
CUST_01586_C2,CUST_01586,제조업,5-49인,Basic,Standard,24,34,1,1647836,-0.0346,1.49,0.782,0.1631,0.2392,120,0.125,62.89,123.0,19774032,0
CUST_01587_C1,CUST_01587,유통/커머스,5-49인,Basic,Enterprise,12,10,0,1462262,0.0003,-6.47,0.7607,-0.1431,0.158,78,0.0,7.03,31.0,20179216,0
CUST_01587_C2,CUST_01587,유통/커머스,5-49인,Basic,Standard,12,22,1,1146588,0.1103,8.36,0.7752,0.0162,0.1847,81,0.0833,52.78,120.0,13759056,0
CUST_01587_C3,CUST_01587,유통/커머스,5-49인,Basic,Standard,12,34,2,1256132,-0.0038,-0.8,0.792,0.0266,0.1541,114,0.1667,50.21,306.0,15073584,0
CUST_01588_C1,CUST_01588,IT/소프트웨어,5-49인,Basic,Standard,12,10,0,8673445,0.022,0.26,0.8344,-0.1552,0.1673,76,0.2,54.3,122.0,104081340,0
CUST_01589_C1,CUST_01589,교육,5-49인,Standard,Priority,12,10,0,3279869,-0.0193,5.08,0.646,0.1561,0.2654,81,0.1667,21.3,61.0,45458984,0
CUST_01589_C2,CUST_01589,교육,5-49인,Standard,Standard,12,22,1,3333439,-0.0027,-1.67,0.6473,0.0246,0.2626,78,0.2105,59.27,122.0,44001395,0
CUST_01589_C3,CUST_01589,교육,5-49인,Standard,Standard,12,34,2,4086614,0.0399,17.53,0.7701,-0.0413,0.245,73,0.0667,57.01,306.0,53943305,0
CUST_01590_C1,CUST_01590,교육,50-299인,Premium,Enterprise,12,10,0,37424626,-0.0374,5.55,0.6731,-0.0175,0.2518,41,0.1111,8.64,214.0,645574798,0
CUST_01591_C1,CUST_01591,제조업,5-49인,Basic,Standard,12,10,0,2022019,0.0091,5.31,0.7698,0.0939,0.2369,118,0.1053,46.02,120.0,24264228,0
CUST_01592_C1,CUST_01592,IT/소프트웨어,50-299인,Standard,Standard,36,34,0,10190064,0.0348,15.49,0.7567,0.0377,0.2529,55,0.2308,61.29,488.0,134508845,1
CUST_01593_C1,CUST_01593,물류/운송,5-49인,Standard,Standard,12,10,0,1828524,0.0494,8.81,0.6717,-0.0259,0.2891,83,0.4286,66.14,,24136517,0
CUST_01594_C1,CUST_01594,물류/운송,5-49인,Basic,Standard,12,10,0,1050196,0.0247,8.49,0.6486,0.0311,0.2833,140,0.2,69.23,,12602352,1
CUST_01595_C1,CUST_01595,물류/운송,5-49인,Basic,Standard,12,10,0,1634251,-0.032,5.72,0.7613,0.1308,0.1969,101,0.1429,62.6,122.0,19611012,0
CUST_01595_C2,CUST_01595,물류/운송,5-49인,Basic,Standard,24,34,1,1648439,-0.0251,4.32,0.7687,-0.0653,0.1697,98,0.2,58.98,487.0,19781268,0
CUST_01596_C1,CUST_01596,제조업,50-299인,Basic,Standard,24,22,0,8660679,0.0445,6.8,0.7509,-0.1186,0.1661,117,0.1579,46.72,122.0,103928148,0
CUST_01597_C1,CUST_01597,금융/보험,5-49인,Standard,Enterprise,12,10,0,2967318,0.0189,7.66,0.6446,0.0116,0.2757,72,0.0,5.69,123.0,45043887,0
CUST_01598_C1,CUST_01598,유통/커머스,5-49인,Basic,Standard,12,10,0,2690802,0.0054,3.55,0.7102,-0.0281,0.2639,146,0.125,53.03,123.0,32289624,0
CUST_01598_C2,CUST_01598,유통/커머스,5-49인,Basic,Priority,24,34,1,4708337,0.0099,5.93,0.6832,-0.0907,0.229,157,0.125,21.21,62.0,59325046,0
CUST_01599_C1,CUST_01599,제조업,5-49인,Basic,Priority,12,10,0,6597585,0.0046,3.49,0.8078,-0.0262,0.205,95,0.0,19.25,59.0,83129571,0
CUST_01600_C1,CUST_01600,IT/소프트웨어,5-49인,Standard,Priority,12,10,0,4790821,0.0165,-5.71,0.7691,0.0237,0.1853,47,0.0,20.04,62.0,66400779,0
CUST_01601_C1,CUST_01601,기타서비스업,5-49인,Basic,Enterprise,24,22,0,1906637,0.0516,16.49,0.6394,0.0195,0.3486,187,0.0882,6.73,30.0,26311591,0
CUST_01601_C2,CUST_01601,기타서비스업,5-49인,Basic,Standard,12,34,1,2142696,-0.0128,10.85,0.6937,0.0393,0.2834,152,0.3,57.02,122.0,25712352,1
CUST_01602_C1,CUST_01602,기타서비스업,5-49인,Basic,Standard,24,22,0,3981645,0.0221,0.54,0.7867,-0.1198,0.2353,111,0.1111,48.02,304.0,47779740,0
CUST_01602_C2,CUST_01602,기타서비스업,5-49인,Basic,Enterprise,12,34,1,4382581,-0.0178,-2.16,0.7539,0.1215,0.2291,116,0.1818,7.29,31.0,60479618,0
CUST_01603_C1,CUST_01603,IT/소프트웨어,5-49인,Basic,Standard,36,34,0,6456023,0.0163,19.43,0.6281,0.0261,0.2836,141,0.3077,43.79,122.0,77472276,0
CUST_01603_C2,CUST_01603,IT/소프트웨어,5-49인,Basic,Standard,24,58,1,6051185,0.0019,13.69,0.6786,0.0031,0.2836,146,0.2727,67.17,122.0,72614220,0
CUST_01604_C1,CUST_01604,IT/소프트웨어,5-49인,Basic,Priority,24,22,0,5049337,-0.0305,5.87,0.7267,0.1009,0.1594,98,0.0833,26.63,61.0,63621646,0
CUST_01605_C1,CUST_01605,유통/커머스,5-49인,Basic,Standard,12,10,0,2793492,-0.0048,10.82,0.6673,0.0162,0.2563,165,0.2105,52.71,122.0,33521904,0
CUST_01605_C2,CUST_01605,유통/커머스,5-49인,Basic,Standard,24,35,1,3171285,0.071,22.4,0.6986,0.0831,0.2136,139,0.1667,53.26,122.0,38055420,0
CUST_01606_C1,CUST_01606,IT/소프트웨어,5-49인,Basic,Standard,12,10,0,6305205,0.0409,6.7,0.6529,-0.1145,0.2169,152,0.1053,59.11,122.0,75662460,0
CUST_01606_C2,CUST_01606,IT/소프트웨어,5-49인,Basic,Standard,12,22,1,5759720,-0.039,1.73,0.6713,-0.1077,0.2634,118,0.2727,69.47,122.0,69116640,1
CUST_01607_C1,CUST_01607,IT/소프트웨어,5-49인,Standard,Priority,24,22,0,1812344,-0.0061,-0.07,0.7451,-0.0273,0.2149,93,0.0625,22.06,59.0,25119088,0
CUST_01608_C1,CUST_01608,의료/헬스케어,5-49인,Standard,Standard,12,10,0,4403794,0.0612,4.43,0.7655,-0.0617,0.2368,59,0.0,65.66,120.0,58130081,0
CUST_01608_C2,CUST_01608,의료/헬스케어,5-49인,Standard,Enterprise,12,22,1,2615649,-0.0309,-1.5,0.7722,0.0473,0.2335,50,0.0769,6.27,31.0,39705552,0
CUST_01609_C1,CUST_01609,제조업,50-299인,Standard,Enterprise,36,34,0,26743583,-0.0361,2.69,0.6918,0.1107,0.1708,46,0.0,5.99,123.0,405967590,0
CUST_01609_C2,CUST_01609,제조업,50-299인,Standard,Standard,12,46,1,28699746,0.0396,1.22,0.6951,-0.1056,0.2462,73,0.2105,46.94,305.0,378836647,1
CUST_01610_C1,CUST_01610,IT/소프트웨어,5-49인,Basic,Standard,36,34,0,4210650,-0.0151,30.69,0.6042,-0.1664,0.3569,199,0.2069,54.19,122.0,50527800,1
CUST_01611_C1,CUST_01611,의료/헬스케어,5-49인,Basic,Priority,24,22,0,2412280,0.0137,-5.85,0.8654,0.1663,0.1293,77,0.0,18.51,61.0,30394728,0
CUST_01611_C2,CUST_01611,의료/헬스케어,5-49인,Basic,Standard,12,34,1,3605640,0.0801,10.92,0.7597,-0.0555,0.1594,121,0.2,64.15,120.0,43267680,0
CUST_01612_C1,CUST_01612,유통/커머스,5-49인,Basic,Standard,24,22,0,4533771,0.0054,-6.22,0.8186,0.0037,0.1549,87,0.2727,52.9,488.0,54405252,0
CUST_01613_C1,CUST_01613,금융/보험,5-49인,Basic,Enterprise,12,10,0,2960327,0.0087,-5.41,0.8365,0.0525,0.1971,97,0.0,6.71,28.0,40852513,0
CUST_01614_C1,CUST_01614,금융/보험,5-49인,Standard,Priority,12,10,0,2285624,-0.0491,-2.38,0.665,-0.0275,0.2673,78,0.15,19.0,184.0,31678749,1
CUST_01615_C1,CUST_01615,금융/보험,5-49인,Basic,Standard,36,34,0,1179600,0.0061,18.87,0.7934,-0.0718,0.2163,104,0.1429,80.89,122.0,14155200,0
CUST_01616_C1,CUST_01616,기타서비스업,5-49인,Basic,Standard,12,10,0,1472409,-0.037,-3.58,0.781,0.0459,0.1597,99,0.1765,49.54,122.0,17668908,0
CUST_01616_C2,CUST_01616,기타서비스업,5-49인,Basic,Standard,24,34,1,1825162,-0.0304,2.02,0.7684,-0.0748,0.2426,112,0.1111,59.07,303.0,21901944,0
CUST_01616_C3,CUST_01616,기타서비스업,5-49인,Basic,Standard,12,46,2,2231271,0.0438,7.43,0.7091,-0.0085,0.2374,142,0.1852,66.99,122.0,26775252,0
CUST_01617_C1,CUST_01617,유통/커머스,5-49인,Basic,Standard,12,10,0,7073950,0.0384,-1.4,0.7774,-0.0893,0.1929,134,0.0556,58.45,121.0,84887400,1
CUST_01618_C1,CUST_01618,의료/헬스케어,5-49인,Basic,Standard,12,10,0,980949,-0.0582,2.28,0.6991,-0.0108,0.1995,155,0.3,49.57,,11771388,0
CUST_01619_C1,CUST_01619,제조업,5-49인,Basic,Standard,12,10,0,2171827,0.0639,19.08,0.6381,-0.0657,0.2792,153,0.32,51.88,122.0,26061924,1
CUST_01620_C1,CUST_01620,제조업,5-49인,Basic,Standard,24,22,0,3771925,-0.0521,6.68,0.6318,-0.0926,0.2348,156,0.3333,57.38,122.0,45263100,0
CUST_01621_C1,CUST_01621,기타서비스업,5-49인,Basic,Enterprise,24,22,0,4154331,0.0523,12.73,0.7274,-0.0111,0.169,106,0.0,7.82,122.0,57329768,0
CUST_01621_C2,CUST_01621,기타서비스업,5-49인,Basic,Priority,36,58,1,5505334,0.0053,19.8,0.746,0.0104,0.216,109,0.0,21.04,184.0,69367208,0
CUST_01622_C1,CUST_01622,IT/소프트웨어,5-49인,Standard,Priority,12,10,0,10345783,0.096,1.88,0.7664,0.0293,0.1446,55,0.0,20.32,61.0,143392552,0
CUST_01622_C2,CUST_01622,IT/소프트웨어,5-49인,Standard,Priority,12,22,1,10331346,-0.0293,-5.66,0.7586,0.0047,0.1961,64,0.0769,25.9,61.0,143192456,0
CUST_01623_C1,CUST_01623,물류/운송,5-49인,Standard,Standard,12,10,0,3254429,0.004,-3.52,0.7043,0.1043,0.1995,78,0.0625,44.63,120.0,42958463,0
CUST_01624_C1,CUST_01624,물류/운송,5-49인,Basic,Priority,36,34,0,1806878,-0.0247,4.8,0.7158,0.1459,0.208,119,0.2143,22.49,61.0,22766663,0
CUST_01625_C1,CUST_01625,제조업,5-49인,Standard,Standard,12,10,0,7397339,-0.0049,3.84,0.7363,0.1073,0.1925,70,0.2727,69.56,123.0,97644875,0
CUST_01626_C1,CUST_01626,교육,5-49인,Basic,Priority,24,22,0,2005427,0.0449,6.76,0.6916,-0.0512,0.2456,159,0.0,22.15,62.0,25268380,0
CUST_01627_C1,CUST_01627,물류/운송,50-299인,Basic,Standard,36,34,0,10479061,0.0069,15.49,0.584,0.1186,0.3392,201,0.2,61.37,122.0,125748732,1
CUST_01628_C1,CUST_01628,IT/소프트웨어,5-49인,Basic,Standard,24,22,0,4092297,-0.0266,10.94,0.7313,-0.0497,0.2548,92,0.1875,44.82,121.0,49107564,0
CUST_01628_C2,CUST_01628,IT/소프트웨어,5-49인,Basic,Standard,12,34,1,3678647,0.0147,-0.24,0.701,-0.0054,0.246,139,0.1667,61.75,121.0,44143764,0
CUST_01629_C1,CUST_01629,기타서비스업,5-49인,Basic,Priority,12,10,0,5281754,0.0346,-1.15,0.7173,-0.1009,0.1319,96,0.0,22.41,61.0,66550100,0
CUST_01629_C2,CUST_01629,기타서비스업,5-49인,Basic,Standard,12,22,1,7357394,0.0565,10.53,0.6555,0.0377,0.3035,120,0.2667,74.88,121.0,88288728,0
CUST_01630_C1,CUST_01630,제조업,5-49인,Basic,Priority,12,10,0,2342499,0.0225,7.87,0.718,0.0978,0.2286,114,0.0909,18.12,61.0,29515487,0
CUST_01631_C1,CUST_01631,제조업,5-49인,Basic,Standard,12,10,0,8029802,-0.0146,2.64,0.6344,-0.039,0.3012,182,0.25,68.17,121.0,96357624,1
CUST_01632_C1,CUST_01632,교육,5-49인,Standard,Standard,12,10,0,2615922,0.1212,14.8,0.6921,-0.0373,0.2069,77,0.2941,53.76,122.0,34530170,0
CUST_01633_C1,CUST_01633,제조업,5-49인,Basic,Priority,12,10,0,4430732,0.0689,2.01,0.7965,-0.0701,0.1239,88,0.0,19.6,181.0,55827223,0
CUST_01634_C1,CUST_01634,IT/소프트웨어,5-49인,Standard,Priority,36,34,0,2414593,0.0108,10.05,0.7479,-0.0701,0.2563,82,0.15,18.48,61.0,33466259,0
CUST_01635_C1,CUST_01635,금융/보험,5-49인,Basic,Priority,12,10,0,2271585,0.0404,-3.4,0.77,0.043,0.1593,83,0.0,22.78,183.0,28621971,0
CUST_01635_C2,CUST_01635,금융/보험,5-49인,Basic,Priority,12,22,1,2671648,-0.0622,-4.43,0.7523,0.0381,0.2199,77,0.1667,24.4,61.0,33662765,0
CUST_01635_C3,CUST_01635,금융/보험,5-49인,Basic,Standard,12,34,2,3166909,0.0236,-1.75,0.6835,0.0166,0.2041,126,0.1667,54.1,122.0,38002908,0
CUST_01636_C1,CUST_01636,유통/커머스,5-49인,Basic,Enterprise,12,10,0,1786834,-0.0165,-5.07,0.7563,-0.0235,0.1921,91,0.0833,9.32,30.0,24658309,0
CUST_01637_C1,CUST_01637,교육,5-49인,Basic,Standard,12,10,0,3395800,0.0233,23.68,0.6088,0.0633,0.2897,179,0.2857,61.7,122.0,40749600,1
CUST_01638_C1,CUST_01638,의료/헬스케어,5-49인,Basic,Standard,24,22,0,1647570,-0.0299,8.71,0.6619,-0.0458,0.2586,152,0.2632,53.51,123.0,19770840,0
CUST_01639_C1,CUST_01639,제조업,5-49인,Standard,Priority,24,22,0,1888361,0.0526,18.37,0.6658,0.0377,0.2656,70,0.0833,21.85,61.0,26172683,0
CUST_01639_C2,CUST_01639,제조업,5-49인,Standard,Standard,12,34,1,1725683,0.0284,5.98,0.6987,0.0049,0.209,77,0.0,49.0,305.0,22779016,0
CUST_01639_C3,CUST_01639,제조업,5-49인,Standard,Priority,24,58,2,1932120,0.0191,14.84,0.7139,0.0837,0.1872,72,0.1,16.83,182.0,26779183,0
CUST_01640_C1,CUST_01640,금융/보험,5-49인,Standard,Enterprise,12,10,0,4876646,-0.0529,-5.24,0.7742,-0.0197,0.138,42,0.0,7.2,31.0,74027486,0
CUST_01640_C2,CUST_01640,금융/보험,5-49인,Standard,Enterprise,12,23,1,5016971,0.0079,-4.74,0.8055,-0.0782,0.1623,38,0.0,6.5,31.0,76157620,0
CUST_01641_C1,CUST_01641,유통/커머스,5-49인,Basic,Standard,12,10,0,1883911,0.0212,4.09,0.6639,0.0133,0.2484,157,0.2222,55.31,120.0,22606932,0
CUST_01642_C1,CUST_01642,IT/소프트웨어,5-49인,Basic,Standard,12,10,0,6612612,-0.0513,-0.03,0.6564,0.0919,0.2324,129,0.3125,56.95,123.0,79351344,0
CUST_01642_C2,CUST_01642,IT/소프트웨어,5-49인,Basic,Standard,12,22,1,7791519,0.0249,12.72,0.6707,0.0091,0.2475,136,0.1304,50.24,489.0,93498228,0
CUST_01643_C1,CUST_01643,기타서비스업,50-299인,Basic,Priority,12,10,0,6587551,0.0437,11.25,0.697,0.0702,0.2016,144,0.0556,19.56,62.0,83003143,1
CUST_01644_C1,CUST_01644,기타서비스업,5-49인,Basic,Standard,12,10,0,2975464,-0.0316,3.14,0.6621,-0.0689,0.2405,103,0.1765,58.22,,35705568,0
CUST_01644_C2,CUST_01644,기타서비스업,5-49인,Basic,Priority,12,22,1,3143540,-0.0444,-1.71,0.7498,0.0885,0.2951,100,0.1176,19.38,60.0,39608604,0
CUST_01644_C3,CUST_01644,기타서비스업,5-49인,Basic,Standard,12,34,2,2572945,-0.008,3.75,0.7346,0.007,0.1988,139,0.1905,61.52,120.0,30875340,0
CUST_01645_C1,CUST_01645,제조업,5-49인,Basic,Standard,12,10,0,3689549,-0.0501,-2.96,0.6847,0.0563,0.266,116,0.1364,55.23,,44274588,0
CUST_01645_C2,CUST_01645,제조업,5-49인,Basic,Standard,12,22,1,4257778,0.0148,7.39,0.5948,0.0253,0.2621,142,0.1818,70.75,121.0,51093336,1
CUST_01646_C1,CUST_01646,제조업,5-49인,Basic,Standard,24,22,0,3189842,0.0325,11.32,0.702,0.0372,0.2735,134,0.125,56.44,123.0,38278104,0
CUST_01646_C2,CUST_01646,제조업,5-49인,Basic,Standard,24,46,1,2816292,0.0121,13.14,0.661,0.1176,0.1812,106,0.3125,54.94,123.0,33795504,0
CUST_01646_C3,CUST_01646,제조업,5-49인,Basic,Standard,12,58,2,2110538,0.0493,5.79,0.645,0.1578,0.2118,141,0.1154,61.8,123.0,25326456,0
CUST_01647_C1,CUST_01647,금융/보험,5-49인,Basic,Standard,12,10,0,6929737,0.0588,4.88,0.6753,0.0199,0.2529,149,0.0714,49.22,120.0,83156844,0
CUST_01648_C1,CUST_01648,제조업,5-49인,Standard,Standard,24,22,0,2259583,-0.0565,4.55,0.7196,0.0988,0.1835,60,0.4118,50.84,123.0,29826496,0
CUST_01648_C2,CUST_01648,제조업,5-49인,Standard,Priority,12,34,1,2665514,0.0386,7.22,0.754,-0.0061,0.2077,70,0.0625,26.27,62.0,36944024,0
CUST_01649_C1,CUST_01649,금융/보험,5-49인,Standard,Standard,24,22,0,6017458,-0.0064,8.28,0.7704,-0.04,0.2042,50,0.25,47.34,123.0,79430446,0
CUST_01649_C2,CUST_01649,금융/보험,5-49인,Standard,Standard,24,46,1,6778572,0.0505,11.08,0.7081,-0.1959,0.2161,75,0.1667,44.33,123.0,89477150,1
CUST_01650_C1,CUST_01650,유통/커머스,5-49인,Basic,Standard,12,10,0,1701007,0.0178,1.92,0.6615,0.0092,0.254,119,0.35,48.21,120.0,20412084,1
CUST_01651_C1,CUST_01651,금융/보험,50-299인,Basic,Standard,12,10,0,10956723,0.0801,0.62,0.5868,-0.0307,0.2382,130,0.0667,56.16,120.0,131480676,0
CUST_01651_C2,CUST_01651,금융/보험,50-299인,Basic,Standard,36,46,1,15133196,0.0324,20.89,0.7752,-0.0214,0.2497,152,0.1875,47.44,486.0,181598352,0
CUST_01652_C1,CUST_01652,금융/보험,50-299인,Standard,Standard,12,10,0,17611562,0.0882,4.79,0.6928,-0.0637,0.2358,85,0.2,50.41,,232472618,0
CUST_01653_C1,CUST_01653,IT/소프트웨어,5-49인,Basic,Priority,12,10,0,7139378,0.0222,10.66,0.6136,-0.0097,0.2915,195,0.1429,22.52,62.0,89956163,1
CUST_01654_C1,CUST_01654,교육,5-49인,Standard,Priority,24,22,0,540203,-0.0272,1.03,0.7341,0.0112,0.2696,61,0.0909,24.31,61.0,7487214,0
CUST_01654_C2,CUST_01654,교육,5-49인,Standard,Priority,12,34,1,444092,-0.0017,-2.65,0.7494,0.0059,0.2244,50,0.0,21.76,305.0,6155115,0
CUST_01655_C1,CUST_01655,금융/보험,5-49인,Basic,Standard,24,22,0,2395757,-0.0494,9.75,0.6254,-0.0152,0.2839,173,0.3182,69.42,122.0,28749084,1
CUST_01656_C1,CUST_01656,물류/운송,50-299인,Standard,Priority,12,10,0,31986662,-0.0228,4.91,0.7442,-0.0215,0.1731,60,0.2,21.32,62.0,443335135,0
CUST_01657_C1,CUST_01657,유통/커머스,50-299인,Standard,Enterprise,12,10,0,18859875,-0.02,2.7,0.6918,-0.0461,0.2538,82,0.1,5.77,122.0,286292902,0
CUST_01658_C1,CUST_01658,금융/보험,50-299인,Premium,Priority,24,22,0,22092986,0.0407,7.99,0.7515,-0.0156,0.1738,18,0.0,30.76,62.0,347964530,0
CUST_01659_C1,CUST_01659,교육,5-49인,Standard,Priority,12,10,0,1598064,0.0958,9.47,0.6912,0.1585,0.2463,80,0.0833,17.78,62.0,22149167,0
CUST_01659_C2,CUST_01659,교육,5-49인,Standard,Priority,12,22,1,1178965,0.031,3.05,0.7665,0.0601,0.2794,74,0.125,18.86,62.0,16340455,0
CUST_01660_C1,CUST_01660,제조업,5-49인,Basic,Priority,12,10,0,2545994,0.0397,7.27,0.6563,0.0118,0.2787,133,0.0526,25.69,182.0,32079524,0
CUST_01661_C1,CUST_01661,유통/커머스,5-49인,Basic,Enterprise,12,10,0,2649225,-0.0507,-6.78,0.8283,-0.0316,0.2254,85,0.0909,8.04,31.0,36559305,0
CUST_01661_C2,CUST_01661,유통/커머스,5-49인,Basic,Priority,24,35,1,3430637,-0.024,11.78,0.7521,0.0542,0.2674,124,0.0,25.64,61.0,43226026,0
CUST_01662_C1,CUST_01662,IT/소프트웨어,5-49인,Basic,Priority,12,10,0,1837897,0.0003,-3.85,0.8057,-0.1243,0.1923,133,0.0,19.32,62.0,23157502,0
CUST_01662_C2,CUST_01662,IT/소프트웨어,5-49인,Basic,Standard,12,22,1,2041506,0.0145,3.44,0.6995,-0.059,0.1836,110,0.1875,62.02,123.0,24498072,0
CUST_01663_C1,CUST_01663,유통/커머스,5-49인,Basic,Standard,24,22,0,13381946,0.026,22.67,0.5805,-0.009,0.3131,213,0.5789,48.61,123.0,160583352,1
CUST_01664_C1,CUST_01664,제조업,5-49인,Standard,Standard,12,10,0,2943411,-0.0327,5.06,0.7324,-0.1015,0.2483,71,0.125,61.8,121.0,38853025,0
CUST_01665_C1,CUST_01665,교육,5-49인,Standard,Standard,36,34,0,2649426,-0.0311,18.09,0.6401,0.1008,0.2387,78,0.3,51.71,121.0,34972423,0
CUST_01666_C1,CUST_01666,물류/운송,5-49인,Basic,Priority,24,22,0,3328727,0.0048,5.72,0.8074,0.0835,0.2182,89,0.0625,19.09,61.0,41941960,0
CUST_01666_C2,CUST_01666,물류/운송,5-49인,Basic,Priority,12,35,1,3564829,-0.0025,0.31,0.7216,0.0311,0.1771,111,0.0714,16.71,61.0,44916845,0
CUST_01667_C1,CUST_01667,의료/헬스케어,50-299인,Basic,Standard,12,10,0,7090351,-0.0033,7.8,0.7092,-0.1166,0.2816,141,0.1579,51.31,,85084212,0
CUST_01667_C2,CUST_01667,의료/헬스케어,50-299인,Basic,Standard,36,46,1,9818771,0.0847,26.83,0.6711,-0.0874,0.328,174,0.3077,54.49,121.0,117825252,1
CUST_01668_C1,CUST_01668,제조업,5-49인,Basic,Standard,24,22,0,2990732,0.0082,7.38,0.7,0.0296,0.1522,98,0.2222,62.44,120.0,35888784,0
CUST_01668_C2,CUST_01668,제조업,5-49인,Basic,Standard,24,46,1,3512384,0.0328,8.37,0.6916,-0.1378,0.2484,138,0.1818,72.4,121.0,42148608,0
CUST_01669_C1,CUST_01669,유통/커머스,50-299인,Premium,Enterprise,12,10,0,10425079,-0.0054,-5.72,0.7584,0.0029,0.2109,24,0.0,6.89,31.0,179832613,0
CUST_01669_C2,CUST_01669,유통/커머스,50-299인,Premium,Enterprise,24,34,1,11510449,0.023,15.37,0.7219,0.1303,0.2743,37,0.1304,6.65,31.0,198555245,0
CUST_01670_C1,CUST_01670,IT/소프트웨어,5-49인,Basic,Priority,24,22,0,5962643,0.0472,15.84,0.7216,0.0513,0.2244,163,0.1111,22.76,61.0,75129302,0
CUST_01671_C1,CUST_01671,IT/소프트웨어,5-49인,Basic,Standard,24,22,0,2736773,0.0516,9.04,0.6521,0.1286,0.2945,144,0.2273,65.44,122.0,32841276,0
CUST_01672_C1,CUST_01672,물류/운송,5-49인,Basic,Standard,12,10,0,4361552,0.0039,9.6,0.6989,-0.0691,0.2151,139,0.1714,55.87,122.0,52338624,0
CUST_01673_C1,CUST_01673,제조업,50-299인,Standard,Priority,24,22,0,17498827,0.0403,1.93,0.6994,-0.0295,0.1557,69,0.0769,18.54,62.0,242533742,0
CUST_01673_C2,CUST_01673,제조업,50-299인,Standard,Priority,36,58,1,18112114,0.0033,19.14,0.7546,0.0484,0.2524,78,0.1364,18.72,62.0,251033900,0
CUST_01673_C3,CUST_01673,제조업,50-299인,Standard,Priority,12,70,2,17500503,-0.0136,-1.16,0.8114,-0.0259,0.2636,53,0.0714,18.41,62.0,242556972,0
CUST_01674_C1,CUST_01674,유통/커머스,5-49인,Basic,Standard,36,34,0,2854325,0.0268,8.48,0.7339,-0.0349,0.1892,86,0.0667,56.27,305.0,34251900,0
CUST_01675_C1,CUST_01675,기타서비스업,5-49인,Standard,Standard,36,34,0,7825953,0.0889,13.15,0.73,-0.0324,0.1861,55,0.0,53.38,122.0,103302580,0
CUST_01676_C1,CUST_01676,IT/소프트웨어,5-49인,Standard,Priority,12,10,0,2886777,0.0232,1.69,0.6618,0.0368,0.255,70,0.1176,19.97,,40010729,0
CUST_01676_C2,CUST_01676,IT/소프트웨어,5-49인,Standard,Standard,12,22,1,3435601,-0.0436,6.23,0.7546,0.0816,0.248,73,0.0667,53.99,,45349933,0
CUST_01677_C1,CUST_01677,IT/소프트웨어,5-49인,Premium,Enterprise,12,10,0,1351516,-0.0182,2.56,0.674,0.0849,0.2836,47,0.1765,7.19,31.0,23313651,0
CUST_01677_C2,CUST_01677,IT/소프트웨어,5-49인,Premium,Enterprise,36,46,1,1095443,-0.0013,15.6,0.6664,0.0896,0.2507,38,0.087,5.78,123.0,18896392,0
CUST_01678_C1,CUST_01678,유통/커머스,5-49인,Basic,Standard,24,22,0,2904851,0.0,9.63,0.6628,-0.0216,0.2535,179,0.1579,60.49,123.0,34858212,0
CUST_01679_C1,CUST_01679,교육,50-299인,Standard,Enterprise,24,22,0,16194248,0.0197,-6.9,0.8036,0.0568,0.0736,53,0.0,6.6,30.0,245828685,0
CUST_01679_C2,CUST_01679,교육,50-299인,Standard,Standard,24,46,1,16499564,-0.0335,-0.71,0.7803,0.0638,0.116,39,0.0769,71.28,120.0,217794245,0
CUST_01679_C3,CUST_01679,교육,50-299인,Standard,Standard,12,59,2,15435198,0.0802,14.77,0.7691,0.0561,0.1935,49,0.0667,64.41,486.0,203744614,0
CUST_01680_C1,CUST_01680,제조업,5-49인,Premium,Enterprise,12,10,0,3416237,-0.0377,-0.42,0.6717,0.094,0.2008,29,0.0,6.97,123.0,58930088,0
CUST_01680_C2,CUST_01680,제조업,5-49인,Premium,Enterprise,12,22,1,2866784,0.0793,3.93,0.7417,0.0331,0.2396,34,0.0,6.06,31.0,49452024,0
CUST_01681_C1,CUST_01681,유통/커머스,5-49인,Basic,Standard,12,10,0,2107734,0.0104,4.13,0.7581,-0.0907,0.167,81,0.1053,74.58,123.0,25292808,0
CUST_01681_C2,CUST_01681,유통/커머스,5-49인,Basic,Standard,24,34,1,2114132,-0.0128,-1.64,0.7255,0.0335,0.1527,120,0.0556,77.76,306.0,25369584,0
CUST_01682_C1,CUST_01682,의료/헬스케어,5-49인,Basic,Priority,12,10,0,4816190,0.0184,-0.79,0.7636,0.1579,0.2168,113,0.0,17.94,59.0,60683994,0
CUST_01683_C1,CUST_01683,의료/헬스케어,50-299인,Basic,Standard,24,22,0,25049107,0.0614,-1.01,0.8192,0.0616,0.158,107,0.2,47.48,120.0,300589284,0
CUST_01683_C2,CUST_01683,의료/헬스케어,50-299인,Basic,Standard,36,58,1,29211948,0.0207,1.34,0.8436,-0.1853,0.2258,86,0.0,50.17,304.0,350543376,0
CUST_01683_C3,CUST_01683,의료/헬스케어,50-299인,Basic,Priority,12,70,2,34701110,0.0277,0.24,0.7741,0.1155,0.2047,122,0.3,18.34,59.0,437233986,0
CUST_01684_C1,CUST_01684,제조업,50-299인,Standard,Priority,12,10,0,10482977,-0.0136,2.21,0.6735,-0.014,0.2127,72,0.1364,27.38,61.0,145294061,1
CUST_01685_C1,CUST_01685,물류/운송,5-49인,Standard,Priority,12,10,0,1977902,0.0382,6.32,0.6269,-0.1023,0.2615,94,0.3462,20.25,61.0,27413722,0
CUST_01686_C1,CUST_01686,물류/운송,5-49인,Basic,Standard,12,10,0,5216497,0.0091,3.8,0.6822,0.0081,0.2442,144,0.0526,44.23,122.0,62597964,0
CUST_01686_C2,CUST_01686,물류/운송,5-49인,Basic,Standard,24,34,1,3656083,-0.03,-3.68,0.6927,0.068,0.2169,133,0.1765,66.71,122.0,43872996,0
CUST_01687_C1,CUST_01687,의료/헬스케어,5-49인,Basic,Standard,12,10,0,5061580,0.0418,-2.2,0.6582,0.0892,0.2516,141,0.1818,49.07,122.0,60738960,0
CUST_01688_C1,CUST_01688,IT/소프트웨어,5-49인,Basic,Priority,12,10,0,966374,0.0212,7.57,0.7238,0.1323,0.2289,104,0.0,21.05,61.0,12176312,0
CUST_01689_C1,CUST_01689,제조업,5-49인,Basic,Standard,12,10,0,945064,0.0004,3.51,0.6345,-0.0239,0.2263,135,0.1364,58.97,122.0,11340768,1
CUST_01690_C1,CUST_01690,물류/운송,300인이상,Premium,Priority,36,34,0,133460970,0.0648,15.91,0.7315,-0.0535,0.2228,18,0.0,18.32,59.0,2102010278,0
CUST_01690_C2,CUST_01690,물류/운송,300인이상,Premium,Enterprise,24,58,1,143820280,-0.0249,7.19,0.7258,-0.0574,0.2433,25,0.0526,6.18,31.0,2480899830,0
CUST_01690_C3,CUST_01690,물류/운송,300인이상,Premium,Enterprise,36,94,2,163332842,-0.001,18.29,0.7306,0.0235,0.1668,23,0.0,6.23,31.0,2817491524,0
CUST_01691_C1,CUST_01691,유통/커머스,5-49인,Basic,Priority,12,10,0,365815,0.1062,4.53,0.7932,0.0291,0.1715,106,0.0833,24.45,62.0,4609269,0
CUST_01692_C1,CUST_01692,IT/소프트웨어,5-49인,Basic,Priority,12,10,0,3820012,-0.053,12.55,0.759,0.1255,0.2823,115,0.2105,22.54,59.0,48132151,0
CUST_01692_C2,CUST_01692,IT/소프트웨어,5-49인,Basic,Standard,12,22,1,3751208,0.0528,6.67,0.6929,-0.0985,0.2273,130,0.2174,46.93,121.0,45014496,0
CUST_01692_C3,CUST_01692,IT/소프트웨어,5-49인,Basic,Priority,12,34,2,3848153,-0.0021,10.08,0.7143,-0.0923,0.2628,128,0.2069,24.07,59.0,48486728,1
CUST_01693_C1,CUST_01693,제조업,5-49인,Basic,Standard,24,22,0,1726363,-0.007,10.92,0.6868,0.0273,0.2119,135,0.1538,53.08,122.0,20716356,0
CUST_01693_C2,CUST_01693,제조업,5-49인,Basic,Standard,12,34,1,1800454,-0.022,-1.88,0.7567,0.0416,0.2185,132,0.0,43.32,305.0,21605448,0
CUST_01694_C1,CUST_01694,물류/운송,50-299인,Standard,Priority,12,10,0,20794494,-0.0566,-1.54,0.7526,0.1704,0.1813,61,0.0625,23.23,61.0,288211687,0
CUST_01695_C1,CUST_01695,교육,5-49인,Standard,Enterprise,12,10,0,2378565,0.0056,-9.75,0.7241,0.0058,0.1732,50,0.0,6.1,30.0,36106617,0
CUST_01696_C1,CUST_01696,제조업,5-49인,Standard,Priority,24,22,0,12251009,0.097,12.85,0.6979,0.009,0.1869,68,0.1667,23.32,61.0,169798985,0
CUST_01697_C1,CUST_01697,제조업,5-49인,Standard,Enterprise,36,34,0,2529794,0.0089,14.73,0.6967,0.0253,0.2303,56,0.0909,6.7,31.0,38402273,0
CUST_01698_C1,CUST_01698,IT/소프트웨어,5-49인,Basic,Priority,24,22,0,2914722,-0.0048,12.12,0.7099,-0.0505,0.2257,135,0.1429,27.45,62.0,36725497,0
CUST_01698_C2,CUST_01698,IT/소프트웨어,5-49인,Basic,Priority,24,46,1,2776756,0.0038,2.16,0.721,0.0468,0.2353,106,0.0,20.76,62.0,34987126,0
CUST_01699_C1,CUST_01699,금융/보험,50-299인,Standard,Priority,24,22,0,18009991,-0.0289,8.24,0.7065,0.1167,0.2539,75,0.1,23.25,61.0,249618475,0
CUST_01700_C1,CUST_01700,제조업,50-299인,Premium,Enterprise,12,10,0,20859033,-0.001,6.86,0.5981,0.1532,0.2359,36,0.0526,8.33,31.0,359818319,0
CUST_01701_C1,CUST_01701,제조업,5-49인,Standard,Priority,12,10,0,2644017,-0.0449,0.36,0.743,-0.0225,0.2011,58,0.1111,25.42,61.0,36646076,0
CUST_01702_C1,CUST_01702,교육,5-49인,Basic,Standard,12,10,0,5518431,0.0628,10.02,0.6651,-0.1503,0.2638,167,0.3333,58.46,120.0,66221172,1
CUST_01703_C1,CUST_01703,IT/소프트웨어,5-49인,Basic,Standard,36,34,0,4862218,-0.0018,10.35,0.6648,0.04,0.3084,157,0.125,58.86,123.0,58346616,1
CUST_01704_C1,CUST_01704,IT/소프트웨어,5-49인,Standard,Priority,12,10,0,3685311,-0.0078,-0.25,0.6187,-0.1752,0.2401,73,0.05,28.64,61.0,51078410,0
CUST_01704_C2,CUST_01704,IT/소프트웨어,5-49인,Standard,Standard,24,34,1,4680672,0.0448,6.64,0.6602,0.1499,0.247,80,0.125,54.71,304.0,61784870,0
CUST_01704_C3,CUST_01704,IT/소프트웨어,5-49인,Standard,Standard,24,58,2,5945061,0.0214,15.28,0.5982,-0.0034,0.2429,76,0.2857,61.17,122.0,78474805,0
CUST_01705_C1,CUST_01705,IT/소프트웨어,5-49인,Standard,Standard,12,10,0,2403190,0.0104,6.28,0.681,-0.0408,0.289,101,0.2963,48.17,122.0,31722108,0
CUST_01706_C1,CUST_01706,제조업,5-49인,Basic,Standard,12,10,0,4409174,0.0279,8.83,0.6332,-0.0267,0.2475,165,0.2,55.49,123.0,52910088,1
CUST_01707_C1,CUST_01707,유통/커머스,50-299인,Standard,Enterprise,24,22,0,29080503,0.0009,9.34,0.6924,0.1284,0.2799,60,0.0556,7.79,30.0,441442036,0
CUST_01708_C1,CUST_01708,IT/소프트웨어,300인이상,Standard,Priority,24,22,0,65007519,-0.0193,9.29,0.673,0.0366,0.2217,71,0.15,19.38,182.0,901004213,0
CUST_01709_C1,CUST_01709,교육,5-49인,Standard,Priority,24,22,0,4001256,0.0489,9.17,0.6055,-0.1133,0.2523,81,0.1667,22.75,61.0,55457408,0
CUST_01709_C2,CUST_01709,교육,5-49인,Standard,Priority,12,35,1,4731890,0.0196,7.17,0.7364,-0.0864,0.2202,69,0.1176,18.9,61.0,65583995,0
CUST_01710_C1,CUST_01710,유통/커머스,5-49인,Basic,Standard,24,22,0,7646635,0.0214,4.87,0.761,0.0895,0.2184,118,0.1538,63.54,122.0,91759620,0
CUST_01710_C2,CUST_01710,유통/커머스,5-49인,Basic,Priority,12,34,1,8310570,0.0842,3.93,0.7099,-0.0216,0.2379,123,0.1667,17.69,61.0,104713182,0
CUST_01711_C1,CUST_01711,제조업,50-299인,Basic,Priority,12,10,0,41724371,-0.0633,-1.39,0.6965,-0.06,0.2158,120,0.15,21.39,181.0,525727075,0
CUST_01711_C2,CUST_01711,제조업,50-299인,Basic,Standard,36,46,1,44838910,-0.0099,5.99,0.6958,0.1062,0.2055,127,0.0714,63.51,303.0,538066920,0
CUST_01712_C1,CUST_01712,교육,5-49인,Standard,Priority,12,10,0,2523274,-0.027,-4.3,0.76,0.0111,0.2524,83,0.0,26.03,61.0,34972578,0
CUST_01713_C1,CUST_01713,제조업,5-49인,Basic,Standard,12,10,0,1779726,0.0447,5.19,0.7688,0.0598,0.2757,137,0.0952,71.05,123.0,21356712,0
CUST_01714_C1,CUST_01714,제조업,5-49인,Basic,Standard,12,10,0,3154012,0.0127,8.62,0.7566,0.1187,0.1965,120,0.25,40.69,123.0,37848144,0
CUST_01715_C1,CUST_01715,IT/소프트웨어,5-49인,Basic,Priority,36,34,0,5652489,0.074,10.22,0.7267,-0.0807,0.111,85,0.0,19.42,61.0,71221361,0
CUST_01716_C1,CUST_01716,제조업,5-49인,Basic,Standard,12,10,0,1061786,-0.0516,3.77,0.6054,-0.0013,0.239,141,0.1176,58.8,120.0,12741432,1
CUST_01717_C1,CUST_01717,물류/운송,5-49인,Basic,Standard,12,10,0,1286963,-0.0239,5.12,0.7252,-0.0399,0.2134,151,0.25,54.34,123.0,15443556,1
CUST_01718_C1,CUST_01718,제조업,5-49인,Basic,Priority,12,10,0,1796024,-0.0342,-4.63,0.6885,-0.0202,0.1935,109,0.0,27.99,61.0,22629902,0
CUST_01718_C2,CUST_01718,제조업,5-49인,Basic,Standard,12,22,1,1981448,0.023,5.92,0.7416,-0.0839,0.2055,122,0.1176,71.27,122.0,23777376,0
CUST_01719_C1,CUST_01719,IT/소프트웨어,5-49인,Basic,Standard,12,10,0,368512,0.0047,-0.52,0.8102,-0.0484,0.1537,95,0.0,70.8,122.0,4422144,0
CUST_01719_C2,CUST_01719,IT/소프트웨어,5-49인,Basic,Standard,24,34,1,253105,0.0077,7.16,0.7772,0.052,0.1634,109,0.0,51.66,122.0,3037260,0
CUST_01719_C3,CUST_01719,IT/소프트웨어,5-49인,Basic,Standard,12,46,2,307763,0.0655,4.9,0.7469,0.0899,0.185,117,0.0,40.42,122.0,3693156,0
CUST_01720_C1,CUST_01720,금융/보험,5-49인,Standard,Priority,12,10,0,2922158,-0.008,4.37,0.7267,-0.0669,0.1732,54,0.1053,20.32,182.0,40501110,0
CUST_01720_C2,CUST_01720,금융/보험,5-49인,Standard,Priority,12,22,1,2923169,0.0459,-2.79,0.7935,-0.0309,0.2461,91,0.3333,21.2,61.0,40515122,0
CUST_01721_C1,CUST_01721,유통/커머스,5-49인,Standard,Priority,12,10,0,3393014,0.0296,5.58,0.7599,-0.0346,0.1746,65,0.0,22.9,61.0,47027174,1
CUST_01722_C1,CUST_01722,유통/커머스,5-49인,Standard,Priority,12,10,0,3733405,-0.0054,4.88,0.7011,-0.0592,0.2253,83,0.1364,24.19,61.0,51744993,0
CUST_01723_C1,CUST_01723,유통/커머스,5-49인,Basic,Standard,12,10,0,2413944,-0.0143,5.22,0.7634,0.0178,0.1991,106,0.0526,67.68,,28967328,0
CUST_01723_C2,CUST_01723,유통/커머스,5-49인,Basic,Standard,12,22,1,2136685,0.0362,1.2,0.7208,-0.0661,0.2569,112,0.0769,61.53,122.0,25640220,0
CUST_01723_C3,CUST_01723,유통/커머스,5-49인,Basic,Standard,24,46,2,2463940,0.0202,10.53,0.7181,-0.0061,0.1638,88,0.1818,60.91,122.0,29567280,1
CUST_01724_C1,CUST_01724,물류/운송,5-49인,Standard,Standard,12,10,0,1449379,0.0853,8.25,0.5311,-0.0313,0.282,102,0.1667,54.96,120.0,19131803,1
CUST_01725_C1,CUST_01725,제조업,5-49인,Basic,Standard,12,10,0,1110293,-0.0002,-3.58,0.7655,0.1265,0.2061,87,0.1,58.98,122.0,13323516,0
CUST_01726_C1,CUST_01726,IT/소프트웨어,5-49인,Basic,Enterprise,24,22,0,1866767,0.0114,5.44,0.7334,-0.0012,0.1576,118,0.0,6.57,31.0,25761385,0
CUST_01727_C1,CUST_01727,유통/커머스,5-49인,Basic,Standard,12,10,0,1994151,0.0484,5.05,0.796,-0.0394,0.139,97,0.0909,79.83,123.0,23929812,0
CUST_01728_C1,CUST_01728,유통/커머스,5-49인,Standard,Enterprise,24,22,0,4021685,-0.0161,8.51,0.6573,-0.0323,0.2877,73,0.0455,7.65,31.0,61049178,0
CUST_01729_C1,CUST_01729,IT/소프트웨어,50-299인,Basic,Standard,24,22,0,13939515,0.0078,6.93,0.6949,-0.0816,0.2081,136,0.25,46.72,123.0,167274180,0
CUST_01729_C2,CUST_01729,IT/소프트웨어,50-299인,Basic,Standard,36,58,1,16159325,0.0051,9.01,0.6292,-0.1151,0.227,164,0.2105,57.73,123.0,193911900,0
CUST_01729_C3,CUST_01729,IT/소프트웨어,50-299인,Basic,Standard,12,70,2,18916750,-0.0049,9.76,0.7433,0.0955,0.2651,113,0.087,46.9,307.0,227001000,0
CUST_01730_C1,CUST_01730,제조업,5-49인,Basic,Priority,12,10,0,2090813,-0.0183,9.86,0.734,0.0854,0.2533,164,0.1875,19.49,61.0,26344244,0
CUST_01730_C2,CUST_01730,제조업,5-49인,Basic,Standard,12,22,1,1416335,-0.0102,9.0,0.7051,0.1199,0.2731,153,0.0476,50.53,123.0,16996020,0
CUST_01731_C1,CUST_01731,교육,5-49인,Basic,Priority,12,10,0,2075535,0.0465,5.99,0.7233,-0.0304,0.209,153,0.1739,19.59,61.0,26151741,0
CUST_01732_C1,CUST_01732,유통/커머스,5-49인,Standard,Enterprise,12,10,0,12759082,0.073,11.31,0.6262,0.0161,0.3355,88,0.1053,5.88,31.0,193682865,0
CUST_01732_C2,CUST_01732,유통/커머스,5-49인,Standard,Enterprise,12,22,1,12291289,0.0342,3.29,0.6958,-0.0556,0.2491,85,0.0476,7.46,31.0,186581767,0
CUST_01733_C1,CUST_01733,IT/소프트웨어,50-299인,Standard,Priority,36,34,0,20621941,0.0706,20.43,0.6461,-0.1023,0.2822,90,0.1,21.45,62.0,285820102,0
CUST_01734_C1,CUST_01734,금융/보험,5-49인,Basic,Standard,36,34,0,1825727,0.075,9.01,0.8484,-0.0983,0.1409,109,0.0,36.13,123.0,21908724,0
CUST_01734_C2,CUST_01734,금융/보험,5-49인,Basic,Priority,12,46,1,1930008,0.0755,-1.9,0.7635,-0.0562,0.1858,105,0.1538,16.74,184.0,24318101,0
CUST_01735_C1,CUST_01735,IT/소프트웨어,5-49인,Basic,Enterprise,12,10,0,3192408,0.0189,13.69,0.7011,0.0919,0.2375,189,0.1905,7.71,122.0,44055230,0
CUST_01736_C1,CUST_01736,물류/운송,5-49인,Basic,Standard,36,34,0,2601509,0.0339,11.52,0.7233,-0.0416,0.159,113,0.25,50.82,304.0,31218108,0
CUST_01736_C2,CUST_01736,물류/운송,5-49인,Basic,Standard,24,58,1,1789020,-0.0269,4.88,0.7642,-0.1286,0.1959,107,0.0769,62.5,122.0,21468240,0
CUST_01737_C1,CUST_01737,IT/소프트웨어,5-49인,Basic,Standard,24,22,0,2692376,0.0579,18.79,0.6886,-0.065,0.2797,151,0.0,59.32,122.0,32308512,0
CUST_01738_C1,CUST_01738,금융/보험,5-49인,Basic,Standard,12,10,0,880718,-0.0486,-3.5,0.7285,-0.0597,0.1967,120,0.1538,65.4,121.0,10568616,0
CUST_01738_C2,CUST_01738,금융/보험,5-49인,Basic,Standard,12,22,1,948436,-0.0112,3.76,0.6699,0.0643,0.2392,139,0.0625,35.36,120.0,11381232,0
CUST_01739_C1,CUST_01739,금융/보험,5-49인,Basic,Standard,24,22,0,4235858,0.0089,18.97,0.6312,0.1044,0.2553,152,0.3043,50.25,121.0,50830296,1
CUST_01740_C1,CUST_01740,기타서비스업,50-299인,Standard,Priority,24,22,0,16617641,-0.0317,6.68,0.6968,0.039,0.2432,59,0.2353,20.64,61.0,230320504,0
CUST_01741_C1,CUST_01741,금융/보험,5-49인,Basic,Standard,24,22,0,6120544,-0.0366,16.44,0.696,0.0119,0.2979,187,0.087,59.95,122.0,73446528,0
CUST_01742_C1,CUST_01742,기타서비스업,5-49인,Basic,Priority,24,22,0,1453167,0.0253,12.16,0.763,-0.0823,0.1121,76,0.0,25.13,60.0,18309904,0
CUST_01743_C1,CUST_01743,기타서비스업,5-49인,Basic,Standard,12,10,0,1773753,-0.0166,2.83,0.7468,-0.0506,0.291,126,0.1176,52.18,,21285036,1
CUST_01744_C1,CUST_01744,IT/소프트웨어,5-49인,Standard,Priority,12,10,0,1854272,-0.0006,1.59,0.7653,-0.016,0.1876,80,0.125,19.47,62.0,25700210,0
CUST_01744_C2,CUST_01744,IT/소프트웨어,5-49인,Standard,Standard,12,22,1,1624204,0.0442,-2.63,0.7641,0.0241,0.2145,48,0.1111,53.76,123.0,21439493,0
CUST_01744_C3,CUST_01744,IT/소프트웨어,5-49인,Standard,Priority,12,34,2,1988004,0.0516,4.0,0.6763,-0.0357,0.1668,58,0.1429,24.24,62.0,27553735,0
CUST_01745_C1,CUST_01745,의료/헬스케어,300인이상,Standard,Enterprise,24,22,0,91077998,0.0289,6.58,0.727,0.074,0.2439,78,0.0,7.28,122.0,1382564010,0
CUST_01746_C1,CUST_01746,유통/커머스,5-49인,Basic,Standard,12,10,0,1390576,0.0201,11.97,0.7203,-0.0089,0.234,154,0.2,74.55,122.0,16686912,0
CUST_01747_C1,CUST_01747,IT/소프트웨어,5-49인,Basic,Standard,24,22,0,1168698,0.0338,4.97,0.6812,0.1241,0.2557,127,0.0714,60.58,122.0,14024376,0
CUST_01748_C1,CUST_01748,IT/소프트웨어,300인이상,Standard,Enterprise,12,10,0,53398653,-0.0608,6.05,0.8463,-0.0456,0.1978,46,0.0,8.75,120.0,810591553,0
CUST_01748_C2,CUST_01748,IT/소프트웨어,300인이상,Standard,Standard,36,46,1,59729518,0.05,21.25,0.8505,-0.1075,0.1672,48,0.0769,43.03,120.0,788429638,0
CUST_01749_C1,CUST_01749,기타서비스업,5-49인,Basic,Standard,12,10,0,1412590,-0.0051,3.95,0.657,0.1598,0.2129,123,0.25,52.56,122.0,16951080,0
CUST_01749_C2,CUST_01749,기타서비스업,5-49인,Basic,Standard,24,34,1,1262420,0.0285,4.19,0.6755,-0.0038,0.2238,142,0.0714,64.22,122.0,15149040,0
CUST_01750_C1,CUST_01750,제조업,5-49인,Basic,Standard,12,10,0,2979819,0.0673,10.42,0.5971,0.0226,0.2976,165,0.0,56.99,122.0,35757828,0
CUST_01750_C2,CUST_01750,제조업,5-49인,Basic,Standard,12,22,1,1952577,-0.0129,4.08,0.6233,-0.002,0.2803,168,0.0,72.59,305.0,23430924,1
CUST_01751_C1,CUST_01751,유통/커머스,5-49인,Basic,Standard,36,34,0,3648750,-0.0052,8.22,0.9269,-0.1332,0.0813,83,0.0,53.05,304.0,43785000,0
CUST_01751_C2,CUST_01751,유통/커머스,5-49인,Basic,Standard,12,46,1,3884502,0.0419,2.29,0.758,0.0465,0.171,79,0.0,60.2,121.0,46614024,0
CUST_01752_C1,CUST_01752,유통/커머스,5-49인,Basic,Priority,12,10,0,4221862,0.0574,8.08,0.6143,-0.1097,0.2772,163,0.1579,24.37,61.0,53195461,1
CUST_01753_C1,CUST_01753,금융/보험,50-299인,Basic,Standard,24,22,0,10732759,0.0224,8.99,0.6859,0.1281,0.2286,123,0.1667,55.24,306.0,128793108,0
CUST_01753_C2,CUST_01753,금융/보험,50-299인,Standard,Standard,24,46,1,10989870,0.0024,3.13,0.6721,0.068,0.2837,85,0.1818,53.76,306.0,145066284,0
CUST_01753_C3,CUST_01753,금융/보험,50-299인,Standard,Priority,12,58,2,12489261,0.0264,3.51,0.6946,0.0292,0.2054,85,0.1304,20.36,184.0,173101157,0
CUST_01754_C1,CUST_01754,의료/헬스케어,5-49인,Basic,Standard,36,34,0,1231836,0.0151,15.29,0.7008,-0.0051,0.2359,115,0.375,52.05,123.0,14782032,0
CUST_01754_C2,CUST_01754,의료/헬스케어,5-49인,Basic,Standard,24,58,1,1138620,-0.0225,-1.6,0.7827,0.0391,0.1676,129,0.1429,44.71,123.0,13663440,0
CUST_01754_C3,CUST_01754,의료/헬스케어,5-49인,Basic,Standard,12,70,2,1299539,0.0044,1.74,0.7138,-0.0273,0.1914,117,0.125,62.85,123.0,15594468,0
CUST_01755_C1,CUST_01755,의료/헬스케어,5-49인,Basic,Priority,12,10,0,4971293,0.0319,19.56,0.6122,-0.0044,0.2921,191,0.1304,23.45,61.0,62638292,1
CUST_01756_C1,CUST_01756,교육,300인이상,Premium,Enterprise,12,10,0,105201300,0.0103,12.4,0.5857,0.0725,0.3308,51,0.1154,7.12,31.0,1814722425,0
CUST_01757_C1,CUST_01757,금융/보험,5-49인,Basic,Standard,12,10,0,3103878,0.0275,3.68,0.8423,0.116,0.1303,72,0.125,75.27,,37246536,0
CUST_01757_C2,CUST_01757,금융/보험,5-49인,Basic,Standard,24,34,1,4340352,0.0907,10.52,0.7665,0.0177,0.181,103,0.2143,49.59,122.0,52084224,1
CUST_01758_C1,CUST_01758,제조업,5-49인,Basic,Priority,12,10,0,1271569,-0.0173,0.94,0.7154,-0.0226,0.2034,112,0.0,22.32,60.0,16021769,0
CUST_01759_C1,CUST_01759,물류/운송,5-49인,Basic,Priority,12,10,0,2015864,0.0036,5.23,0.7631,0.1173,0.1584,111,0.0,22.79,62.0,25399886,0
CUST_01759_C2,CUST_01759,물류/운송,5-49인,Basic,Priority,12,22,1,1929928,0.042,-5.02,0.8663,-0.0209,0.1853,81,0.0714,18.6,62.0,24317093,0
CUST_01760_C1,CUST_01760,금융/보험,5-49인,Basic,Priority,36,34,0,4556833,0.0455,14.57,0.6558,-0.1062,0.2754,143,0.0588,21.06,61.0,57416096,0
CUST_01761_C1,CUST_01761,제조업,5-49인,Basic,Standard,12,10,0,2650784,0.0465,6.65,0.6982,-0.0782,0.1591,143,0.1667,60.45,120.0,31809408,0
CUST_01762_C1,CUST_01762,물류/운송,5-49인,Basic,Priority,36,34,0,4450738,0.0446,14.54,0.7334,0.0299,0.1898,102,0.0556,20.54,61.0,56079299,0
CUST_01762_C2,CUST_01762,물류/운송,5-49인,Basic,Enterprise,12,46,1,3382651,-0.0022,1.08,0.6877,-0.0908,0.1935,102,0.0,5.92,30.0,46680584,0
CUST_01763_C1,CUST_01763,의료/헬스케어,5-49인,Basic,Priority,12,10,0,2586150,0.0539,7.44,0.7779,0.0471,0.1964,133,0.1875,22.59,62.0,32585490,0
CUST_01764_C1,CUST_01764,제조업,5-49인,Basic,Standard,12,10,0,1618020,0.0142,12.19,0.6833,0.0672,0.3386,167,0.15,46.64,122.0,19416240,0
CUST_01764_C2,CUST_01764,제조업,5-49인,Basic,Standard,12,22,1,1556333,0.0153,2.74,0.6714,-0.084,0.2665,155,0.3182,53.01,122.0,18675996,0
CUST_01765_C1,CUST_01765,교육,50-299인,Basic,Enterprise,36,34,0,8470043,0.0071,13.3,0.6023,0.0007,0.231,113,0.0556,6.64,31.0,116886593,0
CUST_01765_C2,CUST_01765,교육,50-299인,Basic,Standard,36,70,1,7894067,-0.0142,22.31,0.6623,-0.075,0.2271,126,0.1538,47.43,123.0,94728804,0
CUST_01766_C1,CUST_01766,제조업,5-49인,Basic,Standard,24,22,0,1923495,0.0716,10.37,0.7082,-0.0709,0.1974,142,0.2308,42.02,304.0,23081940,0
CUST_01766_C2,CUST_01766,제조업,5-49인,Basic,Standard,24,46,1,2053564,0.0353,15.9,0.6439,-0.0014,0.259,133,0.05,53.14,123.0,24642768,0
CUST_01766_C3,CUST_01766,제조업,5-49인,Basic,Standard,24,70,2,1363722,0.0083,13.25,0.6809,0.0804,0.2275,120,0.2222,66.8,123.0,16364664,0
CUST_01767_C1,CUST_01767,금융/보험,5-49인,Basic,Standard,12,10,0,3018039,0.0354,0.92,0.7395,-0.0186,0.2617,101,0.0833,66.81,123.0,36216468,0
CUST_01768_C1,CUST_01768,금융/보험,5-49인,Standard,Priority,24,22,0,3647565,0.0149,16.88,0.6799,0.0138,0.3459,92,0.12,26.99,184.0,50555251,1
CUST_01769_C1,CUST_01769,IT/소프트웨어,5-49인,Standard,Priority,36,34,0,3968996,0.0075,16.3,0.6931,0.0413,0.2739,95,0.2917,23.15,61.0,55010285,0
CUST_01769_C2,CUST_01769,IT/소프트웨어,5-49인,Standard,Standard,12,46,1,2818482,-0.0017,7.78,0.7115,-0.1525,0.2784,68,0.0588,45.51,123.0,37203962,0
CUST_01769_C3,CUST_01769,IT/소프트웨어,5-49인,Standard,Priority,12,58,2,2623380,0.0869,7.09,0.657,0.0131,0.2525,85,0.0833,23.97,61.0,36360047,0
CUST_01770_C1,CUST_01770,유통/커머스,5-49인,Basic,Priority,12,10,0,2363277,0.033,-7.84,0.7865,0.0356,0.1571,87,0.0909,18.75,61.0,29777290,0
CUST_01770_C2,CUST_01770,유통/커머스,5-49인,Basic,Standard,12,22,1,1986734,-0.0689,0.67,0.7899,-0.1327,0.1898,112,0.2,64.96,122.0,23840808,0
CUST_01771_C1,CUST_01771,기타서비스업,50-299인,Standard,Priority,12,10,0,26808634,-0.0145,-4.33,0.7261,-0.1153,0.2117,55,0.0,37.91,181.0,371567667,0
CUST_01772_C1,CUST_01772,물류/운송,5-49인,Basic,Standard,12,10,0,5468935,-0.0654,3.61,0.6641,0.0955,0.1946,158,0.1818,63.73,121.0,65627220,0
CUST_01772_C2,CUST_01772,물류/운송,5-49인,Basic,Standard,12,22,1,4730586,0.0708,6.31,0.7578,0.0885,0.2371,123,0.2,57.63,120.0,56767032,1
CUST_01773_C1,CUST_01773,교육,5-49인,Basic,Standard,24,22,0,4665466,0.0668,34.15,0.6467,-0.1193,0.2831,165,0.1905,72.89,122.0,55985592,1
CUST_01774_C1,CUST_01774,IT/소프트웨어,5-49인,Basic,Priority,12,10,0,1894196,0.0149,8.99,0.8041,-0.0333,0.2053,102,0.0769,22.61,61.0,23866870,0
CUST_01775_C1,CUST_01775,IT/소프트웨어,5-49인,Basic,Standard,12,10,0,3373658,0.0648,23.21,0.5982,-0.1329,0.2592,158,0.1667,50.49,,40483896,1
CUST_01776_C1,CUST_01776,유통/커머스,5-49인,Basic,Priority,12,10,0,6274987,0.017,-3.43,0.8232,-0.0963,0.1238,101,0.1111,22.85,61.0,79064836,0
CUST_01777_C1,CUST_01777,교육,5-49인,Basic,Priority,24,22,0,3600277,0.0167,3.45,0.7595,0.0803,0.1326,93,0.0,26.32,304.0,45363490,0
CUST_01777_C2,CUST_01777,교육,5-49인,Basic,Priority,12,34,1,5107965,0.0634,1.39,0.7159,-0.0856,0.1876,90,0.1333,21.98,59.0,64360359,0
CUST_01778_C1,CUST_01778,교육,5-49인,Standard,Standard,24,22,0,10952478,0.0424,4.56,0.8227,-0.003,0.1642,50,0.0714,48.49,122.0,144572710,0
CUST_01778_C2,CUST_01778,교육,5-49인,Standard,Priority,12,34,1,10561826,0.0039,-3.43,0.7691,0.0524,0.2063,52,0.0,18.05,61.0,146386908,0
CUST_01778_C3,CUST_01778,교육,5-49인,Standard,Priority,24,58,2,13363390,0.0151,4.71,0.765,0.0301,0.2024,58,0.1053,22.05,61.0,185216585,0
CUST_01779_C1,CUST_01779,제조업,5-49인,Basic,Enterprise,12,10,0,2677570,0.113,0.49,0.7591,-0.0454,0.1935,94,0.0,5.82,31.0,36950466,0
CUST_01779_C2,CUST_01779,제조업,5-49인,Basic,Standard,12,22,1,3198002,0.0946,7.34,0.7674,0.0056,0.1856,128,0.0,62.33,121.0,38376024,0
CUST_01779_C3,CUST_01779,제조업,5-49인,Basic,Standard,24,46,2,3108841,0.0156,6.96,0.7455,0.1022,0.2,123,0.0769,38.38,121.0,37306092,0
CUST_01780_C1,CUST_01780,제조업,5-49인,Standard,Standard,12,10,0,4334455,-0.0198,-5.97,0.7982,-0.113,0.1559,39,0.2,97.48,,57214806,0
CUST_01781_C1,CUST_01781,제조업,5-49인,Basic,Standard,36,34,0,2818918,-0.0427,15.6,0.5822,-0.1509,0.3024,180,0.4091,64.12,122.0,33827016,1
CUST_01782_C1,CUST_01782,제조업,5-49인,Standard,Priority,12,10,0,902465,0.0226,7.18,0.6913,-0.0426,0.2957,83,0.0,27.31,61.0,12508165,1
CUST_01783_C1,CUST_01783,물류/운송,5-49인,Basic,Priority,24,22,0,8664132,0.04,18.37,0.5969,-0.089,0.2376,184,0.0,20.58,59.0,109168063,0
CUST_01783_C2,CUST_01783,물류/운송,5-49인,Basic,Standard,12,34,1,10024850,0.0282,12.74,0.6429,-0.1612,0.2663,161,0.0625,59.81,120.0,120298200,0
CUST_01783_C3,CUST_01783,물류/운송,5-49인,Basic,Standard,12,46,2,9936095,-0.0387,8.5,0.7492,0.0258,0.2476,119,0.1538,43.22,121.0,119233140,0
CUST_01784_C1,CUST_01784,기타서비스업,5-49인,Basic,Standard,12,10,0,3342459,-0.0158,10.02,0.726,0.0839,0.2083,94,0.1538,54.79,120.0,40109508,0
CUST_01785_C1,CUST_01785,IT/소프트웨어,300인이상,Premium,Enterprise,24,22,0,95393190,0.0103,16.79,0.6771,-0.0581,0.2369,35,0.0455,6.06,30.0,1645532527,0
CUST_01786_C1,CUST_01786,금융/보험,5-49인,Premium,Enterprise,12,10,0,6979688,0.0019,0.32,0.6847,0.1052,0.2203,34,0.0357,7.22,31.0,120399618,0
CUST_01786_C2,CUST_01786,금융/보험,5-49인,Premium,Priority,24,34,1,6636504,0.026,7.22,0.7005,-0.0123,0.2243,18,0.0,26.15,182.0,104524938,0
CUST_01786_C3,CUST_01786,금융/보험,5-49인,Premium,Priority,12,46,2,5039727,-0.0014,-2.46,0.685,-0.0941,0.235,25,0.0769,20.72,61.0,79375700,0
CUST_01787_C1,CUST_01787,유통/커머스,50-299인,Basic,Priority,12,10,0,8619713,-0.0437,5.07,0.6597,-0.0169,0.2484,122,0.0357,18.89,61.0,108608384,1
CUST_01788_C1,CUST_01788,IT/소프트웨어,5-49인,Basic,Standard,12,10,0,4214588,0.0215,1.76,0.7639,-0.0343,0.1857,100,0.25,68.9,120.0,50575056,0
CUST_01788_C2,CUST_01788,IT/소프트웨어,5-49인,Basic,Standard,24,34,1,3704085,-0.0004,2.02,0.7564,-0.0752,0.165,96,0.1,57.0,120.0,44449020,0
CUST_01788_C3,CUST_01788,IT/소프트웨어,5-49인,Basic,Priority,12,46,2,6412582,0.0143,2.75,0.6962,0.0552,0.3134,131,0.1333,26.26,60.0,80798533,0
CUST_01789_C1,CUST_01789,제조업,5-49인,Basic,Standard,24,22,0,5833653,-0.0028,10.92,0.6048,-0.0862,0.2501,152,0.2917,53.91,121.0,70003836,1
CUST_01790_C1,CUST_01790,교육,50-299인,Standard,Enterprise,24,22,0,26404468,-0.0305,6.39,0.7049,0.152,0.2104,63,0.0,5.23,30.0,400819824,0
CUST_01790_C2,CUST_01790,교육,50-299인,Standard,Standard,12,34,1,26537269,-0.0126,2.17,0.7251,0.0186,0.2863,77,0.0769,56.58,122.0,350291951,0
CUST_01791_C1,CUST_01791,물류/운송,5-49인,Basic,Standard,12,10,0,8205064,-0.0142,7.92,0.6774,0.03,0.2093,146,0.2667,79.35,123.0,98460768,0
CUST_01791_C2,CUST_01791,물류/운송,5-49인,Basic,Enterprise,12,22,1,9032656,-0.0,6.79,0.6102,-0.1312,0.2932,165,0.1765,8.07,31.0,124650653,0
CUST_01792_C1,CUST_01792,유통/커머스,5-49인,Premium,Enterprise,24,22,0,3460360,0.0458,12.01,0.747,0.0903,0.2597,45,0.0,7.67,31.0,59691210,0
CUST_01792_C2,CUST_01792,유통/커머스,5-49인,Premium,Enterprise,12,34,1,2400296,-0.0182,3.93,0.7176,-0.0157,0.2319,33,0.0909,7.82,123.0,41405106,0
CUST_01793_C1,CUST_01793,유통/커머스,5-49인,Basic,Priority,24,22,0,1609682,0.1064,17.99,0.6483,-0.0096,0.3059,175,0.0588,23.88,61.0,20281993,0
CUST_01793_C2,CUST_01793,유통/커머스,5-49인,Basic,Standard,24,46,1,1350975,-0.0579,9.09,0.6926,0.044,0.2234,176,0.2,68.12,122.0,16211700,1
CUST_01794_C1,CUST_01794,금융/보험,5-49인,Standard,Priority,12,10,0,13480531,-0.0098,12.19,0.5949,0.0171,0.3212,114,0.1818,27.86,59.0,186840160,1
CUST_01795_C1,CUST_01795,물류/운송,5-49인,Basic,Priority,36,34,0,2460046,-0.0395,12.81,0.7532,0.0419,0.1537,85,0.0556,30.49,184.0,30996580,0
CUST_01795_C2,CUST_01795,물류/운송,5-49인,Basic,Standard,24,58,1,1724013,-0.0046,3.19,0.7372,-0.0599,0.164,89,0.1,69.23,122.0,20688156,0
CUST_01796_C1,CUST_01796,유통/커머스,5-49인,Standard,Enterprise,12,10,0,2953716,0.0194,3.95,0.6474,0.0252,0.2147,81,0.0556,6.54,31.0,44837409,0
CUST_01796_C2,CUST_01796,유통/커머스,5-49인,Standard,Priority,12,22,1,3298264,-0.0098,14.92,0.6249,-0.1963,0.2516,78,0.0909,26.52,61.0,45713939,0
CUST_01797_C1,CUST_01797,유통/커머스,5-49인,Basic,Standard,24,22,0,3920768,-0.0428,9.07,0.7698,0.0718,0.1926,91,0.1667,61.68,122.0,47049216,0
CUST_01797_C2,CUST_01797,유통/커머스,5-49인,Basic,Standard,12,34,1,4634436,-0.0365,3.82,0.7007,-0.0612,0.1987,127,0.3158,54.75,122.0,55613232,0
CUST_01798_C1,CUST_01798,물류/운송,50-299인,Standard,Standard,36,34,0,32824705,0.1079,27.37,0.6535,0.0328,0.2839,106,0.15,62.96,304.0,433286106,0
CUST_01799_C1,CUST_01799,유통/커머스,5-49인,Basic,Standard,36,34,0,2833605,0.0251,21.27,0.5883,0.0206,0.3507,193,0.4,55.71,120.0,34003260,0
CUST_01800_C1,CUST_01800,IT/소프트웨어,5-49인,Standard,Priority,12,10,0,2284499,-0.0082,15.35,0.6175,-0.0677,0.2216,118,0.0769,21.14,61.0,31663156,1
CUST_01801_C1,CUST_01801,기타서비스업,5-49인,Basic,Standard,12,10,0,2425573,0.0714,14.52,0.7159,-0.1465,0.2148,141,0.2308,42.22,122.0,29106876,1
CUST_01802_C1,CUST_01802,제조업,5-49인,Basic,Standard,36,34,0,16339601,-0.0169,21.16,0.6318,-0.1213,0.241,147,0.25,44.91,306.0,196075212,0
CUST_01803_C1,CUST_01803,제조업,5-49인,Basic,Standard,36,34,0,4106954,-0.0134,16.1,0.8037,-0.0176,0.184,109,0.0,78.12,122.0,49283448,0
CUST_01804_C1,CUST_01804,의료/헬스케어,5-49인,Standard,Standard,12,10,0,3499795,0.0255,-10.01,0.8069,0.1025,0.1479,51,0.0,57.56,123.0,46197294,0
CUST_01805_C1,CUST_01805,물류/운송,5-49인,Standard,Priority,12,10,0,6088942,0.0107,6.62,0.6838,0.0471,0.1928,88,0.087,22.64,,84392736,0
CUST_01806_C1,CUST_01806,금융/보험,5-49인,Premium,Priority,12,10,0,2669882,0.0128,8.46,0.7144,0.1383,0.2646,37,0.125,20.67,59.0,42050642,1
CUST_01807_C1,CUST_01807,제조업,5-49인,Basic,Standard,12,10,0,1475830,0.0853,17.66,0.5671,-0.0702,0.3244,217,0.1111,52.71,122.0,17709960,1
CUST_01808_C1,CUST_01808,제조업,5-49인,Basic,Standard,12,10,0,3976832,0.036,-4.54,0.7875,-0.0574,0.13,81,0.0,47.98,122.0,47721984,0
CUST_01808_C2,CUST_01808,제조업,5-49인,Basic,Standard,12,23,1,4299708,-0.0221,-12.18,0.7451,0.0029,0.1484,84,0.2143,62.37,306.0,51596496,0
CUST_01809_C1,CUST_01809,제조업,5-49인,Basic,Priority,36,34,0,4743662,0.0803,-3.22,0.7988,-0.0525,0.092,71,0.0,19.89,59.0,59770141,0
CUST_01810_C1,CUST_01810,유통/커머스,5-49인,Basic,Standard,12,10,0,2271298,-0.0587,5.42,0.7428,0.0535,0.2572,148,0.1333,55.39,123.0,27255576,0
CUST_01810_C2,CUST_01810,유통/커머스,5-49인,Basic,Standard,24,34,1,1380809,-0.0173,3.11,0.7496,0.0611,0.2665,114,0.0526,58.85,123.0,16569708,1
CUST_01811_C1,CUST_01811,물류/운송,5-49인,Basic,Standard,12,10,0,3800215,0.0522,3.11,0.7852,-0.0572,0.2117,132,0.1429,82.82,122.0,45602580,0
CUST_01811_C2,CUST_01811,물류/운송,5-49인,Basic,Standard,12,22,1,3860307,-0.0027,-2.85,0.7496,0.0949,0.2437,124,0.2,63.06,122.0,46323684,0
CUST_01812_C1,CUST_01812,IT/소프트웨어,5-49인,Basic,Standard,12,10,0,2198762,0.0313,1.47,0.7569,-0.0931,0.2009,117,0.3333,40.64,123.0,26385144,0
CUST_01813_C1,CUST_01813,IT/소프트웨어,5-49인,Standard,Priority,12,10,0,3755924,0.0064,4.98,0.7159,0.0595,0.2106,65,0.0,25.53,62.0,52057107,0
CUST_01814_C1,CUST_01814,교육,5-49인,Basic,Standard,12,10,0,2514578,0.0183,13.32,0.6937,0.0529,0.2685,166,0.1,76.28,120.0,30174936,1
CUST_01815_C1,CUST_01815,교육,5-49인,Basic,Standard,24,22,0,1653690,0.0373,15.57,0.7015,-0.0239,0.2397,143,0.1579,64.09,122.0,19844280,1
CUST_01816_C1,CUST_01816,기타서비스업,5-49인,Standard,Enterprise,24,22,0,1920042,-0.0242,12.83,0.6502,-0.1334,0.2568,82,0.1429,7.09,212.0,29146238,0
CUST_01816_C2,CUST_01816,기타서비스업,5-49인,Standard,Standard,12,34,1,2272880,0.0248,5.73,0.739,0.0889,0.2622,78,0.2105,62.7,579.0,30002016,1
CUST_01817_C1,CUST_01817,유통/커머스,5-49인,Standard,Standard,24,22,0,2898807,-0.0531,7.67,0.8304,0.0117,0.1843,56,0.0909,45.25,303.0,38264252,0
CUST_01818_C1,CUST_01818,IT/소프트웨어,5-49인,Standard,Priority,12,10,0,2734714,0.0392,-7.65,0.856,0.0274,0.115,32,0.0,24.37,,37903136,0
CUST_01819_C1,CUST_01819,제조업,5-49인,Basic,Priority,24,22,0,1419564,-0.0716,7.13,0.8056,0.1145,0.1483,87,0.0,25.67,184.0,17886506,0
CUST_01819_C2,CUST_01819,제조업,5-49인,Basic,Standard,12,34,1,1434766,0.0373,-0.35,0.7285,-0.022,0.2049,117,0.2308,54.51,122.0,17217192,0
CUST_01820_C1,CUST_01820,금융/보험,5-49인,Basic,Standard,36,34,0,8670441,0.0656,16.78,0.6345,0.0118,0.27,179,0.2105,50.18,123.0,104045292,1
CUST_01821_C1,CUST_01821,유통/커머스,5-49인,Basic,Standard,12,10,0,9149535,-0.0012,8.4,0.7405,0.0978,0.2127,117,0.1053,49.94,123.0,109794420,1
CUST_01822_C1,CUST_01822,금융/보험,5-49인,Standard,Standard,36,34,0,4654978,-0.0313,11.34,0.7079,0.0483,0.2855,74,0.1739,59.83,122.0,61445710,0
CUST_01822_C2,CUST_01822,금융/보험,5-49인,Standard,Enterprise,12,46,1,4799372,-0.0157,4.56,0.645,0.0201,0.2077,74,0.0667,6.55,30.0,72854467,0
CUST_01823_C1,CUST_01823,제조업,5-49인,Standard,Priority,12,10,0,1504530,-0.0085,16.65,0.7025,0.0157,0.25,89,0.037,20.03,181.0,20852786,0
CUST_01823_C2,CUST_01823,제조업,5-49인,Standard,Priority,12,22,1,1201866,-0.0268,1.72,0.7227,-0.0563,0.247,58,0.0,17.86,59.0,16657863,0
CUST_01824_C1,CUST_01824,제조업,5-49인,Basic,Priority,24,22,0,3862987,0.0269,12.23,0.7849,0.1129,0.1824,104,0.0588,25.25,62.0,48673636,1
CUST_01825_C1,CUST_01825,IT/소프트웨어,5-49인,Standard,Enterprise,12,10,0,5315813,0.0819,4.74,0.7576,-0.1535,0.2336,58,0.0,7.14,30.0,80694041,0
CUST_01825_C2,CUST_01825,IT/소프트웨어,5-49인,Standard,Priority,24,34,1,5989025,0.0113,5.42,0.7956,-0.0769,0.2097,52,0.1111,15.82,61.0,83007886,0
CUST_01826_C1,CUST_01826,IT/소프트웨어,5-49인,Basic,Standard,24,22,0,1493211,-0.0468,8.27,0.7316,-0.0473,0.2537,144,0.2143,66.0,120.0,17918532,0
CUST_01827_C1,CUST_01827,IT/소프트웨어,5-49인,Standard,Priority,24,22,0,2719862,0.0094,4.68,0.7262,0.0937,0.1983,73,0.1111,24.23,60.0,37697287,0
CUST_01828_C1,CUST_01828,물류/운송,5-49인,Standard,Priority,12,10,0,2132748,-0.0099,12.95,0.6281,-0.0489,0.2859,91,0.0952,21.68,61.0,29559887,0
CUST_01828_C2,CUST_01828,물류/운송,5-49인,Standard,Priority,12,22,1,1948086,-0.0253,20.05,0.7137,0.037,0.2565,78,0.1111,20.44,61.0,27000472,0
CUST_01829_C1,CUST_01829,IT/소프트웨어,50-299인,Premium,Enterprise,12,10,0,22051519,0.014,4.28,0.8415,-0.0812,0.2303,27,0.0,7.68,30.0,380388703,0
CUST_01830_C1,CUST_01830,IT/소프트웨어,5-49인,Basic,Standard,12,10,0,820306,0.0127,-7.23,0.7972,-0.1251,0.1818,98,0.1667,47.54,123.0,9843672,0
CUST_01831_C1,CUST_01831,제조업,5-49인,Basic,Priority,12,10,0,2238982,-0.0015,-0.21,0.7879,-0.0389,0.2137,100,0.0,26.75,61.0,28211173,0
CUST_01831_C2,CUST_01831,제조업,5-49인,Basic,Standard,12,22,1,2809101,0.0966,11.54,0.7454,-0.005,0.2522,106,0.1111,67.2,122.0,33709212,0
CUST_01832_C1,CUST_01832,IT/소프트웨어,5-49인,Basic,Standard,36,34,0,5960050,0.0246,5.66,0.7439,-0.0472,0.1824,112,0.0,52.04,122.0,71520600,0
CUST_01832_C2,CUST_01832,IT/소프트웨어,5-49인,Basic,Priority,12,46,1,7049609,0.0538,0.45,0.8362,0.1323,0.134,109,0.0,24.17,61.0,88825073,0
CUST_01832_C3,CUST_01832,IT/소프트웨어,5-49인,Basic,Standard,12,58,2,7405289,0.0691,-1.23,0.7053,-0.0089,0.2774,152,0.1765,54.64,123.0,88863468,0
CUST_01833_C1,CUST_01833,제조업,5-49인,Standard,Priority,36,34,0,2708465,-0.0404,10.45,0.7077,0.1533,0.2354,55,0.0,22.53,59.0,37539325,0
CUST_01834_C1,CUST_01834,의료/헬스케어,5-49인,Standard,Standard,24,22,0,5401885,-0.0104,7.83,0.7448,0.0446,0.1703,52,0.1053,65.46,306.0,71304882,0
CUST_01834_C2,CUST_01834,의료/헬스케어,5-49인,Standard,Enterprise,24,46,1,5267981,0.04,3.85,0.7071,0.0918,0.2059,62,0.1765,5.48,122.0,79967952,0
CUST_01834_C3,CUST_01834,의료/헬스케어,5-49인,Standard,Priority,24,70,2,6615934,0.0137,10.48,0.6896,0.0367,0.2143,60,0.1429,19.88,184.0,91696845,0
CUST_01835_C1,CUST_01835,금융/보험,5-49인,Basic,Priority,24,22,0,1621955,0.0132,17.82,0.6763,0.0052,0.2307,129,0.0,17.29,62.0,20436633,0
CUST_01836_C1,CUST_01836,교육,5-49인,Basic,Standard,24,22,0,1797693,-0.0579,-6.62,0.7304,0.0104,0.1746,118,0.2778,75.64,122.0,21572316,0
CUST_01837_C1,CUST_01837,기타서비스업,5-49인,Standard,Standard,36,34,0,3048567,0.0269,17.6,0.7527,-0.117,0.197,66,0.2,55.22,487.0,40241084,0
CUST_01838_C1,CUST_01838,금융/보험,5-49인,Standard,Priority,12,10,0,2018798,0.073,9.35,0.6459,-0.0516,0.2653,87,0.2,23.1,61.0,27980540,0
CUST_01839_C1,CUST_01839,물류/운송,5-49인,Basic,Standard,12,10,0,7308600,-0.0192,-7.94,0.8119,0.0027,0.1156,81,0.1429,55.43,122.0,87703200,0
CUST_01839_C2,CUST_01839,물류/운송,5-49인,Basic,Standard,24,34,1,7107840,0.009,7.3,0.7835,0.0347,0.1298,68,0.0,54.33,122.0,85294080,0
CUST_01839_C3,CUST_01839,물류/운송,5-49인,Basic,Standard,12,46,2,6144891,-0.0646,-1.6,0.788,0.0364,0.1845,90,0.1538,41.33,122.0,73738692,0
CUST_01840_C1,CUST_01840,제조업,5-49인,Basic,Standard,24,22,0,4931892,-0.0186,5.1,0.8098,0.1128,0.2658,119,0.1333,51.22,123.0,59182704,0
CUST_01840_C2,CUST_01840,제조업,5-49인,Basic,Standard,24,46,1,7442919,-0.0118,5.31,0.811,-0.0638,0.2373,105,0.1429,78.04,123.0,89315028,0
CUST_01840_C3,CUST_01840,제조업,5-49인,Basic,Standard,12,58,2,7183676,0.0445,3.23,0.7244,-0.1642,0.2024,115,0.0,52.94,123.0,86204112,0
CUST_01841_C1,CUST_01841,교육,5-49인,Basic,Standard,36,34,0,1868794,0.0264,1.59,0.7204,0.0103,0.2385,129,0.0,61.83,120.0,22425528,0
CUST_01842_C1,CUST_01842,제조업,5-49인,Basic,Standard,24,22,0,4985654,0.0867,15.2,0.7674,0.0491,0.1828,125,0.1111,64.45,306.0,59827848,0
CUST_01842_C2,CUST_01842,제조업,5-49인,Basic,Priority,12,34,1,4378392,0.041,-0.48,0.8203,-0.0324,0.1985,94,0.1333,18.51,61.0,55167739,0
CUST_01842_C3,CUST_01842,제조업,5-49인,Basic,Enterprise,24,58,2,5382959,0.0119,6.84,0.745,-0.0472,0.1886,123,0.0769,6.27,31.0,74284834,0
CUST_01843_C1,CUST_01843,유통/커머스,300인이상,Premium,Enterprise,12,10,0,163690073,-0.0133,8.02,0.6858,-0.0522,0.2444,28,0.0,7.87,123.0,2823653759,0
CUST_01843_C2,CUST_01843,유통/커머스,300인이상,Premium,Enterprise,24,34,1,142077903,0.0146,12.96,0.6881,0.0901,0.2873,40,0.0952,5.58,31.0,2450843827,0
CUST_01844_C1,CUST_01844,교육,5-49인,Standard,Priority,12,10,0,731603,0.0771,-2.76,0.7568,-0.1087,0.2209,61,0.0,21.35,61.0,10140018,0
CUST_01845_C1,CUST_01845,IT/소프트웨어,5-49인,Standard,Priority,24,22,0,10554956,0.0487,20.63,0.6262,0.1017,0.2526,104,0.0909,21.94,59.0,146291690,1
CUST_01846_C1,CUST_01846,교육,5-49인,Basic,Standard,12,10,0,3095788,0.0443,8.11,0.7148,0.0227,0.1998,131,0.2353,58.76,120.0,37149456,0
CUST_01847_C1,CUST_01847,금융/보험,50-299인,Basic,Standard,24,22,0,8792483,-0.0403,14.14,0.578,-0.148,0.3342,211,0.2692,59.43,123.0,105509796,1
CUST_01848_C1,CUST_01848,유통/커머스,5-49인,Standard,Standard,12,10,0,2616949,0.03,0.72,0.7729,-0.0406,0.1762,49,0.1429,69.1,122.0,34543727,0
CUST_01849_C1,CUST_01849,유통/커머스,5-49인,Basic,Standard,24,22,0,4518211,0.03,16.77,0.6842,0.1185,0.258,119,0.0714,57.35,123.0,54218532,0
CUST_01849_C2,CUST_01849,유통/커머스,5-49인,Basic,Priority,36,58,1,4882041,-0.0383,9.4,0.6571,0.0204,0.2715,124,0.2308,20.75,62.0,61513717,0
CUST_01849_C3,CUST_01849,유통/커머스,5-49인,Basic,Standard,12,70,2,4672966,0.0053,7.27,0.6402,0.1841,0.2795,124,0.1053,57.89,123.0,56075592,0
CUST_01850_C1,CUST_01850,유통/커머스,5-49인,Premium,Enterprise,12,10,0,2970852,0.0081,-4.2,0.8267,0.0042,0.1099,16,0.0,5.38,31.0,51247197,0
CUST_01850_C2,CUST_01850,유통/커머스,5-49인,Premium,Priority,12,22,1,3197384,0.0555,0.45,0.741,-0.0179,0.2273,29,0.0,16.31,184.0,50358798,0
CUST_01850_C3,CUST_01850,유통/커머스,5-49인,Premium,Enterprise,24,46,2,3124975,0.0094,6.1,0.7445,0.112,0.1931,25,0.0,6.61,31.0,53905819,0
CUST_01851_C1,CUST_01851,IT/소프트웨어,5-49인,Basic,Priority,24,22,0,3586201,-0.006,7.04,0.7581,-0.0006,0.2229,118,0.0,23.81,62.0,45186133,0
CUST_01852_C1,CUST_01852,금융/보험,5-49인,Standard,Priority,12,10,0,1830627,0.0577,1.01,0.7893,0.03,0.1914,63,0.0526,26.99,59.0,25372490,0
CUST_01852_C2,CUST_01852,금융/보험,5-49인,Standard,Enterprise,24,34,1,2134896,-0.048,10.31,0.7669,-0.0869,0.2388,57,0.0,7.23,31.0,32407721,0
CUST_01853_C1,CUST_01853,IT/소프트웨어,5-49인,Standard,Priority,12,10,0,1465996,0.0745,11.41,0.7521,-0.127,0.2408,74,0.0435,26.23,61.0,20318705,0
CUST_01853_C2,CUST_01853,IT/소프트웨어,5-49인,Standard,Standard,12,22,1,1604417,0.0397,8.51,0.6609,-0.0631,0.2278,56,0.0952,60.78,121.0,21178304,0
CUST_01853_C3,CUST_01853,IT/소프트웨어,5-49인,Standard,Priority,24,46,2,1796764,0.0284,17.87,0.7016,-0.0711,0.2666,89,0.0833,24.66,304.0,24903149,0
CUST_01854_C1,CUST_01854,기타서비스업,5-49인,Basic,Priority,24,22,0,1909854,0.0195,15.35,0.6177,-0.1345,0.2282,130,0.0,26.71,59.0,24064160,0
CUST_01855_C1,CUST_01855,제조업,50-299인,Basic,Priority,24,22,0,66125935,0.0745,20.83,0.6171,-0.0793,0.2598,163,0.2308,20.54,181.0,833186781,1
CUST_01856_C1,CUST_01856,제조업,5-49인,Basic,Standard,24,22,0,4471780,-0.0345,11.19,0.7077,0.0157,0.2171,109,0.25,61.01,121.0,53661360,0
CUST_01856_C2,CUST_01856,제조업,5-49인,Basic,Standard,12,34,1,2768798,-0.0032,-2.59,0.7613,0.0321,0.1945,115,0.2632,55.19,122.0,33225576,1
CUST_01857_C1,CUST_01857,IT/소프트웨어,50-299인,Standard,Priority,24,22,0,17654825,0.0018,7.61,0.7568,-0.0021,0.1576,56,0.0,25.8,61.0,244695875,0
CUST_01858_C1,CUST_01858,유통/커머스,5-49인,Basic,Priority,12,10,0,4640569,-0.0188,0.66,0.7177,0.091,0.2457,125,0.1667,21.61,182.0,58471169,0
CUST_01858_C2,CUST_01858,유통/커머스,5-49인,Basic,Standard,24,34,1,5495773,-0.0185,12.25,0.7383,-0.1332,0.2172,98,0.1429,79.67,487.0,65949276,0
CUST_01858_C3,CUST_01858,유통/커머스,5-49인,Basic,Priority,24,58,2,6766383,0.0734,16.82,0.7341,0.132,0.2111,96,0.1333,20.18,61.0,85256426,0
CUST_01859_C1,CUST_01859,제조업,5-49인,Basic,Standard,12,10,0,3407000,0.0149,-3.3,0.7669,0.0284,0.1449,84,0.0833,39.53,120.0,40884000,0
CUST_01859_C2,CUST_01859,제조업,5-49인,Basic,Standard,24,34,1,3550207,0.0728,1.6,0.8296,0.1887,0.1596,67,0.1429,56.52,120.0,42602484,0
CUST_01859_C3,CUST_01859,제조업,5-49인,Basic,Standard,12,46,2,3941417,-0.0167,0.76,0.7973,-0.0199,0.2122,83,0.0588,49.29,120.0,47297004,1
CUST_01860_C1,CUST_01860,IT/소프트웨어,5-49인,Basic,Standard,12,10,0,5398044,0.0399,7.1,0.761,0.0123,0.2061,108,0.0769,56.6,120.0,64776528,0
CUST_01860_C2,CUST_01860,IT/소프트웨어,5-49인,Basic,Standard,12,22,1,5834640,0.0208,11.08,0.8091,-0.063,0.1959,99,0.2,39.91,120.0,70015680,0
CUST_01861_C1,CUST_01861,제조업,5-49인,Basic,Enterprise,24,22,0,4985033,0.0322,10.63,0.7483,-0.0588,0.2213,128,0.0,6.67,31.0,68793455,0
CUST_01862_C1,CUST_01862,유통/커머스,50-299인,Standard,Priority,24,22,0,14896075,-0.0271,7.05,0.708,0.0618,0.2483,62,0.05,21.66,61.0,206459600,0
CUST_01863_C1,CUST_01863,IT/소프트웨어,5-49인,Basic,Standard,24,22,0,2252020,0.0139,8.1,0.7486,0.0321,0.1622,102,0.0,47.64,122.0,27024240,0
CUST_01864_C1,CUST_01864,IT/소프트웨어,5-49인,Basic,Standard,24,22,0,3294619,0.0208,11.79,0.7975,-0.1249,0.1643,81,0.1818,67.28,121.0,39535428,0
CUST_01864_C2,CUST_01864,IT/소프트웨어,5-49인,Basic,Standard,24,46,1,3278497,0.0008,-1.01,0.7655,0.1842,0.0969,82,0.0,46.93,120.0,39341964,0
CUST_01865_C1,CUST_01865,기타서비스업,5-49인,Basic,Priority,12,10,0,1843965,0.0536,12.3,0.6922,0.0011,0.2266,121,0.0769,21.23,61.0,23233959,0
CUST_01866_C1,CUST_01866,금융/보험,50-299인,Basic,Priority,24,22,0,5055117,0.0233,5.49,0.7043,-0.0239,0.2404,126,0.1333,19.02,61.0,63694474,1
CUST_01867_C1,CUST_01867,유통/커머스,5-49인,Basic,Priority,12,10,0,3704220,0.0481,2.98,0.635,-0.044,0.2417,145,0.15,23.62,182.0,46673172,0
CUST_01868_C1,CUST_01868,IT/소프트웨어,50-299인,Basic,Standard,12,10,0,9272621,0.0081,5.53,0.6781,0.131,0.2256,116,0.1429,48.65,,111271452,0
CUST_01869_C1,CUST_01869,유통/커머스,50-299인,Standard,Priority,12,10,0,12646034,0.0517,1.11,0.8423,-0.0797,0.161,55,0.0,18.65,61.0,175274031,0
CUST_01869_C2,CUST_01869,유통/커머스,50-299인,Standard,Standard,24,34,1,14385513,0.0176,8.08,0.7259,0.0423,0.1755,70,0.1875,47.39,122.0,189888772,0
CUST_01869_C3,CUST_01869,유통/커머스,50-299인,Standard,Enterprise,12,46,2,16994720,0.0175,-1.03,0.7226,0.0599,0.2256,76,0.0667,6.97,30.0,257979850,1
CUST_01870_C1,CUST_01870,IT/소프트웨어,5-49인,Standard,Standard,36,34,0,2042155,0.0567,31.2,0.6378,0.0176,0.3042,82,0.2,70.58,121.0,26956446,0
CUST_01870_C2,CUST_01870,IT/소프트웨어,5-49인,Standard,Priority,12,46,1,1434644,0.0007,7.31,0.7041,0.0647,0.2517,69,0.1429,22.04,60.0,19884166,1
CUST_01871_C1,CUST_01871,제조업,50-299인,Standard,Priority,36,34,0,33513040,-0.0151,4.39,0.7847,-0.0003,0.2047,41,0.0714,26.08,61.0,464490734,0
CUST_01872_C1,CUST_01872,금융/보험,5-49인,Basic,Priority,24,22,0,3338498,-0.0394,9.95,0.6887,0.0159,0.2611,147,0.0667,20.89,61.0,42065075,0
CUST_01872_C2,CUST_01872,금융/보험,5-49인,Basic,Standard,24,46,1,3527864,-0.0562,1.87,0.7719,-0.1469,0.151,130,0.0,56.89,304.0,42334368,0
CUST_01872_C3,CUST_01872,금융/보험,5-49인,Basic,Standard,12,58,2,4929874,0.0157,2.09,0.8014,0.0877,0.2644,75,0.25,34.53,122.0,59158488,0
CUST_01873_C1,CUST_01873,교육,300인이상,Premium,Standard,24,22,0,29042895,0.0022,15.08,0.7627,-0.0337,0.285,38,0.3182,63.31,123.0,435643425,0
CUST_01873_C2,CUST_01873,교육,300인이상,Premium,Enterprise,12,34,1,31534236,0.0149,11.71,0.7189,-0.1099,0.1776,31,0.0,7.59,31.0,543965571,0
CUST_01874_C1,CUST_01874,의료/헬스케어,5-49인,Basic,Standard,24,22,0,3250077,0.0098,8.99,0.7018,0.0066,0.3131,137,0.1905,54.71,305.0,39000924,0
CUST_01875_C1,CUST_01875,유통/커머스,5-49인,Basic,Standard,12,10,0,3598473,0.0401,13.06,0.5844,-0.1212,0.2607,183,0.3913,47.47,122.0,43181676,1
CUST_01876_C1,CUST_01876,기타서비스업,5-49인,Standard,Priority,12,10,0,6511044,0.0385,3.78,0.7067,0.0001,0.2407,75,0.0,22.53,184.0,90243070,0
CUST_01876_C2,CUST_01876,기타서비스업,5-49인,Standard,Priority,12,22,1,7125965,-0.0141,4.54,0.7257,-0.0694,0.2232,58,0.3333,20.48,61.0,98765875,0
CUST_01877_C1,CUST_01877,물류/운송,5-49인,Basic,Standard,24,22,0,2823880,-0.0034,12.87,0.6821,-0.0496,0.2484,140,0.25,60.1,305.0,33886560,0
CUST_01877_C2,CUST_01877,물류/운송,5-49인,Basic,Priority,12,34,1,3504830,0.1261,12.44,0.5988,-0.0933,0.2915,203,0.0625,23.19,61.0,44160858,1
CUST_01878_C1,CUST_01878,교육,50-299인,Premium,Enterprise,12,10,0,21536639,-0.007,7.81,0.6917,0.0332,0.1738,28,0.0,8.49,214.0,371507023,0
CUST_01879_C1,CUST_01879,유통/커머스,50-299인,Premium,Standard,24,22,0,60900492,0.0304,10.73,0.7086,0.195,0.2088,34,0.1333,53.62,123.0,913507380,0
CUST_01879_C2,CUST_01879,유통/커머스,50-299인,Premium,Enterprise,36,58,1,80113918,-0.065,12.92,0.7228,0.0255,0.2188,38,0.0769,7.68,31.0,1381965086,0
CUST_01880_C1,CUST_01880,IT/소프트웨어,5-49인,Standard,Priority,12,10,0,3778426,0.0363,1.19,0.7108,0.0346,0.2511,68,0.1111,19.97,59.0,52368984,0
CUST_01881_C1,CUST_01881,제조업,5-49인,Basic,Standard,12,10,0,1977633,-0.0619,-2.18,0.6778,-0.0079,0.2385,157,0.28,55.3,,23731596,0
CUST_01881_C2,CUST_01881,제조업,5-49인,Basic,Priority,12,22,1,2227422,0.0079,8.37,0.6189,-0.0391,0.2301,135,0.1667,27.55,183.0,28065517,1
CUST_01882_C1,CUST_01882,물류/운송,5-49인,Basic,Standard,12,10,0,1720172,0.0593,9.88,0.7469,-0.0016,0.1908,97,0.0909,54.46,122.0,20642064,0
CUST_01883_C1,CUST_01883,IT/소프트웨어,5-49인,Basic,Standard,24,22,0,3129343,0.0291,10.47,0.6569,0.0063,0.2461,164,0.1818,45.04,122.0,37552116,0
CUST_01883_C2,CUST_01883,IT/소프트웨어,5-49인,Basic,Standard,12,34,1,3518598,-0.0146,1.01,0.6656,-0.0239,0.2777,167,0.1765,63.04,122.0,42223176,1
CUST_01884_C1,CUST_01884,유통/커머스,5-49인,Basic,Standard,12,10,0,2616182,0.0023,5.14,0.6395,0.1062,0.2679,133,0.3846,80.57,120.0,31394184,1
CUST_01885_C1,CUST_01885,기타서비스업,5-49인,Standard,Standard,12,10,0,5217523,-0.0281,1.29,0.7555,-0.0352,0.1044,52,0.1111,51.27,122.0,68871304,0
CUST_01885_C2,CUST_01885,기타서비스업,5-49인,Standard,Enterprise,24,34,1,5507381,-0.0087,-0.1,0.788,0.0487,0.1579,45,0.0,5.51,31.0,83602044,0
CUST_01886_C1,CUST_01886,IT/소프트웨어,5-49인,Basic,Standard,24,22,0,2490975,0.0508,20.13,0.7658,0.0051,0.1963,125,0.2308,78.82,123.0,29891700,1
CUST_01887_C1,CUST_01887,제조업,5-49인,Basic,Standard,24,22,0,3663660,0.0412,2.9,0.8165,-0.0696,0.1815,125,0.1538,62.35,123.0,43963920,0
CUST_01887_C2,CUST_01887,제조업,5-49인,Basic,Standard,36,58,1,4641900,0.0063,15.59,0.6611,0.0052,0.2807,156,0.3158,46.26,123.0,55702800,0
CUST_01887_C3,CUST_01887,제조업,5-49인,Basic,Standard,24,82,2,3951650,0.073,10.99,0.7554,0.0405,0.2229,118,0.05,55.77,305.0,47419800,0
CUST_01888_C1,CUST_01888,유통/커머스,5-49인,Basic,Standard,12,10,0,6694604,0.0003,9.74,0.6731,-0.0312,0.2748,169,0.3333,55.25,122.0,80335248,1
CUST_01889_C1,CUST_01889,유통/커머스,5-49인,Standard,Priority,12,10,0,7341378,0.0288,1.72,0.6619,0.1604,0.225,84,0.0476,23.79,61.0,101751499,0
CUST_01890_C1,CUST_01890,교육,5-49인,Basic,Standard,12,10,0,3233181,-0.0223,8.25,0.7481,0.0391,0.2325,109,0.2308,47.63,122.0,38798172,0
CUST_01891_C1,CUST_01891,의료/헬스케어,5-49인,Standard,Priority,24,22,0,3489649,0.0083,14.57,0.712,-0.061,0.2312,66,0.0,25.27,61.0,48366535,0
CUST_01891_C2,CUST_01891,의료/헬스케어,5-49인,Standard,Standard,12,34,1,3641662,-0.0462,6.02,0.7193,0.0951,0.2701,74,0.15,52.98,304.0,48069938,0
CUST_01892_C1,CUST_01892,교육,5-49인,Standard,Standard,24,22,0,4273170,0.0188,12.25,0.7058,-0.0212,0.2259,59,0.2222,61.02,123.0,56405844,0
CUST_01893_C1,CUST_01893,제조업,5-49인,Basic,Standard,12,10,0,3947415,-0.0087,3.64,0.6996,0.0846,0.2446,124,0.2308,71.49,123.0,47368980,0
CUST_01893_C2,CUST_01893,제조업,5-49인,Basic,Standard,12,22,1,3514268,0.0342,2.53,0.7737,0.0262,0.2013,136,0.375,65.37,123.0,42171216,0
CUST_01893_C3,CUST_01893,제조업,5-49인,Basic,Standard,36,58,2,7482644,-0.0117,16.58,0.6633,-0.182,0.1544,97,0.2857,57.76,123.0,89791728,0
CUST_01894_C1,CUST_01894,IT/소프트웨어,5-49인,Basic,Priority,12,10,0,9984603,-0.0079,5.54,0.7769,0.051,0.1705,117,0.0,17.37,59.0,125805998,0
CUST_01895_C1,CUST_01895,유통/커머스,5-49인,Basic,Standard,12,10,0,3398225,-0.0045,6.93,0.7737,0.1066,0.2543,93,0.3333,80.16,122.0,40778700,0
CUST_01896_C1,CUST_01896,유통/커머스,5-49인,Basic,Standard,24,22,0,1894388,-0.0326,0.91,0.7228,0.0613,0.2399,105,0.1667,47.52,122.0,22732656,0
CUST_01897_C1,CUST_01897,제조업,50-299인,Basic,Standard,36,34,0,27479729,-0.0656,9.32,0.7176,0.0839,0.2569,119,0.1111,48.77,121.0,329756748,0
CUST_01898_C1,CUST_01898,의료/헬스케어,50-299인,Basic,Standard,24,22,0,5589801,-0.0062,1.51,0.8445,0.0798,0.1791,95,0.1429,58.44,120.0,67077612,0
CUST_01898_C2,CUST_01898,의료/헬스케어,50-299인,Basic,Standard,12,34,1,7387817,0.0668,10.29,0.7597,-0.0079,0.1908,120,0.0,57.19,120.0,88653804,0
CUST_01899_C1,CUST_01899,의료/헬스케어,5-49인,Standard,Standard,12,10,0,12706768,-0.0012,2.01,0.6987,-0.0234,0.2253,85,0.2222,50.94,122.0,167729338,0
CUST_01900_C1,CUST_01900,금융/보험,5-49인,Basic,Standard,36,34,0,5196594,0.0452,13.67,0.6338,0.1076,0.2392,146,0.3684,77.08,122.0,62359128,1
CUST_01901_C1,CUST_01901,의료/헬스케어,50-299인,Basic,Standard,12,10,0,3469253,-0.0173,-1.59,0.7179,-0.004,0.2367,109,0.1053,55.12,123.0,41631036,0
CUST_01901_C2,CUST_01901,의료/헬스케어,50-299인,Basic,Standard,36,46,1,4665363,0.0349,18.3,0.8189,0.0288,0.2029,90,0.1667,53.15,123.0,55984356,0
CUST_01901_C3,CUST_01901,의료/헬스케어,50-299인,Basic,Priority,12,58,2,5286570,-0.0382,2.66,0.7203,0.0214,0.1511,108,0.0,19.72,184.0,66610782,0
CUST_01902_C1,CUST_01902,제조업,50-299인,Basic,Priority,24,22,0,4787975,-0.011,16.9,0.7096,0.0989,0.2781,150,0.1852,22.7,60.0,60328485,1
CUST_01903_C1,CUST_01903,유통/커머스,50-299인,Basic,Standard,36,34,0,11771765,0.0534,10.21,0.7876,-0.0532,0.2234,102,0.1429,75.59,123.0,141261180,0
CUST_01904_C1,CUST_01904,유통/커머스,5-49인,Standard,Priority,36,34,0,3515303,0.011,0.53,0.8078,0.1582,0.1284,42,0.0,23.41,61.0,48722100,0
CUST_01904_C2,CUST_01904,유통/커머스,5-49인,Standard,Standard,24,58,1,4857739,0.0633,15.24,0.8098,-0.0133,0.1598,35,0.4,38.6,122.0,64122155,0
CUST_01905_C1,CUST_01905,의료/헬스케어,5-49인,Basic,Standard,12,10,0,646653,0.0005,-6.55,0.7183,0.0889,0.1962,87,0.1538,47.08,122.0,7759836,0
CUST_01905_C2,CUST_01905,의료/헬스케어,5-49인,Basic,Standard,12,23,1,708938,0.0062,4.24,0.803,-0.0066,0.2023,100,0.0833,54.97,122.0,8507256,0
CUST_01906_C1,CUST_01906,유통/커머스,5-49인,Standard,Priority,24,22,0,1650790,0.0725,8.61,0.7625,-0.0353,0.149,73,0.0667,24.41,61.0,22879949,0
CUST_01907_C1,CUST_01907,금융/보험,5-49인,Premium,Enterprise,12,10,0,2023783,0.0495,4.27,0.7517,0.07,0.2187,37,0.05,6.76,30.0,34910257,0
CUST_01908_C1,CUST_01908,제조업,5-49인,Standard,Priority,12,10,0,5807953,0.0569,8.53,0.6338,-0.1438,0.2142,71,0.2,17.28,61.0,80498229,0
CUST_01908_C2,CUST_01908,제조업,5-49인,Standard,Priority,24,34,1,6545330,-0.0122,12.33,0.7505,0.0088,0.2525,62,0.0,22.55,61.0,90718274,0
CUST_01909_C1,CUST_01909,의료/헬스케어,5-49인,Basic,Standard,12,10,0,2029329,0.0063,-6.01,0.7257,0.0575,0.1652,93,0.1,43.43,,24351948,0
CUST_01909_C2,CUST_01909,의료/헬스케어,5-49인,Basic,Standard,12,22,1,2908575,0.0495,6.53,0.804,-0.0015,0.179,86,0.4286,49.92,305.0,34902900,0
CUST_01909_C3,CUST_01909,의료/헬스케어,5-49인,Basic,Priority,24,46,2,2916371,-0.0287,0.82,0.7094,-0.0451,0.2225,123,0.0714,23.17,61.0,36746275,0
CUST_01910_C1,CUST_01910,IT/소프트웨어,5-49인,Basic,Priority,24,22,0,5501127,-0.0367,7.13,0.7105,0.0469,0.2336,96,0.2143,21.8,59.0,69314200,1
CUST_01911_C1,CUST_01911,교육,5-49인,Standard,Priority,12,10,0,7406022,-0.011,1.75,0.847,0.007,0.1443,32,0.0909,24.21,60.0,102647465,0
CUST_01912_C1,CUST_01912,유통/커머스,5-49인,Basic,Standard,24,22,0,10154330,0.0414,23.77,0.5232,-0.0259,0.3264,207,0.1481,44.12,122.0,121851960,1
CUST_01913_C1,CUST_01913,제조업,5-49인,Basic,Priority,12,10,0,3064700,0.042,8.83,0.6695,-0.1063,0.2396,136,0.1333,29.85,184.0,38615220,0
CUST_01914_C1,CUST_01914,IT/소프트웨어,5-49인,Basic,Standard,36,34,0,5329236,0.0537,20.64,0.6136,0.0646,0.3103,270,0.1481,62.86,121.0,63950832,1
CUST_01915_C1,CUST_01915,제조업,5-49인,Basic,Standard,24,22,0,2785170,-0.0418,13.42,0.5696,0.0768,0.3242,185,0.2083,64.82,122.0,33422040,1
CUST_01916_C1,CUST_01916,IT/소프트웨어,5-49인,Basic,Priority,24,22,0,1595004,0.1165,0.17,0.7961,-0.1123,0.1303,66,0.0,22.98,61.0,20097050,0
CUST_01916_C2,CUST_01916,IT/소프트웨어,5-49인,Basic,Standard,12,34,1,1732577,0.0289,-2.77,0.8351,-0.0357,0.177,104,0.1429,41.55,120.0,20790924,1
CUST_01917_C1,CUST_01917,유통/커머스,5-49인,Basic,Standard,24,22,0,3864480,-0.0067,5.0,0.784,0.1032,0.2179,108,0.0769,69.02,120.0,46373760,0
CUST_01918_C1,CUST_01918,교육,5-49인,Basic,Priority,36,34,0,2822726,0.0563,21.62,0.6351,-0.0791,0.3147,114,0.0556,20.78,62.0,35566348,1
CUST_01919_C1,CUST_01919,유통/커머스,5-49인,Basic,Standard,12,10,0,3588293,0.0752,2.64,0.8632,0.0394,0.1355,75,0.0,57.05,120.0,43059516,0
CUST_01919_C2,CUST_01919,유통/커머스,5-49인,Basic,Priority,24,34,1,3510152,-0.0189,-0.17,0.7866,-0.0381,0.1819,102,0.0,26.02,61.0,44227915,0
CUST_01919_C3,CUST_01919,유통/커머스,5-49인,Basic,Standard,12,46,2,3393101,-0.0512,-2.14,0.6664,-0.0467,0.2312,117,0.0,44.8,120.0,40717212,0
CUST_01920_C1,CUST_01920,IT/소프트웨어,5-49인,Basic,Enterprise,12,10,0,5198361,0.0707,9.0,0.7282,-0.1028,0.1949,118,0.0,6.21,31.0,71737382,0
CUST_01921_C1,CUST_01921,제조업,5-49인,Basic,Standard,12,10,0,2515043,-0.0064,-2.96,0.7936,0.0878,0.244,134,0.1111,66.43,122.0,30180516,0
CUST_01921_C2,CUST_01921,제조업,5-49인,Basic,Standard,24,34,1,2325503,-0.0085,9.04,0.7274,-0.0399,0.2717,114,0.125,52.88,122.0,27906036,0
CUST_01922_C1,CUST_01922,제조업,5-49인,Standard,Standard,12,10,0,10547011,0.0334,1.74,0.6972,-0.1397,0.2218,59,0.2308,51.77,121.0,139220545,0
CUST_01923_C1,CUST_01923,금융/보험,5-49인,Basic,Standard,12,10,0,3447266,0.0009,5.01,0.6681,-0.0953,0.2423,164,0.3529,56.03,,41367192,0
CUST_01923_C2,CUST_01923,금융/보험,5-49인,Basic,Priority,12,22,1,3881616,-0.023,11.95,0.657,0.0841,0.1942,128,0.1875,20.04,61.0,48908362,1
CUST_01924_C1,CUST_01924,기타서비스업,5-49인,Standard,Priority,12,10,0,4629928,-0.0536,9.26,0.6929,-0.0957,0.2412,76,0.0,22.02,61.0,64170802,0
CUST_01924_C2,CUST_01924,기타서비스업,5-49인,Standard,Standard,24,34,1,3424674,-0.0359,2.41,0.786,-0.1056,0.1926,62,0.1538,59.47,122.0,45205697,0
CUST_01924_C3,CUST_01924,기타서비스업,5-49인,Standard,Priority,24,58,2,2708578,0.0089,7.57,0.7372,0.0282,0.2165,69,0.0588,20.72,61.0,37540891,0
CUST_01925_C1,CUST_01925,제조업,5-49인,Basic,Standard,12,10,0,4057242,-0.0004,-0.53,0.748,-0.1159,0.1658,112,0.0769,49.43,,48686904,0
CUST_01926_C1,CUST_01926,금융/보험,50-299인,Premium,Priority,24,22,0,34091700,-0.0236,7.54,0.7577,0.0221,0.1707,24,0.0,21.07,62.0,536944275,0
CUST_01927_C1,CUST_01927,IT/소프트웨어,5-49인,Basic,Priority,24,22,0,3450023,0.0762,10.64,0.7818,-0.0019,0.1731,98,0.0,21.47,60.0,43470290,0
CUST_01928_C1,CUST_01928,물류/운송,50-299인,Standard,Priority,36,34,0,11556288,0.0631,6.76,0.832,-0.0579,0.173,48,0.0,17.07,61.0,160170152,0
CUST_01928_C2,CUST_01928,물류/운송,50-299인,Standard,Priority,24,58,1,11550254,-0.002,0.13,0.8239,-0.06,0.1473,60,0.0,19.24,61.0,160086520,0
CUST_01929_C1,CUST_01929,제조업,5-49인,Basic,Standard,24,22,0,1203596,0.0074,-0.65,0.7943,-0.0765,0.2047,99,0.125,60.0,122.0,14443152,0
CUST_01930_C1,CUST_01930,금융/보험,5-49인,Premium,Enterprise,12,10,0,15204093,0.0261,-0.58,0.7555,-0.0438,0.1615,29,0.0667,7.31,31.0,262270604,0
CUST_01931_C1,CUST_01931,유통/커머스,5-49인,Standard,Priority,24,22,0,3474242,0.0857,18.84,0.6941,0.0993,0.2611,83,0.15,26.91,184.0,48152994,0
CUST_01931_C2,CUST_01931,유통/커머스,5-49인,Standard,Priority,36,58,1,4128393,-0.0142,17.91,0.6519,0.1082,0.2571,83,0.1429,20.33,61.0,57219527,0
CUST_01932_C1,CUST_01932,의료/헬스케어,5-49인,Basic,Standard,24,22,0,5322784,0.0438,9.22,0.7378,0.0048,0.2467,177,0.2083,74.87,122.0,63873408,1
CUST_01933_C1,CUST_01933,금융/보험,5-49인,Basic,Standard,24,22,0,6561823,0.0036,19.11,0.6511,-0.0182,0.3059,163,0.3333,49.33,122.0,78741876,1
CUST_01934_C1,CUST_01934,IT/소프트웨어,50-299인,Basic,Priority,12,10,0,7391474,-0.0275,-4.47,0.6979,-0.0854,0.1938,99,0.0,18.74,61.0,93132572,0
CUST_01934_C2,CUST_01934,IT/소프트웨어,50-299인,Basic,Standard,24,34,1,8662729,0.0184,1.29,0.7778,0.0073,0.2023,86,0.0833,46.58,123.0,103952748,0
CUST_01934_C3,CUST_01934,IT/소프트웨어,50-299인,Basic,Priority,24,58,2,9914837,0.0198,9.69,0.712,-0.1173,0.2355,120,0.0,17.93,61.0,124926946,0
CUST_01935_C1,CUST_01935,교육,50-299인,Standard,Priority,24,22,0,13558222,0.0499,11.08,0.7011,-0.0757,0.2733,66,0.1667,22.48,61.0,187916957,0
CUST_01936_C1,CUST_01936,교육,5-49인,Basic,Standard,24,22,0,2690633,0.0655,8.28,0.7863,-0.063,0.1594,102,0.0,52.55,122.0,32287596,0
CUST_01936_C2,CUST_01936,교육,5-49인,Basic,Standard,24,46,1,2985011,-0.0189,4.72,0.7235,-0.097,0.2138,107,0.2143,58.47,122.0,35820132,0
CUST_01937_C1,CUST_01937,유통/커머스,5-49인,Basic,Standard,12,10,0,2237144,-0.0131,1.24,0.6925,-0.0057,0.2141,129,0.1579,46.72,121.0,26845728,1
CUST_01938_C1,CUST_01938,금융/보험,5-49인,Standard,Standard,36,34,0,5419576,0.0668,13.34,0.7426,0.1032,0.1991,75,0.2381,42.22,122.0,71538403,0
CUST_01939_C1,CUST_01939,금융/보험,5-49인,Basic,Standard,12,10,0,4267065,0.0655,14.06,0.7381,-0.0283,0.2085,131,0.2381,56.23,122.0,51204780,0
CUST_01939_C2,CUST_01939,금융/보험,5-49인,Basic,Enterprise,24,34,1,4031748,-0.0019,6.08,0.7069,0.0406,0.1952,90,0.125,6.63,122.0,55638122,0
CUST_01940_C1,CUST_01940,금융/보험,50-299인,Standard,Enterprise,24,22,0,15188834,0.0071,2.43,0.7606,0.016,0.1733,51,0.0,6.06,30.0,230566500,0
CUST_01941_C1,CUST_01941,금융/보험,5-49인,Standard,Standard,12,10,0,3309868,0.0244,13.23,0.7456,-0.0037,0.2379,74,0.25,64.37,122.0,43690258,1
CUST_01942_C1,CUST_01942,제조업,5-49인,Premium,Standard,12,10,0,3077229,0.0648,2.5,0.7669,-0.087,0.2175,30,0.1111,63.01,122.0,46158435,0
CUST_01943_C1,CUST_01943,제조업,5-49인,Basic,Standard,12,10,0,11945778,0.0134,-3.04,0.6796,-0.0488,0.1882,118,0.3333,52.47,122.0,143349336,0
CUST_01943_C2,CUST_01943,제조업,5-49인,Basic,Priority,24,34,1,13775721,0.0285,13.33,0.7971,-0.0363,0.2115,113,0.125,18.3,181.0,173574085,0
CUST_01943_C3,CUST_01943,제조업,5-49인,Basic,Standard,12,46,2,12528924,-0.0337,1.4,0.7495,0.0383,0.1954,87,0.2222,69.94,122.0,150347088,0
CUST_01944_C1,CUST_01944,물류/운송,5-49인,Basic,Standard,36,34,0,1926682,-0.0051,7.81,0.7684,0.0387,0.2243,103,0.0714,66.61,123.0,23120184,0
CUST_01944_C2,CUST_01944,물류/운송,5-49인,Basic,Standard,12,46,1,2325442,-0.0312,9.71,0.6942,0.0701,0.1949,94,0.1,55.01,123.0,27905304,0
CUST_01945_C1,CUST_01945,금융/보험,5-49인,Standard,Enterprise,12,10,0,2570309,0.0805,12.01,0.6089,-0.0244,0.2802,93,0.0,6.83,214.0,39017291,1
CUST_01946_C1,CUST_01946,유통/커머스,5-49인,Standard,Standard,24,22,0,3479991,-0.0061,0.17,0.7729,0.0271,0.1714,47,0.0,38.2,122.0,45935881,0
CUST_01946_C2,CUST_01946,유통/커머스,5-49인,Standard,Priority,36,58,1,3433080,0.0603,6.07,0.8825,0.0587,0.1258,43,0.0,24.23,59.0,47582489,0
CUST_01947_C1,CUST_01947,IT/소프트웨어,5-49인,Basic,Standard,24,22,0,5556075,0.0275,10.79,0.8289,0.0987,0.2199,105,0.25,49.11,304.0,66672900,0
CUST_01948_C1,CUST_01948,의료/헬스케어,50-299인,Standard,Priority,24,22,0,18261387,-0.0079,1.77,0.7811,0.045,0.1776,49,0.0714,23.02,61.0,253102824,0
CUST_01949_C1,CUST_01949,교육,5-49인,Basic,Standard,36,34,0,2209706,0.0529,6.95,0.7342,0.1401,0.1922,131,0.0526,66.33,670.0,26516472,0
CUST_01949_C2,CUST_01949,교육,5-49인,Basic,Priority,36,70,1,5024614,-0.0295,12.17,0.7566,0.0867,0.2645,103,0.1538,22.06,61.0,63310136,0
CUST_01949_C3,CUST_01949,교육,5-49인,Basic,Standard,24,94,2,3013031,-0.0119,-0.95,0.7442,0.0204,0.1868,109,0.1429,40.67,120.0,36156372,0
CUST_01950_C1,CUST_01950,IT/소프트웨어,5-49인,Basic,Priority,12,10,0,3642922,-0.0205,-0.02,0.7494,0.0815,0.2477,122,0.15,19.68,61.0,45900817,0
CUST_01951_C1,CUST_01951,제조업,5-49인,Standard,Priority,12,10,0,3360854,0.0875,7.01,0.7523,0.0027,0.207,51,0.0,18.9,61.0,46581436,0
CUST_01951_C2,CUST_01951,제조업,5-49인,Standard,Enterprise,12,22,1,3313496,0.0427,3.33,0.7577,-0.0643,0.1509,70,0.0,7.64,31.0,50298869,0
CUST_01952_C1,CUST_01952,금융/보험,5-49인,Basic,Standard,12,10,0,4864592,0.0002,7.91,0.6854,-0.0209,0.3064,137,0.1,47.89,123.0,58375104,1
CUST_01953_C1,CUST_01953,IT/소프트웨어,50-299인,Standard,Priority,12,10,0,27642823,-0.0219,-4.76,0.8212,0.1457,0.1588,38,0.0,20.83,184.0,383129527,0
CUST_01953_C2,CUST_01953,IT/소프트웨어,50-299인,Standard,Priority,12,22,1,27225284,-0.0218,-7.74,0.8164,0.0247,0.1354,48,0.0,28.36,62.0,377342436,0
CUST_01953_C3,CUST_01953,IT/소프트웨어,50-299인,Standard,Standard,12,34,2,31955151,0.0162,2.25,0.7785,0.0767,0.1394,42,0.1333,51.29,123.0,421807993,0
CUST_01954_C1,CUST_01954,유통/커머스,5-49인,Basic,Priority,12,10,0,11225374,0.0772,15.55,0.6439,-0.1603,0.2647,157,0.0625,30.47,61.0,141439712,1
CUST_01955_C1,CUST_01955,의료/헬스케어,5-49인,Standard,Enterprise,12,10,0,4482543,-0.0338,-13.38,0.8028,-0.0362,0.1744,49,0.0,6.3,29.0,68045003,0
CUST_01955_C2,CUST_01955,의료/헬스케어,5-49인,Standard,Standard,24,34,1,5902101,0.0152,2.52,0.7507,-0.1492,0.2107,56,0.1429,83.97,304.0,77907733,0
CUST_01955_C3,CUST_01955,의료/헬스케어,5-49인,Standard,Standard,12,46,2,5726930,0.0401,0.07,0.762,0.0697,0.1986,65,0.2105,43.92,120.0,75595476,0
CUST_01956_C1,CUST_01956,제조업,5-49인,Basic,Standard,24,22,0,2854464,0.0787,16.6,0.689,0.0548,0.2463,129,0.0,46.92,121.0,34253568,0
CUST_01957_C1,CUST_01957,제조업,5-49인,Basic,Standard,24,22,0,2172981,0.0335,15.91,0.6638,-0.0163,0.2367,137,0.0667,54.7,121.0,26075772,1
CUST_01958_C1,CUST_01958,제조업,300인이상,Premium,Enterprise,24,22,0,137694528,0.0534,16.95,0.6727,-0.0614,0.276,40,0.0,6.13,31.0,2375230608,0
CUST_01959_C1,CUST_01959,IT/소프트웨어,5-49인,Basic,Priority,12,10,0,8246311,-0.0312,-5.21,0.7128,0.0658,0.2755,131,0.0476,28.35,61.0,103903519,0
CUST_01960_C1,CUST_01960,IT/소프트웨어,50-299인,Standard,Standard,12,10,0,13371851,0.0705,-0.1,0.8063,0.0065,0.2281,51,0.1667,49.73,120.0,176508433,0
CUST_01961_C1,CUST_01961,제조업,5-49인,Standard,Priority,24,22,0,6230235,0.0006,15.16,0.6644,-0.1096,0.2806,79,0.0667,22.59,62.0,86351057,0
CUST_01961_C2,CUST_01961,제조업,5-49인,Standard,Standard,12,34,1,6857730,-0.0349,13.02,0.609,0.072,0.2826,79,0.2,65.09,123.0,90522036,0
CUST_01962_C1,CUST_01962,제조업,5-49인,Basic,Standard,36,34,0,2406123,0.1004,20.51,0.7823,-0.0617,0.2743,144,0.3333,46.91,122.0,28873476,0
CUST_01962_C2,CUST_01962,제조업,5-49인,Basic,Priority,12,46,1,2145350,0.0013,8.44,0.7255,-0.0629,0.2677,116,0.125,21.56,61.0,27031410,0
CUST_01962_C3,CUST_01962,제조업,5-49인,Basic,Standard,12,58,2,2137881,0.0529,12.73,0.7376,0.0196,0.2336,140,0.0,56.59,122.0,25654572,0
CUST_01963_C1,CUST_01963,금융/보험,5-49인,Basic,Standard,12,10,0,3749061,-0.0068,15.66,0.7369,0.0552,0.3146,172,0.2727,74.6,122.0,44988732,1
CUST_01964_C1,CUST_01964,금융/보험,5-49인,Standard,Priority,12,10,0,1778891,0.0921,12.35,0.6835,-0.0586,0.1938,75,0.0455,22.27,183.0,24655429,0
CUST_01965_C1,CUST_01965,물류/운송,5-49인,Basic,Standard,36,34,0,3006496,0.0262,6.15,0.6351,-0.0381,0.3177,140,0.375,63.36,123.0,36077952,0
CUST_01966_C1,CUST_01966,IT/소프트웨어,50-299인,Premium,Enterprise,36,34,0,28596013,-0.0147,15.61,0.804,0.0385,0.1543,30,0.0,5.93,31.0,493281224,0
CUST_01967_C1,CUST_01967,유통/커머스,5-49인,Basic,Standard,24,22,0,1836631,-0.0181,6.98,0.773,0.0254,0.1693,94,0.2105,60.93,122.0,22039572,0
CUST_01967_C2,CUST_01967,유통/커머스,5-49인,Basic,Standard,36,58,1,2654731,0.036,18.93,0.8218,0.1099,0.2036,141,0.0769,48.83,121.0,31856772,0
CUST_01968_C1,CUST_01968,IT/소프트웨어,50-299인,Standard,Enterprise,24,22,0,19756821,-0.0087,-3.15,0.8245,0.0653,0.1144,38,0.0,5.77,31.0,299908543,0
CUST_01969_C1,CUST_01969,유통/커머스,5-49인,Standard,Priority,12,10,0,3027976,0.0516,10.35,0.6376,-0.0051,0.3065,114,0.087,24.64,59.0,41967747,0
CUST_01969_C2,CUST_01969,유통/커머스,5-49인,Standard,Enterprise,24,34,1,3438143,0.0104,22.26,0.6871,-0.1807,0.2829,88,0.125,7.92,29.0,52191011,0
CUST_01969_C3,CUST_01969,유통/커머스,5-49인,Standard,Priority,12,46,2,2023685,-0.1054,2.15,0.644,0.1457,0.2804,75,0.2632,20.56,59.0,28048274,0
CUST_01970_C1,CUST_01970,IT/소프트웨어,50-299인,Basic,Standard,12,10,0,21976333,0.0231,0.77,0.6595,-0.0422,0.1935,107,0.125,44.6,122.0,263715996,1
CUST_01971_C1,CUST_01971,유통/커머스,5-49인,Basic,Priority,12,10,0,1935724,0.0431,1.19,0.6781,-0.0125,0.3238,151,0.1765,17.58,61.0,24390122,0
CUST_01971_C2,CUST_01971,유통/커머스,5-49인,Basic,Priority,12,22,1,2156496,0.0073,1.94,0.6673,0.0601,0.2538,162,0.1765,19.54,61.0,27171850,0
CUST_01972_C1,CUST_01972,물류/운송,5-49인,Standard,Priority,36,34,0,1272225,-0.0292,15.95,0.7754,0.0702,0.2205,80,0.0,21.12,62.0,17633038,0
CUST_01973_C1,CUST_01973,제조업,5-49인,Standard,Priority,24,22,0,2195983,-0.0017,2.21,0.7154,0.0096,0.1878,63,0.0625,22.49,61.0,30436324,0
CUST_01974_C1,CUST_01974,유통/커머스,5-49인,Basic,Standard,12,10,0,1603799,0.02,9.91,0.6758,-0.089,0.293,172,0.25,55.81,123.0,19245588,1
CUST_01975_C1,CUST_01975,IT/소프트웨어,50-299인,Premium,Priority,12,10,0,11036919,0.0066,7.87,0.6845,-0.1063,0.2749,47,0.0,22.46,61.0,173831474,0
CUST_01975_C2,CUST_01975,IT/소프트웨어,50-299인,Standard,Priority,24,34,1,10010707,-0.0212,9.09,0.685,0.1408,0.2975,79,0.1071,22.5,61.0,138748399,0
CUST_01976_C1,CUST_01976,유통/커머스,5-49인,Basic,Standard,12,10,0,4919065,-0.0346,15.3,0.6542,-0.1142,0.2665,195,0.1429,70.09,122.0,59028780,1
CUST_01977_C1,CUST_01977,유통/커머스,50-299인,Standard,Priority,12,10,0,21597264,0.0329,3.26,0.871,0.0682,0.2103,53,0.0,22.23,61.0,299338079,0
CUST_01978_C1,CUST_01978,기타서비스업,5-49인,Basic,Standard,12,10,0,3748180,0.0768,7.33,0.6969,0.0188,0.2282,146,0.0909,70.27,123.0,44978160,0
CUST_01978_C2,CUST_01978,기타서비스업,5-49인,Basic,Standard,12,22,1,3454310,-0.0214,3.24,0.8466,-0.0146,0.2274,103,0.0833,53.42,123.0,41451720,0
CUST_01979_C1,CUST_01979,의료/헬스케어,5-49인,Basic,Standard,24,22,0,2914625,-0.0348,-2.46,0.8849,0.0152,0.1562,70,0.0909,61.23,304.0,34975500,0
CUST_01980_C1,CUST_01980,금융/보험,5-49인,Basic,Standard,12,10,0,1697682,-0.007,-0.25,0.7243,0.0524,0.2359,131,0.2,53.01,122.0,20372184,0
CUST_01980_C2,CUST_01980,금융/보험,5-49인,Basic,Standard,12,22,1,1523648,-0.0154,13.88,0.7002,0.0783,0.2209,159,0.45,73.3,122.0,18283776,0
CUST_01980_C3,CUST_01980,금융/보험,5-49인,Basic,Standard,12,34,2,1752993,0.043,14.24,0.7359,0.0054,0.2596,155,0.1111,45.04,122.0,21035916,1
CUST_01981_C1,CUST_01981,제조업,5-49인,Basic,Standard,12,10,0,2304575,0.0028,6.17,0.7337,0.0159,0.2463,150,0.25,52.62,122.0,27654900,0
CUST_01981_C2,CUST_01981,제조업,5-49인,Basic,Standard,24,34,1,2629385,-0.009,5.03,0.7048,0.0694,0.2677,124,0.2273,68.96,122.0,31552620,0
CUST_01982_C1,CUST_01982,의료/헬스케어,5-49인,Basic,Standard,12,10,0,1977425,0.0919,15.76,0.698,-0.0916,0.2681,129,0.1429,62.91,123.0,23729100,1
CUST_01983_C1,CUST_01983,IT/소프트웨어,5-49인,Standard,Enterprise,24,22,0,3385992,-0.0183,18.91,0.7233,0.0003,0.2326,96,0.0,5.67,31.0,51399359,0
CUST_01984_C1,CUST_01984,제조업,5-49인,Standard,Priority,12,10,0,1421645,-0.0122,5.56,0.6453,0.0675,0.2798,78,0.1538,21.08,61.0,19704000,0
CUST_01984_C2,CUST_01984,제조업,5-49인,Standard,Standard,12,22,1,1507443,-0.0143,6.6,0.6824,-0.0188,0.241,86,0.1429,52.76,122.0,19898248,0
CUST_01985_C1,CUST_01985,물류/운송,5-49인,Basic,Priority,12,10,0,5224344,0.057,6.2,0.6988,-0.0897,0.2452,156,0.1,18.74,59.0,65826734,1
CUST_01986_C1,CUST_01986,유통/커머스,5-49인,Premium,Enterprise,24,22,0,1410753,0.0539,6.56,0.7665,-0.0308,0.2085,22,0.0,5.61,303.0,24335489,0
CUST_01986_C2,CUST_01986,유통/커머스,5-49인,Premium,Priority,12,34,1,1678037,-0.0111,-0.26,0.7997,0.065,0.2088,29,0.1538,22.25,183.0,26429083,0
CUST_01987_C1,CUST_01987,기타서비스업,50-299인,Basic,Standard,36,34,0,7356241,-0.0443,8.48,0.7271,0.0724,0.2678,145,0.25,53.1,304.0,88274892,0
CUST_01988_C1,CUST_01988,교육,5-49인,Standard,Standard,24,22,0,2271011,-0.017,10.91,0.717,0.0284,0.2417,72,0.1667,54.27,305.0,29977345,0
CUST_01989_C1,CUST_01989,교육,5-49인,Basic,Standard,12,10,0,5278757,0.0842,14.4,0.6933,-0.0587,0.2393,130,0.2222,60.99,122.0,63345084,0
CUST_01990_C1,CUST_01990,IT/소프트웨어,50-299인,Standard,Enterprise,12,10,0,17485738,0.0072,13.18,0.695,-0.0504,0.2898,110,0.05,6.5,31.0,265433503,0
CUST_01990_C2,CUST_01990,IT/소프트웨어,50-299인,Standard,Standard,12,22,1,18080100,0.0211,10.97,0.5987,-0.0798,0.3219,79,0.1739,52.21,305.0,238657320,0
CUST_01991_C1,CUST_01991,제조업,5-49인,Premium,Priority,12,10,0,1212726,0.0832,11.02,0.7142,0.0677,0.2217,36,0.1333,18.82,61.0,19100434,0
CUST_01992_C1,CUST_01992,IT/소프트웨어,5-49인,Basic,Standard,12,10,0,2614621,0.0241,8.53,0.5984,0.0201,0.3083,196,0.2727,48.58,122.0,31375452,1
CUST_01993_C1,CUST_01993,IT/소프트웨어,5-49인,Basic,Standard,12,10,0,3385704,-0.0213,7.53,0.6895,-0.0178,0.2606,143,0.0909,65.22,122.0,40628448,1
CUST_01994_C1,CUST_01994,교육,5-49인,Basic,Standard,36,34,0,4811121,0.0132,17.9,0.7294,-0.0115,0.2409,122,0.1765,62.49,122.0,57733452,0
CUST_01995_C1,CUST_01995,물류/운송,5-49인,Basic,Standard,12,10,0,2490340,-0.006,1.73,0.7635,0.0964,0.2091,128,0.2778,52.73,122.0,29884080,0
CUST_01996_C1,CUST_01996,물류/운송,5-49인,Basic,Standard,12,10,0,1955468,-0.0041,-7.31,0.7966,-0.0748,0.162,101,0.0714,67.12,123.0,23465616,0
CUST_01996_C2,CUST_01996,물류/운송,5-49인,Basic,Standard,12,22,1,1548049,-0.0454,3.04,0.7584,-0.0406,0.2514,93,0.0,48.92,123.0,18576588,0
CUST_01997_C1,CUST_01997,유통/커머스,5-49인,Standard,Enterprise,12,10,0,2826681,-0.0002,20.01,0.5615,0.1486,0.3321,114,0.1,6.52,120.0,42909018,0
CUST_01998_C1,CUST_01998,유통/커머스,5-49인,Standard,Priority,12,10,0,4767574,-0.0182,6.47,0.5943,-0.0413,0.2944,83,0.12,21.55,62.0,66078576,0
CUST_01999_C1,CUST_01999,제조업,5-49인,Basic,Standard,36,34,0,4861423,0.0257,10.33,0.7225,-0.0866,0.3041,158,0.125,53.15,120.0,58337076,1
CUST_02000_C1,CUST_02000,금융/보험,5-49인,Premium,Priority,24,22,0,3771683,0.0252,11.98,0.6315,-0.0101,0.2768,36,0.2083,17.96,61.0,59404007,1
CUST_02001_C1,CUST_02001,의료/헬스케어,5-49인,Standard,Standard,12,10,0,1320450,0.0364,10.26,0.6356,-0.0507,0.2651,113,0.2174,82.57,120.0,17429940,0
CUST_02001_C2,CUST_02001,의료/헬스케어,5-49인,Standard,Priority,24,34,1,1417480,0.0259,15.9,0.6242,0.0405,0.2886,96,0.1667,22.38,183.0,19646273,0
CUST_02002_C1,CUST_02002,유통/커머스,5-49인,Basic,Standard,24,22,0,2257920,0.042,10.77,0.5991,0.0845,0.2996,154,0.2857,50.39,304.0,27095040,0
CUST_02003_C1,CUST_02003,IT/소프트웨어,50-299인,Premium,Standard,12,10,0,10083605,-0.0385,-0.73,0.7054,0.1017,0.2763,42,0.1765,78.44,121.0,151254075,0
CUST_02004_C1,CUST_02004,교육,5-49인,Standard,Standard,36,34,0,2829036,0.0548,28.23,0.6326,-0.0244,0.2533,94,0.2143,53.24,120.0,37343275,0
CUST_02005_C1,CUST_02005,IT/소프트웨어,5-49인,Premium,Standard,12,10,0,3400862,0.0636,1.89,0.8018,0.0434,0.179,26,0.1176,52.12,123.0,51012930,0
CUST_02005_C2,CUST_02005,IT/소프트웨어,5-49인,Premium,Enterprise,12,22,1,3829573,0.0157,-4.41,0.8272,-0.115,0.1949,16,0.0,5.93,31.0,66060134,0
CUST_02006_C1,CUST_02006,IT/소프트웨어,5-49인,Basic,Standard,12,10,0,3125424,-0.0138,3.46,0.7885,0.0532,0.2219,108,0.1765,61.74,122.0,37505088,0
CUST_02006_C2,CUST_02006,IT/소프트웨어,5-49인,Basic,Standard,12,22,1,2908213,-0.0572,-3.92,0.681,0.062,0.215,118,0.2,61.09,122.0,34898556,1
CUST_02007_C1,CUST_02007,유통/커머스,5-49인,Basic,Priority,12,10,0,6519089,0.0334,4.11,0.7168,-0.0642,0.195,88,0.0,29.34,62.0,82140521,0
CUST_02007_C2,CUST_02007,유통/커머스,5-49인,Basic,Standard,12,22,1,7134232,-0.0167,-3.42,0.7222,-0.0386,0.2458,109,0.1333,50.12,123.0,85610784,1
CUST_02008_C1,CUST_02008,IT/소프트웨어,50-299인,Basic,Priority,12,10,0,9598612,-0.0198,-0.52,0.7209,-0.0545,0.2039,131,0.0714,20.34,183.0,120942511,0
CUST_02008_C2,CUST_02008,IT/소프트웨어,50-299인,Basic,Standard,12,22,1,10276985,0.0516,-0.79,0.7819,-0.1859,0.2065,106,0.0625,57.03,122.0,123323820,0
CUST_02008_C3,CUST_02008,IT/소프트웨어,50-299인,Basic,Standard,36,58,2,13868429,0.0516,17.06,0.7128,0.1289,0.2178,117,0.1429,65.53,487.0,166421148,0
CUST_02009_C1,CUST_02009,제조업,5-49인,Basic,Standard,24,22,0,14426980,-0.0038,4.22,0.788,0.0104,0.1953,96,0.25,85.48,120.0,173123760,0
CUST_02009_C2,CUST_02009,제조업,5-49인,Basic,Standard,12,34,1,14628378,-0.0148,-4.95,0.839,0.0875,0.1571,77,0.0769,60.23,120.0,175540536,0
CUST_02010_C1,CUST_02010,의료/헬스케어,5-49인,Premium,Enterprise,12,10,0,871318,0.0134,3.81,0.6763,0.0032,0.2606,48,0.0417,7.5,31.0,15030235,1
CUST_02011_C1,CUST_02011,IT/소프트웨어,50-299인,Basic,Standard,24,22,0,17520260,-0.011,8.29,0.767,0.0043,0.1872,77,0.0769,46.03,123.0,210243120,0
CUST_02012_C1,CUST_02012,IT/소프트웨어,5-49인,Standard,Priority,12,10,0,2026214,0.0034,-0.16,0.7516,0.03,0.2465,63,0.1111,20.58,61.0,28083326,0
CUST_02013_C1,CUST_02013,유통/커머스,50-299인,Standard,Standard,36,34,0,10029316,0.0219,18.32,0.7294,-0.0734,0.2113,66,0.0625,50.85,122.0,132386971,0
CUST_02014_C1,CUST_02014,제조업,5-49인,Basic,Standard,12,10,0,628871,0.0171,6.23,0.7012,0.0562,0.2327,146,0.3889,50.85,121.0,7546452,0
CUST_02015_C1,CUST_02015,물류/운송,5-49인,Basic,Standard,24,22,0,2780443,-0.0629,14.51,0.7037,-0.1124,0.2921,155,0.1429,63.82,120.0,33365316,0
CUST_02016_C1,CUST_02016,금융/보험,5-49인,Basic,Standard,12,10,0,2468825,-0.0247,-7.17,0.8579,0.0334,0.1734,60,0.0625,50.2,,29625900,0
CUST_02016_C2,CUST_02016,금융/보험,5-49인,Basic,Priority,24,34,1,2672922,0.013,0.76,0.7621,0.065,0.1689,77,0.0833,19.66,303.0,33678817,1
CUST_02017_C1,CUST_02017,금융/보험,50-299인,Basic,Standard,12,10,0,11048972,-0.0429,-3.62,0.806,0.0251,0.176,133,0.2857,57.65,122.0,132587664,0
CUST_02017_C2,CUST_02017,금융/보험,50-299인,Basic,Standard,12,22,1,12448673,-0.0257,1.83,0.6744,0.0072,0.2341,133,0.1111,71.11,304.0,149384076,0
CUST_02017_C3,CUST_02017,금융/보험,50-299인,Basic,Standard,24,46,2,15197110,0.031,10.81,0.6851,-0.0611,0.2633,154,0.1,60.84,122.0,182365320,0
CUST_02018_C1,CUST_02018,물류/운송,5-49인,Standard,Enterprise,12,10,0,3689364,-0.0272,-1.68,0.728,0.0639,0.1924,59,0.0,6.13,122.0,56004546,0
CUST_02019_C1,CUST_02019,제조업,5-49인,Basic,Standard,12,10,0,1896343,-0.0627,-1.08,0.6838,-0.1163,0.2429,167,0.1304,63.52,,22756116,0
CUST_02019_C2,CUST_02019,제조업,5-49인,Basic,Standard,24,34,1,2622563,-0.0625,5.39,0.7248,0.0771,0.2523,133,0.0952,53.0,120.0,31470756,0
CUST_02019_C3,CUST_02019,제조업,5-49인,Basic,Standard,12,47,2,2390351,-0.0301,0.62,0.7361,-0.0408,0.2107,101,0.2353,52.38,305.0,28684212,0
CUST_02020_C1,CUST_02020,기타서비스업,5-49인,Basic,Standard,36,34,0,1145880,-0.0126,11.94,0.8289,0.0711,0.1587,91,0.2222,36.64,122.0,13750560,0
CUST_02020_C2,CUST_02020,기타서비스업,5-49인,Basic,Standard,12,46,1,1244617,0.0276,6.85,0.7541,-0.0322,0.1823,105,0.2222,47.03,121.0,14935404,0
CUST_02021_C1,CUST_02021,제조업,5-49인,Standard,Enterprise,12,10,0,5230042,-0.046,-7.89,0.7285,0.0183,0.1917,53,0.0,4.91,31.0,79392038,0
CUST_02021_C2,CUST_02021,제조업,5-49인,Standard,Enterprise,12,22,1,5587755,-0.0517,-0.75,0.7607,-0.0138,0.2033,53,0.0,5.88,123.0,84822121,0
CUST_02022_C1,CUST_02022,유통/커머스,50-299인,Standard,Standard,24,22,0,16321768,-0.0266,0.63,0.6882,-0.0574,0.2127,89,0.1739,50.51,122.0,215447338,0
CUST_02023_C1,CUST_02023,IT/소프트웨어,5-49인,Basic,Enterprise,12,10,0,1365445,0.0885,8.45,0.6906,-0.07,0.1864,88,0.0,5.92,31.0,18843141,0
CUST_02023_C2,CUST_02023,IT/소프트웨어,5-49인,Basic,Priority,12,22,1,798753,-0.0472,-5.34,0.7229,0.011,0.2586,66,0.0909,23.76,61.0,10064288,0
CUST_02024_C1,CUST_02024,유통/커머스,5-49인,Basic,Standard,12,10,0,3101199,-0.0243,10.55,0.77,0.0949,0.2214,97,0.0556,52.18,122.0,37214388,0
CUST_02025_C1,CUST_02025,유통/커머스,50-299인,Standard,Priority,12,10,0,10539165,-0.0294,4.69,0.7612,0.0222,0.2017,52,0.0,19.08,61.0,146072827,0
CUST_02026_C1,CUST_02026,제조업,50-299인,Basic,Enterprise,24,22,0,6650102,0.0194,-3.37,0.8263,0.0505,0.1485,76,0.0,5.15,31.0,91771408,0
CUST_02027_C1,CUST_02027,제조업,5-49인,Basic,Standard,12,10,0,908286,0.0596,10.67,0.6079,0.0105,0.2498,195,0.125,42.67,121.0,10899432,1
CUST_02028_C1,CUST_02028,IT/소프트웨어,5-49인,Basic,Priority,24,22,0,443139,-0.0265,-1.21,0.6934,-0.0414,0.1976,127,0.0556,22.41,61.0,5583551,0
CUST_02028_C2,CUST_02028,IT/소프트웨어,5-49인,Basic,Standard,24,47,1,348631,0.0288,8.59,0.7139,0.0819,0.1852,129,0.25,60.26,123.0,4183572,0
CUST_02028_C3,CUST_02028,IT/소프트웨어,5-49인,Basic,Standard,24,71,2,378889,-0.0101,6.03,0.7392,-0.0313,0.2669,133,0.2857,44.85,305.0,4546668,0
CUST_02029_C1,CUST_02029,의료/헬스케어,5-49인,Basic,Standard,12,10,0,4892306,-0.0058,17.51,0.6177,0.0627,0.3905,210,0.3438,56.14,120.0,58707672,1
CUST_02030_C1,CUST_02030,IT/소프트웨어,50-299인,Standard,Enterprise,24,22,0,17353836,-0.0066,11.03,0.6225,0.0253,0.3353,77,0.0417,6.81,31.0,263431230,0
CUST_02031_C1,CUST_02031,IT/소프트웨어,50-299인,Standard,Priority,12,10,0,18096028,0.0006,5.54,0.6417,0.0217,0.2497,82,0.0625,29.5,61.0,250810948,0
CUST_02031_C2,CUST_02031,IT/소프트웨어,50-299인,Standard,Enterprise,36,46,1,20554749,0.0453,7.13,0.6405,-0.0607,0.22,65,0.0625,8.73,31.0,312021090,0
CUST_02032_C1,CUST_02032,유통/커머스,5-49인,Standard,Standard,36,34,0,5378099,0.016,15.47,0.7619,-0.0397,0.1851,65,0.1765,73.27,122.0,70990907,0
CUST_02033_C1,CUST_02033,제조업,5-49인,Basic,Standard,24,22,0,2762563,0.0279,15.88,0.7051,0.0217,0.199,118,0.0714,50.96,122.0,33150756,0
CUST_02034_C1,CUST_02034,유통/커머스,5-49인,Basic,Standard,24,22,0,2823830,0.0487,2.59,0.7852,-0.167,0.1256,67,0.1429,74.73,123.0,33885960,0
CUST_02035_C1,CUST_02035,제조업,5-49인,Basic,Priority,12,10,0,1214068,-0.0189,3.69,0.7461,0.0168,0.2134,125,0.2,23.92,181.0,15297257,0
CUST_02036_C1,CUST_02036,제조업,5-49인,Premium,Priority,12,10,0,2092152,-0.0194,2.9,0.6688,0.0785,0.2373,40,0.1579,26.39,61.0,32951394,0
CUST_02036_C2,CUST_02036,제조업,5-49인,Premium,Priority,12,22,1,2182537,0.0418,4.73,0.7029,0.0539,0.2453,38,0.0833,26.21,61.0,34374958,0
CUST_02036_C3,CUST_02036,제조업,5-49인,Premium,Enterprise,12,34,2,2048873,0.0486,2.21,0.6884,-0.019,0.2509,36,0.0,6.78,30.0,35343059,0
CUST_02037_C1,CUST_02037,IT/소프트웨어,5-49인,Basic,Priority,12,10,0,2899348,0.0139,-1.39,0.8759,0.0064,0.1089,86,0.0,32.02,59.0,36531785,0
CUST_02038_C1,CUST_02038,IT/소프트웨어,5-49인,Basic,Priority,12,10,0,4793626,0.0428,2.63,0.6964,-0.0943,0.2695,118,0.0,26.49,61.0,60399688,0
CUST_02038_C2,CUST_02038,IT/소프트웨어,5-49인,Basic,Priority,24,34,1,5653098,-0.0423,5.8,0.6517,-0.1083,0.2994,131,0.04,28.38,61.0,71229035,0
CUST_02039_C1,CUST_02039,물류/운송,5-49인,Basic,Priority,24,22,0,2887240,0.0089,-3.19,0.7227,0.0971,0.171,110,0.0,21.63,61.0,36379224,0
CUST_02040_C1,CUST_02040,금융/보험,5-49인,Standard,Standard,12,10,0,6272800,0.0151,-2.58,0.7721,0.1127,0.1623,53,0.0714,59.43,120.0,82800960,1
CUST_02041_C1,CUST_02041,제조업,5-49인,Basic,Standard,12,10,0,4462087,-0.0091,13.26,0.6654,-0.031,0.2549,172,0.2174,74.21,121.0,53545044,1
CUST_02042_C1,CUST_02042,IT/소프트웨어,50-299인,Standard,Priority,12,10,0,25004924,-0.0217,4.55,0.6737,-0.1037,0.2112,92,0.0,23.22,61.0,346568247,0
CUST_02042_C2,CUST_02042,IT/소프트웨어,50-299인,Standard,Enterprise,12,22,1,29402178,0.0652,14.35,0.6553,-0.0624,0.2598,72,0.0,5.02,30.0,446325062,0
CUST_02043_C1,CUST_02043,제조업,5-49인,Basic,Priority,12,10,0,2371743,0.0288,-5.61,0.7223,-0.1224,0.1433,118,0.0667,19.54,61.0,29883962,0
CUST_02044_C1,CUST_02044,유통/커머스,5-49인,Standard,Priority,24,22,0,6233721,-0.0222,6.56,0.673,-0.0404,0.2206,63,0.1538,25.05,61.0,86399373,0
CUST_02045_C1,CUST_02045,제조업,5-49인,Basic,Priority,12,10,0,1428768,0.0156,6.57,0.7349,-0.041,0.2728,121,0.2,38.49,,18002477,0
CUST_02046_C1,CUST_02046,금융/보험,5-49인,Basic,Standard,12,10,0,3729659,-0.0154,-8.25,0.8211,0.0018,0.1324,71,0.1,55.0,121.0,44755908,0
CUST_02046_C2,CUST_02046,금융/보험,5-49인,Basic,Standard,36,46,1,4384183,0.0233,6.39,0.8418,-0.1471,0.1708,90,0.0,77.7,121.0,52610196,0
CUST_02047_C1,CUST_02047,유통/커머스,5-49인,Standard,Enterprise,12,10,0,17896005,-0.0277,0.99,0.7299,-0.0248,0.2053,59,0.0,7.46,123.0,271661356,0
CUST_02048_C1,CUST_02048,유통/커머스,5-49인,Standard,Priority,24,22,0,2542097,0.0036,-4.79,0.867,0.1376,0.1871,36,0.0,20.43,61.0,35233464,0
CUST_02049_C1,CUST_02049,금융/보험,5-49인,Standard,Enterprise,12,10,0,4189679,0.0435,4.27,0.7766,0.0345,0.2403,62,0.0667,8.1,30.0,63599327,0
CUST_02049_C2,CUST_02049,금융/보험,5-49인,Standard,Priority,24,34,1,5157251,0.0651,17.26,0.7532,-0.1022,0.2453,78,0.0,19.61,61.0,71479499,0
CUST_02050_C1,CUST_02050,의료/헬스케어,5-49인,Basic,Priority,24,22,0,2292342,-0.0145,2.62,0.7701,0.0747,0.2025,111,0.0,17.57,61.0,28883509,0
CUST_02051_C1,CUST_02051,유통/커머스,5-49인,Basic,Standard,12,10,0,4618933,0.0786,6.89,0.7733,-0.0528,0.2033,115,0.2273,52.71,122.0,55427196,0
CUST_02051_C2,CUST_02051,유통/커머스,5-49인,Basic,Standard,12,22,1,4772829,-0.0308,1.73,0.709,0.1785,0.2442,113,0.0,54.76,304.0,57273948,0
CUST_02052_C1,CUST_02052,교육,5-49인,Basic,Priority,12,10,0,2613643,-0.0173,-8.74,0.7917,0.0474,0.0915,83,0.0,27.34,61.0,32931902,0
CUST_02052_C2,CUST_02052,교육,5-49인,Basic,Standard,12,22,1,2440853,-0.0393,-9.81,0.735,-0.0859,0.1206,81,0.0833,60.73,122.0,29290236,0
CUST_02053_C1,CUST_02053,IT/소프트웨어,5-49인,Standard,Priority,12,10,0,3761113,-0.002,-2.82,0.7052,-0.0012,0.179,60,0.1579,24.41,62.0,52129026,0
CUST_02053_C2,CUST_02053,IT/소프트웨어,5-49인,Standard,Standard,12,22,1,3597893,0.0495,6.14,0.6812,-0.0166,0.3115,80,0.1875,86.04,123.0,47492188,1
CUST_02054_C1,CUST_02054,기타서비스업,5-49인,Basic,Standard,12,10,0,2159951,0.0298,3.11,0.7246,0.0422,0.2564,158,0.2381,50.8,123.0,25919412,0
CUST_02055_C1,CUST_02055,유통/커머스,5-49인,Basic,Standard,12,10,0,3900581,-0.0728,10.42,0.646,-0.1176,0.3154,158,0.1,61.29,123.0,46806972,1
CUST_02056_C1,CUST_02056,기타서비스업,5-49인,Basic,Enterprise,12,10,0,2661354,-0.033,1.46,0.6524,0.0171,0.2665,117,0.0435,7.31,31.0,36726685,0
CUST_02056_C2,CUST_02056,기타서비스업,5-49인,Basic,Priority,36,46,1,2535807,0.0746,12.4,0.718,0.1587,0.189,105,0.0833,22.65,62.0,31951168,0
CUST_02056_C3,CUST_02056,기타서비스업,5-49인,Basic,Priority,12,58,2,1769934,0.0344,1.35,0.718,-0.0112,0.2075,123,0.2105,19.33,62.0,22301168,0
CUST_02057_C1,CUST_02057,물류/운송,5-49인,Basic,Standard,12,10,0,4590224,0.0181,-1.95,0.8229,-0.0416,0.1824,109,0.1,75.36,123.0,55082688,0
CUST_02057_C2,CUST_02057,물류/운송,5-49인,Basic,Standard,12,22,1,6712760,0.0211,7.19,0.7202,0.1276,0.1659,102,0.0556,50.82,307.0,80553120,1
CUST_02058_C1,CUST_02058,IT/소프트웨어,50-299인,Standard,Enterprise,12,10,0,13124503,0.1064,2.64,0.7216,0.0583,0.1545,59,0.0,4.99,123.0,199229956,0
CUST_02058_C2,CUST_02058,IT/소프트웨어,50-299인,Standard,Priority,12,22,1,11353332,0.02,5.66,0.7719,-0.0073,0.2068,71,0.125,24.92,61.0,157357182,0
CUST_02058_C3,CUST_02058,IT/소프트웨어,50-299인,Standard,Priority,12,34,2,10835767,-0.0318,0.73,0.7692,-0.0702,0.2697,49,0.0,27.97,61.0,150183731,0
CUST_02059_C1,CUST_02059,제조업,50-299인,Basic,Standard,24,22,0,8101918,0.0482,18.72,0.6641,0.0416,0.2919,155,0.15,48.86,122.0,97223016,1
CUST_02060_C1,CUST_02060,제조업,5-49인,Basic,Standard,12,10,0,7190735,0.0147,6.85,0.7064,-0.0278,0.2341,139,0.0,41.82,123.0,86288820,0
CUST_02060_C2,CUST_02060,제조업,5-49인,Basic,Priority,36,46,1,9596672,-0.0081,22.07,0.705,-0.01,0.2792,131,0.0526,20.58,62.0,120918067,0
CUST_02061_C1,CUST_02061,IT/소프트웨어,5-49인,Basic,Standard,12,10,0,11087168,0.0496,-3.27,0.7948,-0.0664,0.1313,79,0.2,62.07,122.0,133046016,0
CUST_02062_C1,CUST_02062,금융/보험,5-49인,Standard,Standard,12,10,0,1206983,-0.0014,-3.08,0.782,-0.0183,0.1677,77,0.25,66.59,120.0,15932176,1
CUST_02063_C1,CUST_02063,물류/운송,5-49인,Basic,Standard,12,10,0,4866655,-0.0038,3.64,0.7227,0.0449,0.2181,130,0.0833,57.86,123.0,58399860,1
CUST_02064_C1,CUST_02064,제조업,5-49인,Standard,Standard,12,10,0,1628848,0.0614,-2.83,0.8286,0.0482,0.1739,50,0.0769,51.19,122.0,21500794,0
CUST_02064_C2,CUST_02064,제조업,5-49인,Standard,Enterprise,24,35,1,2166063,0.111,8.79,0.7727,0.0738,0.1605,53,0.0,5.71,123.0,32880836,0
CUST_02065_C1,CUST_02065,금융/보험,5-49인,Standard,Priority,24,22,0,3146578,0.0388,7.98,0.7537,-0.0615,0.2081,65,0.0625,25.03,59.0,43611571,0
CUST_02065_C2,CUST_02065,금융/보험,5-49인,Standard,Standard,12,34,1,2631745,-0.0192,4.73,0.7475,-0.1337,0.2202,61,0.1818,50.18,305.0,34739034,0
CUST_02065_C3,CUST_02065,금융/보험,5-49인,Standard,Priority,12,46,2,3648539,-0.0052,11.4,0.6321,-0.0406,0.2384,60,0.0,24.69,59.0,50568751,0
CUST_02066_C1,CUST_02066,제조업,50-299인,Standard,Standard,36,34,0,12017815,0.0153,15.32,0.7614,0.029,0.2114,49,0.1818,44.98,122.0,158635158,0
CUST_02066_C2,CUST_02066,제조업,50-299인,Standard,Priority,24,58,1,14031023,-0.0218,4.9,0.7087,0.0101,0.1614,50,0.1111,23.17,181.0,194469979,0
CUST_02066_C3,CUST_02066,제조업,50-299인,Standard,Enterprise,12,71,2,14211876,-0.0397,-6.01,0.7072,0.1639,0.2296,60,0.0667,7.3,31.0,215736278,0
CUST_02067_C1,CUST_02067,제조업,5-49인,Basic,Priority,24,22,0,1602352,0.0,7.55,0.6469,0.1251,0.2015,110,0.0714,30.16,62.0,20189635,0
CUST_02068_C1,CUST_02068,유통/커머스,5-49인,Basic,Standard,12,10,0,1127335,0.0656,2.42,0.7129,0.1854,0.2222,151,0.3158,58.49,120.0,13528020,1
CUST_02069_C1,CUST_02069,IT/소프트웨어,5-49인,Standard,Priority,24,22,0,2770327,0.0449,-2.14,0.8295,0.004,0.1043,54,0.0,29.1,183.0,38396732,0
CUST_02069_C2,CUST_02069,IT/소프트웨어,5-49인,Standard,Enterprise,12,34,1,3530557,-0.0565,3.95,0.7793,0.0565,0.1933,67,0.0,6.27,30.0,53593855,0
CUST_02069_C3,CUST_02069,IT/소프트웨어,5-49인,Standard,Priority,12,46,2,2897364,0.0098,-3.91,0.7582,-0.0018,0.1848,67,0.0,20.66,305.0,40157465,0
CUST_02070_C1,CUST_02070,물류/운송,5-49인,Basic,Enterprise,12,10,0,3682484,-0.0391,-9.11,0.7279,0.0186,0.2374,87,0.0,6.16,30.0,50818279,0
CUST_02070_C2,CUST_02070,물류/운송,5-49인,Basic,Priority,12,22,1,2821528,0.0354,-2.82,0.7459,-0.0095,0.2225,110,0.0556,16.44,61.0,35551253,0
CUST_02071_C1,CUST_02071,유통/커머스,5-49인,Basic,Priority,12,10,0,3506946,-0.005,-1.96,0.8358,0.0473,0.1529,86,0.0909,23.22,62.0,44187520,0
CUST_02072_C1,CUST_02072,유통/커머스,50-299인,Premium,Priority,36,34,0,42589922,0.0761,24.05,0.6158,-0.0366,0.2804,57,0.0,22.02,182.0,670791272,0
CUST_02073_C1,CUST_02073,의료/헬스케어,50-299인,Standard,Enterprise,24,22,0,13769775,0.0269,11.21,0.7046,-0.1564,0.2373,76,0.0625,6.44,123.0,209025184,0
CUST_02073_C2,CUST_02073,의료/헬스케어,50-299인,Standard,Standard,36,58,1,12392322,0.0085,17.52,0.7429,-0.1728,0.2359,73,0.2,62.3,305.0,163578650,0
CUST_02073_C3,CUST_02073,의료/헬스케어,50-299인,Standard,Standard,36,94,2,14590412,-0.0094,15.36,0.6922,-0.0017,0.2607,80,0.2222,71.34,123.0,192593438,0
CUST_02074_C1,CUST_02074,유통/커머스,5-49인,Standard,Enterprise,24,22,0,2521634,-0.0176,10.38,0.7603,-0.028,0.2167,63,0.0,6.53,31.0,38278404,0
CUST_02074_C2,CUST_02074,유통/커머스,5-49인,Standard,Priority,36,58,1,2765660,-0.0167,10.41,0.7724,0.0021,0.2602,68,0.0526,22.42,62.0,38332048,0
CUST_02075_C1,CUST_02075,IT/소프트웨어,5-49인,Basic,Priority,12,10,0,2273323,0.0116,-2.04,0.8082,0.0879,0.1832,94,0.0625,22.35,61.0,28643870,0
CUST_02075_C2,CUST_02075,IT/소프트웨어,5-49인,Basic,Standard,12,22,1,2320275,0.0488,1.7,0.7515,0.0603,0.1689,113,0.1053,49.22,305.0,27843300,0
CUST_02075_C3,CUST_02075,IT/소프트웨어,5-49인,Basic,Standard,12,34,2,2069012,-0.0135,4.35,0.7274,-0.0612,0.2389,112,0.3125,52.52,122.0,24828144,0
CUST_02076_C1,CUST_02076,기타서비스업,5-49인,Basic,Standard,12,10,0,5033424,0.0281,5.9,0.6747,-0.0296,0.2058,123,0.2,38.44,122.0,60401088,0
CUST_02077_C1,CUST_02077,금융/보험,50-299인,Standard,Standard,12,10,0,15774435,-0.0068,8.37,0.6085,0.1197,0.2721,81,0.2941,59.08,121.0,208222542,0
CUST_02078_C1,CUST_02078,교육,5-49인,Basic,Standard,12,10,0,1852280,0.0499,5.33,0.6924,0.0158,0.2057,137,0.375,69.48,123.0,22227360,0
CUST_02078_C2,CUST_02078,교육,5-49인,Basic,Standard,36,46,1,1671588,0.0633,28.0,0.7008,-0.0752,0.2713,154,0.2727,75.83,304.0,20059056,0
CUST_02078_C3,CUST_02078,교육,5-49인,Basic,Standard,12,58,2,1749713,0.0332,5.54,0.7139,-0.0156,0.2307,132,0.1538,45.56,305.0,20996556,0
CUST_02079_C1,CUST_02079,제조업,5-49인,Standard,Standard,24,22,0,6185297,-0.0264,6.13,0.6378,-0.1331,0.228,75,0.0667,44.94,120.0,81645920,0
CUST_02079_C2,CUST_02079,제조업,5-49인,Standard,Standard,24,46,1,7720003,0.037,11.79,0.6627,0.0032,0.2034,60,0.3333,45.63,304.0,101904040,0
CUST_02080_C1,CUST_02080,물류/운송,300인이상,Standard,Enterprise,36,34,0,86285729,-0.0044,10.72,0.7287,-0.1115,0.2701,78,0.0,6.79,30.0,1309817366,0
CUST_02081_C1,CUST_02081,IT/소프트웨어,5-49인,Basic,Priority,12,10,0,4571864,0.0823,18.34,0.6286,-0.1176,0.3108,160,0.2105,21.55,181.0,57605486,0
CUST_02081_C2,CUST_02081,IT/소프트웨어,5-49인,Basic,Priority,24,34,1,5176034,0.0228,7.79,0.6482,0.0558,0.2549,182,0.1304,23.41,61.0,65218028,0
CUST_02081_C3,CUST_02081,IT/소프트웨어,5-49인,Basic,Priority,12,46,2,5486070,0.0131,14.76,0.7386,0.0096,0.3107,163,0.1818,25.5,61.0,69124482,0
CUST_02082_C1,CUST_02082,물류/운송,5-49인,Basic,Priority,12,10,0,1984771,0.0525,7.43,0.6568,-0.1298,0.2389,138,0.1667,20.63,62.0,25008115,0
CUST_02083_C1,CUST_02083,제조업,5-49인,Basic,Standard,24,22,0,4035547,0.0787,6.19,0.7915,0.0715,0.1468,89,0.2,42.92,303.0,48426564,0
CUST_02084_C1,CUST_02084,금융/보험,50-299인,Basic,Standard,36,34,0,6240099,0.0095,21.76,0.7365,-0.07,0.278,137,0.1429,53.48,122.0,74881188,0
CUST_02084_C2,CUST_02084,금융/보험,50-299인,Basic,Standard,24,58,1,6852032,-0.043,6.48,0.7331,-0.0472,0.2443,117,0.1333,45.18,122.0,82224384,0
CUST_02084_C3,CUST_02084,금융/보험,50-299인,Basic,Enterprise,12,70,2,8113001,0.188,12.82,0.753,-0.187,0.2575,155,0.1176,5.55,30.0,111959414,0
CUST_02085_C1,CUST_02085,기타서비스업,5-49인,Basic,Standard,36,34,0,5539334,0.0427,19.01,0.7009,0.0094,0.2249,133,0.1333,51.84,122.0,66472008,0
CUST_02086_C1,CUST_02086,의료/헬스케어,5-49인,Basic,Standard,12,10,0,3145229,0.0467,9.54,0.5626,-0.1544,0.306,201,0.2941,65.81,122.0,37742748,0
CUST_02086_C2,CUST_02086,의료/헬스케어,5-49인,Basic,Standard,12,22,1,2164463,-0.0449,2.73,0.689,0.0458,0.2599,181,0.3,54.57,122.0,25973556,0
CUST_02087_C1,CUST_02087,의료/헬스케어,5-49인,Standard,Standard,12,10,0,3196064,0.0225,0.69,0.6462,0.1502,0.2114,65,0.2273,69.31,120.0,42188045,0
CUST_02087_C2,CUST_02087,의료/헬스케어,5-49인,Standard,Standard,12,22,1,3677230,0.032,12.88,0.6915,-0.0552,0.2515,69,0.25,64.7,121.0,48539436,0
CUST_02087_C3,CUST_02087,의료/헬스케어,5-49인,Standard,Priority,12,34,2,2762660,0.0744,6.84,0.7083,0.0945,0.2178,50,0.1333,18.78,59.0,38290468,0
CUST_02088_C1,CUST_02088,물류/운송,50-299인,Premium,Enterprise,36,34,0,100415593,0.066,22.81,0.7463,-0.0519,0.263,47,0.05,5.86,122.0,1732168979,0
CUST_02089_C1,CUST_02089,유통/커머스,5-49인,Standard,Priority,12,10,0,1467944,0.0021,-8.85,0.9019,0.046,0.1051,49,0.1,25.88,59.0,20345704,0
CUST_02090_C1,CUST_02090,교육,5-49인,Basic,Enterprise,12,10,0,5461555,-0.0021,-8.09,0.7888,0.0276,0.2139,111,0.0,8.17,31.0,75369459,0
CUST_02091_C1,CUST_02091,유통/커머스,5-49인,Standard,Priority,24,22,0,3540888,0.0299,14.94,0.741,-0.0021,0.2343,82,0.125,29.66,306.0,49076708,0
CUST_02091_C2,CUST_02091,유통/커머스,5-49인,Standard,Standard,36,58,1,4416193,0.0051,17.65,0.7109,0.0054,0.2392,72,0.1333,59.7,487.0,58293748,0
CUST_02092_C1,CUST_02092,유통/커머스,5-49인,Basic,Standard,24,22,0,2497697,0.0036,4.58,0.714,-0.0236,0.1836,93,0.0625,54.55,122.0,29972364,0
CUST_02093_C1,CUST_02093,기타서비스업,5-49인,Basic,Standard,12,10,0,6855193,0.0242,8.92,0.7064,0.014,0.2639,150,0.3333,54.84,,82262316,1
CUST_02094_C1,CUST_02094,제조업,5-49인,Basic,Standard,36,34,0,3456572,0.0493,11.57,0.7364,-0.0641,0.2644,109,0.1,70.84,123.0,41478864,0
CUST_02094_C2,CUST_02094,제조업,5-49인,Basic,Standard,12,46,1,3488367,0.0069,-3.01,0.763,0.1558,0.2191,122,0.2727,103.22,123.0,41860404,0
CUST_02095_C1,CUST_02095,기타서비스업,5-49인,Basic,Standard,36,34,0,1796002,0.067,16.62,0.6631,-0.0409,0.2636,162,0.2941,60.46,122.0,21552024,1
CUST_02096_C1,CUST_02096,금융/보험,5-49인,Premium,Priority,12,10,0,1095942,-0.0024,0.83,0.7991,0.0424,0.1374,27,0.0,34.26,62.0,17261086,0
CUST_02097_C1,CUST_02097,의료/헬스케어,5-49인,Standard,Priority,24,22,0,4052974,-0.0417,11.17,0.6736,0.003,0.2875,79,0.2273,19.66,61.0,56174220,0
CUST_02098_C1,CUST_02098,제조업,5-49인,Basic,Standard,12,10,0,5166639,-0.0401,7.69,0.702,-0.0604,0.2595,180,0.3158,84.65,123.0,61999668,0
CUST_02099_C1,CUST_02099,제조업,5-49인,Standard,Priority,12,10,0,5123072,0.0673,0.84,0.8502,-0.054,0.162,50,0.0,21.74,61.0,71005778,0
CUST_02099_C2,CUST_02099,제조업,5-49인,Standard,Standard,12,22,1,5139113,0.0252,2.78,0.8046,-0.0119,0.1607,40,0.0,71.57,122.0,67836292,0
CUST_02099_C3,CUST_02099,제조업,5-49인,Standard,Priority,24,46,2,4048507,-0.0315,2.59,0.7306,0.112,0.1968,53,0.0,23.76,181.0,56112307,0
CUST_02100_C1,CUST_02100,제조업,5-49인,Standard,Standard,12,10,0,2555303,-0.0205,8.05,0.6843,0.1551,0.245,69,0.1739,62.57,122.0,33730000,0
CUST_02101_C1,CUST_02101,유통/커머스,50-299인,Basic,Standard,36,34,0,3725889,0.0519,7.7,0.7325,-0.1257,0.2074,101,0.0625,70.03,306.0,44710668,0
CUST_02102_C1,CUST_02102,IT/소프트웨어,5-49인,Basic,Standard,12,10,0,3667890,0.0227,7.66,0.5541,0.045,0.267,147,0.129,47.82,120.0,44014680,1
CUST_02103_C1,CUST_02103,물류/운송,5-49인,Basic,Priority,24,22,0,3020606,0.0628,26.01,0.5765,0.0537,0.3133,206,0.1316,22.7,306.0,38059636,1
CUST_02104_C1,CUST_02104,유통/커머스,5-49인,Basic,Priority,24,22,0,2658820,0.0254,12.09,0.7262,0.0559,0.2418,131,0.2,20.07,62.0,33501132,1
CUST_02105_C1,CUST_02105,물류/운송,5-49인,Basic,Standard,24,22,0,1147608,-0.0104,7.62,0.7208,-0.0422,0.2661,109,0.2308,58.52,123.0,13771296,1
CUST_02106_C1,CUST_02106,제조업,5-49인,Standard,Enterprise,24,22,0,2372938,0.0884,5.79,0.8673,-0.0791,0.1016,37,0.0,7.98,30.0,36021199,0
CUST_02106_C2,CUST_02106,제조업,5-49인,Standard,Standard,24,46,1,2342777,-0.007,-5.07,0.7658,0.0771,0.1779,53,0.1875,53.75,122.0,30924656,0
CUST_02107_C1,CUST_02107,의료/헬스케어,5-49인,Basic,Standard,12,10,0,1107056,0.0413,7.05,0.7083,-0.0286,0.231,107,0.6364,74.05,,13284672,1
CUST_02108_C1,CUST_02108,제조업,5-49인,Basic,Standard,12,10,0,2982977,-0.024,-0.4,0.7291,0.0397,0.2383,114,0.1765,47.92,120.0,35795724,0
CUST_02108_C2,CUST_02108,제조업,5-49인,Basic,Standard,24,34,1,3840366,0.0432,0.23,0.6496,-0.0219,0.2612,99,0.1333,58.63,120.0,46084392,0
CUST_02108_C3,CUST_02108,제조업,5-49인,Basic,Standard,12,46,2,4340279,0.0344,-1.24,0.7263,0.0706,0.2788,115,0.1875,50.14,120.0,52083348,0
CUST_02109_C1,CUST_02109,물류/운송,5-49인,Standard,Priority,12,10,0,1238265,0.0878,3.0,0.7174,0.0314,0.1822,78,0.0,22.92,62.0,17162353,0
CUST_02109_C2,CUST_02109,물류/운송,5-49인,Standard,Enterprise,12,22,1,1454098,0.0418,3.61,0.6705,-0.0062,0.2907,101,0.0,6.03,31.0,22073208,0
CUST_02109_C3,CUST_02109,물류/운송,5-49인,Standard,Priority,12,34,2,1578394,-0.0347,3.11,0.682,0.0422,0.1656,66,0.1333,29.12,305.0,21876541,0
CUST_02110_C1,CUST_02110,IT/소프트웨어,5-49인,Basic,Standard,36,34,0,2534353,0.0042,7.4,0.7529,-0.0967,0.1651,83,0.0769,90.62,488.0,30412236,0
CUST_02110_C2,CUST_02110,IT/소프트웨어,5-49인,Basic,Priority,36,70,1,2952958,-0.0719,6.58,0.8175,-0.0387,0.1787,93,0.0526,26.16,62.0,37207271,0
CUST_02110_C3,CUST_02110,IT/소프트웨어,5-49인,Basic,Standard,24,94,2,3641522,0.0433,4.23,0.7881,0.1121,0.186,120,0.0,59.3,123.0,43698264,0
CUST_02111_C1,CUST_02111,제조업,5-49인,Basic,Enterprise,12,10,0,3169513,0.0211,-1.93,0.8418,0.0638,0.1562,98,0.0,6.86,30.0,43739279,0
CUST_02111_C2,CUST_02111,제조업,5-49인,Basic,Standard,12,22,1,2479524,0.0488,0.04,0.7544,0.005,0.2266,106,0.1538,53.2,122.0,29754288,0
CUST_02112_C1,CUST_02112,제조업,5-49인,Premium,Priority,24,22,0,1871041,0.0397,11.58,0.6255,-0.1258,0.317,64,0.0882,25.03,304.0,29468896,0
CUST_02113_C1,CUST_02113,제조업,50-299인,Basic,Standard,12,10,0,27135021,-0.006,1.68,0.7519,0.1196,0.2195,126,0.1429,104.4,,325620252,0
CUST_02113_C2,CUST_02113,제조업,50-299인,Basic,Priority,12,22,1,28272094,-0.0204,-0.1,0.775,0.0108,0.1578,112,0.0,20.59,62.0,356228384,0
CUST_02114_C1,CUST_02114,금융/보험,5-49인,Standard,Priority,12,10,0,1771370,-0.0233,-3.34,0.8296,0.0973,0.1376,45,0.0,18.47,59.0,24551188,0
CUST_02114_C2,CUST_02114,금융/보험,5-49인,Standard,Priority,24,34,1,2494859,0.0555,7.71,0.7144,-0.0428,0.207,62,0.0833,27.59,59.0,34578746,0
CUST_02114_C3,CUST_02114,금융/보험,5-49인,Standard,Priority,12,46,2,2718296,-0.0169,4.36,0.7742,-0.0522,0.1827,61,0.087,28.11,59.0,37675583,0
CUST_02115_C1,CUST_02115,IT/소프트웨어,5-49인,Standard,Standard,12,10,0,7129913,0.0524,4.43,0.7275,-0.0277,0.1918,62,0.1176,62.35,120.0,94114852,1
CUST_02116_C1,CUST_02116,의료/헬스케어,50-299인,Standard,Priority,36,34,0,13305029,0.0289,24.12,0.6662,0.061,0.287,104,0.15,23.77,59.0,184407702,0
CUST_02117_C1,CUST_02117,IT/소프트웨어,5-49인,Basic,Priority,36,34,0,1164139,0.0187,15.88,0.6337,-0.0481,0.317,220,0.1724,18.97,59.0,14668151,1
CUST_02118_C1,CUST_02118,IT/소프트웨어,5-49인,Basic,Standard,12,10,0,5622401,-0.0285,1.26,0.6556,0.0587,0.2577,148,0.25,64.11,121.0,67468812,1
CUST_02119_C1,CUST_02119,의료/헬스케어,5-49인,Basic,Standard,12,10,0,3314387,0.1052,-0.59,0.8131,-0.0567,0.1901,95,0.0667,63.58,123.0,39772644,1
CUST_02120_C1,CUST_02120,교육,5-49인,Standard,Priority,12,10,0,13734554,0.0469,3.41,0.8314,-0.0814,0.1837,60,0.1429,31.05,61.0,190360918,0
CUST_02120_C2,CUST_02120,교육,5-49인,Standard,Priority,12,23,1,10453009,-0.0104,3.86,0.7866,0.0388,0.1471,37,0.0,26.51,61.0,144878705,0
CUST_02121_C1,CUST_02121,교육,5-49인,Standard,Standard,12,10,0,8003721,-0.0325,-5.72,0.7435,0.0236,0.2062,50,0.1818,67.61,,105649117,0
CUST_02122_C1,CUST_02122,금융/보험,5-49인,Basic,Enterprise,24,22,0,4327450,-0.0035,6.47,0.7265,-0.096,0.1731,103,0.0,6.44,31.0,59718810,0
CUST_02122_C2,CUST_02122,금융/보험,5-49인,Basic,Standard,12,34,1,3660450,0.0946,-4.31,0.7876,0.1702,0.2385,97,0.0909,60.62,307.0,43925400,0
CUST_02123_C1,CUST_02123,금융/보험,5-49인,Basic,Standard,12,10,0,8734238,0.0629,16.83,0.7016,-0.0209,0.2656,142,0.1111,60.15,122.0,104810856,1
CUST_02124_C1,CUST_02124,물류/운송,5-49인,Basic,Standard,12,10,0,4745527,0.0117,4.79,0.6878,-0.0139,0.2137,108,0.0667,52.56,123.0,56946324,1
CUST_02125_C1,CUST_02125,제조업,5-49인,Standard,Priority,24,22,0,11165738,-0.0119,18.63,0.5345,-0.0065,0.3476,140,0.2174,25.05,61.0,154757129,0
CUST_02126_C1,CUST_02126,금융/보험,5-49인,Basic,Standard,12,10,0,3710813,-0.0002,0.85,0.6719,0.0326,0.2034,120,0.2941,44.23,121.0,44529756,0
CUST_02127_C1,CUST_02127,IT/소프트웨어,5-49인,Standard,Priority,12,10,0,8647434,0.0413,9.45,0.6183,0.0345,0.2202,75,0.0588,20.82,61.0,119853435,0
CUST_02128_C1,CUST_02128,기타서비스업,50-299인,Standard,Standard,24,22,0,10866072,0.0619,10.93,0.7378,0.0033,0.2749,58,0.0833,70.05,305.0,143432150,0
CUST_02129_C1,CUST_02129,IT/소프트웨어,5-49인,Basic,Standard,36,34,0,2855653,0.0314,24.63,0.6845,-0.0142,0.291,174,0.3704,46.78,122.0,34267836,0
CUST_02130_C1,CUST_02130,의료/헬스케어,5-49인,Basic,Standard,24,22,0,2946072,0.0294,8.98,0.7929,0.0725,0.1184,102,0.1,59.26,123.0,35352864,0
CUST_02131_C1,CUST_02131,기타서비스업,5-49인,Standard,Priority,24,22,0,5028279,-0.0012,8.23,0.6948,0.0149,0.2169,59,0.1538,21.49,60.0,69691947,0
CUST_02132_C1,CUST_02132,IT/소프트웨어,5-49인,Basic,Standard,12,10,0,3114840,0.0817,12.13,0.6309,-0.1521,0.294,187,0.1154,63.67,121.0,37378080,1
CUST_02133_C1,CUST_02133,유통/커머스,5-49인,Basic,Priority,24,22,0,3654985,0.0267,1.15,0.8167,-0.0635,0.1906,82,0.0,26.75,62.0,46052811,0
CUST_02133_C2,CUST_02133,유통/커머스,5-49인,Basic,Priority,12,34,1,4046241,0.009,4.07,0.8447,-0.1413,0.1814,96,0.0,24.61,62.0,50982637,0
CUST_02133_C3,CUST_02133,유통/커머스,5-49인,Basic,Standard,24,58,2,4771088,0.0065,13.04,0.711,-0.0873,0.2012,109,0.125,52.96,123.0,57253056,0
CUST_02134_C1,CUST_02134,IT/소프트웨어,5-49인,Basic,Standard,24,22,0,6376756,-0.0333,7.62,0.6647,-0.105,0.3213,134,0.15,60.37,304.0,76521072,0
CUST_02134_C2,CUST_02134,IT/소프트웨어,5-49인,Basic,Enterprise,12,34,1,5324651,-0.0106,11.71,0.7133,-0.0147,0.3116,157,0.0,5.47,30.0,73480184,0
CUST_02135_C1,CUST_02135,교육,5-49인,Basic,Standard,12,10,0,3985949,0.0278,6.48,0.6358,0.0696,0.2545,132,0.0,49.5,,47831388,0
CUST_02136_C1,CUST_02136,제조업,5-49인,Premium,Enterprise,12,10,0,9924346,0.0799,6.15,0.7318,-0.0319,0.2173,37,0.0667,7.43,30.0,171194968,0
CUST_02136_C2,CUST_02136,제조업,5-49인,Premium,Enterprise,24,34,1,10915131,0.0201,8.66,0.681,-0.0426,0.1834,27,0.0,8.14,30.0,188286010,0
CUST_02136_C3,CUST_02136,제조업,5-49인,Premium,Priority,12,46,2,13608633,0.0761,18.81,0.6695,0.0617,0.2033,37,0.1111,17.81,61.0,214335970,0
CUST_02137_C1,CUST_02137,IT/소프트웨어,5-49인,Basic,Priority,24,22,0,3015219,0.066,13.59,0.7301,0.0035,0.2786,116,0.0952,18.64,61.0,37991759,0
CUST_02137_C2,CUST_02137,IT/소프트웨어,5-49인,Basic,Priority,12,34,1,2632964,0.0096,-5.64,0.6892,0.1528,0.242,137,0.1333,21.28,61.0,33175346,0
CUST_02137_C3,CUST_02137,IT/소프트웨어,5-49인,Basic,Standard,36,70,2,2567382,0.0249,14.09,0.7625,-0.0724,0.19,99,0.0,44.72,122.0,30808584,0
CUST_02138_C1,CUST_02138,제조업,5-49인,Basic,Standard,36,34,0,7533383,0.0474,7.09,0.8069,-0.0316,0.1565,74,0.1818,52.49,122.0,90400596,0
CUST_02138_C2,CUST_02138,제조업,5-49인,Basic,Standard,12,46,1,8285920,0.0283,7.29,0.7852,0.091,0.1529,81,0.2222,84.84,121.0,99431040,0
CUST_02138_C3,CUST_02138,제조업,5-49인,Basic,Priority,36,82,2,9576805,-0.0352,9.68,0.7926,-0.0463,0.1605,59,0.0,19.95,59.0,120667743,0
CUST_02139_C1,CUST_02139,IT/소프트웨어,50-299인,Premium,Enterprise,12,10,0,10836760,0.0029,7.02,0.7556,0.0117,0.1765,28,0.0,6.15,31.0,186934110,0
CUST_02140_C1,CUST_02140,제조업,5-49인,Basic,Standard,24,22,0,1244293,-0.0001,15.29,0.688,-0.0148,0.2119,124,0.125,49.93,486.0,14931516,0
CUST_02141_C1,CUST_02141,교육,5-49인,Basic,Standard,24,22,0,4302234,0.115,12.04,0.6991,0.1125,0.2423,127,0.1333,65.12,122.0,51626808,0
CUST_02142_C1,CUST_02142,교육,50-299인,Basic,Standard,24,22,0,13835999,0.0663,8.45,0.7362,0.0359,0.2214,109,0.1053,63.06,305.0,166031988,0
CUST_02142_C2,CUST_02142,교육,50-299인,Basic,Standard,12,34,1,15958974,0.0661,-3.01,0.7594,-0.1994,0.2063,99,0.3077,58.92,122.0,191507688,0
CUST_02142_C3,CUST_02142,교육,50-299인,Basic,Priority,24,58,2,11827176,0.0838,3.06,0.7367,-0.0873,0.2112,140,0.0625,24.73,61.0,149022418,0
CUST_02143_C1,CUST_02143,IT/소프트웨어,5-49인,Basic,Standard,12,10,0,1651895,0.0016,14.24,0.5775,0.2634,0.3112,199,0.15,62.79,122.0,19822740,1
CUST_02144_C1,CUST_02144,제조업,50-299인,Basic,Priority,24,22,0,15143179,0.0369,6.91,0.6947,0.0534,0.2076,100,0.1429,29.22,61.0,190804055,0
CUST_02145_C1,CUST_02145,유통/커머스,5-49인,Standard,Priority,24,22,0,2074190,0.0718,10.64,0.6996,0.0263,0.2269,70,0.2632,18.36,61.0,28748273,0
CUST_02146_C1,CUST_02146,IT/소프트웨어,50-299인,Standard,Priority,36,34,0,9019022,0.004,17.09,0.6527,0.1016,0.2312,83,0.25,17.22,61.0,125003645,0
CUST_02147_C1,CUST_02147,유통/커머스,50-299인,Basic,Standard,12,10,0,8193185,-0.0395,7.06,0.7543,0.0454,0.2371,131,0.0588,43.87,123.0,98318220,0
CUST_02148_C1,CUST_02148,제조업,50-299인,Standard,Enterprise,12,10,0,22691640,0.037,8.92,0.7558,-0.0746,0.1594,54,0.0625,7.21,31.0,344459095,1
CUST_02149_C1,CUST_02149,금융/보험,50-299인,Premium,Priority,12,10,0,10782840,-0.0415,-9.68,0.7965,-0.0301,0.1783,25,0.1538,22.91,61.0,169829730,0
CUST_02149_C2,CUST_02149,금융/보험,50-299인,Premium,Priority,12,22,1,17833143,0.0508,1.49,0.7571,-0.0169,0.1934,33,0.0,28.84,61.0,280872002,0
CUST_02150_C1,CUST_02150,제조업,5-49인,Basic,Standard,36,34,0,3985996,-0.0299,13.52,0.6989,-0.1125,0.282,159,0.1538,69.78,123.0,47831952,0
CUST_02151_C1,CUST_02151,물류/운송,5-49인,Basic,Standard,24,22,0,1856122,0.0418,8.79,0.6468,0.0031,0.2278,145,0.1538,55.95,122.0,22273464,0
CUST_02151_C2,CUST_02151,물류/운송,5-49인,Basic,Standard,36,58,1,1575126,-0.0289,20.11,0.693,-0.0444,0.2321,107,0.15,50.56,304.0,18901512,0
CUST_02152_C1,CUST_02152,유통/커머스,5-49인,Basic,Standard,12,10,0,2390011,-0.0059,-1.42,0.7398,0.0084,0.2057,89,0.0,72.75,120.0,28680132,0
CUST_02153_C1,CUST_02153,금융/보험,50-299인,Premium,Enterprise,36,34,0,11873041,-0.0525,5.06,0.7344,0.0961,0.167,21,0.0,6.14,31.0,204809957,0
CUST_02153_C2,CUST_02153,금융/보험,50-299인,Premium,Enterprise,12,46,1,12922332,0.0146,0.93,0.8075,-0.0733,0.1902,27,0.125,6.0,31.0,222910227,0
CUST_02153_C3,CUST_02153,금융/보험,50-299인,Premium,Enterprise,24,70,2,14363786,0.039,9.46,0.7469,-0.0154,0.1879,16,0.0,7.73,31.0,247775308,0
CUST_02154_C1,CUST_02154,제조업,5-49인,Basic,Standard,24,22,0,1680079,0.0271,4.94,0.7085,-0.1486,0.2183,112,0.0769,53.71,123.0,20160948,0
CUST_02155_C1,CUST_02155,기타서비스업,5-49인,Standard,Enterprise,12,10,0,2852165,0.0466,1.14,0.7986,0.0893,0.1659,63,0.0714,6.65,30.0,43295865,0
CUST_02156_C1,CUST_02156,물류/운송,5-49인,Basic,Standard,12,10,0,1634733,-0.0351,7.86,0.5609,-0.0325,0.291,180,0.2727,44.51,,19616796,1
CUST_02157_C1,CUST_02157,물류/운송,5-49인,Standard,Standard,12,10,0,4277087,0.0059,-3.29,0.8096,-0.0052,0.1349,40,0.125,60.61,121.0,56457548,0
CUST_02157_C2,CUST_02157,물류/운송,5-49인,Standard,Standard,12,22,1,4343996,0.0039,-2.2,0.7638,0.0371,0.1665,47,0.3333,58.38,120.0,57340747,0
CUST_02158_C1,CUST_02158,금융/보험,5-49인,Standard,Priority,12,10,0,3597782,-0.0247,-7.36,0.7016,-0.0393,0.1975,57,0.0,22.49,61.0,49865259,0
CUST_02158_C2,CUST_02158,금융/보험,5-49인,Standard,Priority,12,22,1,3231224,0.0708,6.83,0.7221,0.0167,0.2079,60,0.0,26.32,61.0,44784765,0
CUST_02158_C3,CUST_02158,금융/보험,5-49인,Standard,Standard,12,34,2,3601157,0.0363,12.71,0.765,0.0498,0.2058,73,0.1538,62.43,120.0,47535272,0
CUST_02159_C1,CUST_02159,금융/보험,5-49인,Standard,Priority,24,22,0,3761941,0.0627,19.49,0.7332,0.0568,0.1644,73,0.0769,23.05,61.0,52140502,0
CUST_02159_C2,CUST_02159,금융/보험,5-49인,Standard,Priority,12,34,1,3212441,-0.0241,3.04,0.6881,-0.0254,0.2138,58,0.0714,26.77,61.0,44524432,0
CUST_02159_C3,CUST_02159,금융/보험,5-49인,Standard,Priority,12,46,2,3275796,0.0388,2.54,0.7619,-0.0401,0.2009,64,0.1,19.65,61.0,45402533,0
CUST_02160_C1,CUST_02160,유통/커머스,5-49인,Standard,Priority,12,10,0,3787901,0.0085,-6.55,0.7914,-0.0394,0.1363,46,0.0,20.33,61.0,52500308,0
CUST_02161_C1,CUST_02161,물류/운송,5-49인,Basic,Standard,24,22,0,3179408,-0.0444,4.44,0.6552,0.0036,0.2194,156,0.1818,56.91,122.0,38152896,0
CUST_02161_C2,CUST_02161,물류/운송,5-49인,Basic,Standard,12,34,1,2502711,-0.0653,1.73,0.6353,-0.0708,0.2916,146,0.4737,48.7,122.0,30032532,0
CUST_02162_C1,CUST_02162,유통/커머스,50-299인,Basic,Priority,12,10,0,9321209,0.0606,15.69,0.5602,-0.0833,0.2985,204,0.1515,20.99,61.0,117447233,1
CUST_02163_C1,CUST_02163,물류/운송,5-49인,Premium,Standard,12,10,0,2608690,0.0806,15.72,0.6595,0.0276,0.2488,35,0.1765,62.11,,39130350,0
CUST_02164_C1,CUST_02164,제조업,5-49인,Basic,Standard,12,10,0,2781213,0.0352,-4.69,0.849,-0.1406,0.1758,85,0.0909,54.25,,33374556,0
CUST_02164_C2,CUST_02164,제조업,5-49인,Basic,Standard,24,34,1,2040818,-0.0786,-3.42,0.8135,0.0673,0.2084,82,0.3333,64.85,123.0,24489816,0
CUST_02164_C3,CUST_02164,제조업,5-49인,Basic,Priority,12,46,2,2441540,-0.0056,5.4,0.7329,0.1157,0.197,104,0.0,20.22,61.0,30763404,0
CUST_02165_C1,CUST_02165,IT/소프트웨어,5-49인,Standard,Standard,12,10,0,1140085,-0.0587,8.79,0.7155,0.0153,0.2622,80,0.1,47.81,,15049122,0
CUST_02166_C1,CUST_02166,금융/보험,5-49인,Standard,Priority,12,10,0,1458267,0.0293,8.6,0.6913,-0.0854,0.2344,79,0.0667,21.31,61.0,20211581,0
CUST_02167_C1,CUST_02167,물류/운송,5-49인,Basic,Standard,12,10,0,3331455,-0.0508,9.18,0.6627,-0.0491,0.2051,164,0.3571,46.52,,39977460,1
CUST_02168_C1,CUST_02168,물류/운송,5-49인,Basic,Standard,12,10,0,2416607,-0.0329,5.46,0.7282,0.086,0.2412,118,0.1579,62.94,122.0,28999284,0
CUST_02168_C2,CUST_02168,물류/운송,5-49인,Basic,Enterprise,12,22,1,3148891,0.0377,14.56,0.7582,-0.0216,0.2092,131,0.0,6.33,30.0,43454696,0
CUST_02169_C1,CUST_02169,유통/커머스,50-299인,Basic,Standard,24,22,0,6551853,-0.034,26.0,0.6511,-0.0959,0.2843,172,0.2353,64.89,122.0,78622236,0
CUST_02169_C2,CUST_02169,유통/커머스,50-299인,Basic,Standard,12,34,1,5567109,0.0408,9.11,0.7019,-0.0357,0.2718,167,0.1667,55.63,121.0,66805308,0
CUST_02170_C1,CUST_02170,유통/커머스,300인이상,Premium,Priority,12,10,0,120802959,0.0275,11.03,0.7091,-0.0119,0.2038,25,0.1176,21.71,61.0,1902646604,0
CUST_02170_C2,CUST_02170,유통/커머스,300인이상,Premium,Enterprise,36,46,1,136509775,-0.0106,9.98,0.7512,-0.0115,0.1501,28,0.0,5.51,31.0,2354793619,0
CUST_02170_C3,CUST_02170,유통/커머스,300인이상,Premium,Priority,12,58,2,161738880,-0.0308,5.67,0.658,0.1323,0.2271,19,0.0,23.51,61.0,2547387360,0
CUST_02171_C1,CUST_02171,IT/소프트웨어,5-49인,Standard,Enterprise,12,10,0,2040036,0.01,1.99,0.626,0.0418,0.2727,75,0.0,6.84,31.0,30967746,0
CUST_02171_C2,CUST_02171,IT/소프트웨어,5-49인,Standard,Priority,24,34,1,2248971,-0.0071,9.52,0.6526,-0.1118,0.2508,87,0.1818,18.69,61.0,31170738,0
CUST_02172_C1,CUST_02172,기타서비스업,5-49인,Basic,Standard,12,10,0,7809941,-0.0001,9.2,0.6896,-0.1414,0.2299,133,0.25,64.85,120.0,93719292,1
CUST_02173_C1,CUST_02173,물류/운송,5-49인,Standard,Standard,12,10,0,1494645,0.0061,17.26,0.6547,-0.0514,0.2491,113,0.1818,50.39,120.0,19729314,0
CUST_02174_C1,CUST_02174,금융/보험,50-299인,Premium,Standard,36,34,0,58734956,0.0162,22.99,0.7616,-0.0436,0.1816,34,0.1667,46.17,306.0,881024340,0
CUST_02174_C2,CUST_02174,금융/보험,50-299인,Premium,Enterprise,12,46,1,54855333,-0.0589,-3.19,0.7183,0.0599,0.2391,36,0.0625,6.64,31.0,946254494,0
CUST_02174_C3,CUST_02174,금융/보험,50-299인,Premium,Priority,36,82,2,75754580,0.0125,23.35,0.643,0.008,0.2185,26,0.0,26.52,61.0,1193134635,0
CUST_02175_C1,CUST_02175,물류/운송,50-299인,Basic,Standard,12,10,0,7619381,0.0503,1.96,0.7994,0.0749,0.1869,99,0.2727,49.61,120.0,91432572,1
CUST_02176_C1,CUST_02176,금융/보험,5-49인,Standard,Priority,12,10,0,6000631,0.0365,10.33,0.7418,-0.0807,0.2065,79,0.1818,15.98,183.0,83168746,0
CUST_02177_C1,CUST_02177,IT/소프트웨어,5-49인,Standard,Enterprise,12,10,0,3560540,-0.0159,11.29,0.5763,0.0105,0.3602,132,0.16,6.81,30.0,54048997,0
CUST_02178_C1,CUST_02178,제조업,50-299인,Standard,Priority,12,10,0,20218110,0.0708,6.65,0.7223,0.0716,0.2322,70,0.0556,25.68,,280223005,0
CUST_02179_C1,CUST_02179,IT/소프트웨어,5-49인,Basic,Priority,36,34,0,5372468,-0.0478,12.0,0.7508,0.0802,0.1758,120,0.0667,22.99,62.0,67693097,0
CUST_02180_C1,CUST_02180,교육,5-49인,Basic,Priority,12,10,0,1114283,-0.0406,3.42,0.7435,0.1088,0.2587,103,0.0833,22.98,61.0,14039966,0
CUST_02181_C1,CUST_02181,기타서비스업,5-49인,Basic,Priority,24,22,0,4013185,-0.0095,3.43,0.7825,-0.0391,0.1272,74,0.0,23.11,61.0,50566131,0
CUST_02182_C1,CUST_02182,금융/보험,5-49인,Basic,Standard,12,10,0,2577784,0.0271,21.61,0.5945,-0.0023,0.3138,189,0.5,45.22,123.0,30933408,1
CUST_02183_C1,CUST_02183,유통/커머스,50-299인,Premium,Enterprise,24,22,0,17968891,0.0272,14.41,0.77,-0.0061,0.2745,34,0.0,8.34,30.0,309963370,0
CUST_02184_C1,CUST_02184,제조업,50-299인,Premium,Enterprise,12,10,0,32683365,-0.0318,3.42,0.6421,0.0133,0.2763,43,0.0385,6.45,28.0,563788046,0
CUST_02185_C1,CUST_02185,물류/운송,5-49인,Basic,Priority,12,10,0,2383603,-0.0468,-4.23,0.7315,0.0017,0.2014,124,0.0476,23.2,59.0,30033398,0
CUST_02186_C1,CUST_02186,교육,5-49인,Basic,Priority,24,22,0,1452588,0.0539,5.83,0.6866,-0.1175,0.2266,148,0.0588,23.11,61.0,18302609,0
CUST_02186_C2,CUST_02186,교육,5-49인,Basic,Priority,12,34,1,1332187,0.0072,9.52,0.6994,-0.0211,0.2568,152,0.16,22.03,61.0,16785556,0
CUST_02186_C3,CUST_02186,교육,5-49인,Basic,Priority,12,46,2,1205282,0.056,10.83,0.6754,-0.026,0.3194,173,0.1667,25.82,61.0,15186553,0
CUST_02187_C1,CUST_02187,제조업,50-299인,Basic,Standard,36,34,0,9888608,-0.0089,10.16,0.7854,-0.0203,0.1542,86,0.0,77.64,121.0,118663296,0
CUST_02188_C1,CUST_02188,유통/커머스,5-49인,Standard,Enterprise,24,22,0,1947693,0.0539,12.3,0.689,0.0052,0.2485,95,0.3333,7.42,28.0,29565980,0
CUST_02189_C1,CUST_02189,유통/커머스,5-49인,Basic,Standard,12,10,0,3812431,0.1269,12.0,0.6922,-0.1766,0.3397,172,0.0,38.64,,45749172,0
CUST_02190_C1,CUST_02190,의료/헬스케어,50-299인,Premium,Enterprise,12,10,0,32031411,0.0675,11.92,0.802,0.0719,0.2036,41,0.0,6.4,31.0,552541840,0
CUST_02190_C2,CUST_02190,의료/헬스케어,50-299인,Premium,Enterprise,12,22,1,29677229,0.0021,-2.2,0.6871,-0.1424,0.191,21,0.0,7.08,31.0,511932200,0
CUST_02190_C3,CUST_02190,의료/헬스케어,50-299인,Premium,Enterprise,12,34,2,37296671,0.0453,15.99,0.7538,-0.0927,0.2824,38,0.15,7.06,30.0,643367575,0
CUST_02191_C1,CUST_02191,제조업,5-49인,Standard,Priority,12,10,0,12964356,0.0422,6.68,0.662,0.0629,0.2964,70,0.12,22.15,61.0,179685974,0
CUST_02191_C2,CUST_02191,제조업,5-49인,Standard,Priority,12,22,1,12192107,-0.0208,-0.46,0.732,-0.0587,0.1585,55,0.0625,23.35,61.0,168982603,0
CUST_02191_C3,CUST_02191,제조업,5-49인,Standard,Priority,24,46,2,13765811,0.0941,6.59,0.8064,0.1587,0.1742,56,0.0,16.78,61.0,190794140,0
CUST_02192_C1,CUST_02192,IT/소프트웨어,5-49인,Basic,Standard,24,22,0,2232818,0.047,10.6,0.6704,0.0403,0.2509,150,0.2143,60.33,304.0,26793816,0
CUST_02192_C2,CUST_02192,IT/소프트웨어,5-49인,Basic,Standard,24,46,1,2354768,-0.0197,8.69,0.7021,0.1752,0.2235,133,0.3684,76.1,304.0,28257216,0
CUST_02192_C3,CUST_02192,IT/소프트웨어,5-49인,Basic,Priority,12,58,2,2409144,-0.0375,0.58,0.679,-0.0301,0.223,133,0.1905,19.24,62.0,30355214,0
CUST_02193_C1,CUST_02193,의료/헬스케어,5-49인,Basic,Standard,12,10,0,2432157,-0.0067,2.54,0.7725,-0.0036,0.1875,101,0.0,48.21,123.0,29185884,0
CUST_02194_C1,CUST_02194,IT/소프트웨어,5-49인,Basic,Standard,36,34,0,1478047,0.001,3.41,0.8236,-0.0896,0.2298,86,0.0833,85.53,305.0,17736564,0
CUST_02194_C2,CUST_02194,IT/소프트웨어,5-49인,Basic,Priority,12,46,1,1649252,0.0209,-5.15,0.8084,-0.1734,0.1537,99,0.0769,21.42,61.0,20780575,0
CUST_02194_C3,CUST_02194,IT/소프트웨어,5-49인,Basic,Priority,12,58,2,1970506,-0.0052,-0.62,0.761,-0.0326,0.158,132,0.0,21.93,61.0,24828376,0
CUST_02195_C1,CUST_02195,제조업,5-49인,Basic,Priority,12,10,0,1962954,0.068,-0.52,0.7851,0.1843,0.1645,91,0.125,20.14,62.0,24733220,0
CUST_02195_C2,CUST_02195,제조업,5-49인,Basic,Standard,12,22,1,2261397,0.0165,0.58,0.7711,-0.125,0.1691,95,0.3333,65.3,123.0,27136764,0
CUST_02196_C1,CUST_02196,IT/소프트웨어,5-49인,Basic,Enterprise,24,22,0,2895322,0.0535,13.55,0.6416,0.1174,0.2119,101,0.0,6.97,28.0,39955444,0
CUST_02197_C1,CUST_02197,의료/헬스케어,5-49인,Basic,Standard,12,10,0,5282881,-0.0265,-1.62,0.6887,-0.0357,0.2471,133,0.2667,51.79,,63394572,0
CUST_02197_C2,CUST_02197,의료/헬스케어,5-49인,Basic,Standard,12,22,1,5834232,-0.0354,1.82,0.679,-0.0596,0.2682,128,0.1786,53.65,123.0,70010784,0
CUST_02198_C1,CUST_02198,의료/헬스케어,50-299인,Basic,Priority,24,22,0,6463741,0.0218,13.37,0.6877,-0.0533,0.2301,144,0.0435,20.39,304.0,81443137,0
CUST_02199_C1,CUST_02199,유통/커머스,50-299인,Standard,Priority,24,22,0,40086356,-0.0252,12.38,0.5383,-0.0599,0.2872,132,0.1429,28.88,183.0,555596894,1
CUST_02200_C1,CUST_02200,제조업,5-49인,Basic,Standard,24,22,0,2595748,-0.0188,11.46,0.648,0.026,0.224,114,0.1667,72.16,122.0,31148976,0
CUST_02200_C2,CUST_02200,제조업,5-49인,Basic,Standard,24,46,1,2820189,0.0215,9.83,0.7054,-0.0513,0.2346,108,0.1667,52.13,122.0,33842268,0
CUST_02201_C1,CUST_02201,IT/소프트웨어,5-49인,Basic,Standard,12,10,0,2062991,0.017,10.63,0.6847,-0.0079,0.2505,120,0.1,78.87,122.0,24755892,1
CUST_02202_C1,CUST_02202,기타서비스업,5-49인,Standard,Standard,36,34,0,2949661,0.0749,14.04,0.7487,0.0257,0.2012,64,0.1579,55.81,122.0,38935525,0
CUST_02202_C2,CUST_02202,기타서비스업,5-49인,Standard,Enterprise,12,46,1,2919401,0.0321,5.3,0.7415,-0.0959,0.1979,60,0.0,7.46,122.0,44316507,0
CUST_02202_C3,CUST_02202,기타서비스업,5-49인,Standard,Enterprise,12,58,2,1974047,-0.0257,0.08,0.7438,-0.0179,0.1547,69,0.0,8.55,30.0,29966033,0
CUST_02203_C1,CUST_02203,의료/헬스케어,5-49인,Standard,Priority,36,34,0,3557193,-0.0203,8.93,0.6475,-0.0691,0.1684,67,0.2857,25.08,61.0,49302695,0
CUST_02204_C1,CUST_02204,기타서비스업,50-299인,Standard,Standard,12,10,0,18643807,0.0248,3.55,0.743,0.0296,0.1469,67,0.1111,38.51,,246098252,0
CUST_02205_C1,CUST_02205,의료/헬스케어,50-299인,Standard,Priority,12,10,0,13539326,0.1015,3.98,0.7524,-0.0403,0.1924,57,0.1333,21.02,59.0,187655058,0
CUST_02206_C1,CUST_02206,제조업,5-49인,Basic,Standard,12,10,0,1726010,0.0286,1.49,0.7989,-0.0729,0.1678,97,0.2308,41.4,,20712120,0
CUST_02207_C1,CUST_02207,IT/소프트웨어,5-49인,Basic,Standard,24,22,0,3788436,0.0367,16.43,0.5754,0.0831,0.2823,147,0.2778,83.78,123.0,45461232,1
CUST_02208_C1,CUST_02208,유통/커머스,5-49인,Standard,Priority,12,10,0,4535293,-0.0159,7.21,0.6083,-0.0317,0.268,98,0.15,26.31,184.0,62859161,0
CUST_02208_C2,CUST_02208,유통/커머스,5-49인,Standard,Enterprise,24,34,1,4438044,-0.0301,5.71,0.6214,0.0217,0.2941,75,0.087,7.4,122.0,67369508,0
CUST_02208_C3,CUST_02208,유통/커머스,5-49인,Standard,Priority,12,46,2,5395941,0.0325,6.81,0.752,-0.0384,0.2336,57,0.0476,23.27,61.0,74787742,0
CUST_02209_C1,CUST_02209,유통/커머스,300인이상,Premium,Enterprise,24,22,0,78184544,-0.0001,8.44,0.6782,-0.0354,0.2459,37,0.0952,6.27,31.0,1348683384,0
CUST_02209_C2,CUST_02209,유통/커머스,300인이상,Premium,Enterprise,36,58,1,71964811,-0.0238,17.22,0.6976,-0.0256,0.303,39,0.0,5.38,31.0,1241392990,0
CUST_02210_C1,CUST_02210,물류/운송,5-49인,Basic,Standard,12,10,0,4158833,0.032,6.75,0.7558,-0.0065,0.185,89,0.0909,46.96,,49905996,0
CUST_02210_C2,CUST_02210,물류/운송,5-49인,Basic,Standard,12,22,1,3855522,-0.0156,-3.6,0.7683,-0.0218,0.1704,109,0.1333,65.05,305.0,46266264,0
CUST_02211_C1,CUST_02211,금융/보험,5-49인,Basic,Enterprise,24,22,0,3935212,-0.0338,24.42,0.6195,-0.0702,0.2993,165,0.04,6.83,30.0,54305926,0
CUST_02212_C1,CUST_02212,금융/보험,50-299인,Basic,Standard,12,10,0,6002727,-0.031,1.16,0.7308,-0.0363,0.1698,104,0.1875,39.55,120.0,72032724,0
CUST_02213_C1,CUST_02213,기타서비스업,5-49인,Standard,Priority,12,10,0,4793747,0.0315,0.66,0.7481,0.1697,0.1165,38,0.0,17.63,61.0,66441333,0
CUST_02214_C1,CUST_02214,제조업,300인이상,Premium,Enterprise,36,34,0,80356582,0.0109,14.81,0.6846,0.0154,0.2536,45,0.0,7.24,121.0,1386151040,0
CUST_02215_C1,CUST_02215,IT/소프트웨어,5-49인,Basic,Standard,24,22,0,3894261,0.0219,7.66,0.7122,-0.1373,0.2323,120,0.1667,63.65,122.0,46731132,0
CUST_02216_C1,CUST_02216,기타서비스업,5-49인,Basic,Standard,24,22,0,3357879,0.0028,16.24,0.6532,0.0997,0.2645,183,0.2632,45.76,304.0,40294548,1
CUST_02217_C1,CUST_02217,IT/소프트웨어,5-49인,Basic,Standard,36,34,0,12435604,0.0546,25.76,0.5962,0.0938,0.3406,191,0.2308,54.29,120.0,149227248,1
CUST_02218_C1,CUST_02218,유통/커머스,5-49인,Basic,Priority,12,10,0,2052842,0.0334,7.6,0.7382,0.051,0.2041,116,0.0625,22.77,61.0,25865809,0
CUST_02218_C2,CUST_02218,유통/커머스,5-49인,Basic,Standard,24,34,1,1345375,0.0819,7.63,0.6667,0.0543,0.2771,148,0.25,70.2,122.0,16144500,0
CUST_02218_C3,CUST_02218,유통/커머스,5-49인,Basic,Standard,12,46,2,1320949,0.0098,5.12,0.7327,0.0147,0.2409,133,0.0625,42.49,307.0,15851388,0
CUST_02219_C1,CUST_02219,유통/커머스,5-49인,Premium,Enterprise,12,10,0,1172510,-0.0029,6.57,0.6831,-0.086,0.3064,51,0.1538,5.72,30.0,20225798,0
CUST_02219_C2,CUST_02219,유통/커머스,5-49인,Premium,Enterprise,24,34,1,1537181,-0.0108,7.72,0.7016,0.0172,0.1893,29,0.0714,7.25,122.0,26516372,0
CUST_02219_C3,CUST_02219,유통/커머스,5-49인,Premium,Enterprise,12,46,2,2029369,0.0582,12.43,0.7199,-0.0428,0.1879,35,0.0,6.6,30.0,35006615,0
CUST_02220_C1,CUST_02220,유통/커머스,50-299인,Standard,Standard,12,10,0,21049976,-0.0362,7.29,0.6868,-0.0417,0.2339,107,0.1739,57.43,122.0,277859683,1
CUST_02221_C1,CUST_02221,금융/보험,5-49인,Standard,Priority,12,10,0,2975857,0.0044,2.96,0.6821,0.0427,0.2016,69,0.2727,25.49,61.0,41245378,0
CUST_02221_C2,CUST_02221,금융/보험,5-49인,Standard,Priority,12,22,1,3707973,0.0242,0.21,0.6665,0.0025,0.2015,47,0.0,20.61,61.0,51392506,0
CUST_02221_C3,CUST_02221,금융/보험,5-49인,Standard,Priority,12,34,2,4350090,0.0308,8.3,0.6886,0.0384,0.2145,74,0.0588,19.46,61.0,60292247,0
CUST_02222_C1,CUST_02222,제조업,5-49인,Basic,Standard,12,10,0,6236672,-0.0112,5.91,0.6639,-0.0262,0.2938,153,0.1765,37.45,123.0,74840064,0
CUST_02222_C2,CUST_02222,제조업,5-49인,Basic,Standard,12,23,1,6280810,0.0196,13.95,0.65,-0.028,0.2229,163,0.15,52.52,123.0,75369720,0
CUST_02222_C3,CUST_02222,제조업,5-49인,Basic,Standard,12,35,2,6459784,-0.0426,0.75,0.6656,0.0471,0.3065,134,0.3,50.83,123.0,77517408,1
CUST_02223_C1,CUST_02223,IT/소프트웨어,50-299인,Standard,Standard,12,10,0,28641269,-0.0226,1.37,0.6809,-0.0589,0.2424,82,0.0556,69.97,,378064751,0
CUST_02224_C1,CUST_02224,제조업,5-49인,Basic,Priority,12,10,0,2345545,-0.0249,-0.91,0.7278,-0.0095,0.2288,94,0.0625,16.55,59.0,29553867,0
CUST_02224_C2,CUST_02224,제조업,5-49인,Basic,Standard,12,22,1,2428530,0.0718,7.98,0.6625,-0.0892,0.2608,176,0.1765,56.16,120.0,29142360,1
CUST_02225_C1,CUST_02225,제조업,5-49인,Basic,Standard,12,10,0,5698298,0.028,19.25,0.677,0.0028,0.2719,189,0.2917,55.91,120.0,68379576,1
CUST_02226_C1,CUST_02226,물류/운송,50-299인,Standard,Enterprise,12,10,0,22668913,0.0242,-1.01,0.8276,0.0496,0.14,50,0.0,5.98,31.0,344114099,0
CUST_02226_C2,CUST_02226,물류/운송,50-299인,Standard,Standard,24,35,1,31468540,-0.0184,10.1,0.8145,0.0959,0.198,51,0.0909,69.48,123.0,415384728,0
CUST_02227_C1,CUST_02227,IT/소프트웨어,5-49인,Basic,Standard,12,10,0,5312655,-0.0581,8.34,0.7181,0.1183,0.2942,172,0.24,62.07,,63751860,0
CUST_02227_C2,CUST_02227,IT/소프트웨어,5-49인,Basic,Standard,12,23,1,4909071,0.0427,-3.57,0.7673,0.0646,0.2216,121,0.2857,50.9,123.0,58908852,0
CUST_02228_C1,CUST_02228,IT/소프트웨어,5-49인,Basic,Priority,12,10,0,4968940,0.0039,-3.28,0.7965,-0.0286,0.22,107,0.0833,21.93,62.0,62608644,0
CUST_02228_C2,CUST_02228,IT/소프트웨어,5-49인,Basic,Standard,12,22,1,3710751,0.0175,3.49,0.7483,-0.0641,0.1933,149,0.1429,70.01,123.0,44529012,0
CUST_02228_C3,CUST_02228,IT/소프트웨어,5-49인,Basic,Standard,12,34,2,3461581,-0.0091,0.34,0.7137,-0.0355,0.1968,102,0.1765,60.82,123.0,41538972,0
CUST_02229_C1,CUST_02229,물류/운송,5-49인,Basic,Standard,24,22,0,4412989,-0.0156,14.32,0.6994,0.1624,0.2762,166,0.0,88.6,121.0,52955868,0
CUST_02229_C2,CUST_02229,물류/운송,5-49인,Basic,Priority,12,34,1,5228187,0.0288,11.14,0.5941,0.0073,0.2622,168,0.2222,28.51,59.0,65875156,0
CUST_02229_C3,CUST_02229,물류/운송,5-49인,Basic,Standard,12,46,2,4732400,-0.045,-3.62,0.7317,0.075,0.2189,106,0.3,42.99,120.0,56788800,0
CUST_02230_C1,CUST_02230,IT/소프트웨어,5-49인,Basic,Priority,12,10,0,2934850,0.1173,4.44,0.7637,0.0529,0.1427,117,0.1,19.77,61.0,36979110,0
CUST_02231_C1,CUST_02231,유통/커머스,50-299인,Basic,Standard,12,10,0,13117457,0.0466,10.69,0.7392,-0.0143,0.2604,106,0.0,60.12,122.0,157409484,0
CUST_02232_C1,CUST_02232,유통/커머스,5-49인,Basic,Priority,12,10,0,3450436,0.0178,4.14,0.7407,-0.0555,0.2414,143,0.1818,31.64,61.0,43475494,1
CUST_02233_C1,CUST_02233,유통/커머스,5-49인,Standard,Enterprise,12,10,0,2272289,0.0144,2.46,0.6934,-0.1172,0.2561,69,0.0,8.45,30.0,34493347,0
CUST_02234_C1,CUST_02234,제조업,50-299인,Basic,Priority,24,22,0,8247734,0.0391,13.19,0.7747,-0.0401,0.2079,133,0.1538,23.31,61.0,103921448,1
CUST_02235_C1,CUST_02235,유통/커머스,5-49인,Basic,Standard,36,34,0,1998046,0.0171,5.66,0.737,-0.0467,0.1973,145,0.1333,48.75,304.0,23976552,0
CUST_02235_C2,CUST_02235,유통/커머스,5-49인,Basic,Standard,12,46,1,1378569,0.0021,-3.55,0.7098,-0.0961,0.191,113,0.1111,50.67,122.0,16542828,0
CUST_02236_C1,CUST_02236,유통/커머스,5-49인,Standard,Priority,12,10,0,8075614,-0.0376,5.76,0.6969,0.0402,0.2327,56,0.0833,17.25,61.0,111928010,0
CUST_02237_C1,CUST_02237,제조업,5-49인,Premium,Priority,36,34,0,2069364,-0.0014,2.09,0.8102,-0.1025,0.0968,15,0.0,19.12,61.0,32592483,0
CUST_02237_C2,CUST_02237,제조업,5-49인,Premium,Priority,24,59,1,1459120,-0.0497,-13.38,0.7342,0.0832,0.1945,13,0.0526,26.09,61.0,22981140,0
CUST_02238_C1,CUST_02238,IT/소프트웨어,50-299인,Premium,Enterprise,12,10,0,16179840,-0.007,1.78,0.6869,0.095,0.1957,37,0.0,5.78,31.0,279102240,0
CUST_02238_C2,CUST_02238,IT/소프트웨어,50-299인,Premium,Enterprise,24,34,1,17178119,-0.0869,3.4,0.753,0.1755,0.1835,20,0.0,9.15,31.0,296322553,0
CUST_02238_C3,CUST_02238,IT/소프트웨어,50-299인,Premium,Enterprise,12,46,2,18908935,-0.0247,8.23,0.7216,-0.04,0.2165,38,0.0714,5.99,31.0,326179129,0
CUST_02239_C1,CUST_02239,제조업,5-49인,Standard,Priority,24,22,0,2478927,0.0378,12.02,0.6676,0.0594,0.1701,54,0.1176,28.65,183.0,34357928,0
CUST_02239_C2,CUST_02239,제조업,5-49인,Standard,Enterprise,12,34,1,2626572,-0.0389,3.32,0.784,0.0378,0.2434,63,0.2222,8.96,30.0,39871363,0
CUST_02239_C3,CUST_02239,제조업,5-49인,Standard,Standard,24,58,2,3117169,-0.0776,8.83,0.7202,0.0165,0.1203,54,0.2667,52.72,122.0,41146631,0
CUST_02240_C1,CUST_02240,금융/보험,5-49인,Standard,Priority,24,22,0,3383591,0.0141,5.78,0.7024,-0.1056,0.2746,72,0.125,21.99,62.0,46896571,0
CUST_02240_C2,CUST_02240,금융/보험,5-49인,Standard,Standard,12,34,1,2355412,0.0286,5.93,0.7096,0.0012,0.1895,69,0.2273,47.58,123.0,31091438,0
CUST_02240_C3,CUST_02240,금융/보험,5-49인,Standard,Standard,12,46,2,2733646,0.0056,1.65,0.7801,0.1689,0.2129,63,0.2,74.55,123.0,36084127,0
CUST_02241_C1,CUST_02241,IT/소프트웨어,5-49인,Premium,Enterprise,12,10,0,4303206,0.008,2.82,0.7467,-0.0434,0.206,34,0.0,5.65,122.0,74230304,0
CUST_02242_C1,CUST_02242,제조업,5-49인,Basic,Standard,36,34,0,3836580,-0.0255,17.31,0.6138,0.0759,0.2815,209,0.28,42.74,305.0,46038960,1
CUST_02243_C1,CUST_02243,IT/소프트웨어,5-49인,Standard,Priority,12,10,0,4602579,0.019,11.1,0.6198,0.0344,0.2628,93,0.0526,23.4,182.0,63791745,0
CUST_02244_C1,CUST_02244,물류/운송,5-49인,Basic,Standard,12,10,0,3284881,0.0104,12.39,0.6349,0.0341,0.2513,123,0.0625,41.31,122.0,39418572,0
CUST_02245_C1,CUST_02245,유통/커머스,5-49인,Basic,Priority,12,10,0,3059159,0.002,3.0,0.626,0.0135,0.2319,143,0.0556,23.68,181.0,38545403,0
CUST_02246_C1,CUST_02246,물류/운송,300인이상,Standard,Priority,36,34,0,35053848,0.0348,7.87,0.6942,0.0242,0.1685,69,0.0,17.14,61.0,485846333,0
CUST_02247_C1,CUST_02247,제조업,5-49인,Standard,Enterprise,24,22,0,1429401,0.0075,8.36,0.7134,-0.0434,0.2546,77,0.0,6.47,30.0,21698307,0
CUST_02248_C1,CUST_02248,IT/소프트웨어,50-299인,Standard,Enterprise,12,10,0,28819746,-0.005,7.38,0.6754,-0.1085,0.2626,60,0.1111,7.02,214.0,437483744,0
CUST_02248_C2,CUST_02248,IT/소프트웨어,50-299인,Standard,Enterprise,12,22,1,18297271,0.0041,0.55,0.6902,-0.0786,0.2506,66,0.1111,5.4,31.0,277752574,0
CUST_02249_C1,CUST_02249,유통/커머스,300인이상,Premium,Enterprise,24,22,0,117842041,0.0531,13.79,0.7805,0.0646,0.2141,18,0.0833,6.3,122.0,2032775207,0
CUST_02249_C2,CUST_02249,유통/커머스,300인이상,Premium,Standard,24,46,1,148858450,-0.0081,1.01,0.8305,0.0429,0.16,26,0.1875,57.2,122.0,2232876750,0
CUST_02249_C3,CUST_02249,유통/커머스,300인이상,Premium,Enterprise,24,70,2,153079046,0.013,6.65,0.6675,0.0908,0.2343,24,0.0,5.33,122.0,2640613544,0
CUST_02250_C1,CUST_02250,IT/소프트웨어,50-299인,Standard,Priority,36,34,0,28484754,0.0814,25.21,0.6585,-0.0732,0.2225,70,0.0625,23.15,183.0,394798690,0
CUST_02250_C2,CUST_02250,IT/소프트웨어,50-299인,Standard,Priority,12,46,1,24898114,-0.022,1.56,0.7198,0.1606,0.2134,63,0.1818,20.36,59.0,345087860,0
CUST_02251_C1,CUST_02251,금융/보험,50-299인,Standard,Priority,24,22,0,11819141,-0.0353,6.3,0.6563,0.0302,0.2584,54,0.1818,22.28,60.0,163813294,0
CUST_02252_C1,CUST_02252,제조업,50-299인,Standard,Enterprise,12,10,0,3870959,-0.0493,7.61,0.6471,-0.0225,0.2709,87,0.2353,6.5,28.0,58761158,1
CUST_02253_C1,CUST_02253,금융/보험,5-49인,Basic,Standard,24,22,0,1919968,0.0181,10.78,0.7147,0.0733,0.2812,121,0.2353,65.62,123.0,23039616,1
CUST_02254_C1,CUST_02254,유통/커머스,5-49인,Basic,Standard,24,22,0,6030245,-0.044,10.23,0.6499,-0.0337,0.2877,203,0.2609,50.31,122.0,72362940,1
CUST_02255_C1,CUST_02255,IT/소프트웨어,5-49인,Basic,Standard,24,22,0,1711851,-0.0215,-6.39,0.8511,0.0579,0.1035,73,0.0,65.36,304.0,20542212,0
CUST_02256_C1,CUST_02256,금융/보험,5-49인,Basic,Priority,12,10,0,3595112,0.011,-5.95,0.8684,-0.01,0.1193,70,0.0,22.07,61.0,45298411,0
CUST_02257_C1,CUST_02257,제조업,5-49인,Basic,Priority,12,10,0,1754604,-0.0174,5.12,0.8104,-0.0408,0.2024,73,0.0,22.25,181.0,22108010,0
CUST_02257_C2,CUST_02257,제조업,5-49인,Basic,Standard,12,22,1,1603599,0.0258,0.53,0.6691,0.0169,0.219,96,0.1667,60.77,305.0,19243188,0
CUST_02258_C1,CUST_02258,의료/헬스케어,5-49인,Basic,Priority,12,10,0,6826667,0.0042,16.71,0.6711,-0.0069,0.2841,167,0.1,20.89,59.0,86016004,1
CUST_02259_C1,CUST_02259,IT/소프트웨어,5-49인,Basic,Enterprise,12,10,0,1214178,0.0392,11.64,0.6033,-0.0366,0.2695,148,0.0,7.16,30.0,16755656,0
CUST_02259_C2,CUST_02259,IT/소프트웨어,5-49인,Basic,Enterprise,12,22,1,1209756,-0.0088,10.82,0.6859,-0.0205,0.2598,165,0.0526,6.38,30.0,16694633,0
CUST_02259_C3,CUST_02259,IT/소프트웨어,5-49인,Basic,Priority,12,34,2,1202879,-0.011,1.96,0.7542,-0.0365,0.2424,102,0.0,17.88,181.0,15156275,0
CUST_02260_C1,CUST_02260,기타서비스업,5-49인,Basic,Standard,24,22,0,3829157,0.0455,6.51,0.7422,0.0331,0.1396,120,0.2,57.21,123.0,45949884,0
CUST_02261_C1,CUST_02261,금융/보험,5-49인,Basic,Priority,12,10,0,3354335,0.0407,10.78,0.6649,-0.0491,0.277,172,0.1304,25.54,59.0,42264621,0
CUST_02262_C1,CUST_02262,IT/소프트웨어,5-49인,Premium,Enterprise,24,22,0,4383118,-0.0422,6.6,0.7575,0.0364,0.1918,22,0.0,6.66,30.0,75608786,0
CUST_02262_C2,CUST_02262,IT/소프트웨어,5-49인,Premium,Enterprise,12,34,1,5014958,-0.015,0.46,0.7486,0.0475,0.2098,22,0.0625,6.39,122.0,86508026,0
CUST_02262_C3,CUST_02262,IT/소프트웨어,5-49인,Premium,Priority,12,46,2,4473715,-0.0144,-4.03,0.7667,0.1326,0.1887,27,0.1053,23.34,61.0,70461011,0
CUST_02263_C1,CUST_02263,제조업,5-49인,Standard,Enterprise,24,22,0,14677633,0.0016,9.29,0.8214,0.0041,0.1635,65,0.0,6.85,30.0,222806469,0
CUST_02264_C1,CUST_02264,IT/소프트웨어,5-49인,Basic,Standard,12,10,0,2461225,-0.0288,-2.35,0.6317,0.0885,0.2696,139,0.0556,50.09,122.0,29534700,0
CUST_02264_C2,CUST_02264,IT/소프트웨어,5-49인,Basic,Standard,12,22,1,2576691,-0.0256,6.26,0.6853,0.1541,0.1932,131,0.3125,65.61,304.0,30920292,0
CUST_02265_C1,CUST_02265,IT/소프트웨어,5-49인,Basic,Standard,24,22,0,3556613,-0.0166,14.03,0.686,-0.045,0.2509,157,0.1724,60.78,122.0,42679356,1
CUST_02266_C1,CUST_02266,기타서비스업,300인이상,Premium,Enterprise,36,34,0,152345424,-0.0108,10.55,0.7618,-0.0567,0.1663,35,0.0,7.42,31.0,2627958564,0
CUST_02266_C2,CUST_02266,기타서비스업,300인이상,Premium,Priority,36,70,1,178822414,0.0722,12.86,0.6911,-0.0516,0.2375,33,0.2143,21.55,62.0,2816453020,0
CUST_02267_C1,CUST_02267,IT/소프트웨어,5-49인,Basic,Standard,24,22,0,2981020,0.065,12.77,0.8637,-0.0413,0.1783,78,0.0,68.49,122.0,35772240,0
CUST_02268_C1,CUST_02268,IT/소프트웨어,50-299인,Standard,Priority,24,22,0,12506752,0.0086,3.93,0.7723,-0.0456,0.22,74,0.0,20.56,61.0,173343583,0
CUST_02269_C1,CUST_02269,기타서비스업,5-49인,Basic,Priority,12,10,0,2472469,0.0783,21.29,0.6583,0.011,0.2935,161,0.1739,20.12,61.0,31153109,1
CUST_02270_C1,CUST_02270,유통/커머스,5-49인,Basic,Standard,12,10,0,3084262,-0.0107,-1.17,0.7307,-0.0333,0.2389,113,0.1,44.67,121.0,37011144,0
CUST_02271_C1,CUST_02271,제조업,5-49인,Basic,Standard,24,22,0,5381809,-0.0001,-0.58,0.7497,-0.108,0.1856,80,0.0625,57.21,123.0,64581708,0
CUST_02271_C2,CUST_02271,제조업,5-49인,Basic,Priority,12,34,1,5524212,0.0342,-2.93,0.7364,-0.047,0.1727,103,0.1429,31.42,61.0,69605071,0
CUST_02272_C1,CUST_02272,IT/소프트웨어,5-49인,Basic,Standard,12,10,0,2282237,-0.0244,8.31,0.7088,0.024,0.2103,118,0.2308,43.77,122.0,27386844,0
CUST_02273_C1,CUST_02273,IT/소프트웨어,50-299인,Premium,Priority,24,22,0,13411332,-0.0255,4.7,0.7575,0.0749,0.2255,40,0.1,28.16,59.0,211228479,0
CUST_02273_C2,CUST_02273,IT/소프트웨어,50-299인,Premium,Enterprise,12,34,1,14755130,0.0873,7.59,0.7453,-0.114,0.2105,30,0.0,5.38,31.0,254525992,0
CUST_02273_C3,CUST_02273,IT/소프트웨어,50-299인,Premium,Enterprise,24,58,2,14084661,0.0665,11.29,0.7663,0.0708,0.2183,27,0.0,6.4,31.0,242960402,0
CUST_02274_C1,CUST_02274,기타서비스업,5-49인,Basic,Priority,12,10,0,2985832,0.0913,0.86,0.8558,-0.0669,0.152,71,0.0,22.42,62.0,37621483,0
CUST_02275_C1,CUST_02275,금융/보험,5-49인,Basic,Priority,12,10,0,3374681,-0.007,6.23,0.6947,0.1006,0.2874,146,0.0625,22.43,61.0,42520981,0
CUST_02276_C1,CUST_02276,제조업,5-49인,Basic,Standard,24,22,0,6281372,0.0349,7.08,0.727,0.0065,0.1633,105,0.1818,54.21,122.0,75376464,0
CUST_02277_C1,CUST_02277,물류/운송,5-49인,Basic,Standard,24,22,0,1156871,-0.0075,7.19,0.7551,0.0583,0.2093,110,0.125,57.07,122.0,13882452,0
CUST_02278_C1,CUST_02278,의료/헬스케어,5-49인,Basic,Priority,36,34,0,1338956,-0.0522,6.08,0.8265,-0.0785,0.2161,85,0.0,19.5,61.0,16870846,0
CUST_02279_C1,CUST_02279,의료/헬스케어,5-49인,Basic,Standard,12,10,0,5450288,0.0387,7.65,0.6396,-0.1192,0.3464,171,0.3333,75.73,,65403456,1
CUST_02280_C1,CUST_02280,의료/헬스케어,5-49인,Basic,Standard,24,22,0,4037516,0.0301,14.38,0.7527,-0.0365,0.2381,145,0.1875,53.17,122.0,48450192,0
CUST_02280_C2,CUST_02280,의료/헬스케어,5-49인,Basic,Standard,24,46,1,3197183,0.0159,9.02,0.7428,-0.1484,0.2414,144,0.0769,83.58,122.0,38366196,0
CUST_02280_C3,CUST_02280,의료/헬스케어,5-49인,Basic,Enterprise,24,70,2,3344909,0.0251,3.85,0.6823,-0.0896,0.2645,144,0.0455,5.71,30.0,46159744,0
CUST_02281_C1,CUST_02281,제조업,5-49인,Standard,Standard,12,10,0,5746268,-0.01,8.62,0.7188,0.0134,0.3112,105,0.1739,47.77,,75850738,1
CUST_02282_C1,CUST_02282,물류/운송,50-299인,Standard,Standard,24,22,0,77247452,0.0716,12.24,0.6712,0.0761,0.2463,77,0.1304,63.55,120.0,1019666366,0
CUST_02282_C2,CUST_02282,물류/운송,50-299인,Standard,Standard,24,46,1,88781658,0.1101,21.65,0.6641,-0.0914,0.2302,87,0.1765,57.86,304.0,1171917886,0
CUST_02282_C3,CUST_02282,물류/운송,50-299인,Standard,Priority,36,82,2,87752998,0.0189,17.08,0.7298,0.0318,0.2406,89,0.0588,20.99,61.0,1216256552,0
CUST_02283_C1,CUST_02283,IT/소프트웨어,50-299인,Basic,Standard,12,10,0,10669474,0.0295,17.08,0.6445,-0.0622,0.2002,138,0.1667,46.54,121.0,128033688,1
CUST_02284_C1,CUST_02284,기타서비스업,300인이상,Premium,Enterprise,36,34,0,166663266,-0.0334,9.82,0.8213,0.0547,0.2064,25,0.0,7.24,31.0,2874941338,0
CUST_02285_C1,CUST_02285,유통/커머스,5-49인,Basic,Standard,24,22,0,1247409,-0.0431,4.13,0.7927,0.0761,0.2152,99,0.2222,43.87,304.0,14968908,0
CUST_02286_C1,CUST_02286,IT/소프트웨어,50-299인,Basic,Standard,12,10,0,9271002,0.0397,6.57,0.7225,0.0563,0.1687,108,0.2727,67.21,122.0,111252024,1
CUST_02287_C1,CUST_02287,IT/소프트웨어,5-49인,Basic,Standard,12,10,0,2433794,0.0137,-2.64,0.763,0.0181,0.1575,117,0.1538,80.86,,29205528,0
CUST_02288_C1,CUST_02288,유통/커머스,5-49인,Basic,Standard,12,10,0,3133894,-0.0077,11.75,0.7672,-0.0036,0.2268,112,0.0769,56.65,123.0,37606728,1
CUST_02289_C1,CUST_02289,금융/보험,5-49인,Premium,Enterprise,24,22,0,1144459,0.0528,4.13,0.8627,-0.0999,0.1882,30,0.0,7.56,30.0,19741918,0
CUST_02289_C2,CUST_02289,금융/보험,5-49인,Premium,Priority,12,34,1,1179014,-0.0178,1.97,0.7585,0.0411,0.1194,18,0.0769,21.54,61.0,18569470,0
CUST_02289_C3,CUST_02289,금융/보험,5-49인,Premium,Enterprise,24,58,2,1487888,0.0079,7.17,0.7612,-0.0238,0.1781,33,0.0,6.71,31.0,25666068,0
CUST_02290_C1,CUST_02290,의료/헬스케어,50-299인,Standard,Priority,12,10,0,11807460,0.0357,8.32,0.8271,0.0473,0.2027,49,0.2222,26.27,61.0,163651396,1
CUST_02291_C1,CUST_02291,제조업,5-49인,Premium,Priority,24,22,0,1309427,0.0283,10.83,0.7316,-0.0885,0.2099,38,0.0,14.89,61.0,20623475,0
CUST_02291_C2,CUST_02291,제조업,5-49인,Premium,Priority,24,46,1,1472582,0.0149,5.96,0.7565,0.0382,0.1297,20,0.0,19.83,61.0,23193166,0
CUST_02291_C3,CUST_02291,제조업,5-49인,Premium,Enterprise,12,58,2,1365245,-0.0713,-6.01,0.708,-0.0699,0.2368,26,0.0,5.4,30.0,23550476,0
CUST_02292_C1,CUST_02292,IT/소프트웨어,5-49인,Basic,Standard,24,22,0,5483117,-0.0041,5.77,0.7212,0.0245,0.2254,112,0.0741,55.1,121.0,65797404,0
CUST_02293_C1,CUST_02293,물류/운송,5-49인,Basic,Priority,12,10,0,4078972,0.0286,4.58,0.7173,0.0393,0.1704,142,0.0526,24.96,62.0,51395047,0
CUST_02294_C1,CUST_02294,교육,50-299인,Standard,Standard,24,22,0,25860317,-0.0453,8.09,0.7227,0.1645,0.26,65,0.2353,58.25,123.0,341356184,0
CUST_02295_C1,CUST_02295,의료/헬스케어,5-49인,Premium,Enterprise,24,22,0,1120202,0.0178,8.36,0.6262,-0.0618,0.239,38,0.125,6.64,31.0,19323484,0
CUST_02295_C2,CUST_02295,의료/헬스케어,5-49인,Premium,Enterprise,24,46,1,1292019,-0.0004,15.22,0.5875,-0.051,0.3269,41,0.16,7.56,31.0,22287328,0
CUST_02295_C3,CUST_02295,의료/헬스케어,5-49인,Premium,Enterprise,12,58,2,1223031,-0.0755,4.89,0.6585,-0.0587,0.2608,33,0.05,7.55,31.0,21097285,0
CUST_02296_C1,CUST_02296,IT/소프트웨어,5-49인,Basic,Standard,24,22,0,2279063,-0.0195,-4.14,0.7674,0.0741,0.2395,95,0.2857,42.12,122.0,27348756,0
CUST_02296_C2,CUST_02296,IT/소프트웨어,5-49인,Basic,Priority,12,34,1,1834382,-0.0165,3.2,0.7536,0.0667,0.1931,82,0.1111,23.12,305.0,23113213,0
CUST_02297_C1,CUST_02297,유통/커머스,50-299인,Standard,Priority,36,34,0,16573100,0.0731,5.29,0.7679,0.1822,0.2093,50,0.0,21.42,61.0,229703166,0
CUST_02298_C1,CUST_02298,유통/커머스,5-49인,Basic,Standard,24,22,0,6683858,0.0449,10.43,0.7527,0.0253,0.2064,119,0.0625,69.51,122.0,80206296,0
CUST_02299_C1,CUST_02299,유통/커머스,5-49인,Basic,Standard,24,22,0,3723946,-0.0032,4.44,0.717,-0.1771,0.1862,90,0.1667,43.86,122.0,44687352,0
CUST_02300_C1,CUST_02300,금융/보험,5-49인,Basic,Priority,12,10,0,5089839,0.0161,-2.53,0.7619,0.0796,0.1966,90,0.125,21.43,61.0,64131971,1
CUST_02301_C1,CUST_02301,유통/커머스,5-49인,Basic,Standard,12,10,0,3179660,0.0016,-1.91,0.7633,-0.0266,0.1692,119,0.1333,50.15,123.0,38155920,0
CUST_02302_C1,CUST_02302,제조업,5-49인,Basic,Standard,12,10,0,1626495,-0.0721,-3.31,0.7755,0.0387,0.1841,90,0.0,71.92,122.0,19517940,0
CUST_02303_C1,CUST_02303,금융/보험,5-49인,Premium,Enterprise,12,10,0,10178137,0.0334,0.1,0.7228,-0.0131,0.1728,22,0.0,5.0,31.0,175572863,0
CUST_02304_C1,CUST_02304,IT/소프트웨어,5-49인,Basic,Priority,12,10,0,3753072,-0.0181,8.3,0.6363,0.032,0.2924,120,0.2273,24.7,183.0,47288707,1
CUST_02305_C1,CUST_02305,IT/소프트웨어,50-299인,Standard,Priority,24,22,0,30026431,0.0168,10.83,0.6565,0.0851,0.2181,78,0.3333,23.38,61.0,416166334,0
CUST_02305_C2,CUST_02305,IT/소프트웨어,50-299인,Standard,Priority,24,46,1,29402440,-0.0006,5.23,0.705,-0.0237,0.2297,60,0.0455,24.46,61.0,407517818,0
CUST_02305_C3,CUST_02305,IT/소프트웨어,50-299인,Standard,Enterprise,24,70,2,37096600,0.0054,11.48,0.6639,-0.0058,0.2512,72,0.0625,7.62,30.0,563126388,0
CUST_02306_C1,CUST_02306,금융/보험,50-299인,Standard,Standard,12,10,0,27228824,0.0367,5.58,0.7078,0.1182,0.2044,72,0.0,82.85,123.0,359420477,0
CUST_02306_C2,CUST_02306,금융/보험,50-299인,Standard,Enterprise,24,34,1,22305930,-0.0134,10.02,0.7298,-0.0028,0.2386,55,0.0625,6.23,31.0,338604017,0
CUST_02307_C1,CUST_02307,교육,5-49인,Standard,Enterprise,12,10,0,3661146,-0.0068,-3.02,0.8185,0.1079,0.0886,37,0.0,8.99,30.0,55576196,0
CUST_02308_C1,CUST_02308,의료/헬스케어,5-49인,Basic,Priority,24,22,0,3578731,0.0508,13.62,0.671,-0.1014,0.2997,139,0.2143,30.75,61.0,45092011,1
CUST_02309_C1,CUST_02309,IT/소프트웨어,5-49인,Basic,Standard,12,10,0,6999465,0.0536,14.02,0.7115,-0.1046,0.2198,156,0.2273,54.75,122.0,83993580,1
CUST_02310_C1,CUST_02310,의료/헬스케어,50-299인,Basic,Enterprise,24,22,0,19350545,0.0023,1.31,0.7702,-0.035,0.12,81,0.0,9.65,31.0,267037521,0
CUST_02311_C1,CUST_02311,교육,5-49인,Standard,Standard,12,10,0,2467045,-0.0521,0.6,0.6563,0.0565,0.255,101,0.3077,47.92,120.0,32564994,1
CUST_02312_C1,CUST_02312,물류/운송,50-299인,Standard,Priority,12,10,0,22720495,0.0175,17.47,0.6051,-0.0376,0.3271,129,0.08,22.78,61.0,314906061,0
CUST_02312_C2,CUST_02312,물류/운송,50-299인,Standard,Priority,12,22,1,13384853,0.0304,5.38,0.5975,0.0868,0.2891,98,0.1304,25.71,61.0,185514063,0
CUST_02313_C1,CUST_02313,제조업,50-299인,Standard,Priority,36,34,0,28445180,-0.0346,17.11,0.6729,-0.0122,0.2113,93,0.125,33.27,59.0,394250195,0
CUST_02313_C2,CUST_02313,제조업,50-299인,Standard,Enterprise,12,46,1,32472177,0.0492,9.54,0.6445,-0.0275,0.2402,69,0.0667,6.36,28.0,492927647,0
CUST_02314_C1,CUST_02314,제조업,5-49인,Standard,Priority,12,10,0,6546331,0.0362,8.27,0.8135,0.103,0.2063,67,0.0625,25.39,,90732148,0
CUST_02314_C2,CUST_02314,제조업,5-49인,Standard,Enterprise,12,22,1,5878622,0.0247,3.61,0.7329,-0.0586,0.2418,52,0.0,8.17,30.0,89237482,0
CUST_02315_C1,CUST_02315,유통/커머스,5-49인,Basic,Standard,36,34,0,4121209,0.0054,19.05,0.7875,0.1124,0.2109,106,0.0667,46.5,305.0,49454508,0
CUST_02315_C2,CUST_02315,유통/커머스,5-49인,Basic,Standard,12,46,1,5493174,-0.0434,2.98,0.7318,-0.1436,0.2365,126,0.1579,54.46,120.0,65918088,0
CUST_02316_C1,CUST_02316,의료/헬스케어,5-49인,Basic,Standard,12,10,0,1719947,0.015,2.7,0.6348,-0.0245,0.3563,193,0.2759,56.36,123.0,20639364,0
CUST_02316_C2,CUST_02316,의료/헬스케어,5-49인,Basic,Standard,12,22,1,2798098,-0.0154,11.27,0.7072,0.0657,0.2463,132,0.3529,61.85,123.0,33577176,1
CUST_02317_C1,CUST_02317,기타서비스업,5-49인,Basic,Enterprise,12,10,0,969373,0.0986,0.72,0.6363,0.0792,0.2502,132,0.0588,8.03,123.0,13377347,1
CUST_02318_C1,CUST_02318,금융/보험,5-49인,Basic,Standard,24,22,0,3779987,0.0533,4.06,0.8186,0.1547,0.1989,93,0.0909,52.01,121.0,45359844,0
CUST_02318_C2,CUST_02318,금융/보험,5-49인,Basic,Standard,24,46,1,3988385,0.0273,-1.77,0.7602,0.0801,0.1445,81,0.0833,44.26,120.0,47860620,0
CUST_02319_C1,CUST_02319,제조업,5-49인,Basic,Standard,12,10,0,3614427,0.043,7.93,0.6713,0.0155,0.2515,142,0.2308,58.99,122.0,43373124,0
CUST_02320_C1,CUST_02320,제조업,5-49인,Basic,Priority,12,10,0,1134443,0.024,3.97,0.7188,0.0064,0.1974,125,0.0,20.88,61.0,14293982,0
CUST_02321_C1,CUST_02321,교육,5-49인,Premium,Enterprise,24,22,0,1157315,0.0406,5.14,0.6944,-0.0054,0.2299,21,0.0,5.77,30.0,19963684,0
CUST_02322_C1,CUST_02322,제조업,5-49인,Basic,Standard,12,10,0,2674544,0.0445,-0.5,0.7243,0.0137,0.2395,116,0.2857,52.67,,32094528,1
CUST_02323_C1,CUST_02323,의료/헬스케어,5-49인,Basic,Standard,24,22,0,7421834,-0.0596,1.73,0.8715,0.0767,0.1051,59,0.2,56.28,122.0,89062008,0
CUST_02324_C1,CUST_02324,제조업,5-49인,Basic,Standard,24,22,0,1496382,0.037,7.75,0.7566,-0.0352,0.2224,101,0.1429,65.29,122.0,17956584,0
CUST_02324_C2,CUST_02324,제조업,5-49인,Basic,Standard,12,34,1,1608368,0.0162,1.27,0.8283,-0.0939,0.2222,131,0.2,67.27,122.0,19300416,0
CUST_02324_C3,CUST_02324,제조업,5-49인,Basic,Standard,12,46,2,1451009,-0.0042,-0.45,0.7166,0.0211,0.2296,139,0.0476,64.15,122.0,17412108,0
CUST_02325_C1,CUST_02325,IT/소프트웨어,50-299인,Standard,Priority,36,34,0,14166402,0.0341,22.1,0.7036,0.0137,0.2413,96,0.1667,23.53,60.0,196346332,0
CUST_02326_C1,CUST_02326,금융/보험,50-299인,Premium,Enterprise,24,22,0,23010930,0.0326,15.41,0.7358,0.0145,0.2363,31,0.1333,9.25,28.0,396938542,0
CUST_02327_C1,CUST_02327,IT/소프트웨어,5-49인,Basic,Standard,24,22,0,1631821,0.0571,4.09,0.7108,-0.1024,0.1737,126,0.1333,49.69,486.0,19581852,0
CUST_02328_C1,CUST_02328,제조업,5-49인,Standard,Enterprise,24,22,0,1261733,0.0055,10.85,0.7248,-0.1326,0.2012,70,0.0,5.79,30.0,19153107,0
CUST_02328_C2,CUST_02328,제조업,5-49인,Standard,Standard,12,34,1,1248960,-0.023,-1.35,0.7505,-0.0293,0.1301,59,0.2667,56.66,122.0,16486272,0
CUST_02328_C3,CUST_02328,제조업,5-49인,Standard,Priority,24,58,2,1603426,-0.0009,8.17,0.6673,0.006,0.3017,71,0.0714,23.05,181.0,22223484,0
CUST_02329_C1,CUST_02329,물류/운송,5-49인,Basic,Standard,12,10,0,3562166,0.007,11.64,0.7119,-0.0244,0.2626,145,0.1111,74.57,120.0,42745992,0
CUST_02329_C2,CUST_02329,물류/운송,5-49인,Basic,Priority,12,22,1,2623189,0.0129,2.94,0.6601,-0.0038,0.2152,120,0.0667,23.4,61.0,33052181,0
CUST_02330_C1,CUST_02330,물류/운송,5-49인,Basic,Priority,36,34,0,4502459,0.0091,10.36,0.8162,0.0374,0.1716,110,0.0,35.22,59.0,56730983,0
CUST_02330_C2,CUST_02330,물류/운송,5-49인,Basic,Priority,24,58,1,4050641,-0.0184,-6.9,0.8619,-0.1546,0.1313,77,0.0833,14.03,182.0,51038077,0
CUST_02330_C3,CUST_02330,물류/운송,5-49인,Basic,Standard,12,70,2,4395438,0.056,-6.22,0.8356,0.1683,0.1281,77,0.0,37.02,120.0,52745256,0
CUST_02331_C1,CUST_02331,IT/소프트웨어,5-49인,Standard,Standard,24,22,0,4327075,0.0587,14.4,0.7589,0.0121,0.2285,52,0.15,59.01,304.0,57117390,0
CUST_02331_C2,CUST_02331,IT/소프트웨어,5-49인,Standard,Standard,36,58,1,4984685,0.0932,25.43,0.6666,-0.0312,0.2724,88,0.25,50.52,120.0,65797842,0
CUST_02331_C3,CUST_02331,IT/소프트웨어,5-49인,Standard,Priority,12,70,2,4430193,0.0591,-3.88,0.6905,-0.0451,0.1971,56,0.0,20.53,61.0,61402475,0
CUST_02332_C1,CUST_02332,교육,50-299인,Standard,Enterprise,24,22,0,26139099,-0.0137,3.12,0.7441,-0.0782,0.167,73,0.0417,5.27,31.0,396791523,0
CUST_02332_C2,CUST_02332,교육,50-299인,Standard,Enterprise,24,46,1,29133087,-0.0281,5.93,0.7366,-0.0696,0.2309,64,0.0625,6.62,123.0,442240261,0
CUST_02333_C1,CUST_02333,교육,300인이상,Standard,Enterprise,24,22,0,41871896,-0.001,18.05,0.6121,0.001,0.3214,106,0.037,6.9,31.0,635615381,0
CUST_02334_C1,CUST_02334,의료/헬스케어,50-299인,Standard,Priority,36,34,0,29158322,-0.0023,12.3,0.7529,-0.0107,0.165,60,0.0667,24.27,59.0,404134343,0
CUST_02334_C2,CUST_02334,의료/헬스케어,50-299인,Standard,Priority,12,46,1,27929181,0.0422,1.02,0.813,0.0438,0.1684,53,0.0,25.74,182.0,387098449,0
CUST_02335_C1,CUST_02335,제조업,50-299인,Basic,Standard,24,22,0,8650810,0.0262,5.15,0.7709,-0.0427,0.2227,96,0.1667,49.17,122.0,103809720,0
CUST_02335_C2,CUST_02335,제조업,50-299인,Basic,Priority,24,46,1,10495706,0.0182,3.68,0.6748,0.1025,0.1836,109,0.0,27.46,61.0,132245896,0
CUST_02336_C1,CUST_02336,IT/소프트웨어,5-49인,Basic,Standard,36,34,0,3398338,0.0659,9.08,0.7149,-0.0805,0.16,98,0.1429,64.02,121.0,40780056,0
CUST_02336_C2,CUST_02336,IT/소프트웨어,5-49인,Basic,Standard,12,46,1,3999650,0.0368,6.42,0.6945,-0.0476,0.1988,115,0.25,60.47,121.0,47995800,1
CUST_02337_C1,CUST_02337,제조업,5-49인,Basic,Priority,12,10,0,1776517,-0.0293,-0.27,0.721,0.1233,0.1775,101,0.0,18.93,61.0,22384114,0
CUST_02338_C1,CUST_02338,제조업,5-49인,Standard,Standard,12,10,0,3120611,-0.0214,2.97,0.7396,-0.0259,0.2221,47,0.0909,48.51,120.0,41192065,0
CUST_02339_C1,CUST_02339,유통/커머스,5-49인,Standard,Priority,36,34,0,2118893,-0.0039,20.97,0.6929,-0.0113,0.2574,79,0.2,20.11,61.0,29367857,0
CUST_02339_C2,CUST_02339,유통/커머스,5-49인,Standard,Enterprise,12,46,1,1992472,0.0241,3.47,0.6424,0.0893,0.2496,83,0.1429,7.37,122.0,30245725,0
CUST_02339_C3,CUST_02339,유통/커머스,5-49인,Standard,Enterprise,24,70,2,2357206,0.0133,8.74,0.6619,0.0332,0.2388,82,0.0714,7.77,31.0,35782387,0
CUST_02340_C1,CUST_02340,기타서비스업,5-49인,Standard,Standard,24,22,0,3028151,-0.007,7.2,0.6848,-0.0427,0.3109,90,0.3,46.24,123.0,39971593,1
CUST_02341_C1,CUST_02341,IT/소프트웨어,5-49인,Basic,Priority,24,22,0,1697795,-0.0384,2.9,0.7234,0.1946,0.1397,132,0.1429,24.71,60.0,21392217,0
CUST_02342_C1,CUST_02342,의료/헬스케어,5-49인,Basic,Standard,12,10,0,1280859,-0.056,0.33,0.7596,-0.0689,0.1762,117,0.25,64.83,122.0,15370308,1
CUST_02343_C1,CUST_02343,물류/운송,5-49인,Standard,Standard,24,22,0,6960369,0.005,11.39,0.7821,0.0821,0.1515,56,0.0833,64.53,122.0,91876871,0
CUST_02344_C1,CUST_02344,IT/소프트웨어,5-49인,Basic,Standard,24,22,0,2533386,-0.0331,3.6,0.7736,0.0724,0.2545,87,0.1111,55.08,123.0,30400632,0
CUST_02345_C1,CUST_02345,유통/커머스,50-299인,Standard,Priority,36,34,0,31572261,0.0355,6.39,0.7219,0.0714,0.1781,44,0.0,22.31,61.0,437591537,0
CUST_02346_C1,CUST_02346,의료/헬스케어,50-299인,Basic,Priority,24,22,0,12426467,-0.0067,6.03,0.7031,0.1261,0.2135,122,0.0714,20.17,61.0,156573484,0
CUST_02346_C2,CUST_02346,의료/헬스케어,50-299인,Basic,Priority,24,46,1,15109740,-0.0042,14.52,0.6962,0.0544,0.2258,122,0.1176,22.43,61.0,190382724,0
CUST_02347_C1,CUST_02347,유통/커머스,5-49인,Basic,Standard,12,10,0,3046699,0.0126,6.97,0.7152,0.0385,0.1739,108,0.125,48.82,122.0,36560388,0
CUST_02347_C2,CUST_02347,유통/커머스,5-49인,Basic,Standard,24,34,1,2219785,0.0876,2.38,0.7201,0.0193,0.1516,115,0.2174,56.79,122.0,26637420,0
CUST_02347_C3,CUST_02347,유통/커머스,5-49인,Basic,Priority,24,59,2,2688068,0.0372,6.63,0.7939,-0.1032,0.1953,121,0.0,19.74,62.0,33869657,0
CUST_02348_C1,CUST_02348,유통/커머스,5-49인,Standard,Priority,24,22,0,780915,-0.0218,10.1,0.8136,-0.0371,0.1626,59,0.12,24.69,59.0,10823482,1
CUST_02349_C1,CUST_02349,IT/소프트웨어,5-49인,Basic,Standard,24,22,0,3037289,0.0051,7.35,0.6776,-0.0526,0.3031,142,0.3333,65.77,121.0,36447468,1
CUST_02350_C1,CUST_02350,교육,5-49인,Basic,Priority,12,10,0,4043838,0.0366,2.33,0.7573,-0.0776,0.2561,87,0.0,19.55,62.0,50952359,0
CUST_02351_C1,CUST_02351,교육,50-299인,Standard,Priority,12,10,0,38955473,0.0301,0.94,0.7039,-0.1417,0.2599,98,0.0714,20.26,62.0,539922856,0
CUST_02351_C2,CUST_02351,교육,50-299인,Standard,Priority,36,46,1,51021322,-0.0694,10.58,0.7077,0.1802,0.2209,61,0.1,23.39,62.0,707155523,0
CUST_02352_C1,CUST_02352,IT/소프트웨어,5-49인,Basic,Priority,36,34,0,4900262,-0.0113,10.81,0.7613,0.0506,0.176,87,0.0,26.69,183.0,61743301,0
CUST_02353_C1,CUST_02353,제조업,5-49인,Basic,Standard,12,10,0,1286896,0.0526,0.4,0.7256,0.0102,0.1929,117,0.25,94.7,122.0,15442752,0
CUST_02354_C1,CUST_02354,제조업,5-49인,Basic,Standard,24,22,0,4240753,-0.0029,5.37,0.801,0.0531,0.2393,88,0.2353,66.73,123.0,50889036,0
CUST_02355_C1,CUST_02355,의료/헬스케어,5-49인,Basic,Standard,36,34,0,7409985,0.0915,23.82,0.6913,0.0503,0.2965,181,0.0556,59.2,122.0,88919820,1
CUST_02356_C1,CUST_02356,의료/헬스케어,50-299인,Premium,Enterprise,36,34,0,19427518,0.0109,15.25,0.6974,-0.0606,0.1916,30,0.0526,5.55,30.0,335124686,0
CUST_02357_C1,CUST_02357,유통/커머스,5-49인,Standard,Priority,12,10,0,1640607,0.0162,1.43,0.7483,-0.0784,0.209,63,0.0,25.62,61.0,22738813,0
CUST_02358_C1,CUST_02358,제조업,5-49인,Basic,Priority,12,10,0,3130825,0.0563,-2.94,0.8204,0.0587,0.2229,102,0.1429,19.7,61.0,39448395,0
CUST_02359_C1,CUST_02359,의료/헬스케어,5-49인,Basic,Standard,12,10,0,7544088,0.0036,0.33,0.7827,0.0691,0.1881,100,0.1111,42.56,122.0,90529056,0
CUST_02359_C2,CUST_02359,의료/헬스케어,5-49인,Basic,Standard,36,46,1,8307689,0.0152,7.79,0.7639,-0.0702,0.1402,94,0.0,69.45,122.0,99692268,0
CUST_02360_C1,CUST_02360,금융/보험,5-49인,Basic,Priority,12,10,0,2935457,-0.0658,-9.42,0.7049,-0.1016,0.2058,120,0.1875,28.58,61.0,36986758,0
CUST_02361_C1,CUST_02361,의료/헬스케어,5-49인,Basic,Standard,24,22,0,3810102,-0.0141,13.66,0.5788,0.0024,0.2748,129,0.2174,52.68,304.0,45721224,0
CUST_02361_C2,CUST_02361,의료/헬스케어,5-49인,Basic,Priority,12,34,1,2697408,0.0435,9.02,0.7608,0.0396,0.2954,135,0.1429,19.33,62.0,33987341,0
CUST_02362_C1,CUST_02362,제조업,5-49인,Standard,Priority,24,22,0,1371481,0.0033,13.39,0.5864,-0.1008,0.3058,94,0.2381,17.43,61.0,19008727,0
CUST_02363_C1,CUST_02363,제조업,5-49인,Basic,Standard,24,22,0,1816466,0.005,6.08,0.6414,-0.0222,0.2116,121,0.2105,61.15,123.0,21797592,0
CUST_02363_C2,CUST_02363,제조업,5-49인,Basic,Priority,36,58,1,1683550,-0.0151,26.57,0.6758,0.0716,0.2543,161,0.1364,26.83,62.0,21212730,0
CUST_02364_C1,CUST_02364,제조업,5-49인,Basic,Standard,24,22,0,1863128,0.0262,3.42,0.7902,0.1071,0.2445,109,0.0556,49.99,120.0,22357536,0
CUST_02365_C1,CUST_02365,기타서비스업,5-49인,Standard,Priority,12,10,0,514420,0.0274,7.04,0.6286,0.0218,0.2188,83,0.0556,26.97,61.0,7129861,0
CUST_02366_C1,CUST_02366,제조업,5-49인,Premium,Priority,24,22,0,10121779,0.0513,16.53,0.7162,0.0915,0.2624,37,0.1034,23.4,61.0,159418019,0
CUST_02367_C1,CUST_02367,교육,5-49인,Basic,Standard,24,22,0,6521245,-0.0881,4.35,0.7295,0.0374,0.2319,98,0.0,54.98,123.0,78254940,0
CUST_02368_C1,CUST_02368,금융/보험,5-49인,Standard,Priority,24,22,0,4234985,0.0071,13.3,0.6744,-0.1345,0.2118,88,0.0556,21.71,61.0,58696892,0
CUST_02369_C1,CUST_02369,물류/운송,50-299인,Standard,Priority,36,34,0,13306255,-0.0314,12.27,0.7913,0.016,0.1417,37,0.0,24.67,61.0,184424694,0
CUST_02369_C2,CUST_02369,물류/운송,50-299인,Standard,Standard,24,58,1,12253280,0.0119,-0.67,0.859,0.0903,0.1749,47,0.1111,42.75,122.0,161743296,0
CUST_02370_C1,CUST_02370,교육,5-49인,Standard,Enterprise,36,34,0,1716258,0.0414,5.54,0.8154,-0.0857,0.2027,53,0.0,7.98,30.0,26052796,0
CUST_02371_C1,CUST_02371,금융/보험,300인이상,Standard,Standard,12,10,0,60679972,0.0588,2.57,0.7642,-0.0764,0.155,50,0.2,55.32,123.0,800975630,0
CUST_02372_C1,CUST_02372,제조업,5-49인,Standard,Priority,12,10,0,3788353,-0.0135,8.45,0.7135,0.0008,0.1949,80,0.0476,28.61,184.0,52506573,0
CUST_02372_C2,CUST_02372,제조업,5-49인,Standard,Enterprise,12,22,1,3257408,0.1048,0.23,0.7829,0.0105,0.2033,69,0.0,5.09,31.0,49447453,0
CUST_02373_C1,CUST_02373,유통/커머스,50-299인,Standard,Enterprise,24,22,0,11545762,0.0621,14.53,0.5741,-0.1057,0.255,76,0.125,7.26,31.0,175264667,0
CUST_02374_C1,CUST_02374,유통/커머스,5-49인,Basic,Enterprise,36,34,0,3196578,0.0629,15.63,0.7526,0.0101,0.2296,106,0.0,7.14,30.0,44112776,0
CUST_02374_C2,CUST_02374,유통/커머스,5-49인,Basic,Standard,12,46,1,3618380,-0.0096,-0.88,0.7247,-0.0314,0.219,148,0.1818,61.08,122.0,43420560,0
CUST_02374_C3,CUST_02374,유통/커머스,5-49인,Basic,Standard,12,58,2,3418378,0.0168,-2.45,0.8341,0.0458,0.1969,94,0.08,63.06,122.0,41020536,0
CUST_02375_C1,CUST_02375,유통/커머스,5-49인,Standard,Priority,12,10,0,2497801,-0.0246,0.17,0.7991,-0.0824,0.1481,57,0.0,19.26,61.0,34619522,0
CUST_02376_C1,CUST_02376,IT/소프트웨어,50-299인,Basic,Priority,24,22,0,9376497,0.0433,8.65,0.7587,-0.0169,0.1956,101,0.0,22.33,61.0,118143862,0
CUST_02376_C2,CUST_02376,IT/소프트웨어,50-299인,Basic,Standard,36,58,1,10784648,0.0557,16.14,0.7407,0.1333,0.1642,99,0.2,57.53,122.0,129415776,1
CUST_02377_C1,CUST_02377,금융/보험,5-49인,Basic,Priority,12,10,0,3736261,0.006,1.68,0.6784,-0.1039,0.2595,157,0.2308,25.65,61.0,47076889,0
CUST_02378_C1,CUST_02378,의료/헬스케어,5-49인,Premium,Standard,36,34,0,9339580,-0.0148,0.33,0.7727,0.0005,0.1712,15,0.2308,72.32,305.0,140093700,0
CUST_02379_C1,CUST_02379,금융/보험,5-49인,Basic,Standard,24,22,0,3522342,0.0396,12.24,0.662,0.1343,0.271,172,0.0556,41.52,487.0,42268104,1
CUST_02380_C1,CUST_02380,유통/커머스,5-49인,Basic,Standard,12,10,0,5304019,-0.0047,-2.12,0.8022,0.0114,0.1632,76,0.0,35.22,,63648228,0
CUST_02380_C2,CUST_02380,유통/커머스,5-49인,Basic,Standard,12,22,1,5815932,0.0184,3.83,0.8005,0.1249,0.1722,86,0.0,56.94,122.0,69791184,0
CUST_02380_C3,CUST_02380,유통/커머스,5-49인,Basic,Standard,12,34,2,5630605,-0.0613,-2.1,0.7456,-0.081,0.2061,107,0.3,38.94,122.0,67567260,0
CUST_02381_C1,CUST_02381,제조업,5-49인,Basic,Standard,12,10,0,4878237,0.0458,12.76,0.6969,0.0449,0.3122,161,0.1,54.41,,58538844,0
CUST_02381_C2,CUST_02381,제조업,5-49인,Basic,Standard,12,22,1,5306334,0.0053,10.67,0.6895,-0.0274,0.2663,131,0.0769,70.0,123.0,63676008,1
CUST_02382_C1,CUST_02382,금융/보험,5-49인,Basic,Standard,12,10,0,2419469,-0.033,-8.44,0.7967,0.0879,0.1491,88,0.2,62.9,122.0,29033628,0
CUST_02382_C2,CUST_02382,금융/보험,5-49인,Basic,Standard,12,22,1,2751714,0.0467,4.64,0.8123,-0.0644,0.182,107,0.1,41.11,122.0,33020568,0
CUST_02383_C1,CUST_02383,IT/소프트웨어,5-49인,Basic,Priority,24,22,0,5218458,-0.0072,5.67,0.6158,0.024,0.1893,128,0.2,24.3,61.0,65752571,0
CUST_02384_C1,CUST_02384,제조업,5-49인,Standard,Enterprise,24,22,0,2315416,0.016,10.25,0.7093,0.1703,0.2705,61,0.2,8.22,30.0,35148015,0
CUST_02385_C1,CUST_02385,의료/헬스케어,50-299인,Standard,Priority,24,22,0,24655027,0.0212,8.1,0.7461,-0.0316,0.2402,71,0.1429,19.12,62.0,341718674,1
CUST_02386_C1,CUST_02386,IT/소프트웨어,5-49인,Basic,Standard,12,10,0,2665941,0.0062,7.93,0.6547,-0.0608,0.2773,143,0.0,57.13,,31991292,0
CUST_02386_C2,CUST_02386,IT/소프트웨어,5-49인,Basic,Standard,12,22,1,1689694,0.032,7.22,0.6576,0.0986,0.258,131,0.2727,70.8,307.0,20276328,0
CUST_02386_C3,CUST_02386,IT/소프트웨어,5-49인,Basic,Standard,36,58,2,2059210,0.0705,14.59,0.6929,0.0005,0.2062,145,0.0588,64.19,123.0,24710520,0
CUST_02387_C1,CUST_02387,제조업,5-49인,Basic,Standard,12,10,0,5532810,-0.0267,5.75,0.6931,0.1305,0.2214,132,0.2,43.39,122.0,66393720,1
CUST_02388_C1,CUST_02388,제조업,50-299인,Standard,Priority,12,10,0,12398043,-0.0172,-1.98,0.6941,0.01,0.2181,67,0.0417,20.3,61.0,171836876,0
CUST_02389_C1,CUST_02389,금융/보험,5-49인,Basic,Enterprise,36,34,0,2691989,0.036,3.03,0.7868,-0.0627,0.1839,96,0.0,6.0,31.0,37149448,0
CUST_02389_C2,CUST_02389,금융/보험,5-49인,Basic,Priority,24,58,1,3638363,0.1071,14.85,0.7468,-0.1294,0.2532,149,0.0909,30.71,304.0,45843374,1
CUST_02390_C1,CUST_02390,교육,5-49인,Standard,Standard,12,10,0,5126336,0.0235,12.75,0.693,-0.0517,0.2383,87,0.1818,53.31,122.0,67667635,0
CUST_02391_C1,CUST_02391,유통/커머스,5-49인,Basic,Standard,12,10,0,1345537,0.0271,0.35,0.6869,-0.0689,0.2921,152,0.25,41.13,121.0,16146444,1
CUST_02392_C1,CUST_02392,의료/헬스케어,5-49인,Basic,Priority,12,10,0,5694108,0.0114,2.66,0.7234,0.0366,0.1979,123,0.0,17.1,61.0,71745761,1
CUST_02393_C1,CUST_02393,제조업,5-49인,Basic,Standard,24,22,0,1875565,-0.0109,8.83,0.6276,-0.0122,0.2642,171,0.2,55.53,122.0,22506780,0
CUST_02394_C1,CUST_02394,의료/헬스케어,5-49인,Basic,Priority,12,10,0,6412108,0.0459,7.47,0.6923,-0.0792,0.3007,170,0.15,22.88,,80792561,1
CUST_02395_C1,CUST_02395,IT/소프트웨어,5-49인,Standard,Priority,24,22,0,7411064,0.0165,-1.65,0.8286,0.1147,0.143,44,0.0,24.06,60.0,102717347,0
CUST_02395_C2,CUST_02395,IT/소프트웨어,5-49인,Standard,Standard,36,58,1,8951251,-0.0001,4.35,0.754,-0.0065,0.1627,58,0.0769,53.97,120.0,118156513,0
CUST_02395_C3,CUST_02395,IT/소프트웨어,5-49인,Standard,Enterprise,12,70,2,11000903,0.079,11.8,0.7305,-0.0322,0.2009,59,0.0,6.35,29.0,166993708,0
CUST_02396_C1,CUST_02396,물류/운송,5-49인,Basic,Priority,12,10,0,2937232,0.0063,1.69,0.676,-0.06,0.2671,171,0.1364,26.39,61.0,37009123,0
CUST_02397_C1,CUST_02397,IT/소프트웨어,5-49인,Basic,Standard,24,22,0,4318154,-0.0194,9.01,0.7809,-0.0471,0.1663,107,0.1667,55.55,122.0,51817848,0
CUST_02397_C2,CUST_02397,IT/소프트웨어,5-49인,Basic,Standard,24,46,1,5134669,-0.0341,2.77,0.7875,-0.0289,0.1573,96,0.3077,60.08,304.0,61616028,0
CUST_02398_C1,CUST_02398,IT/소프트웨어,5-49인,Standard,Standard,24,22,0,2800254,-0.0186,11.51,0.7735,0.0951,0.1518,39,0.0833,69.75,122.0,36963353,0
CUST_02398_C2,CUST_02398,IT/소프트웨어,5-49인,Standard,Enterprise,36,58,1,3253034,0.0317,7.27,0.6942,-0.0377,0.2085,70,0.0,6.61,31.0,49381056,0
CUST_02399_C1,CUST_02399,교육,5-49인,Basic,Standard,12,10,0,7955319,0.0396,11.85,0.5846,0.1244,0.3506,185,0.3333,41.62,122.0,95463828,1
CUST_02400_C1,CUST_02400,IT/소프트웨어,5-49인,Basic,Standard,12,10,0,4058810,0.0047,3.03,0.6375,-0.0207,0.2541,146,0.2727,52.02,123.0,48705720,0
CUST_02400_C2,CUST_02400,IT/소프트웨어,5-49인,Basic,Priority,12,22,1,4901448,0.0076,17.28,0.6809,0.0236,0.2574,154,0.1333,21.52,61.0,61758245,0
CUST_02401_C1,CUST_02401,유통/커머스,5-49인,Basic,Standard,12,10,0,4683290,0.0524,-6.25,0.723,-0.094,0.2275,122,0.25,58.8,123.0,56199480,0
CUST_02402_C1,CUST_02402,기타서비스업,5-49인,Basic,Standard,24,22,0,4946541,0.0497,7.31,0.644,0.0381,0.1838,106,0.25,57.67,488.0,59358492,1
CUST_02403_C1,CUST_02403,유통/커머스,5-49인,Basic,Standard,12,10,0,1894150,-0.0423,-5.37,0.7842,0.1006,0.1646,74,0.0,42.81,122.0,22729800,0
CUST_02403_C2,CUST_02403,유통/커머스,5-49인,Basic,Standard,12,22,1,2259743,0.0248,1.78,0.7411,-0.0299,0.2309,99,0.3,60.0,122.0,27116916,0
CUST_02403_C3,CUST_02403,유통/커머스,5-49인,Basic,Standard,24,46,2,2836296,-0.0273,-1.04,0.8243,0.0304,0.1798,78,0.0,56.98,122.0,34035552,0
CUST_02404_C1,CUST_02404,IT/소프트웨어,50-299인,Standard,Enterprise,24,22,0,14986831,0.0343,-1.67,0.8233,-0.1858,0.1818,48,0.0,5.85,31.0,227500095,0
CUST_02404_C2,CUST_02404,IT/소프트웨어,50-299인,Standard,Priority,12,34,1,15822789,0.048,4.21,0.7677,-0.0147,0.2253,57,0.0625,21.13,61.0,219303856,0
CUST_02405_C1,CUST_02405,IT/소프트웨어,5-49인,Basic,Enterprise,12,10,0,3184825,0.0328,-7.72,0.7241,0.1095,0.1823,87,0.0,6.8,30.0,43950585,0
CUST_02405_C2,CUST_02405,IT/소프트웨어,5-49인,Basic,Standard,12,22,1,3769115,0.0323,-7.18,0.727,0.0968,0.1417,69,0.0,51.74,122.0,45229380,0
CUST_02405_C3,CUST_02405,IT/소프트웨어,5-49인,Basic,Priority,12,34,2,4066637,0.0189,-1.23,0.79,-0.0437,0.2736,70,0.0,20.54,61.0,51239626,0
CUST_02406_C1,CUST_02406,유통/커머스,5-49인,Standard,Standard,36,34,0,2879941,-0.0353,23.1,0.6205,0.1038,0.3169,89,0.2258,57.77,122.0,38015221,0
CUST_02406_C2,CUST_02406,유통/커머스,5-49인,Standard,Standard,36,70,1,1659826,0.0494,18.42,0.7446,-0.0095,0.2909,75,0.0588,68.09,122.0,21909703,0
CUST_02406_C3,CUST_02406,유통/커머스,5-49인,Standard,Priority,12,82,2,1124467,-0.0231,10.34,0.7111,0.043,0.2996,69,0.0,25.58,61.0,15585113,0
CUST_02407_C1,CUST_02407,기타서비스업,300인이상,Standard,Enterprise,24,22,0,68216001,0.0035,16.17,0.7725,0.1333,0.2018,69,0.0385,6.99,31.0,1035518895,0
CUST_02408_C1,CUST_02408,금융/보험,5-49인,Basic,Enterprise,12,10,0,7474895,0.0762,7.77,0.6814,0.1439,0.2046,131,0.0,6.71,30.0,103153551,0
CUST_02408_C2,CUST_02408,금융/보험,5-49인,Basic,Priority,36,46,1,7683078,-0.0159,14.3,0.6753,0.1197,0.2579,100,0.0556,23.28,61.0,96806783,0
CUST_02408_C3,CUST_02408,금융/보험,5-49인,Basic,Standard,12,58,2,7751842,0.0113,6.3,0.7408,-0.2084,0.2792,119,0.1667,53.0,427.0,93022104,0
CUST_02409_C1,CUST_02409,물류/운송,5-49인,Basic,Standard,12,10,0,1003239,0.0251,7.4,0.656,-0.0593,0.3205,178,0.2,62.62,122.0,12038868,0
CUST_02410_C1,CUST_02410,물류/운송,300인이상,Premium,Enterprise,24,22,0,54714378,0.0329,-1.44,0.6913,-0.0452,0.2305,20,0.0,5.59,122.0,943823020,0
CUST_02411_C1,CUST_02411,물류/운송,5-49인,Basic,Standard,12,10,0,3811122,0.0128,0.2,0.7604,-0.1595,0.2061,91,0.0667,51.4,122.0,45733464,0
CUST_02412_C1,CUST_02412,유통/커머스,5-49인,Standard,Priority,12,10,0,4835442,0.0242,14.67,0.7591,-0.0959,0.1674,77,0.1176,23.63,61.0,67019226,0
CUST_02413_C1,CUST_02413,교육,5-49인,Basic,Standard,12,10,0,4153076,0.0377,14.33,0.6635,0.0298,0.3362,175,0.2222,61.17,121.0,49836912,1
CUST_02414_C1,CUST_02414,제조업,5-49인,Basic,Priority,36,34,0,1792942,-0.0279,-0.72,0.8219,-0.0764,0.2158,106,0.0,23.53,62.0,22591069,0
CUST_02414_C2,CUST_02414,제조업,5-49인,Basic,Standard,24,58,1,1913831,-0.0063,2.6,0.7154,-0.0768,0.2338,103,0.0833,52.13,123.0,22965972,0
CUST_02414_C3,CUST_02414,제조업,5-49인,Basic,Enterprise,12,70,2,2616057,0.0608,11.71,0.6516,-0.0236,0.2995,149,0.0588,5.96,212.0,36101587,0
CUST_02415_C1,CUST_02415,의료/헬스케어,50-299인,Standard,Priority,12,10,0,21750939,0.0308,13.62,0.714,0.0331,0.1915,86,0.0,24.27,61.0,301468015,0
CUST_02415_C2,CUST_02415,의료/헬스케어,50-299인,Standard,Standard,36,46,1,18532303,0.0041,18.73,0.7253,-0.0584,0.2288,68,0.1765,63.19,122.0,244626400,0
CUST_02416_C1,CUST_02416,제조업,5-49인,Basic,Enterprise,12,10,0,1768218,-0.0077,-2.81,0.7289,-0.0434,0.2442,123,0.25,7.36,31.0,24401408,1
CUST_02417_C1,CUST_02417,기타서비스업,5-49인,Standard,Priority,12,10,0,5009829,0.054,10.65,0.5937,-0.1029,0.3233,89,0.087,21.48,61.0,69436230,0
CUST_02418_C1,CUST_02418,금융/보험,5-49인,Standard,Standard,24,22,0,8176343,0.031,10.44,0.6982,0.0555,0.2297,74,0.3077,54.59,123.0,107927728,0
CUST_02419_C1,CUST_02419,제조업,50-299인,Standard,Priority,12,10,0,17356879,0.0038,0.35,0.7903,-0.048,0.1944,54,0.0,28.63,61.0,240566343,0
CUST_02420_C1,CUST_02420,금융/보험,5-49인,Standard,Priority,12,10,0,1148475,-0.015,10.66,0.6959,0.0899,0.2295,64,0.0417,21.28,61.0,15917864,0
CUST_02420_C2,CUST_02420,금융/보험,5-49인,Standard,Priority,12,22,1,971230,0.0285,3.8,0.5915,0.0398,0.2453,58,0.0952,20.93,61.0,13461248,0
CUST_02420_C3,CUST_02420,금융/보험,5-49인,Standard,Priority,12,34,2,708059,0.0028,8.39,0.6703,-0.0018,0.2383,70,0.0667,22.87,61.0,9813698,0
CUST_02421_C1,CUST_02421,물류/운송,5-49인,Basic,Standard,12,10,0,1999859,-0.0061,10.19,0.7246,0.052,0.2819,133,0.1,71.59,120.0,23998308,1
CUST_02422_C1,CUST_02422,유통/커머스,5-49인,Basic,Standard,12,10,0,7760007,0.0436,11.32,0.5752,0.0116,0.2875,170,0.25,53.7,123.0,93120084,1
CUST_02423_C1,CUST_02423,금융/보험,5-49인,Basic,Standard,24,22,0,4328004,0.0966,8.33,0.6991,-0.0763,0.2173,133,0.0588,51.53,122.0,51936048,1
CUST_02424_C1,CUST_02424,IT/소프트웨어,5-49인,Basic,Standard,24,22,0,2421413,0.0177,18.76,0.6869,-0.063,0.2779,163,0.1765,41.1,122.0,29056956,0
CUST_02424_C2,CUST_02424,IT/소프트웨어,5-49인,Basic,Priority,12,34,1,2339305,-0.0207,12.72,0.7093,-0.0891,0.2179,153,0.125,22.27,61.0,29475243,1
CUST_02425_C1,CUST_02425,제조업,5-49인,Standard,Enterprise,12,10,0,13387236,0.0631,8.3,0.7681,-0.1107,0.1845,67,0.0,6.78,28.0,203218242,0
CUST_02426_C1,CUST_02426,IT/소프트웨어,50-299인,Standard,Enterprise,24,22,0,18514300,-0.0358,15.67,0.654,-0.0324,0.2132,81,0.0,5.99,30.0,281047074,0
CUST_02427_C1,CUST_02427,유통/커머스,5-49인,Standard,Priority,12,10,0,3639871,0.0255,0.94,0.7573,-0.0787,0.2288,64,0.0909,21.68,61.0,50448612,0
CUST_02428_C1,CUST_02428,교육,5-49인,Standard,Standard,24,22,0,3601374,-0.0234,-3.23,0.7801,-0.0248,0.1507,49,0.1667,56.28,123.0,47538137,0
CUST_02428_C2,CUST_02428,교육,5-49인,Standard,Standard,12,34,1,3874826,0.0148,6.14,0.8053,0.0416,0.1255,68,0.25,49.52,123.0,51147703,0
CUST_02429_C1,CUST_02429,IT/소프트웨어,5-49인,Basic,Standard,12,10,0,4281468,0.0604,11.77,0.6532,-0.1155,0.2058,137,0.1333,68.37,121.0,51377616,0
CUST_02430_C1,CUST_02430,물류/운송,5-49인,Premium,Enterprise,36,34,0,2113755,0.0448,25.92,0.6319,0.0326,0.2852,30,0.0667,7.04,28.0,36462274,1
CUST_02431_C1,CUST_02431,IT/소프트웨어,5-49인,Standard,Standard,24,22,0,2644609,-0.0559,0.1,0.7348,0.0715,0.1926,51,0.2667,61.57,121.0,34908839,0
CUST_02432_C1,CUST_02432,유통/커머스,50-299인,Standard,Enterprise,36,34,0,17171305,0.0333,15.01,0.7559,-0.0318,0.2124,66,0.0,6.08,30.0,260660410,0
CUST_02433_C1,CUST_02433,제조업,5-49인,Basic,Standard,24,22,0,5196963,-0.0092,26.53,0.6296,0.0466,0.313,151,0.3333,35.69,120.0,62363556,0
CUST_02433_C2,CUST_02433,제조업,5-49인,Basic,Enterprise,36,58,1,5632386,0.0371,13.03,0.7334,-0.0596,0.2238,124,0.0,6.93,30.0,77726927,0
CUST_02434_C1,CUST_02434,제조업,5-49인,Basic,Priority,24,22,0,3952079,0.0664,13.87,0.6901,-0.1858,0.2829,185,0.2083,24.02,61.0,49796195,1
CUST_02435_C1,CUST_02435,교육,5-49인,Basic,Standard,24,22,0,5102115,0.0253,6.27,0.7004,-0.0982,0.203,115,0.1538,92.39,120.0,61225380,0
CUST_02436_C1,CUST_02436,IT/소프트웨어,5-49인,Basic,Standard,12,10,0,1152409,-0.0406,2.05,0.6797,0.0163,0.2418,92,0.05,46.01,,13828908,0
CUST_02437_C1,CUST_02437,제조업,50-299인,Standard,Standard,12,10,0,14421420,0.0157,4.71,0.7192,-0.0115,0.2331,78,0.0,63.72,122.0,190362744,0
CUST_02437_C2,CUST_02437,제조업,50-299인,Standard,Priority,12,22,1,15163986,0.104,9.21,0.7744,-0.1326,0.214,76,0.3333,20.4,61.0,210172846,1
CUST_02438_C1,CUST_02438,금융/보험,5-49인,Basic,Standard,12,10,0,4288009,0.0238,10.87,0.6636,-0.0756,0.2867,193,0.1071,62.26,123.0,51456108,1
CUST_02439_C1,CUST_02439,금융/보험,5-49인,Premium,Standard,12,10,0,3086186,0.0536,0.42,0.7674,-0.0163,0.1408,27,0.125,54.79,,46292790,0
CUST_02440_C1,CUST_02440,금융/보험,5-49인,Standard,Priority,12,10,0,4014197,0.062,22.14,0.6714,0.0455,0.2871,88,0.1111,24.55,181.0,55636770,1
CUST_02441_C1,CUST_02441,교육,5-49인,Basic,Standard,24,22,0,2533202,0.0005,14.0,0.75,0.1013,0.2159,106,0.1429,57.66,122.0,30398424,0
CUST_02441_C2,CUST_02441,교육,5-49인,Basic,Standard,12,34,1,2555175,-0.0212,5.34,0.718,-0.0699,0.2219,129,0.1111,65.54,122.0,30662100,0
CUST_02442_C1,CUST_02442,IT/소프트웨어,5-49인,Standard,Standard,12,10,0,1210123,0.0125,3.97,0.7975,0.0049,0.1311,39,0.25,59.06,,15973624,1
CUST_02443_C1,CUST_02443,물류/운송,50-299인,Basic,Standard,12,10,0,6296917,-0.0013,7.76,0.6684,0.0798,0.2301,134,0.1111,61.33,122.0,75563004,0
CUST_02444_C1,CUST_02444,금융/보험,5-49인,Basic,Priority,12,10,0,3928169,-0.0285,11.0,0.7021,-0.0127,0.1843,118,0.0435,23.85,183.0,49494929,0
CUST_02445_C1,CUST_02445,금융/보험,5-49인,Basic,Standard,12,10,0,5210338,0.0406,5.17,0.6387,0.0009,0.2923,142,0.1429,51.91,122.0,62524056,0
CUST_02445_C2,CUST_02445,금융/보험,5-49인,Basic,Standard,12,22,1,3649102,0.0177,8.72,0.6613,-0.0747,0.2388,128,0.1905,64.4,122.0,43789224,0
CUST_02445_C3,CUST_02445,금융/보험,5-49인,Basic,Standard,12,34,2,3920873,0.0232,2.67,0.7191,0.063,0.2166,123,0.1667,77.07,122.0,47050476,1
CUST_02446_C1,CUST_02446,유통/커머스,50-299인,Standard,Priority,24,22,0,12562899,0.0441,11.24,0.7018,0.1135,0.2809,74,0.0714,19.52,59.0,174121780,0
CUST_02447_C1,CUST_02447,금융/보험,5-49인,Basic,Standard,12,10,0,4322477,0.0075,-5.88,0.7657,-0.0566,0.1844,107,0.0667,63.85,,51869724,0
CUST_02447_C2,CUST_02447,금융/보험,5-49인,Basic,Standard,24,34,1,5094066,-0.0161,5.5,0.7275,0.0058,0.2209,94,0.25,58.55,303.0,61128792,0
CUST_02448_C1,CUST_02448,기타서비스업,5-49인,Basic,Standard,12,10,0,3510824,0.021,0.48,0.7463,0.0218,0.1744,87,0.1053,58.8,122.0,42129888,0
CUST_02449_C1,CUST_02449,기타서비스업,5-49인,Basic,Standard,12,10,0,3527703,0.0701,8.61,0.7137,-0.0497,0.2539,124,0.1875,40.93,120.0,42332436,0
CUST_02450_C1,CUST_02450,제조업,50-299인,Premium,Enterprise,36,34,0,24566924,0.0044,17.95,0.7309,-0.0746,0.2087,37,0.0,7.71,31.0,423779439,0
CUST_02450_C2,CUST_02450,제조업,50-299인,Premium,Enterprise,24,58,1,15915197,-0.0756,7.15,0.6855,0.0001,0.2529,36,0.0556,6.62,31.0,274537148,0
CUST_02450_C3,CUST_02450,제조업,50-299인,Premium,Priority,12,70,2,17407638,0.0378,7.08,0.7039,0.0621,0.2234,32,0.1667,20.45,61.0,274170298,0
CUST_02451_C1,CUST_02451,의료/헬스케어,5-49인,Basic,Standard,24,22,0,1023555,-0.0723,23.22,0.6266,0.1057,0.3355,184,0.2857,61.47,120.0,12282660,1
CUST_02452_C1,CUST_02452,기타서비스업,5-49인,Basic,Priority,12,10,0,2565810,0.0378,4.08,0.6934,0.1441,0.2054,87,0.25,31.57,61.0,32329206,0
CUST_02452_C2,CUST_02452,기타서비스업,5-49인,Basic,Standard,36,46,1,3284437,0.0172,16.79,0.7276,0.0573,0.1994,111,0.0833,55.23,120.0,39413244,0
CUST_02453_C1,CUST_02453,교육,5-49인,Standard,Standard,36,34,0,2664653,-0.0077,8.37,0.8432,0.0615,0.171,44,0.0,35.7,123.0,35173420,0
CUST_02453_C2,CUST_02453,교육,5-49인,Standard,Enterprise,12,46,1,3245223,0.0048,-3.65,0.7503,0.0302,0.1584,59,0.0,7.1,31.0,49262485,0
CUST_02454_C1,CUST_02454,IT/소프트웨어,5-49인,Basic,Standard,12,10,0,2807209,-0.0266,-3.7,0.8332,0.0577,0.1011,56,0.0,53.19,,33686508,0
CUST_02455_C1,CUST_02455,IT/소프트웨어,5-49인,Standard,Standard,12,10,0,3866212,0.0358,10.02,0.7283,0.0478,0.2304,79,0.0769,54.22,120.0,51033998,0
CUST_02455_C2,CUST_02455,IT/소프트웨어,5-49인,Standard,Priority,12,22,1,4013997,0.0109,4.88,0.7401,-0.1118,0.2305,54,0.1,22.03,305.0,55633998,0
CUST_02456_C1,CUST_02456,IT/소프트웨어,5-49인,Basic,Standard,12,10,0,744088,-0.0153,3.86,0.5928,0.0025,0.2557,159,0.3333,55.33,,8929056,1
CUST_02457_C1,CUST_02457,의료/헬스케어,5-49인,Basic,Standard,24,22,0,1749265,0.0617,15.07,0.7453,-0.0315,0.2255,112,0.1176,59.69,123.0,20991180,0
CUST_02457_C2,CUST_02457,의료/헬스케어,5-49인,Basic,Standard,12,34,1,1898212,0.0188,2.54,0.7304,-0.0416,0.246,102,0.4444,67.84,123.0,22778544,0
CUST_02457_C3,CUST_02457,의료/헬스케어,5-49인,Basic,Standard,12,46,2,2058046,-0.0007,-1.16,0.7997,-0.0963,0.2048,81,0.2143,42.54,123.0,24696552,0
CUST_02458_C1,CUST_02458,IT/소프트웨어,50-299인,Standard,Priority,12,10,0,49624145,0.0298,11.82,0.7009,0.0285,0.1947,107,0.12,26.69,62.0,687790650,0
CUST_02459_C1,CUST_02459,제조업,5-49인,Basic,Standard,12,10,0,2689626,0.062,2.09,0.7274,-0.1293,0.1464,115,0.0,43.27,122.0,32275512,0
CUST_02459_C2,CUST_02459,제조업,5-49인,Basic,Standard,24,34,1,2922299,0.0158,5.8,0.7045,0.0811,0.1273,108,0.0,50.04,122.0,35067588,0
CUST_02460_C1,CUST_02460,물류/운송,5-49인,Standard,Standard,24,22,0,2925896,0.0155,5.1,0.6966,-0.014,0.2326,68,0.2778,31.86,122.0,38621827,0
CUST_02460_C2,CUST_02460,물류/운송,5-49인,Standard,Enterprise,24,46,1,3389842,-0.0557,11.76,0.661,-0.0158,0.2347,71,0.0,7.47,31.0,51457802,0
CUST_02461_C1,CUST_02461,의료/헬스케어,50-299인,Premium,Priority,36,34,0,33232182,0.0727,9.96,0.7322,0.0329,0.125,25,0.1333,25.38,62.0,523406866,0
CUST_02461_C2,CUST_02461,의료/헬스케어,50-299인,Premium,Priority,24,58,1,28024238,0.0274,6.89,0.6723,-0.1204,0.2408,37,0.1765,20.89,62.0,441381748,0
CUST_02461_C3,CUST_02461,의료/헬스케어,50-299인,Premium,Priority,12,70,2,25566518,0.0114,2.24,0.7293,0.0607,0.2166,32,0.2222,15.74,306.0,402672658,0
CUST_02462_C1,CUST_02462,금융/보험,5-49인,Basic,Standard,36,34,0,6710149,0.0238,10.1,0.7482,-0.1048,0.1739,99,0.2222,55.56,123.0,80521788,0
CUST_02463_C1,CUST_02463,금융/보험,5-49인,Basic,Standard,12,10,0,3519053,0.0338,0.9,0.7583,0.0291,0.2059,111,0.0556,60.05,122.0,42228636,0
CUST_02463_C2,CUST_02463,금융/보험,5-49인,Basic,Standard,24,34,1,3588521,0.0761,10.33,0.711,-0.0224,0.2729,133,0.1667,74.28,122.0,43062252,0
CUST_02463_C3,CUST_02463,금융/보험,5-49인,Basic,Standard,24,58,2,3625394,0.0254,13.74,0.7224,-0.0337,0.2507,135,0.0,57.04,487.0,43504728,0
CUST_02464_C1,CUST_02464,교육,5-49인,Basic,Standard,24,22,0,4328663,0.0697,13.46,0.8375,-0.074,0.2271,118,0.1538,64.34,121.0,51943956,0
CUST_02464_C2,CUST_02464,교육,5-49인,Basic,Standard,12,34,1,5255029,0.0244,5.6,0.746,-0.1355,0.1756,129,0.2,59.88,120.0,63060348,0
CUST_02465_C1,CUST_02465,IT/소프트웨어,5-49인,Standard,Standard,12,10,0,6113742,-0.0233,4.52,0.7078,-0.0317,0.2632,60,0.0417,53.79,122.0,80701394,0
CUST_02466_C1,CUST_02466,IT/소프트웨어,50-299인,Premium,Enterprise,12,10,0,11379771,0.0485,10.86,0.6382,-0.0121,0.244,31,0.1667,7.94,30.0,196301050,0
CUST_02466_C2,CUST_02466,IT/소프트웨어,50-299인,Basic,Standard,12,22,1,7034983,0.0154,2.05,0.7048,0.0545,0.2341,127,0.125,59.62,122.0,84419796,1
CUST_02467_C1,CUST_02467,기타서비스업,50-299인,Premium,Standard,24,22,0,58778312,0.0323,5.28,0.6424,0.1263,0.2371,28,0.2308,50.81,121.0,881674680,0
CUST_02467_C2,CUST_02467,기타서비스업,50-299인,Premium,Enterprise,12,34,1,65189190,0.0225,-2.74,0.6879,0.0618,0.204,32,0.0417,6.77,31.0,1124513528,0
CUST_02468_C1,CUST_02468,유통/커머스,5-49인,Basic,Standard,12,10,0,3978059,-0.0483,0.2,0.6944,0.029,0.1478,115,0.0588,57.45,122.0,47736708,0
CUST_02469_C1,CUST_02469,물류/운송,5-49인,Basic,Standard,36,34,0,1485752,0.0173,16.48,0.6913,0.0163,0.2326,112,0.125,55.08,122.0,17829024,0
CUST_02469_C2,CUST_02469,물류/운송,5-49인,Basic,Priority,12,46,1,1506461,0.0474,2.48,0.7698,0.0133,0.1977,113,0.0625,19.77,61.0,18981409,0
CUST_02469_C3,CUST_02469,물류/운송,5-49인,Basic,Standard,12,58,2,1497587,0.0215,3.69,0.7153,0.0516,0.2,121,0.1,46.47,122.0,17971044,0
CUST_02470_C1,CUST_02470,IT/소프트웨어,5-49인,Standard,Priority,24,22,0,1565468,0.0594,13.01,0.6659,0.0367,0.2301,64,0.1429,19.31,61.0,21697386,0
CUST_02470_C2,CUST_02470,IT/소프트웨어,5-49인,Standard,Priority,12,34,1,1163431,-0.0153,12.12,0.7181,-0.0442,0.2975,80,0.1176,19.91,61.0,16125154,0
CUST_02470_C3,CUST_02470,IT/소프트웨어,5-49인,Standard,Priority,12,46,2,1153454,0.0205,2.92,0.6789,-0.0069,0.2192,64,0.0,21.69,61.0,15986872,0
CUST_02471_C1,CUST_02471,IT/소프트웨어,5-49인,Basic,Standard,12,10,0,4109120,0.0075,5.84,0.703,-0.0678,0.2156,144,0.1111,52.66,122.0,49309440,0
CUST_02471_C2,CUST_02471,IT/소프트웨어,5-49인,Basic,Standard,36,46,1,4347328,0.0712,21.51,0.6381,-0.111,0.2517,133,0.125,38.91,122.0,52167936,0
CUST_02472_C1,CUST_02472,IT/소프트웨어,5-49인,Basic,Standard,12,10,0,4786118,0.0153,-0.09,0.7618,0.0217,0.2401,102,0.0,49.71,,57433416,0
CUST_02472_C2,CUST_02472,IT/소프트웨어,5-49인,Basic,Priority,12,22,1,5548156,-0.0006,1.18,0.738,0.0061,0.2611,118,0.2,24.26,61.0,69906766,0
CUST_02473_C1,CUST_02473,유통/커머스,5-49인,Premium,Standard,36,34,0,2553768,0.0488,18.68,0.8054,-0.0677,0.2041,26,0.0,66.41,123.0,38306520,0
CUST_02474_C1,CUST_02474,유통/커머스,5-49인,Basic,Standard,12,10,0,1063827,0.0358,4.65,0.7214,-0.0717,0.1626,140,0.1538,51.47,123.0,12765924,0
CUST_02475_C1,CUST_02475,교육,5-49인,Basic,Standard,12,10,0,3207400,0.0374,-3.98,0.8375,-0.0804,0.0924,89,0.0,76.37,120.0,38488800,0
CUST_02475_C2,CUST_02475,교육,5-49인,Basic,Standard,12,23,1,2753094,-0.015,-8.85,0.7866,-0.0542,0.1549,79,0.0,50.34,120.0,33037128,0
CUST_02476_C1,CUST_02476,제조업,5-49인,Standard,Priority,12,10,0,1512372,0.0268,5.43,0.7113,0.0426,0.2741,62,0.0,20.67,61.0,20961476,0
CUST_02477_C1,CUST_02477,교육,5-49인,Basic,Standard,12,10,0,3982886,0.011,7.47,0.7216,0.0974,0.2399,129,0.0769,62.94,,47794632,0
CUST_02477_C2,CUST_02477,교육,5-49인,Basic,Priority,12,22,1,3165184,-0.0537,4.26,0.6209,0.0769,0.27,115,0.0625,15.26,61.0,39881318,0
CUST_02478_C1,CUST_02478,기타서비스업,5-49인,Basic,Priority,12,10,0,7490145,-0.0002,13.35,0.6258,-0.0355,0.3085,154,0.087,26.72,62.0,94375827,0
CUST_02479_C1,CUST_02479,IT/소프트웨어,5-49인,Standard,Enterprise,12,10,0,4567266,-0.0102,6.98,0.6259,0.0204,0.2363,72,0.0,4.43,31.0,69331098,0
CUST_02479_C2,CUST_02479,IT/소프트웨어,5-49인,Standard,Priority,12,22,1,3929297,0.0938,5.7,0.7414,-0.0539,0.2702,68,0.087,21.54,60.0,54460056,0
CUST_02480_C1,CUST_02480,기타서비스업,5-49인,Standard,Standard,24,22,0,3735833,0.0166,9.89,0.7179,0.0187,0.2391,60,0.25,38.08,122.0,49312996,0
CUST_02481_C1,CUST_02481,제조업,5-49인,Standard,Priority,12,10,0,2051453,-0.0245,1.15,0.7401,0.0871,0.212,85,0.0,27.09,61.0,28433139,0
CUST_02481_C2,CUST_02481,제조업,5-49인,Standard,Priority,12,22,1,3012897,-0.0162,-0.9,0.6549,0.045,0.2919,75,0.0909,23.42,61.0,41758752,0
CUST_02482_C1,CUST_02482,IT/소프트웨어,50-299인,Basic,Standard,12,10,0,9176661,-0.0297,1.5,0.7979,0.0908,0.2155,112,0.0667,55.09,122.0,110119932,0
CUST_02482_C2,CUST_02482,IT/소프트웨어,50-299인,Basic,Priority,36,46,1,8578960,-0.0252,9.03,0.7207,-0.0225,0.1979,125,0.1333,20.41,61.0,108094896,0
CUST_02483_C1,CUST_02483,제조업,5-49인,Basic,Standard,12,10,0,5210066,0.0034,3.6,0.6774,-0.0564,0.2626,145,0.1429,70.73,123.0,62520792,0
CUST_02484_C1,CUST_02484,의료/헬스케어,5-49인,Basic,Standard,24,22,0,7935154,0.0489,10.01,0.7749,-0.0506,0.2706,120,0.0,45.57,122.0,95221848,0
CUST_02484_C2,CUST_02484,의료/헬스케어,5-49인,Basic,Standard,12,34,1,8580980,0.0277,12.74,0.7337,0.049,0.1869,94,0.0833,65.29,122.0,102971760,0
CUST_02485_C1,CUST_02485,제조업,5-49인,Basic,Standard,12,10,0,2071537,0.0409,-0.06,0.6984,-0.0627,0.2351,137,0.2222,60.53,123.0,24858444,0
CUST_02486_C1,CUST_02486,제조업,5-49인,Standard,Standard,12,10,0,3712280,0.0304,3.89,0.7399,0.0549,0.1743,59,0.1538,70.45,,49002096,0
CUST_02487_C1,CUST_02487,유통/커머스,50-299인,Standard,Enterprise,12,10,0,46249164,0.0093,6.72,0.7628,-0.0241,0.1894,64,0.0,6.83,31.0,702062310,0
CUST_02488_C1,CUST_02488,금융/보험,5-49인,Basic,Priority,36,34,0,2003412,-0.0108,20.01,0.6511,-0.1168,0.3128,188,0.1429,19.52,61.0,25242991,0
CUST_02488_C2,CUST_02488,금융/보험,5-49인,Basic,Standard,12,46,1,1884220,0.0421,8.38,0.6833,-0.0008,0.2205,149,0.0,51.42,122.0,22610640,0
CUST_02489_C1,CUST_02489,금융/보험,5-49인,Basic,Priority,24,22,0,6931004,0.0343,2.19,0.7898,-0.0177,0.1072,77,0.0,23.33,61.0,87330650,0
CUST_02490_C1,CUST_02490,제조업,5-49인,Basic,Standard,24,22,0,4705029,0.0492,14.67,0.6944,-0.0281,0.2697,183,0.1,54.89,303.0,56460348,1
CUST_02491_C1,CUST_02491,의료/헬스케어,5-49인,Basic,Standard,24,22,0,5181250,0.031,15.79,0.6774,-0.0512,0.2554,192,0.2105,60.35,304.0,62175000,0
CUST_02491_C2,CUST_02491,의료/헬스케어,5-49인,Basic,Priority,12,34,1,6258453,0.0208,14.41,0.7269,0.0359,0.2911,159,0.0,20.25,61.0,78856508,0
CUST_02492_C1,CUST_02492,의료/헬스케어,5-49인,Basic,Standard,24,22,0,3604663,0.0689,26.83,0.6253,0.2839,0.2476,158,0.0357,64.0,122.0,43255956,1
CUST_02493_C1,CUST_02493,유통/커머스,5-49인,Basic,Priority,24,22,0,768811,0.0572,-4.77,0.8695,-0.0041,0.1809,83,0.0,22.43,62.0,9687019,0
CUST_02493_C2,CUST_02493,유통/커머스,5-49인,Basic,Standard,36,58,1,1150105,0.0012,19.83,0.7817,0.0119,0.1847,118,0.1,48.43,123.0,13801260,0
CUST_02494_C1,CUST_02494,유통/커머스,5-49인,Basic,Standard,24,22,0,4017805,-0.0171,6.07,0.7814,0.0068,0.2602,101,0.1333,52.05,123.0,48213660,1
CUST_02495_C1,CUST_02495,기타서비스업,5-49인,Basic,Standard,24,22,0,8332886,-0.0012,16.59,0.6438,0.0117,0.3307,188,0.2,54.38,122.0,99994632,0
CUST_02495_C2,CUST_02495,기타서비스업,5-49인,Basic,Priority,12,34,1,8335060,0.0267,5.18,0.6104,-0.1981,0.3136,150,0.1111,21.81,61.0,105021756,0
CUST_02496_C1,CUST_02496,의료/헬스케어,50-299인,Standard,Standard,24,22,0,51068778,0.0408,20.91,0.6374,0.0245,0.3335,104,0.3571,80.54,122.0,674107870,0
CUST_02496_C2,CUST_02496,의료/헬스케어,50-299인,Standard,Enterprise,24,46,1,52175187,0.0367,11.23,0.6183,-0.1221,0.2875,108,0.0667,5.89,30.0,792019339,0
CUST_02497_C1,CUST_02497,유통/커머스,5-49인,Basic,Standard,12,10,0,6374047,-0.0357,6.13,0.7283,0.0369,0.2365,148,0.1765,72.1,122.0,76488564,0
CUST_02498_C1,CUST_02498,제조업,5-49인,Basic,Priority,12,10,0,3599862,-0.0089,-4.4,0.7159,-0.0238,0.2595,130,0.0,21.13,61.0,45358261,0
CUST_02498_C2,CUST_02498,제조업,5-49인,Basic,Standard,24,34,1,4238030,-0.0269,-4.33,0.7714,0.1114,0.0896,93,0.0,54.67,122.0,50856360,0
CUST_02499_C1,CUST_02499,물류/운송,5-49인,Basic,Standard,12,10,0,1551905,0.0197,10.31,0.7362,0.1078,0.2516,94,0.1304,53.3,122.0,18622860,1
CUST_02500_C1,CUST_02500,IT/소프트웨어,5-49인,Basic,Priority,24,22,0,1487222,-0.0154,5.64,0.8181,-0.025,0.185,79,0.0,20.42,61.0,18738997,0
CUST_02501_C1,CUST_02501,교육,5-49인,Standard,Priority,12,10,0,1394273,-0.0036,4.48,0.6934,0.032,0.23,54,0.1333,22.44,62.0,19324624,0
CUST_02501_C2,CUST_02501,교육,5-49인,Standard,Enterprise,24,34,1,1588727,0.0319,11.03,0.7514,0.0576,0.1711,54,0.0769,6.91,31.0,24116876,0
CUST_02502_C1,CUST_02502,금융/보험,5-49인,Basic,Enterprise,12,10,0,3644990,0.037,-3.33,0.7592,-0.1288,0.2447,114,0.0,5.48,28.0,50300862,0
CUST_02502_C2,CUST_02502,금융/보험,5-49인,Basic,Standard,12,22,1,3817570,-0.0036,-2.28,0.7718,-0.0996,0.2597,125,0.0,74.26,394.0,45810840,0
CUST_02502_C3,CUST_02502,금융/보험,5-49인,Basic,Standard,24,46,2,4955003,0.0403,17.94,0.6802,-0.0343,0.2884,156,0.3158,43.62,121.0,59460036,1
CUST_02503_C1,CUST_02503,금융/보험,5-49인,Standard,Priority,24,22,0,2101718,-0.0112,9.16,0.7983,-0.0455,0.1822,67,0.1333,24.21,61.0,29129811,0
CUST_02504_C1,CUST_02504,유통/커머스,5-49인,Standard,Priority,12,10,0,5903454,0.0469,3.71,0.6425,-0.0305,0.2706,95,0.125,18.96,,81821872,1
CUST_02505_C1,CUST_02505,IT/소프트웨어,5-49인,Basic,Standard,12,10,0,4556598,0.0593,-1.61,0.784,0.0153,0.228,128,0.1818,53.08,123.0,54679176,0
CUST_02505_C2,CUST_02505,IT/소프트웨어,5-49인,Basic,Standard,12,22,1,4971580,-0.0441,-1.17,0.7729,0.1139,0.1841,97,0.25,54.72,123.0,59658960,0
CUST_02506_C1,CUST_02506,금융/보험,5-49인,Standard,Standard,12,10,0,1004685,0.0866,13.85,0.7045,-0.0311,0.2476,91,0.1667,64.5,122.0,13261842,0
CUST_02507_C1,CUST_02507,IT/소프트웨어,5-49인,Basic,Priority,24,22,0,9921896,-0.0001,13.77,0.6453,-0.0727,0.2896,173,0.1111,22.62,61.0,125015890,0
CUST_02508_C1,CUST_02508,기타서비스업,5-49인,Basic,Standard,24,22,0,8056546,0.0071,2.65,0.6432,-0.1346,0.223,121,0.087,52.14,305.0,96678552,0
CUST_02508_C2,CUST_02508,기타서비스업,5-49인,Basic,Standard,12,35,1,8640681,0.0121,3.17,0.7108,0.1176,0.3014,140,0.2308,40.79,672.0,103688172,0
CUST_02508_C3,CUST_02508,기타서비스업,5-49인,Basic,Standard,12,47,2,9653097,-0.0082,5.79,0.6776,-0.0637,0.2537,147,0.0588,54.69,123.0,115837164,0
CUST_02509_C1,CUST_02509,유통/커머스,5-49인,Basic,Standard,24,22,0,4715134,0.034,2.81,0.6977,-0.0135,0.234,101,0.1429,54.3,123.0,56581608,0
CUST_02509_C2,CUST_02509,유통/커머스,5-49인,Basic,Standard,36,58,1,5222068,0.0225,18.05,0.7508,-0.0435,0.1826,115,0.1538,66.44,305.0,62664816,0
CUST_02509_C3,CUST_02509,유통/커머스,5-49인,Basic,Priority,12,70,2,5934593,0.0103,14.82,0.6967,-0.0626,0.2013,125,0.0714,20.22,61.0,74775872,0
CUST_02510_C1,CUST_02510,IT/소프트웨어,5-49인,Basic,Enterprise,12,10,0,3029994,0.0542,6.43,0.7488,0.0342,0.1718,129,0.0,5.22,31.0,41813917,0
CUST_02511_C1,CUST_02511,유통/커머스,5-49인,Standard,Priority,36,34,0,1768326,0.0139,19.57,0.7186,0.1348,0.1752,58,0.0909,20.45,61.0,24508998,0
CUST_02511_C2,CUST_02511,유통/커머스,5-49인,Standard,Standard,36,70,1,1521149,0.0268,6.51,0.7359,-0.1028,0.1595,62,0.0,52.19,122.0,20079167,0
CUST_02511_C3,CUST_02511,유통/커머스,5-49인,Standard,Enterprise,24,94,2,1710836,-0.0248,1.16,0.7973,0.0708,0.1588,47,0.0,5.8,30.0,25970490,0
CUST_02512_C1,CUST_02512,유통/커머스,5-49인,Basic,Priority,24,22,0,3353191,0.0128,6.35,0.6327,0.0329,0.293,147,0.1364,24.44,61.0,42250207,0
CUST_02513_C1,CUST_02513,IT/소프트웨어,5-49인,Premium,Priority,24,22,0,3107968,-0.0046,13.29,0.7511,-0.145,0.1951,25,0.1579,18.91,62.0,48950496,0
CUST_02514_C1,CUST_02514,교육,5-49인,Standard,Standard,12,10,0,2691191,-0.0648,-1.21,0.7581,0.1256,0.2163,61,0.0714,71.16,123.0,35523721,0
CUST_02514_C2,CUST_02514,교육,5-49인,Standard,Enterprise,12,22,1,2749452,0.0128,5.29,0.7055,-0.0994,0.2326,65,0.0,6.11,31.0,41736681,0
CUST_02515_C1,CUST_02515,의료/헬스케어,5-49인,Basic,Standard,12,10,0,1416474,-0.0307,12.36,0.6451,-0.0653,0.32,180,0.2083,61.42,122.0,16997688,1
CUST_02516_C1,CUST_02516,금융/보험,5-49인,Basic,Standard,12,10,0,3136030,0.072,7.99,0.6677,-0.0429,0.2732,181,0.2273,68.22,123.0,37632360,0
CUST_02517_C1,CUST_02517,유통/커머스,5-49인,Basic,Standard,24,22,0,1450460,-0.048,7.14,0.8047,0.0129,0.2232,123,0.1739,58.99,123.0,17405520,0
CUST_02518_C1,CUST_02518,IT/소프트웨어,5-49인,Basic,Priority,12,10,0,2272613,0.0527,12.41,0.6602,-0.0105,0.2295,140,0.15,23.96,61.0,28634924,0
CUST_02519_C1,CUST_02519,금융/보험,5-49인,Basic,Priority,12,10,0,5680044,0.0073,1.36,0.7194,0.1154,0.1446,128,0.0833,23.18,181.0,71568554,0
CUST_02519_C2,CUST_02519,금융/보험,5-49인,Basic,Standard,24,34,1,5667168,-0.0212,4.2,0.7778,0.1175,0.2276,105,0.1667,53.86,121.0,68006016,0
CUST_02520_C1,CUST_02520,제조업,5-49인,Premium,Priority,12,10,0,2410039,-0.022,-7.15,0.8446,0.0345,0.1725,12,0.0,24.38,,37958114,0
CUST_02520_C2,CUST_02520,제조업,5-49인,Premium,Enterprise,12,22,1,3280159,0.0186,7.32,0.7835,0.0568,0.1655,27,0.0,5.46,122.0,56582743,0
CUST_02520_C3,CUST_02520,제조업,5-49인,Premium,Standard,12,34,2,2340187,-0.0107,5.82,0.735,0.0072,0.1945,33,0.1111,74.75,122.0,35102805,0
CUST_02521_C1,CUST_02521,물류/운송,50-299인,Standard,Priority,24,22,0,11315542,0.0026,8.44,0.7277,-0.1232,0.2634,60,0.125,16.73,61.0,156833412,0
CUST_02522_C1,CUST_02522,IT/소프트웨어,5-49인,Standard,Priority,12,10,0,7038134,0.0457,13.52,0.6618,-0.032,0.2535,73,0.125,27.31,,97548537,0
CUST_02523_C1,CUST_02523,유통/커머스,5-49인,Standard,Priority,24,22,0,12767903,-0.0429,-11.02,0.8667,0.0771,0.0562,25,0.0,23.23,59.0,176963136,0
CUST_02523_C2,CUST_02523,유통/커머스,5-49인,Standard,Enterprise,24,46,1,16094180,-0.0017,4.37,0.7667,0.0198,0.1045,40,0.0,6.32,31.0,244309652,0
CUST_02524_C1,CUST_02524,유통/커머스,5-49인,Basic,Priority,12,10,0,5048091,0.0171,-0.37,0.7424,0.0609,0.1666,98,0.0,21.67,61.0,63605947,0
CUST_02525_C1,CUST_02525,금융/보험,50-299인,Premium,Enterprise,24,22,0,15633501,0.0543,7.88,0.7489,-0.1004,0.1865,32,0.0,7.49,28.0,269677892,0
CUST_02525_C2,CUST_02525,금융/보험,50-299인,Premium,Priority,36,58,1,17807680,0.013,9.83,0.7646,0.0152,0.2308,38,0.25,19.35,59.0,280470960,0
CUST_02526_C1,CUST_02526,물류/운송,5-49인,Basic,Standard,36,34,0,4921283,0.0508,12.1,0.6959,0.0453,0.1947,108,0.25,56.22,123.0,59055396,0
CUST_02527_C1,CUST_02527,물류/운송,5-49인,Basic,Standard,12,10,0,1844488,-0.012,16.18,0.6872,0.1077,0.2365,121,0.1111,68.79,,22133856,0
CUST_02528_C1,CUST_02528,제조업,5-49인,Basic,Standard,12,10,0,4675888,0.0449,13.73,0.6488,0.0281,0.3606,202,0.2222,59.32,123.0,56110656,1
CUST_02529_C1,CUST_02529,유통/커머스,5-49인,Basic,Standard,24,22,0,1727729,0.0646,16.44,0.7898,-0.0864,0.2155,151,0.375,91.0,123.0,20732748,1
CUST_02530_C1,CUST_02530,유통/커머스,5-49인,Basic,Standard,24,22,0,2665473,-0.0167,9.27,0.7269,0.0289,0.1771,97,0.3125,70.72,123.0,31985676,0
CUST_02530_C2,CUST_02530,유통/커머스,5-49인,Basic,Standard,12,34,1,2217389,0.0605,13.37,0.7099,-0.0728,0.296,169,0.1429,58.89,123.0,26608668,0
CUST_02530_C3,CUST_02530,유통/커머스,5-49인,Basic,Enterprise,36,70,2,2702363,0.0291,20.9,0.65,-0.033,0.2126,176,0.0476,6.24,31.0,37292609,0
CUST_02531_C1,CUST_02531,제조업,5-49인,Basic,Priority,24,22,0,6292930,0.0238,13.4,0.7176,0.0122,0.2926,153,0.1765,22.49,59.0,79290918,0
CUST_02531_C2,CUST_02531,제조업,5-49인,Basic,Priority,12,34,1,7644807,-0.0016,5.9,0.7134,0.1025,0.2459,115,0.0625,19.61,59.0,96324568,0
CUST_02532_C1,CUST_02532,교육,50-299인,Premium,Enterprise,36,34,0,24755063,0.019,7.02,0.7595,-0.0179,0.202,25,0.037,6.35,31.0,427024837,0
CUST_02533_C1,CUST_02533,금융/보험,5-49인,Basic,Standard,24,22,0,7613398,0.051,15.58,0.608,-0.0459,0.2609,149,0.2667,50.4,122.0,91360776,1
CUST_02534_C1,CUST_02534,의료/헬스케어,5-49인,Premium,Enterprise,12,10,0,2861946,-0.0318,5.95,0.6292,0.0034,0.2817,31,0.0435,6.98,123.0,49368568,0
CUST_02535_C1,CUST_02535,금융/보험,5-49인,Basic,Standard,12,10,0,2121057,0.0196,13.21,0.6892,0.0133,0.2635,145,0.3571,59.89,120.0,25452684,0
CUST_02535_C2,CUST_02535,금융/보험,5-49인,Basic,Enterprise,12,22,1,1863274,0.0424,10.19,0.707,-0.0653,0.2151,111,0.0,6.85,213.0,25713181,0
CUST_02536_C1,CUST_02536,IT/소프트웨어,5-49인,Standard,Standard,12,10,0,1908084,-0.0085,-0.48,0.7343,0.0094,0.2017,53,0.0909,56.49,122.0,25186709,0
CUST_02536_C2,CUST_02536,IT/소프트웨어,5-49인,Standard,Priority,12,22,1,2496297,0.0681,4.85,0.7677,0.0124,0.216,64,0.1333,24.32,183.0,34598676,0
CUST_02536_C3,CUST_02536,IT/소프트웨어,5-49인,Standard,Standard,24,46,2,1991969,0.0269,12.6,0.7489,0.0764,0.1739,55,0.0769,54.62,487.0,26293991,0
CUST_02537_C1,CUST_02537,IT/소프트웨어,5-49인,Standard,Priority,12,10,0,4762358,0.0504,0.06,0.721,-0.0583,0.2027,53,0.0,22.1,59.0,66006282,0
CUST_02538_C1,CUST_02538,제조업,5-49인,Basic,Standard,36,34,0,3270396,0.0472,13.99,0.6613,-0.1445,0.2631,156,0.35,55.22,122.0,39244752,1
CUST_02539_C1,CUST_02539,금융/보험,5-49인,Basic,Standard,12,10,0,5862601,0.0088,0.69,0.7722,0.0433,0.2104,93,0.2353,50.41,120.0,70351212,0
CUST_02540_C1,CUST_02540,교육,5-49인,Standard,Priority,36,34,0,7177278,0.0156,16.49,0.6869,-0.1583,0.2255,88,0.0952,18.23,61.0,99477073,0
CUST_02540_C2,CUST_02540,교육,5-49인,Standard,Priority,12,46,1,6772263,0.0117,6.18,0.7273,-0.0165,0.2189,75,0.0588,20.24,61.0,93863565,0
CUST_02540_C3,CUST_02540,교육,5-49인,Standard,Priority,12,58,2,7909212,0.0584,7.03,0.7499,0.0274,0.195,60,0.1538,22.45,61.0,109621678,0
CUST_02541_C1,CUST_02541,유통/커머스,5-49인,Basic,Enterprise,12,10,0,6951708,-0.0115,0.3,0.7279,0.1335,0.2086,126,0.0,6.36,122.0,95933570,0
CUST_02541_C2,CUST_02541,유통/커머스,5-49인,Basic,Standard,12,22,1,7219772,0.0411,5.35,0.7543,-0.111,0.2372,127,0.2,53.73,122.0,86637264,0
CUST_02542_C1,CUST_02542,IT/소프트웨어,5-49인,Standard,Standard,12,10,0,1871735,-0.0165,-3.67,0.704,0.0019,0.2068,71,0.1923,47.87,120.0,24706902,0
CUST_02542_C2,CUST_02542,IT/소프트웨어,5-49인,Standard,Enterprise,12,22,1,1743232,0.0512,5.05,0.696,-0.0313,0.2115,86,0.0,4.86,29.0,26462262,0
CUST_02543_C1,CUST_02543,유통/커머스,5-49인,Basic,Enterprise,36,34,0,1698571,-0.0125,1.26,0.8018,-0.0344,0.1115,74,0.0,6.47,122.0,23440280,0
CUST_02543_C2,CUST_02543,유통/커머스,5-49인,Basic,Standard,24,58,1,1863893,0.0301,1.84,0.7806,-0.0245,0.1487,91,0.1111,51.86,122.0,22366716,0
CUST_02543_C3,CUST_02543,유통/커머스,5-49인,Basic,Standard,12,70,2,2043323,0.0134,-5.12,0.7603,0.1216,0.2298,99,0.1667,80.45,122.0,24519876,0
CUST_02544_C1,CUST_02544,IT/소프트웨어,5-49인,Basic,Standard,24,22,0,5410691,0.0121,4.8,0.7373,-0.0532,0.216,126,0.5455,46.24,122.0,64928292,1
CUST_02545_C1,CUST_02545,유통/커머스,5-49인,Basic,Standard,12,10,0,9545212,0.0645,2.87,0.7802,-0.0482,0.153,91,0.2105,52.02,122.0,114542544,1
CUST_02546_C1,CUST_02546,물류/운송,5-49인,Basic,Priority,12,10,0,3972285,0.0159,6.49,0.664,-0.0703,0.2294,132,0.1333,25.69,,50050791,0
CUST_02546_C2,CUST_02546,물류/운송,5-49인,Basic,Standard,12,22,1,4530719,0.0239,4.37,0.6997,0.1387,0.188,122,0.1818,52.07,120.0,54368628,0
CUST_02546_C3,CUST_02546,물류/운송,5-49인,Basic,Standard,12,34,2,5018317,0.0016,-2.55,0.7389,0.127,0.2946,146,0.1852,53.15,306.0,60219804,0
CUST_02547_C1,CUST_02547,교육,5-49인,Basic,Standard,12,10,0,5379612,-0.047,5.58,0.6646,-0.0261,0.2247,132,0.1579,63.71,123.0,64555344,0
CUST_02547_C2,CUST_02547,교육,5-49인,Basic,Standard,24,34,1,5817446,0.065,8.32,0.6063,-0.1165,0.2727,185,0.2778,47.35,123.0,69809352,1
CUST_02548_C1,CUST_02548,제조업,5-49인,Basic,Standard,12,10,0,7657268,0.0476,8.64,0.8255,-0.0588,0.1944,105,0.0833,47.09,,91887216,0
CUST_02548_C2,CUST_02548,제조업,5-49인,Basic,Priority,12,22,1,8650474,0.0155,2.71,0.8275,0.0352,0.1984,105,0.125,23.51,61.0,108995972,0
CUST_02549_C1,CUST_02549,유통/커머스,300인이상,Standard,Standard,24,22,0,116701031,0.0361,9.54,0.6928,0.005,0.2246,83,0.2308,51.46,120.0,1540453609,0
CUST_02550_C1,CUST_02550,물류/운송,300인이상,Standard,Standard,12,10,0,56536346,0.0512,18.23,0.5574,-0.2189,0.3023,132,0.2692,53.92,123.0,746279767,0
CUST_02550_C2,CUST_02550,물류/운송,300인이상,Standard,Priority,36,47,1,57431988,0.0162,20.81,0.6706,-0.0852,0.3147,96,0.0625,24.71,304.0,796007354,0
CUST_02551_C1,CUST_02551,금융/보험,5-49인,Basic,Standard,24,22,0,1679340,-0.028,9.42,0.7496,-0.0293,0.2231,142,0.0,41.54,121.0,20152080,0
CUST_02551_C2,CUST_02551,금융/보험,5-49인,Basic,Enterprise,12,34,1,1587225,-0.0145,2.26,0.7286,0.0821,0.244,135,0.0476,6.32,121.0,21903705,1
CUST_02552_C1,CUST_02552,금융/보험,50-299인,Premium,Enterprise,24,22,0,27290317,0.0556,3.04,0.8014,-0.0104,0.1829,29,0.0,7.06,31.0,470757968,0
CUST_02552_C2,CUST_02552,금융/보험,50-299인,Premium,Standard,24,46,1,28888590,-0.0425,3.39,0.7576,0.0059,0.2218,21,0.1333,52.21,120.0,433328850,0
CUST_02553_C1,CUST_02553,유통/커머스,5-49인,Premium,Enterprise,24,22,0,2756233,0.0383,23.82,0.6906,0.1589,0.2514,37,0.0455,6.01,31.0,47545019,0
CUST_02554_C1,CUST_02554,제조업,5-49인,Basic,Standard,12,10,0,5451867,0.0386,4.76,0.6693,-0.1623,0.2722,155,0.2381,58.39,,65422404,1
CUST_02555_C1,CUST_02555,유통/커머스,50-299인,Premium,Enterprise,24,22,0,41173661,0.0358,12.01,0.6926,0.0257,0.1763,23,0.0,6.52,122.0,710245652,0
CUST_02555_C2,CUST_02555,유통/커머스,50-299인,Premium,Priority,12,34,1,38187511,0.0318,7.53,0.7228,-0.0492,0.1637,25,0.1,23.07,61.0,601453298,0
CUST_02556_C1,CUST_02556,제조업,50-299인,Standard,Priority,24,22,0,14970291,0.0074,5.61,0.7498,0.0216,0.1649,63,0.0667,17.86,61.0,207488233,0
CUST_02556_C2,CUST_02556,제조업,50-299인,Standard,Priority,12,34,1,15882622,0.0272,-0.22,0.731,-0.0042,0.2274,54,0.1818,26.29,61.0,220133141,0
CUST_02556_C3,CUST_02556,제조업,50-299인,Standard,Standard,36,70,2,14931337,0.0467,10.89,0.7853,0.0387,0.1485,67,0.0833,55.06,304.0,197093648,0
CUST_02557_C1,CUST_02557,의료/헬스케어,300인이상,Premium,Enterprise,12,10,0,68002642,0.0221,-9.23,0.7934,-0.178,0.2097,28,0.0714,5.15,30.0,1173045574,0
CUST_02557_C2,CUST_02557,의료/헬스케어,300인이상,Premium,Priority,24,34,1,78795878,-0.036,-3.31,0.6275,0.0141,0.2424,24,0.0,23.02,61.0,1241035078,0
CUST_02558_C1,CUST_02558,물류/운송,5-49인,Basic,Standard,24,22,0,2214235,0.0569,-0.43,0.8119,0.0871,0.1088,88,0.0,59.1,120.0,26570820,0
CUST_02559_C1,CUST_02559,제조업,5-49인,Basic,Standard,12,10,0,20986073,0.0522,10.54,0.6434,-0.0164,0.2699,164,0.2273,80.41,,251832876,1
CUST_02560_C1,CUST_02560,제조업,5-49인,Basic,Priority,12,10,0,2960745,0.0096,0.54,0.7292,0.0258,0.2504,115,0.0,19.38,61.0,37305387,0
CUST_02561_C1,CUST_02561,금융/보험,5-49인,Basic,Standard,12,10,0,2149703,0.0926,2.16,0.6762,-0.0638,0.2083,155,0.1111,37.52,123.0,25796436,1
CUST_02562_C1,CUST_02562,물류/운송,5-49인,Basic,Enterprise,12,10,0,4404275,0.0465,14.19,0.7353,-0.0607,0.2252,126,0.0952,7.33,122.0,60778995,0
CUST_02563_C1,CUST_02563,제조업,5-49인,Basic,Standard,24,22,0,2139056,0.0425,5.4,0.7227,0.069,0.2109,128,0.2381,68.09,122.0,25668672,0
CUST_02563_C2,CUST_02563,제조업,5-49인,Basic,Standard,12,34,1,1502563,0.0176,2.45,0.7521,0.0059,0.2228,111,0.2727,56.0,122.0,18030756,0
CUST_02564_C1,CUST_02564,유통/커머스,5-49인,Basic,Priority,36,34,0,4184351,-0.0255,13.02,0.672,-0.0482,0.2425,107,0.2143,22.38,59.0,52722823,0
CUST_02565_C1,CUST_02565,IT/소프트웨어,5-49인,Basic,Standard,12,10,0,5136011,0.0388,-0.23,0.7113,0.0516,0.182,80,0.1429,69.9,,61632132,0
CUST_02566_C1,CUST_02566,물류/운송,50-299인,Standard,Standard,36,34,0,60712442,0.0158,30.23,0.5995,0.0057,0.3236,95,0.1667,58.02,122.0,801404234,1
CUST_02567_C1,CUST_02567,IT/소프트웨어,5-49인,Standard,Priority,24,22,0,2389324,-0.0012,8.38,0.7145,-0.0318,0.1902,55,0.1333,19.92,61.0,33116031,0
CUST_02567_C2,CUST_02567,IT/소프트웨어,5-49인,Standard,Priority,24,46,1,1778368,-0.0324,7.64,0.7648,0.0307,0.2505,63,0.1053,20.71,61.0,24648180,0
CUST_02568_C1,CUST_02568,유통/커머스,50-299인,Standard,Priority,12,10,0,25753417,-0.0022,-0.61,0.6984,-0.1572,0.2828,77,0.125,21.27,,356942360,0
CUST_02569_C1,CUST_02569,기타서비스업,5-49인,Basic,Priority,24,22,0,2773450,0.0072,17.8,0.7235,0.0383,0.2357,149,0.1875,23.45,61.0,34945470,0
CUST_02570_C1,CUST_02570,제조업,5-49인,Basic,Enterprise,24,22,0,2735192,0.0359,9.53,0.8128,-0.0307,0.1781,99,0.0,6.94,28.0,37745650,0
CUST_02571_C1,CUST_02571,물류/운송,5-49인,Basic,Priority,12,10,0,4825091,-0.0056,-8.5,0.8083,0.1143,0.1102,68,0.0,27.88,62.0,60796147,0
CUST_02571_C2,CUST_02571,물류/운송,5-49인,Basic,Standard,12,22,1,4606821,0.091,0.7,0.8929,-0.0798,0.097,74,0.0,73.36,123.0,55281852,0
CUST_02572_C1,CUST_02572,제조업,5-49인,Basic,Priority,12,10,0,1368142,0.0571,17.94,0.6524,0.0383,0.2643,152,0.0588,23.36,183.0,17238589,0
CUST_02572_C2,CUST_02572,제조업,5-49인,Basic,Standard,12,23,1,1294057,0.06,17.81,0.6574,0.0884,0.2793,174,0.1818,54.78,305.0,15528684,1
CUST_02573_C1,CUST_02573,제조업,5-49인,Standard,Priority,24,22,0,2812175,0.0682,6.89,0.8403,-0.0902,0.1534,42,0.1429,19.23,62.0,38976746,0
CUST_02574_C1,CUST_02574,IT/소프트웨어,5-49인,Standard,Enterprise,12,10,0,5440859,0.0286,6.1,0.6859,-0.1552,0.2018,89,0.0,8.55,30.0,82592240,0
CUST_02574_C2,CUST_02574,IT/소프트웨어,5-49인,Standard,Standard,24,34,1,6047236,-0.0107,11.1,0.6484,0.2027,0.3157,84,0.1667,66.8,121.0,79823515,0
CUST_02575_C1,CUST_02575,제조업,5-49인,Standard,Priority,12,10,0,3181396,0.022,12.59,0.6637,-0.0023,0.3028,101,0.15,21.65,61.0,44094149,1
CUST_02576_C1,CUST_02576,의료/헬스케어,5-49인,Basic,Standard,12,10,0,4742052,0.0276,6.81,0.705,-0.0815,0.2471,126,0.15,63.14,121.0,56904624,0
CUST_02576_C2,CUST_02576,의료/헬스케어,5-49인,Basic,Standard,12,22,1,4034574,0.0453,14.17,0.7327,-0.1005,0.2343,132,0.1667,74.09,305.0,48414888,0
CUST_02577_C1,CUST_02577,의료/헬스케어,50-299인,Standard,Enterprise,24,22,0,12764517,-0.0297,2.77,0.7822,-0.0477,0.1999,60,0.0,6.98,28.0,193765368,0
CUST_02577_C2,CUST_02577,의료/헬스케어,50-299인,Standard,Enterprise,24,46,1,16012094,-0.0324,6.55,0.7014,0.1048,0.2647,69,0.05,7.75,28.0,243063587,0
CUST_02578_C1,CUST_02578,IT/소프트웨어,5-49인,Standard,Standard,24,22,0,1982558,-0.0217,4.61,0.7517,0.027,0.2494,45,0.1176,66.41,122.0,26169766,0
CUST_02578_C2,CUST_02578,IT/소프트웨어,5-49인,Standard,Priority,12,34,1,2461361,0.0659,5.28,0.7498,-0.1253,0.1742,67,0.0,22.07,61.0,34114463,0
CUST_02579_C1,CUST_02579,기타서비스업,50-299인,Standard,Priority,12,10,0,9426085,0.057,11.01,0.6421,-0.1625,0.2744,98,0.1765,19.43,,130645538,0
CUST_02580_C1,CUST_02580,금융/보험,5-49인,Standard,Standard,36,34,0,5871194,-0.0084,28.52,0.5563,0.0717,0.3353,127,0.2353,53.8,122.0,77499761,1
CUST_02581_C1,CUST_02581,물류/운송,5-49인,Standard,Priority,12,10,0,4168999,0.0388,3.94,0.7939,-0.0113,0.1722,47,0.0,16.25,61.0,57782326,0
CUST_02582_C1,CUST_02582,물류/운송,5-49인,Basic,Priority,12,10,0,1907368,0.062,7.44,0.6962,0.0883,0.1801,121,0.0,16.89,61.0,24032837,0
CUST_02583_C1,CUST_02583,의료/헬스케어,5-49인,Basic,Standard,24,22,0,10396972,0.0099,9.29,0.7453,-0.0492,0.2752,145,0.0625,69.67,123.0,124763664,0
CUST_02584_C1,CUST_02584,유통/커머스,5-49인,Basic,Standard,12,10,0,4582005,0.0274,-1.61,0.7944,-0.062,0.1842,107,0.0588,44.58,121.0,54984060,0
CUST_02585_C1,CUST_02585,제조업,5-49인,Basic,Standard,24,22,0,2001156,-0.0033,7.37,0.6813,0.0469,0.2338,174,0.1667,51.63,120.0,24013872,0
CUST_02585_C2,CUST_02585,제조업,5-49인,Basic,Standard,24,46,1,1849899,-0.022,3.56,0.7348,0.0195,0.2793,131,0.2143,43.32,120.0,22198788,0
CUST_02585_C3,CUST_02585,제조업,5-49인,Basic,Priority,12,58,2,2011807,0.0409,7.53,0.7654,-0.0205,0.2611,128,0.0,29.68,60.0,25348768,0
CUST_02586_C1,CUST_02586,제조업,5-49인,Basic,Priority,24,22,0,3537280,0.0094,5.89,0.6673,-0.1498,0.246,103,0.1579,24.09,61.0,44569728,0
CUST_02586_C2,CUST_02586,제조업,5-49인,Basic,Standard,12,34,1,5969080,0.0625,-3.69,0.7639,0.0055,0.1889,118,0.2,50.86,122.0,71628960,0
CUST_02586_C3,CUST_02586,제조업,5-49인,Basic,Enterprise,12,46,2,6221163,0.0115,-2.86,0.7175,0.0871,0.2634,131,0.0833,8.73,122.0,85852049,0
CUST_02587_C1,CUST_02587,유통/커머스,5-49인,Basic,Standard,12,10,0,2731936,-0.0313,4.27,0.7237,-0.1134,0.2469,142,0.2667,45.72,122.0,32783232,0
CUST_02587_C2,CUST_02587,유통/커머스,5-49인,Basic,Priority,12,22,1,2366152,-0.0666,3.17,0.747,0.0511,0.1727,111,0.1429,23.63,61.0,29813515,0
CUST_02587_C3,CUST_02587,유통/커머스,5-49인,Basic,Standard,24,46,2,2463641,0.022,6.64,0.7018,-0.0273,0.2101,120,0.2857,65.31,122.0,29563692,0
CUST_02588_C1,CUST_02588,금융/보험,5-49인,Premium,Enterprise,24,22,0,14247329,0.082,23.98,0.6838,0.0741,0.2724,41,0.1304,8.36,30.0,245766425,0
CUST_02588_C2,CUST_02588,금융/보험,5-49인,Premium,Enterprise,12,34,1,10768888,-0.0429,3.33,0.6733,-0.0076,0.2491,31,0.0625,8.01,30.0,185763318,0
CUST_02589_C1,CUST_02589,IT/소프트웨어,5-49인,Basic,Standard,12,10,0,2849949,0.055,3.32,0.7725,-0.0034,0.2575,127,0.0,55.44,123.0,34199388,0
CUST_02590_C1,CUST_02590,물류/운송,5-49인,Basic,Standard,12,10,0,4662615,0.037,6.69,0.6505,-0.0579,0.2555,166,0.2353,48.54,,55951380,1
CUST_02591_C1,CUST_02591,의료/헬스케어,300인이상,Premium,Priority,12,10,0,94381772,0.0262,11.97,0.6824,-0.0682,0.2388,48,0.0526,23.93,184.0,1486512909,0
CUST_02592_C1,CUST_02592,제조업,50-299인,Premium,Priority,12,10,0,24870198,0.0054,-2.02,0.9405,-0.0591,0.0649,15,0.0,25.67,59.0,391705618,0
CUST_02592_C2,CUST_02592,제조업,50-299인,Premium,Enterprise,24,34,1,19441319,0.007,-3.57,0.7679,-0.072,0.143,13,0.0,7.59,29.0,335362753,0
CUST_02593_C1,CUST_02593,제조업,5-49인,Basic,Priority,12,10,0,2287840,0.0205,2.86,0.6907,-0.0051,0.2744,142,0.2,21.57,61.0,28826784,0
CUST_02594_C1,CUST_02594,IT/소프트웨어,5-49인,Basic,Standard,36,34,0,2425488,0.0833,29.6,0.7683,-0.122,0.1934,162,0.125,47.43,306.0,29105856,0
CUST_02594_C2,CUST_02594,IT/소프트웨어,5-49인,Basic,Standard,24,58,1,2374616,0.0842,15.38,0.672,-0.1195,0.2333,136,0.2222,51.66,123.0,28495392,0
CUST_02594_C3,CUST_02594,IT/소프트웨어,5-49인,Basic,Standard,12,70,2,1978615,0.0712,14.82,0.6179,0.0726,0.2911,160,0.1333,50.47,307.0,23743380,0
CUST_02595_C1,CUST_02595,IT/소프트웨어,5-49인,Basic,Priority,12,10,0,2352803,0.1024,-0.39,0.8258,0.0016,0.1721,96,0.0,22.29,59.0,29645318,0
CUST_02595_C2,CUST_02595,IT/소프트웨어,5-49인,Basic,Priority,12,22,1,2860600,0.0668,5.54,0.785,0.0094,0.1787,104,0.0909,25.75,60.0,36043560,0
CUST_02595_C3,CUST_02595,IT/소프트웨어,5-49인,Basic,Standard,12,34,2,3217409,0.0121,6.02,0.757,0.1296,0.1652,101,0.0625,53.75,121.0,38608908,0
CUST_02596_C1,CUST_02596,제조업,5-49인,Basic,Priority,12,10,0,2291734,0.0806,9.16,0.7397,-0.0185,0.2349,119,0.05,25.46,61.0,28875848,0
CUST_02596_C2,CUST_02596,제조업,5-49인,Basic,Standard,24,34,1,2605233,0.0102,9.94,0.7022,-0.0233,0.2222,129,0.1667,79.48,122.0,31262796,0
CUST_02596_C3,CUST_02596,제조업,5-49인,Basic,Standard,12,46,2,3300465,-0.0245,-6.73,0.776,-0.0273,0.1865,90,0.125,56.49,122.0,39605580,0
CUST_02597_C1,CUST_02597,IT/소프트웨어,5-49인,Basic,Standard,12,10,0,1868219,0.0019,4.12,0.7664,-0.0695,0.1678,104,0.0909,72.44,120.0,22418628,0
CUST_02598_C1,CUST_02598,기타서비스업,5-49인,Basic,Priority,12,10,0,1901204,0.0065,-1.89,0.7351,0.1313,0.1541,88,0.0,27.0,62.0,23955170,0
CUST_02599_C1,CUST_02599,제조업,5-49인,Basic,Priority,12,10,0,1265408,-0.0379,-2.89,0.7801,-0.0537,0.2294,81,0.0,26.82,61.0,15944141,0
CUST_02599_C2,CUST_02599,제조업,5-49인,Basic,Standard,12,22,1,1436596,-0.0749,-7.35,0.7094,0.0906,0.1507,88,0.3077,55.56,122.0,17239152,0
CUST_02600_C1,CUST_02600,제조업,5-49인,Basic,Standard,12,10,0,2076556,0.0097,1.17,0.6795,-0.0087,0.1896,118,0.0,70.52,120.0,24918672,0
CUST_02600_C2,CUST_02600,제조업,5-49인,Basic,Standard,12,23,1,1777890,0.0705,8.59,0.7075,-0.069,0.2257,131,0.0,54.79,120.0,21334680,1
CUST_02601_C1,CUST_02601,기타서비스업,5-49인,Basic,Standard,12,10,0,4176086,0.0886,12.14,0.7786,0.001,0.2114,128,0.0714,52.65,123.0,50113032,1
CUST_02602_C1,CUST_02602,IT/소프트웨어,5-49인,Basic,Priority,12,10,0,2702568,0.0312,3.38,0.7664,-0.0244,0.2423,121,0.0,23.07,62.0,34052357,0
CUST_02602_C2,CUST_02602,IT/소프트웨어,5-49인,Basic,Standard,24,34,1,2722040,-0.0242,-2.27,0.7478,0.006,0.205,107,0.0588,59.26,123.0,32664480,0
CUST_02603_C1,CUST_02603,IT/소프트웨어,5-49인,Basic,Standard,12,10,0,4145054,0.0404,4.86,0.6878,-0.1181,0.2274,134,0.1818,46.93,120.0,49740648,0
CUST_02603_C2,CUST_02603,IT/소프트웨어,5-49인,Basic,Standard,12,22,1,4033685,-0.0064,7.33,0.7018,0.0395,0.2301,111,0.125,46.66,486.0,48404220,0
CUST_02603_C3,CUST_02603,IT/소프트웨어,5-49인,Basic,Standard,24,46,2,4893220,0.0143,13.97,0.7358,0.0123,0.1772,112,0.2,55.83,121.0,58718640,0
CUST_02604_C1,CUST_02604,제조업,5-49인,Standard,Standard,24,22,0,11931671,0.1431,23.26,0.6412,0.024,0.256,99,0.16,60.72,122.0,157498057,0
CUST_02605_C1,CUST_02605,기타서비스업,5-49인,Standard,Enterprise,12,10,0,2237757,0.022,2.78,0.7013,-0.1395,0.2177,72,0.0,6.13,30.0,33969151,0
CUST_02606_C1,CUST_02606,유통/커머스,50-299인,Basic,Standard,12,10,0,6649485,0.0414,18.6,0.6454,0.1232,0.3116,180,0.4706,49.44,122.0,79793820,0
CUST_02606_C2,CUST_02606,유통/커머스,50-299인,Basic,Standard,12,22,1,5109037,0.0336,2.37,0.6483,-0.1148,0.2628,162,0.25,59.93,120.0,61308444,1
CUST_02607_C1,CUST_02607,IT/소프트웨어,5-49인,Basic,Standard,24,22,0,5929481,0.0396,21.67,0.7026,0.112,0.287,169,0.2353,52.33,123.0,71153772,1
CUST_02608_C1,CUST_02608,제조업,50-299인,Basic,Priority,24,22,0,39538112,0.0021,14.58,0.676,0.1467,0.2636,160,0.1667,26.51,61.0,498180211,0
CUST_02609_C1,CUST_02609,IT/소프트웨어,50-299인,Standard,Enterprise,12,10,0,31646474,0.0113,-3.99,0.7828,0.0258,0.1485,42,0.0,4.8,31.0,480393475,0
CUST_02610_C1,CUST_02610,물류/운송,5-49인,Basic,Standard,12,10,0,2675449,-0.0062,5.56,0.7187,-0.0185,0.2359,123,0.0588,83.25,122.0,32105388,0
CUST_02611_C1,CUST_02611,제조업,5-49인,Standard,Priority,36,34,0,7414441,0.0606,13.11,0.6912,0.0303,0.2117,59,0.1111,30.44,184.0,102764152,0
CUST_02612_C1,CUST_02612,교육,300인이상,Standard,Priority,24,22,0,27341732,-0.0391,6.35,0.7165,-0.024,0.2083,63,0.0,19.16,61.0,378956406,0
CUST_02612_C2,CUST_02612,교육,300인이상,Standard,Enterprise,12,34,1,29968783,0.0121,-1.25,0.7408,0.1531,0.1939,89,0.0833,7.61,122.0,454926126,0
CUST_02613_C1,CUST_02613,IT/소프트웨어,5-49인,Standard,Priority,12,10,0,2198967,0.0516,12.91,0.5112,-0.1523,0.3162,114,0.2609,24.35,,30477683,1
CUST_02614_C1,CUST_02614,물류/운송,50-299인,Basic,Priority,24,22,0,9611397,0.0094,2.47,0.7882,0.0838,0.1585,90,0.0,24.06,181.0,121103602,0
CUST_02614_C2,CUST_02614,물류/운송,50-299인,Premium,Enterprise,12,34,1,12051700,0.0715,0.15,0.7712,-0.0062,0.1683,34,0.0,7.02,31.0,207891825,0
CUST_02614_C3,CUST_02614,물류/운송,50-299인,Premium,Enterprise,12,46,2,12000901,0.0326,3.82,0.7617,0.0354,0.1331,30,0.0,7.57,31.0,207015542,0
CUST_02615_C1,CUST_02615,IT/소프트웨어,5-49인,Basic,Standard,12,10,0,1134584,0.0129,1.4,0.7665,-0.0734,0.2379,140,0.2308,59.55,,13615008,1
CUST_02616_C1,CUST_02616,유통/커머스,5-49인,Premium,Priority,24,22,0,1501585,0.065,7.21,0.8059,0.0147,0.1545,16,0.0,20.78,62.0,23649964,0
CUST_02617_C1,CUST_02617,금융/보험,5-49인,Basic,Standard,12,10,0,1668197,0.0116,11.93,0.6724,0.0792,0.2878,176,0.2727,49.58,120.0,20018364,0
CUST_02617_C2,CUST_02617,금융/보험,5-49인,Basic,Priority,12,22,1,1874448,-0.0141,7.74,0.7021,-0.0449,0.2673,128,0.0417,25.5,59.0,23618045,0
CUST_02618_C1,CUST_02618,기타서비스업,5-49인,Basic,Standard,24,22,0,1542933,0.0501,11.71,0.8266,-0.0028,0.1983,100,0.1176,44.4,,18515196,0
CUST_02619_C1,CUST_02619,IT/소프트웨어,5-49인,Basic,Standard,12,10,0,4792017,0.0515,11.87,0.7226,-0.1394,0.2062,136,0.1875,76.81,122.0,57504204,1
CUST_02620_C1,CUST_02620,제조업,5-49인,Basic,Standard,24,22,0,2875860,0.012,19.07,0.6306,-0.0777,0.2569,178,0.1579,60.31,304.0,34510320,0
CUST_02620_C2,CUST_02620,제조업,5-49인,Basic,Standard,24,46,1,1766457,-0.0002,9.12,0.7154,0.0009,0.3147,170,0.4074,59.11,122.0,21197484,0
CUST_02620_C3,CUST_02620,제조업,5-49인,Basic,Standard,12,58,2,2147334,0.032,10.78,0.6934,-0.0608,0.3264,154,0.15,52.14,122.0,25768008,0
CUST_02621_C1,CUST_02621,IT/소프트웨어,5-49인,Basic,Standard,12,10,0,3852828,-0.0419,-5.76,0.7215,0.1685,0.1942,106,0.1,70.19,,46233936,0
CUST_02622_C1,CUST_02622,금융/보험,5-49인,Standard,Priority,36,34,0,9413432,-0.0493,8.8,0.7583,0.0388,0.1314,64,0.1111,19.85,61.0,130470168,0
CUST_02623_C1,CUST_02623,교육,5-49인,Basic,Standard,24,22,0,6297613,-0.0374,5.51,0.6546,0.0123,0.1886,99,0.2,51.6,121.0,75571356,0
CUST_02623_C2,CUST_02623,교육,5-49인,Basic,Standard,12,34,1,6697367,0.0793,8.26,0.665,-0.0915,0.2157,99,0.1111,57.58,305.0,80368404,0
CUST_02624_C1,CUST_02624,IT/소프트웨어,5-49인,Basic,Standard,12,10,0,3866070,0.0412,8.58,0.8153,0.0495,0.2124,111,0.0667,40.87,,46392840,0
CUST_02624_C2,CUST_02624,IT/소프트웨어,5-49인,Basic,Standard,12,22,1,3517166,-0.0362,-0.58,0.7243,0.0977,0.1687,106,0.1,47.72,122.0,42205992,0
CUST_02624_C3,CUST_02624,IT/소프트웨어,5-49인,Basic,Standard,24,46,2,4333779,0.0035,12.21,0.6902,0.075,0.1666,97,0.1765,71.16,122.0,52005348,1
CUST_02625_C1,CUST_02625,교육,5-49인,Basic,Standard,12,10,0,4126223,0.0024,2.26,0.7754,0.0299,0.2251,106,0.1538,49.76,123.0,49514676,0
CUST_02626_C1,CUST_02626,금융/보험,5-49인,Basic,Priority,36,34,0,2002953,0.0187,11.68,0.7754,-0.0262,0.2322,107,0.0,20.03,61.0,25237208,0
CUST_02626_C2,CUST_02626,금융/보험,5-49인,Basic,Standard,24,58,1,2193384,-0.0074,5.7,0.6877,-0.0673,0.1864,100,0.2308,73.94,120.0,26320608,0
CUST_02627_C1,CUST_02627,유통/커머스,5-49인,Basic,Enterprise,12,10,0,12015371,0.0719,9.95,0.6042,-0.0442,0.2989,144,0.05,6.17,31.0,165812120,0
CUST_02627_C2,CUST_02627,유통/커머스,5-49인,Basic,Standard,12,22,1,11831214,-0.0189,6.75,0.7059,-0.1001,0.2742,137,0.2632,48.65,122.0,141974568,0
CUST_02627_C3,CUST_02627,유통/커머스,5-49인,Basic,Standard,24,46,2,15614547,0.0539,9.91,0.7078,-0.0169,0.3342,139,0.2917,56.64,122.0,187374564,1
CUST_02628_C1,CUST_02628,제조업,50-299인,Premium,Enterprise,24,22,0,17007463,0.0542,8.74,0.7271,-0.0703,0.1639,23,0.0,7.77,31.0,293378737,0
CUST_02628_C2,CUST_02628,제조업,50-299인,Premium,Enterprise,24,47,1,20774630,0.0247,10.86,0.7548,-0.0254,0.2411,35,0.05,6.05,30.0,358362368,0
CUST_02628_C3,CUST_02628,제조업,50-299인,Premium,Enterprise,12,59,2,27179736,-0.0458,3.88,0.6979,0.0599,0.2167,27,0.1111,6.81,30.0,468850446,0
CUST_02629_C1,CUST_02629,금융/보험,5-49인,Standard,Priority,12,10,0,4888093,0.0225,16.57,0.6533,-0.0434,0.2813,94,0.1905,17.91,61.0,67748969,0
CUST_02630_C1,CUST_02630,물류/운송,5-49인,Basic,Standard,12,10,0,6843709,-0.035,2.05,0.7429,0.0058,0.2087,104,0.0833,51.3,121.0,82124508,0
CUST_02630_C2,CUST_02630,물류/운송,5-49인,Basic,Standard,12,23,1,5543537,-0.0046,2.32,0.6823,-0.0042,0.2188,102,0.125,56.9,121.0,66522444,0
CUST_02631_C1,CUST_02631,IT/소프트웨어,5-49인,Basic,Standard,12,10,0,9069471,0.0419,8.41,0.7958,-0.0796,0.1833,95,0.1765,74.69,122.0,108833652,0
CUST_02631_C2,CUST_02631,IT/소프트웨어,5-49인,Basic,Standard,24,34,1,8303437,0.0,2.73,0.6997,-0.0937,0.1674,105,0.0,50.81,122.0,99641244,0
CUST_02632_C1,CUST_02632,IT/소프트웨어,5-49인,Basic,Standard,36,34,0,2256335,0.0366,16.39,0.6701,-0.0847,0.1974,160,0.25,71.67,122.0,27076020,1
CUST_02633_C1,CUST_02633,물류/운송,5-49인,Standard,Priority,12,10,0,3016688,0.0157,15.78,0.594,0.0838,0.3117,85,0.2333,20.13,181.0,41811296,0
CUST_02634_C1,CUST_02634,유통/커머스,300인이상,Premium,Priority,24,22,0,67768762,0.0976,15.09,0.7656,-0.0775,0.2201,32,0.0625,18.51,184.0,1067358002,0
CUST_02635_C1,CUST_02635,제조업,5-49인,Basic,Priority,24,22,0,1168728,0.0005,8.96,0.7108,0.0362,0.3526,159,0.04,21.69,61.0,14725973,0
CUST_02635_C2,CUST_02635,제조업,5-49인,Basic,Priority,36,58,1,1543078,0.0593,23.56,0.6509,-0.1032,0.2426,170,0.1034,19.36,304.0,19442783,1
CUST_02636_C1,CUST_02636,유통/커머스,5-49인,Basic,Standard,12,10,0,1970862,0.0148,4.36,0.7442,0.044,0.2157,114,0.0588,56.24,,23650344,0
CUST_02636_C2,CUST_02636,유통/커머스,5-49인,Basic,Priority,12,22,1,2244579,-0.0127,2.73,0.6868,0.0384,0.1959,125,0.0,17.72,62.0,28281695,0
CUST_02637_C1,CUST_02637,유통/커머스,5-49인,Premium,Priority,24,22,0,12679338,0.0405,-0.62,0.7524,0.052,0.1676,21,0.0,21.98,184.0,199699574,0
CUST_02638_C1,CUST_02638,물류/운송,5-49인,Basic,Standard,24,22,0,8802766,-0.0424,17.05,0.5963,0.0977,0.2313,144,0.1111,60.16,123.0,105633192,1
CUST_02639_C1,CUST_02639,IT/소프트웨어,50-299인,Standard,Priority,24,22,0,16006490,0.0884,23.05,0.7893,-0.0856,0.213,60,0.0909,21.54,62.0,221849951,0
CUST_02640_C1,CUST_02640,의료/헬스케어,5-49인,Basic,Priority,24,22,0,3001130,-0.0063,12.96,0.5954,0.0284,0.3378,164,0.2222,22.8,183.0,37814238,1
CUST_02641_C1,CUST_02641,물류/운송,5-49인,Standard,Priority,12,10,0,1837075,-0.0157,6.24,0.7404,-0.0017,0.1802,60,0.1538,24.04,181.0,25461860,0
CUST_02641_C2,CUST_02641,물류/운송,5-49인,Standard,Priority,12,22,1,1635977,0.0266,0.68,0.7142,0.0741,0.2149,70,0.0,27.42,61.0,22674641,0
CUST_02641_C3,CUST_02641,물류/운송,5-49인,Standard,Enterprise,12,34,2,1618079,0.0207,5.26,0.6997,0.0654,0.2286,69,0.1333,5.85,122.0,24562439,0
CUST_02642_C1,CUST_02642,물류/운송,5-49인,Basic,Priority,36,34,0,1966946,-0.0313,15.73,0.6914,-0.0398,0.3058,144,0.087,19.69,61.0,24783520,0
CUST_02643_C1,CUST_02643,제조업,50-299인,Standard,Standard,12,10,0,8284433,-0.0006,0.18,0.7445,0.1061,0.1724,61,0.1,62.97,122.0,109354516,0
CUST_02643_C2,CUST_02643,제조업,50-299인,Standard,Enterprise,24,34,1,9176943,0.0028,2.4,0.6818,0.1065,0.2545,62,0.0,6.73,122.0,139305995,0
CUST_02644_C1,CUST_02644,유통/커머스,5-49인,Basic,Standard,24,22,0,7318151,0.0089,6.04,0.663,-0.0204,0.2626,162,0.1364,59.03,122.0,87817812,1
CUST_02645_C1,CUST_02645,IT/소프트웨어,5-49인,Basic,Standard,12,10,0,4437942,-0.0329,-7.37,0.814,0.0781,0.1603,72,0.125,52.23,122.0,53255304,0
CUST_02646_C1,CUST_02646,금융/보험,50-299인,Basic,Priority,12,10,0,5343422,-0.0642,-4.43,0.7776,-0.0835,0.1644,66,0.0,22.16,61.0,67327117,0
CUST_02646_C2,CUST_02646,금융/보험,50-299인,Basic,Priority,12,22,1,6102829,-0.0048,-4.97,0.8221,0.0269,0.1681,84,0.0,24.06,61.0,76895645,0
CUST_02647_C1,CUST_02647,IT/소프트웨어,5-49인,Basic,Standard,24,22,0,1423897,0.0092,6.14,0.7355,-0.0733,0.2097,97,0.25,56.51,123.0,17086764,0
CUST_02647_C2,CUST_02647,IT/소프트웨어,5-49인,Basic,Standard,12,34,1,1451154,-0.029,-5.14,0.7698,0.1154,0.1413,83,0.125,54.64,123.0,17413848,0
CUST_02648_C1,CUST_02648,제조업,5-49인,Basic,Standard,12,10,0,2561794,-0.0681,-1.14,0.7126,0.1141,0.2552,116,0.0909,69.17,122.0,30741528,0
CUST_02649_C1,CUST_02649,제조업,5-49인,Standard,Priority,12,10,0,1573490,-0.0179,-7.0,0.6946,-0.0687,0.1988,72,0.1429,22.53,61.0,21808571,0
CUST_02650_C1,CUST_02650,유통/커머스,5-49인,Basic,Standard,12,10,0,7916541,0.0782,2.63,0.7921,-0.0491,0.1248,112,0.0,67.84,120.0,94998492,0
CUST_02651_C1,CUST_02651,IT/소프트웨어,5-49인,Basic,Standard,12,10,0,1699371,0.0467,6.69,0.7213,-0.0742,0.158,107,0.3333,53.65,122.0,20392452,0
CUST_02652_C1,CUST_02652,제조업,50-299인,Standard,Priority,24,22,0,33256804,-0.0338,3.59,0.7542,0.1564,0.1473,65,0.2727,26.11,61.0,460939303,0
CUST_02653_C1,CUST_02653,IT/소프트웨어,5-49인,Standard,Priority,12,10,0,3633904,0.027,8.17,0.7214,0.1242,0.2053,83,0.0833,28.69,184.0,50365909,0
CUST_02653_C2,CUST_02653,IT/소프트웨어,5-49인,Standard,Priority,12,22,1,3765584,0.03,8.35,0.7661,0.0712,0.1567,69,0.0556,25.15,62.0,52190994,0
CUST_02654_C1,CUST_02654,제조업,50-299인,Standard,Priority,24,22,0,15868627,-0.0082,-1.97,0.7926,-0.1103,0.2234,59,0.0,27.71,61.0,219939170,0
CUST_02654_C2,CUST_02654,제조업,50-299인,Standard,Priority,12,34,1,20817116,0.0678,3.4,0.7801,-0.0109,0.2434,70,0.125,20.86,61.0,288525228,0
CUST_02655_C1,CUST_02655,IT/소프트웨어,5-49인,Standard,Priority,12,10,0,2140326,-0.0047,0.23,0.7936,0.0325,0.225,43,0.0,30.06,59.0,29664918,0
CUST_02656_C1,CUST_02656,IT/소프트웨어,5-49인,Basic,Standard,24,22,0,2612488,0.0073,11.49,0.6225,-0.0224,0.3579,210,0.3182,47.59,122.0,31349856,0
CUST_02657_C1,CUST_02657,IT/소프트웨어,5-49인,Basic,Standard,12,10,0,4780526,-0.002,-3.64,0.6623,-0.1735,0.2484,146,0.3636,52.36,123.0,57366312,1
CUST_02658_C1,CUST_02658,금융/보험,300인이상,Premium,Enterprise,24,22,0,146888122,0.148,6.65,0.7273,-0.0312,0.1802,38,0.0769,5.55,30.0,2533820104,0
CUST_02658_C2,CUST_02658,금융/보험,300인이상,Premium,Enterprise,36,58,1,167544915,-0.0258,12.32,0.8074,0.1125,0.225,28,0.0714,5.5,30.0,2890149784,0
CUST_02658_C3,CUST_02658,금융/보험,300인이상,Premium,Enterprise,12,70,2,156184390,-0.0172,2.47,0.7346,-0.0568,0.2266,29,0.0,5.21,30.0,2694180728,0
CUST_02659_C1,CUST_02659,IT/소프트웨어,5-49인,Basic,Standard,12,10,0,1593802,0.0149,-13.44,0.8173,-0.1075,0.1585,87,0.0769,58.44,,19125624,0
CUST_02660_C1,CUST_02660,제조업,5-49인,Basic,Standard,24,22,0,2766468,-0.0459,0.67,0.6995,0.0662,0.2586,99,0.1765,59.64,123.0,33197616,0
CUST_02660_C2,CUST_02660,제조업,5-49인,Basic,Standard,12,34,1,3257814,-0.021,7.83,0.745,0.0631,0.2661,134,0.3333,53.84,307.0,39093768,0
CUST_02661_C1,CUST_02661,IT/소프트웨어,5-49인,Basic,Standard,36,34,0,4817878,0.0755,21.79,0.6386,-0.1239,0.2526,153,0.2,60.7,122.0,57814536,1
CUST_02662_C1,CUST_02662,의료/헬스케어,50-299인,Standard,Enterprise,12,10,0,15690785,0.0127,-2.18,0.7494,-0.0796,0.247,80,0.0,6.44,122.0,238186116,0
CUST_02662_C2,CUST_02662,의료/헬스케어,50-299인,Standard,Priority,24,34,1,19002682,-0.025,8.9,0.7386,-0.0435,0.2401,75,0.1154,21.97,61.0,263377173,0
CUST_02662_C3,CUST_02662,의료/헬스케어,50-299인,Standard,Enterprise,36,70,2,20328136,0.0063,23.36,0.6741,0.0914,0.2386,81,0.0526,6.17,30.0,308581104,0
CUST_02663_C1,CUST_02663,제조업,5-49인,Basic,Priority,12,10,0,2208618,0.0136,3.56,0.8315,0.0028,0.1936,88,0.0769,19.05,61.0,27828587,0
CUST_02664_C1,CUST_02664,물류/운송,5-49인,Standard,Standard,12,10,0,2732495,0.0312,10.39,0.7208,0.0171,0.2199,55,0.087,54.16,123.0,36068934,1
CUST_02665_C1,CUST_02665,의료/헬스케어,5-49인,Standard,Priority,12,10,0,4421318,0.0025,-2.42,0.7187,-0.0986,0.2405,60,0.1364,22.67,62.0,61279467,0
CUST_02665_C2,CUST_02665,의료/헬스케어,5-49인,Standard,Priority,12,22,1,4657312,0.0172,-3.63,0.6993,-0.1121,0.2351,84,0.0833,18.95,184.0,64550344,0
CUST_02665_C3,CUST_02665,의료/헬스케어,5-49인,Standard,Priority,12,34,2,5730988,0.0101,7.9,0.774,0.0293,0.2122,66,0.0556,23.1,305.0,79431494,0
CUST_02666_C1,CUST_02666,IT/소프트웨어,5-49인,Premium,Enterprise,24,22,0,6009468,0.0183,3.38,0.6871,0.097,0.2264,28,0.2,7.41,31.0,103663323,0
CUST_02666_C2,CUST_02666,IT/소프트웨어,5-49인,Premium,Enterprise,12,34,1,6637175,-0.0362,-5.21,0.7793,0.0145,0.2427,21,0.0385,6.36,31.0,114491269,0
CUST_02667_C1,CUST_02667,의료/헬스케어,50-299인,Standard,Priority,12,10,0,17445757,0.0053,6.54,0.7889,0.1386,0.1658,73,0.0,24.08,59.0,241798192,0
CUST_02668_C1,CUST_02668,의료/헬스케어,50-299인,Basic,Standard,24,22,0,10917097,0.0224,5.97,0.7006,-0.0915,0.2086,126,0.2857,74.63,120.0,131005164,0
CUST_02669_C1,CUST_02669,IT/소프트웨어,5-49인,Standard,Standard,12,10,0,884636,-0.0228,-9.13,0.797,0.0641,0.1509,41,0.1667,58.16,120.0,11677195,0
CUST_02669_C2,CUST_02669,IT/소프트웨어,5-49인,Standard,Enterprise,12,22,1,873907,0.0008,5.69,0.741,-0.1987,0.1328,61,0.0,7.48,31.0,13265908,0
CUST_02670_C1,CUST_02670,IT/소프트웨어,5-49인,Basic,Standard,24,22,0,1802613,0.0177,8.86,0.6969,0.0734,0.2403,162,0.1875,66.02,122.0,21631356,1
CUST_02671_C1,CUST_02671,의료/헬스케어,5-49인,Standard,Enterprise,12,10,0,4559812,-0.0658,11.14,0.6094,0.0592,0.2578,106,0.0625,6.17,122.0,69217946,0
CUST_02671_C2,CUST_02671,의료/헬스케어,5-49인,Standard,Priority,24,34,1,4552982,-0.0426,7.69,0.6951,0.0774,0.2817,67,0.0714,21.33,61.0,63104331,0
CUST_02672_C1,CUST_02672,유통/커머스,5-49인,Basic,Priority,12,10,0,1878937,0.0,8.19,0.7339,0.0623,0.1535,134,0.0909,22.47,62.0,23674606,0
CUST_02673_C1,CUST_02673,유통/커머스,5-49인,Basic,Priority,12,10,0,2127436,0.0003,7.12,0.7334,-0.0563,0.3326,120,0.1538,21.1,182.0,26805694,1
CUST_02674_C1,CUST_02674,제조업,5-49인,Basic,Standard,12,10,0,2124558,0.03,6.57,0.6578,-0.0996,0.227,147,0.1667,56.92,120.0,25494696,1
CUST_02675_C1,CUST_02675,IT/소프트웨어,5-49인,Standard,Priority,24,22,0,1969201,0.028,9.91,0.7674,0.0527,0.1813,60,0.0,22.19,61.0,27293126,0
CUST_02675_C2,CUST_02675,IT/소프트웨어,5-49인,Standard,Priority,12,34,1,2308710,0.0056,11.42,0.7223,0.1225,0.2352,54,0.0,17.46,61.0,31998721,0
CUST_02675_C3,CUST_02675,IT/소프트웨어,5-49인,Standard,Enterprise,24,58,2,2506658,-0.0142,11.38,0.6573,0.1026,0.2524,88,0.0,6.07,122.0,38051068,0
CUST_02676_C1,CUST_02676,IT/소프트웨어,5-49인,Basic,Enterprise,12,10,0,2912470,0.0053,6.65,0.6198,0.0206,0.2959,160,0.0667,5.75,31.0,40192086,0
CUST_02676_C2,CUST_02676,IT/소프트웨어,5-49인,Basic,Standard,24,34,1,3136846,0.0196,10.23,0.6846,0.085,0.2056,128,0.2143,44.69,121.0,37642152,0
CUST_02677_C1,CUST_02677,제조업,5-49인,Basic,Standard,24,22,0,2420486,-0.0233,-2.48,0.8474,-0.0598,0.1777,82,0.0714,50.72,123.0,29045832,0
CUST_02678_C1,CUST_02678,IT/소프트웨어,5-49인,Basic,Standard,12,10,0,1225742,0.016,2.68,0.7574,0.0133,0.1519,133,0.1,53.61,121.0,14708904,0
CUST_02678_C2,CUST_02678,IT/소프트웨어,5-49인,Basic,Standard,24,34,1,1065953,0.0805,10.43,0.6397,-0.0666,0.2564,160,0.0769,66.13,120.0,12791436,0
CUST_02678_C3,CUST_02678,IT/소프트웨어,5-49인,Basic,Priority,12,46,2,1231062,-0.0167,4.14,0.7018,0.0673,0.2783,128,0.0952,22.54,59.0,15511381,0
CUST_02679_C1,CUST_02679,의료/헬스케어,50-299인,Standard,Priority,24,22,0,50415229,0.0183,9.73,0.758,-0.0239,0.1939,57,0.1739,19.84,182.0,698755074,0
CUST_02680_C1,CUST_02680,교육,5-49인,Basic,Standard,12,10,0,5674156,-0.0331,1.16,0.7171,0.0398,0.2405,161,0.3333,52.24,122.0,68089872,1
CUST_02681_C1,CUST_02681,교육,5-49인,Standard,Priority,12,10,0,8807891,0.0629,8.48,0.7116,-0.0677,0.2753,79,0.1111,19.65,61.0,122077369,0
CUST_02682_C1,CUST_02682,IT/소프트웨어,50-299인,Premium,Priority,12,10,0,25148136,-0.0322,1.15,0.7286,0.0339,0.2457,46,0.05,19.41,,396083142,0
CUST_02683_C1,CUST_02683,물류/운송,5-49인,Standard,Enterprise,12,10,0,1068855,0.0321,12.95,0.6745,-0.0094,0.3067,100,0.0667,7.37,31.0,16225219,0
CUST_02684_C1,CUST_02684,제조업,5-49인,Basic,Standard,12,10,0,6553489,0.0447,10.78,0.7357,-0.0089,0.2744,120,0.0,53.64,121.0,78641868,0
CUST_02685_C1,CUST_02685,제조업,50-299인,Standard,Enterprise,24,22,0,12533693,0.0868,16.35,0.7014,-0.1561,0.2644,77,0.0588,5.94,214.0,190261460,0
CUST_02685_C2,CUST_02685,제조업,50-299인,Standard,Standard,12,34,1,11923028,0.0232,0.37,0.6982,0.1317,0.2715,88,0.15,56.58,122.0,157383970,1
CUST_02686_C1,CUST_02686,IT/소프트웨어,50-299인,Basic,Priority,12,10,0,10436227,0.0087,-4.23,0.7874,0.0276,0.1113,82,0.0,19.42,61.0,131496460,0
CUST_02686_C2,CUST_02686,IT/소프트웨어,50-299인,Basic,Priority,12,22,1,9524573,-0.0581,-9.48,0.7921,0.002,0.1268,69,0.0,23.23,61.0,120009620,0
CUST_02687_C1,CUST_02687,유통/커머스,5-49인,Basic,Standard,12,10,0,3408735,0.0573,-0.46,0.7184,-0.0731,0.2199,143,0.2,47.09,121.0,40904820,1
CUST_02688_C1,CUST_02688,유통/커머스,5-49인,Basic,Standard,36,34,0,1429574,-0.0571,2.05,0.8197,0.0119,0.204,96,0.1818,83.64,121.0,17154888,0
CUST_02689_C1,CUST_02689,금융/보험,5-49인,Basic,Priority,12,10,0,5127487,0.0566,9.13,0.645,-0.1301,0.27,203,0.0526,18.48,181.0,64606336,1
CUST_02690_C1,CUST_02690,IT/소프트웨어,5-49인,Premium,Priority,12,10,0,13733463,0.0025,9.31,0.7506,0.0085,0.2229,29,0.0952,19.68,61.0,216302042,0
CUST_02691_C1,CUST_02691,교육,5-49인,Standard,Priority,12,10,0,2206963,0.045,10.4,0.6228,0.1509,0.2785,77,0.1765,23.47,62.0,30588507,0
CUST_02691_C2,CUST_02691,교육,5-49인,Standard,Priority,24,34,1,2246279,0.0531,9.42,0.7793,-0.0504,0.2035,78,0.125,28.86,62.0,31133427,0
CUST_02692_C1,CUST_02692,물류/운송,5-49인,Standard,Standard,12,10,0,1416016,-0.0337,10.69,0.5785,0.0778,0.3303,122,0.1818,57.17,122.0,18691411,0
CUST_02692_C2,CUST_02692,물류/운송,5-49인,Standard,Enterprise,12,22,1,1484310,-0.045,7.01,0.6516,0.0695,0.2467,92,0.0833,7.34,31.0,22531826,0
CUST_02693_C1,CUST_02693,유통/커머스,5-49인,Standard,Enterprise,12,10,0,3157289,-0.0173,9.28,0.7953,-0.0522,0.208,51,0.0,8.28,30.0,47927647,0
CUST_02694_C1,CUST_02694,금융/보험,5-49인,Basic,Priority,36,34,0,2753270,0.0641,20.64,0.7113,-0.0706,0.224,132,0.0,17.95,61.0,34691202,0
CUST_02694_C2,CUST_02694,금융/보험,5-49인,Basic,Standard,24,58,1,3091508,0.0093,7.3,0.6214,-0.1524,0.2104,128,0.0714,83.29,123.0,37098096,0
CUST_02695_C1,CUST_02695,IT/소프트웨어,5-49인,Standard,Standard,24,22,0,6464323,0.0287,3.23,0.6469,-0.0522,0.2631,56,0.0833,42.0,122.0,85329064,0
CUST_02695_C2,CUST_02695,IT/소프트웨어,5-49인,Standard,Priority,24,46,1,6489742,0.0274,6.47,0.8086,-0.0104,0.171,49,0.1,19.22,181.0,89947824,0
CUST_02696_C1,CUST_02696,제조업,5-49인,Basic,Standard,24,22,0,4581197,0.0093,3.21,0.7757,-0.0847,0.1653,80,0.2727,50.36,123.0,54974364,0
CUST_02696_C2,CUST_02696,제조업,5-49인,Basic,Priority,24,46,1,5782876,0.0689,9.14,0.7349,0.0081,0.1748,113,0.0,26.15,184.0,72864238,0
CUST_02697_C1,CUST_02697,IT/소프트웨어,5-49인,Standard,Enterprise,12,10,0,2191088,0.0155,2.43,0.6585,0.0192,0.2275,72,0.0833,7.09,30.0,33260716,0
CUST_02698_C1,CUST_02698,금융/보험,5-49인,Basic,Standard,12,10,0,2837346,0.0189,15.36,0.6242,-0.0819,0.3503,183,0.15,43.21,123.0,34048152,1
CUST_02699_C1,CUST_02699,유통/커머스,300인이상,Standard,Standard,24,22,0,90784753,0.0162,-1.32,0.7645,0.0708,0.1341,52,0.1304,47.02,121.0,1198358740,0
CUST_02699_C2,CUST_02699,유통/커머스,300인이상,Standard,Standard,12,34,1,117269223,0.0027,-5.51,0.7735,0.0041,0.1891,51,0.1333,62.18,122.0,1547953744,0
CUST_02700_C1,CUST_02700,제조업,5-49인,Basic,Standard,24,22,0,4724301,-0.0014,11.14,0.8348,-0.0528,0.1719,58,0.2353,54.21,123.0,56691612,0
CUST_02700_C2,CUST_02700,제조업,5-49인,Basic,Priority,24,46,1,5284773,0.0382,3.11,0.8372,-0.0082,0.2,77,0.0,15.91,184.0,66588140,0
CUST_02701_C1,CUST_02701,기타서비스업,5-49인,Basic,Standard,24,22,0,1670358,-0.0442,16.9,0.614,0.0815,0.2774,143,0.2857,47.26,121.0,20044296,1
CUST_02702_C1,CUST_02702,의료/헬스케어,5-49인,Basic,Standard,24,22,0,7605166,0.016,22.09,0.6109,0.0164,0.3342,205,0.1613,60.06,120.0,91261992,1
CUST_02703_C1,CUST_02703,제조업,5-49인,Basic,Priority,12,10,0,5713518,-0.0399,-1.29,0.7986,-0.0102,0.1758,74,0.0,21.05,62.0,71990327,0
CUST_02704_C1,CUST_02704,금융/보험,5-49인,Standard,Priority,12,10,0,2108214,0.0093,0.36,0.7066,0.0794,0.1784,55,0.0909,20.98,61.0,29219846,0
CUST_02705_C1,CUST_02705,의료/헬스케어,50-299인,Standard,Enterprise,12,10,0,15679440,-0.0603,0.56,0.6898,-0.0365,0.2217,61,0.0,8.79,30.0,238013899,0
CUST_02706_C1,CUST_02706,제조업,5-49인,Standard,Priority,36,34,0,3013431,0.0498,14.09,0.6462,-0.0042,0.251,86,0.1,19.53,61.0,41766154,0
CUST_02706_C2,CUST_02706,제조업,5-49인,Standard,Standard,12,46,1,2097664,-0.0211,2.02,0.7073,0.0916,0.2742,78,0.2,49.23,304.0,27689165,0
CUST_02707_C1,CUST_02707,교육,5-49인,Basic,Priority,12,10,0,3586608,-0.0683,-1.85,0.7853,0.1201,0.136,110,0.0,19.82,183.0,45191261,0
CUST_02708_C1,CUST_02708,제조업,5-49인,Premium,Enterprise,12,10,0,5142000,-0.0134,9.72,0.6604,-0.0325,0.2538,41,0.0455,8.62,31.0,88699500,0
CUST_02708_C2,CUST_02708,제조업,5-49인,Premium,Priority,12,22,1,4961051,-0.0332,1.31,0.6741,0.1988,0.202,27,0.0,27.32,62.0,78136553,0
CUST_02708_C3,CUST_02708,제조업,5-49인,Premium,Enterprise,12,34,2,4966250,-0.0309,0.96,0.6749,-0.0344,0.2889,44,0.1786,5.9,31.0,85667812,0
CUST_02709_C1,CUST_02709,IT/소프트웨어,5-49인,Basic,Standard,36,34,0,3578148,-0.0185,21.85,0.6203,-0.104,0.2963,175,0.2273,47.26,485.0,42937776,0
CUST_02710_C1,CUST_02710,기타서비스업,5-49인,Premium,Enterprise,24,22,0,3215097,-0.0495,15.71,0.6571,-0.0203,0.2904,34,0.0,7.43,31.0,55460423,0
CUST_02711_C1,CUST_02711,유통/커머스,50-299인,Standard,Standard,24,22,0,7944468,0.0597,15.62,0.7195,-0.0374,0.2649,85,0.4167,42.63,121.0,104866978,0
CUST_02711_C2,CUST_02711,유통/커머스,50-299인,Standard,Priority,24,46,1,9096089,0.0319,7.36,0.732,-0.1426,0.2655,88,0.2222,27.83,59.0,126071794,0
CUST_02711_C3,CUST_02711,유통/커머스,50-299인,Standard,Priority,12,58,2,8319935,0.0225,5.8,0.6137,-0.1484,0.2371,71,0.1667,17.96,59.0,115314299,0
CUST_02712_C1,CUST_02712,제조업,5-49인,Basic,Standard,12,10,0,9972209,0.0237,1.79,0.7315,0.111,0.2402,148,0.1538,55.09,123.0,119666508,1
CUST_02713_C1,CUST_02713,IT/소프트웨어,5-49인,Basic,Standard,24,22,0,2906657,-0.0486,3.85,0.7822,-0.0299,0.2024,83,0.1429,51.11,122.0,34879884,0
CUST_02714_C1,CUST_02714,기타서비스업,5-49인,Basic,Standard,12,10,0,1618824,0.0206,7.75,0.7041,0.0001,0.2952,166,0.2692,46.68,122.0,19425888,0
CUST_02715_C1,CUST_02715,금융/보험,5-49인,Standard,Priority,36,34,0,2593788,-0.0001,15.91,0.7197,-0.0715,0.2088,81,0.1176,19.27,62.0,35949902,0
CUST_02716_C1,CUST_02716,IT/소프트웨어,5-49인,Basic,Standard,12,10,0,4958197,0.0523,12.26,0.6707,-0.1298,0.1932,166,0.1905,49.18,120.0,59498364,1
CUST_02717_C1,CUST_02717,물류/운송,5-49인,Basic,Standard,12,10,0,2684801,0.0329,10.28,0.6635,-0.055,0.3113,136,0.2174,47.29,121.0,32217612,1
CUST_02718_C1,CUST_02718,유통/커머스,5-49인,Standard,Enterprise,12,10,0,11762394,0.0618,4.98,0.8118,-0.0664,0.153,61,0.0,7.39,31.0,178553141,0
CUST_02718_C2,CUST_02718,유통/커머스,5-49인,Standard,Priority,12,22,1,11931853,0.1066,6.44,0.661,0.0035,0.2254,74,0.0667,20.31,62.0,165375483,0
CUST_02719_C1,CUST_02719,유통/커머스,5-49인,Basic,Standard,12,10,0,5133227,-0.0225,5.17,0.7374,-0.0031,0.224,150,0.3158,64.38,122.0,61598724,0
CUST_02720_C1,CUST_02720,IT/소프트웨어,5-49인,Basic,Standard,12,10,0,1918141,0.0457,0.34,0.6848,0.0121,0.2177,155,0.1667,56.53,122.0,23017692,0
CUST_02721_C1,CUST_02721,유통/커머스,5-49인,Basic,Priority,12,10,0,5402642,-0.0357,5.05,0.7284,-0.0399,0.2,124,0.25,17.73,59.0,68073289,0
CUST_02721_C2,CUST_02721,유통/커머스,5-49인,Basic,Enterprise,24,34,1,6682940,0.098,22.64,0.7306,0.0549,0.263,113,0.0,8.57,28.0,92224572,0
CUST_02722_C1,CUST_02722,유통/커머스,5-49인,Basic,Enterprise,24,22,0,6337875,-0.0491,12.58,0.6822,-0.1093,0.2677,145,0.0952,6.8,31.0,87462675,0
CUST_02722_C2,CUST_02722,유통/커머스,5-49인,Basic,Standard,24,46,1,5098960,0.0176,13.87,0.7673,-0.0508,0.2385,126,0.1579,52.17,121.0,61187520,0
CUST_02723_C1,CUST_02723,IT/소프트웨어,50-299인,Standard,Standard,12,10,0,21247666,0.0616,13.21,0.5723,-0.0716,0.3152,112,0.2222,44.04,120.0,280469191,1
CUST_02724_C1,CUST_02724,금융/보험,5-49인,Premium,Priority,36,34,0,2035239,0.0177,20.18,0.6475,-0.035,0.2502,45,0.0556,25.79,61.0,32055014,0
CUST_02725_C1,CUST_02725,의료/헬스케어,5-49인,Standard,Priority,36,34,0,2491072,0.026,25.39,0.6708,0.0264,0.2526,92,0.0556,25.12,61.0,34526258,0
CUST_02725_C2,CUST_02725,의료/헬스케어,5-49인,Standard,Standard,24,59,1,2244814,0.02,7.14,0.6921,-0.0402,0.2344,65,0.25,43.68,123.0,29631545,0
CUST_02725_C3,CUST_02725,의료/헬스케어,5-49인,Standard,Standard,12,71,2,1420339,0.0097,0.86,0.7099,-0.0294,0.1698,59,0.125,43.41,123.0,18748475,0
CUST_02726_C1,CUST_02726,유통/커머스,5-49인,Basic,Standard,12,10,0,3943732,-0.0156,13.19,0.619,-0.0706,0.3706,193,0.2353,45.58,120.0,47324784,1
CUST_02727_C1,CUST_02727,IT/소프트웨어,50-299인,Premium,Priority,12,10,0,10874783,-0.0129,5.52,0.7129,-0.016,0.1941,33,0.0833,25.69,61.0,171277832,0
CUST_02728_C1,CUST_02728,교육,5-49인,Basic,Standard,24,22,0,5849875,-0.0238,11.57,0.6847,0.0121,0.2553,145,0.25,50.03,120.0,70198500,0
CUST_02728_C2,CUST_02728,교육,5-49인,Basic,Standard,12,34,1,6469292,-0.0501,4.1,0.6811,0.025,0.2473,148,0.1333,73.38,306.0,77631504,0
CUST_02729_C1,CUST_02729,물류/운송,5-49인,Basic,Standard,12,10,0,3175023,0.0065,14.48,0.675,0.0747,0.3269,146,0.1579,52.23,,38100276,0
CUST_02729_C2,CUST_02729,물류/운송,5-49인,Basic,Standard,12,22,1,3121059,0.0139,6.86,0.699,0.0409,0.2606,167,0.1429,64.88,122.0,37452708,0
CUST_02730_C1,CUST_02730,IT/소프트웨어,5-49인,Premium,Enterprise,24,22,0,2327570,-0.0157,8.79,0.732,0.0711,0.2337,24,0.1053,7.05,31.0,40150582,0
CUST_02730_C2,CUST_02730,IT/소프트웨어,5-49인,Premium,Enterprise,12,34,1,2339793,-0.0137,-1.36,0.6955,0.0361,0.2234,17,0.0,6.7,30.0,40361429,0
CUST_02731_C1,CUST_02731,IT/소프트웨어,5-49인,Basic,Priority,24,22,0,945430,0.0363,19.87,0.6722,0.0386,0.2606,139,0.1154,17.79,61.0,11912418,0
CUST_02732_C1,CUST_02732,유통/커머스,5-49인,Basic,Standard,12,10,0,3756465,-0.0598,9.4,0.685,0.0459,0.263,121,0.1875,78.78,122.0,45077580,0
CUST_02733_C1,CUST_02733,교육,5-49인,Basic,Enterprise,12,10,0,3754300,0.0422,-1.54,0.8049,0.0676,0.0927,59,0.0,5.36,30.0,51809340,0
CUST_02733_C2,CUST_02733,교육,5-49인,Basic,Priority,12,22,1,2972208,0.0219,-3.99,0.8818,-0.001,0.1168,91,0.0769,17.12,61.0,37449821,0
CUST_02733_C3,CUST_02733,교육,5-49인,Basic,Standard,12,34,2,4351858,0.0503,3.3,0.8485,-0.0428,0.1581,99,0.0,50.19,306.0,52222296,0
CUST_02734_C1,CUST_02734,교육,5-49인,Standard,Enterprise,24,22,0,1153194,-0.0214,13.86,0.6417,-0.0723,0.2303,99,0.1739,6.49,31.0,17505485,0
CUST_02734_C2,CUST_02734,교육,5-49인,Standard,Standard,12,34,1,890926,0.0147,8.61,0.6638,0.0429,0.237,61,0.3913,66.29,121.0,11760223,1
CUST_02735_C1,CUST_02735,물류/운송,5-49인,Standard,Priority,24,22,0,4340339,-0.0451,4.54,0.7248,0.0256,0.208,57,0.1176,22.23,61.0,60157099,0
CUST_02736_C1,CUST_02736,유통/커머스,5-49인,Basic,Priority,36,34,0,5325871,0.1003,22.6,0.6715,0.0036,0.2432,147,0.12,23.94,184.0,67105975,0
CUST_02737_C1,CUST_02737,물류/운송,5-49인,Basic,Priority,36,34,0,1807076,-0.067,11.66,0.8102,-0.032,0.2168,94,0.0833,19.04,61.0,22769158,0
CUST_02737_C2,CUST_02737,물류/운송,5-49인,Basic,Priority,36,70,1,2209426,-0.0067,19.28,0.7066,-0.111,0.2128,138,0.1333,20.38,61.0,27838768,0
CUST_02738_C1,CUST_02738,유통/커머스,5-49인,Basic,Standard,24,22,0,6100156,0.0503,14.45,0.7718,-0.0298,0.1078,78,0.1818,48.76,122.0,73201872,0
CUST_02739_C1,CUST_02739,제조업,5-49인,Basic,Standard,36,34,0,3205847,-0.002,10.9,0.6606,-0.0024,0.1985,134,0.1176,58.81,486.0,38470164,1
CUST_02740_C1,CUST_02740,제조업,5-49인,Basic,Priority,12,10,0,4908609,0.103,4.98,0.7838,0.1261,0.1667,98,0.1111,21.77,61.0,61848473,1
CUST_02741_C1,CUST_02741,IT/소프트웨어,5-49인,Basic,Standard,12,10,0,2442115,-0.054,-2.29,0.7285,-0.0027,0.1846,140,0.1538,49.48,122.0,29305380,0
CUST_02742_C1,CUST_02742,유통/커머스,5-49인,Basic,Standard,12,10,0,1627308,0.0958,4.43,0.7717,-0.0499,0.2609,114,0.0769,53.12,121.0,19527696,0
CUST_02743_C1,CUST_02743,금융/보험,50-299인,Standard,Priority,12,10,0,8729065,0.0852,7.71,0.7305,-0.0296,0.1961,61,0.0,23.14,61.0,120984841,0
CUST_02744_C1,CUST_02744,IT/소프트웨어,5-49인,Basic,Standard,24,22,0,2150310,-0.0762,9.52,0.6332,0.0699,0.2502,126,0.1111,63.88,122.0,25803720,1
CUST_02745_C1,CUST_02745,금융/보험,50-299인,Basic,Standard,12,10,0,9199701,-0.0254,6.75,0.7013,0.0938,0.2214,158,0.2083,76.59,122.0,110396412,0
CUST_02745_C2,CUST_02745,금융/보험,50-299인,Basic,Standard,24,34,1,8618351,0.01,4.51,0.7309,0.1089,0.2519,126,0.3529,61.84,122.0,103420212,0
CUST_02746_C1,CUST_02746,의료/헬스케어,50-299인,Basic,Standard,36,34,0,13038262,0.0172,9.52,0.689,0.0016,0.211,100,0.2105,51.68,122.0,156459144,0
CUST_02746_C2,CUST_02746,의료/헬스케어,50-299인,Basic,Standard,24,59,1,13663393,0.0061,3.78,0.7037,-0.0249,0.1857,127,0.1667,47.87,304.0,163960716,0
CUST_02746_C3,CUST_02746,의료/헬스케어,50-299인,Basic,Priority,12,71,2,11659405,0.0358,3.63,0.8335,-0.0498,0.1815,116,0.0833,23.64,61.0,146908503,0
CUST_02747_C1,CUST_02747,제조업,5-49인,Basic,Standard,12,10,0,1100763,0.0564,2.59,0.72,0.0562,0.2513,126,0.1364,55.8,123.0,13209156,0
CUST_02748_C1,CUST_02748,유통/커머스,5-49인,Basic,Priority,24,22,0,5361778,0.0658,15.37,0.6459,-0.0219,0.2969,167,0.0,20.06,61.0,67558403,0
CUST_02748_C2,CUST_02748,유통/커머스,5-49인,Basic,Priority,12,34,1,5173849,0.0282,-0.15,0.6684,0.002,0.3093,154,0.0455,24.46,61.0,65190497,0
CUST_02749_C1,CUST_02749,제조업,5-49인,Basic,Priority,12,10,0,1578389,-0.046,-2.88,0.7052,0.0712,0.2181,93,0.1429,16.01,61.0,19887701,0
CUST_02750_C1,CUST_02750,제조업,5-49인,Basic,Priority,24,22,0,5969982,0.055,6.3,0.6963,0.0453,0.2269,122,0.1765,20.19,61.0,75221773,0
CUST_02750_C2,CUST_02750,제조업,5-49인,Basic,Priority,24,46,1,7721509,0.0511,9.28,0.6693,0.0392,0.2161,129,0.0625,22.91,306.0,97291013,0
CUST_02751_C1,CUST_02751,IT/소프트웨어,5-49인,Basic,Standard,12,10,0,1602329,-0.0061,7.94,0.6626,0.102,0.2575,150,0.2857,48.91,,19227948,1
CUST_02752_C1,CUST_02752,제조업,5-49인,Basic,Priority,36,34,0,3381776,-0.0627,5.22,0.7766,0.0449,0.1765,80,0.0,23.65,61.0,42610378,0
CUST_02752_C2,CUST_02752,제조업,5-49인,Basic,Enterprise,24,58,1,3910085,0.0155,0.58,0.7151,-0.1236,0.2029,109,0.0,5.69,31.0,53959173,0
CUST_02753_C1,CUST_02753,물류/운송,5-49인,Basic,Standard,12,10,0,2740923,0.0267,0.62,0.6641,-0.1267,0.1905,108,0.2105,88.85,122.0,32891076,0
CUST_02753_C2,CUST_02753,물류/운송,5-49인,Basic,Standard,24,34,1,3201551,-0.0005,6.95,0.7721,0.1909,0.1691,92,0.1875,59.02,122.0,38418612,0
CUST_02753_C3,CUST_02753,물류/운송,5-49인,Basic,Priority,12,46,2,3459574,-0.0298,1.68,0.7344,0.0475,0.2404,111,0.0526,22.93,61.0,43590632,1
CUST_02754_C1,CUST_02754,제조업,5-49인,Basic,Standard,12,10,0,2463097,0.0844,21.77,0.6593,0.1146,0.2853,152,0.05,77.85,122.0,29557164,1
CUST_02755_C1,CUST_02755,제조업,50-299인,Standard,Priority,36,34,0,12273494,-0.0288,17.03,0.6841,-0.0021,0.2214,70,0.1765,17.79,61.0,170110627,0
CUST_02756_C1,CUST_02756,IT/소프트웨어,50-299인,Premium,Enterprise,24,22,0,17070555,-0.0431,8.97,0.7792,0.0203,0.1582,24,0.0,6.98,214.0,294467074,0
CUST_02756_C2,CUST_02756,IT/소프트웨어,50-299인,Premium,Enterprise,24,46,1,16169416,0.0112,6.4,0.7182,-0.0212,0.1891,13,0.0,5.74,30.0,278922426,0
CUST_02756_C3,CUST_02756,IT/소프트웨어,50-299인,Premium,Enterprise,36,82,2,18296441,-0.0296,11.6,0.7975,0.1865,0.1506,16,0.0,6.44,30.0,315613607,0
CUST_02757_C1,CUST_02757,물류/운송,5-49인,Basic,Enterprise,24,22,0,2537064,0.0531,10.28,0.7233,-0.0018,0.3,174,0.1875,7.21,122.0,35011483,0
CUST_02757_C2,CUST_02757,물류/운송,5-49인,Basic,Priority,12,34,1,2844601,0.0485,18.32,0.6367,0.0931,0.2586,156,0.0556,21.1,61.0,35841973,0
CUST_02758_C1,CUST_02758,IT/소프트웨어,5-49인,Standard,Priority,12,10,0,6389623,0.0789,4.47,0.7636,-0.0968,0.1692,52,0.0952,21.59,61.0,88560175,0
CUST_02759_C1,CUST_02759,IT/소프트웨어,50-299인,Basic,Standard,36,34,0,5937767,0.0655,8.63,0.7341,0.001,0.1944,121,0.1176,53.59,122.0,71253204,0
CUST_02759_C2,CUST_02759,IT/소프트웨어,50-299인,Basic,Standard,24,58,1,6690619,-0.0044,2.43,0.7429,0.0395,0.2118,117,0.2,77.36,122.0,80287428,0
CUST_02760_C1,CUST_02760,제조업,50-299인,Standard,Standard,24,22,0,28781577,0.0812,15.84,0.7052,0.0862,0.1827,86,0.0714,51.65,485.0,379916816,0
CUST_02760_C2,CUST_02760,제조업,50-299인,Standard,Enterprise,12,34,1,30419491,0.0017,14.53,0.6935,-0.0372,0.3009,69,0.0769,5.97,30.0,461767873,0
CUST_02760_C3,CUST_02760,제조업,50-299인,Standard,Standard,24,58,2,29742164,0.0537,13.45,0.7099,0.0261,0.2086,72,0.2308,55.95,120.0,392596565,0
CUST_02761_C1,CUST_02761,제조업,50-299인,Standard,Priority,24,22,0,19619048,0.0613,21.75,0.6807,0.0319,0.1991,75,0.0556,24.74,61.0,271920005,0
CUST_02761_C2,CUST_02761,제조업,50-299인,Standard,Priority,36,58,1,23039400,0.008,16.61,0.7296,-0.087,0.2799,87,0.1034,23.37,61.0,319326084,0
CUST_02762_C1,CUST_02762,기타서비스업,5-49인,Basic,Standard,12,10,0,1213148,0.0123,21.01,0.6803,0.065,0.199,116,0.2667,54.13,122.0,14557776,1
CUST_02763_C1,CUST_02763,물류/운송,5-49인,Basic,Enterprise,12,10,0,5318004,-0.0116,10.69,0.7064,0.0454,0.1706,96,0.0,7.16,31.0,73388455,0
CUST_02764_C1,CUST_02764,제조업,5-49인,Basic,Standard,12,10,0,6536511,0.003,5.65,0.6691,-0.074,0.2417,134,0.2273,57.38,123.0,78438132,0
CUST_02765_C1,CUST_02765,의료/헬스케어,5-49인,Basic,Standard,12,10,0,3391947,-0.046,0.6,0.7718,0.0189,0.1863,98,0.0,44.69,122.0,40703364,0
CUST_02766_C1,CUST_02766,교육,5-49인,Basic,Standard,12,10,0,2287150,-0.0203,0.08,0.6937,-0.0834,0.2516,142,0.3,60.76,120.0,27445800,1
CUST_02767_C1,CUST_02767,IT/소프트웨어,50-299인,Basic,Priority,12,10,0,8199070,0.0153,-4.08,0.7554,0.0054,0.1671,109,0.1429,21.8,61.0,103308282,0
CUST_02767_C2,CUST_02767,IT/소프트웨어,50-299인,Standard,Enterprise,24,34,1,11789962,-0.0201,14.87,0.7404,0.1341,0.1829,58,0.1818,11.29,30.0,178971623,0
CUST_02767_C3,CUST_02767,IT/소프트웨어,50-299인,Standard,Priority,12,46,2,9582970,-0.0131,-0.6,0.6517,-0.0119,0.1636,83,0.1333,19.15,61.0,132819964,0
CUST_02768_C1,CUST_02768,금융/보험,5-49인,Basic,Priority,12,10,0,2677435,0.0207,1.2,0.6997,0.0902,0.2298,119,0.05,19.62,61.0,33735681,0
CUST_02769_C1,CUST_02769,유통/커머스,5-49인,Basic,Priority,12,10,0,2743830,0.045,-1.03,0.7205,0.0757,0.2162,112,0.0455,21.91,184.0,34572258,0
CUST_02769_C2,CUST_02769,유통/커머스,5-49인,Basic,Priority,12,22,1,2860406,0.0083,-4.82,0.7281,-0.0923,0.2019,109,0.0,20.14,60.0,36041116,0
CUST_02770_C1,CUST_02770,교육,5-49인,Basic,Standard,24,22,0,2691126,-0.0046,16.08,0.6292,-0.0978,0.299,152,0.1923,62.6,303.0,32293512,1
CUST_02771_C1,CUST_02771,금융/보험,50-299인,Basic,Standard,12,10,0,9401743,0.0012,-1.92,0.7258,-0.1455,0.135,108,0.0769,54.7,122.0,112820916,0
CUST_02771_C2,CUST_02771,금융/보험,50-299인,Standard,Standard,12,22,1,11538106,0.0664,1.56,0.7267,0.0965,0.1435,63,0.4,49.95,307.0,152302999,0
CUST_02771_C3,CUST_02771,금융/보험,50-299인,Standard,Standard,24,46,2,12435970,-0.0144,4.24,0.6907,-0.098,0.2164,76,0.2143,55.59,122.0,164154804,0
CUST_02772_C1,CUST_02772,IT/소프트웨어,5-49인,Basic,Standard,12,10,0,2595436,-0.0498,0.5,0.6828,0.0046,0.2994,145,0.3333,37.8,123.0,31145232,0
CUST_02773_C1,CUST_02773,유통/커머스,5-49인,Standard,Standard,36,34,0,2739822,-0.0169,3.36,0.6691,-0.0429,0.2452,108,0.1111,60.99,123.0,36165650,0
CUST_02774_C1,CUST_02774,유통/커머스,5-49인,Basic,Standard,36,34,0,2742574,0.0325,18.66,0.6874,0.1692,0.2296,157,0.4211,54.39,122.0,32910888,1
CUST_02775_C1,CUST_02775,IT/소프트웨어,5-49인,Basic,Standard,12,10,0,2456519,0.0367,4.39,0.8532,-0.041,0.0568,88,0.1176,81.37,121.0,29478228,0
CUST_02775_C2,CUST_02775,IT/소프트웨어,5-49인,Basic,Standard,12,22,1,2798761,0.028,4.97,0.7653,-0.0412,0.1516,82,0.2143,55.96,120.0,33585132,1
CUST_02776_C1,CUST_02776,IT/소프트웨어,5-49인,Basic,Standard,24,22,0,7697747,-0.0379,0.42,0.7717,0.1042,0.2073,96,0.0,67.21,123.0,92372964,0
CUST_02777_C1,CUST_02777,교육,5-49인,Standard,Priority,12,10,0,9135369,-0.0376,10.94,0.6501,0.0986,0.2579,67,0.2632,24.66,61.0,126616214,0
CUST_02778_C1,CUST_02778,교육,5-49인,Standard,Priority,12,10,0,5829009,-0.049,-10.25,0.8459,0.0314,0.1644,39,0.0,19.46,62.0,80790065,0
CUST_02778_C2,CUST_02778,교육,5-49인,Standard,Priority,24,34,1,5720227,0.0039,10.88,0.7791,0.0639,0.1437,55,0.0,21.8,62.0,79282346,0
CUST_02779_C1,CUST_02779,금융/보험,5-49인,Standard,Priority,24,22,0,4189714,0.0065,0.99,0.8138,0.0539,0.1687,43,0.0,17.7,61.0,58069436,0
CUST_02780_C1,CUST_02780,IT/소프트웨어,5-49인,Basic,Standard,24,22,0,2169407,-0.0349,7.44,0.6805,-0.0933,0.254,134,0.1765,78.17,121.0,26032884,1
CUST_02781_C1,CUST_02781,의료/헬스케어,5-49인,Basic,Standard,12,10,0,4739051,0.0962,13.72,0.4928,0.1592,0.3245,235,0.1111,67.0,122.0,56868612,1
CUST_02782_C1,CUST_02782,기타서비스업,5-49인,Basic,Standard,24,22,0,3152973,0.0311,3.01,0.7439,-0.0515,0.1854,112,0.0769,49.08,122.0,37835676,0
CUST_02783_C1,CUST_02783,의료/헬스케어,5-49인,Basic,Priority,24,22,0,3183571,0.056,7.18,0.8319,0.1358,0.1502,82,0.0,21.45,184.0,40112995,0
CUST_02784_C1,CUST_02784,물류/운송,5-49인,Basic,Standard,12,10,0,1413387,0.0064,16.01,0.6308,0.0031,0.3594,232,0.1852,46.31,122.0,16960644,1
CUST_02785_C1,CUST_02785,유통/커머스,5-49인,Standard,Standard,12,10,0,2873748,-0.0064,5.51,0.6865,-0.0118,0.1804,65,0.15,63.24,123.0,37933474,0
CUST_02785_C2,CUST_02785,유통/커머스,5-49인,Standard,Standard,12,22,1,2469105,-0.0202,-1.6,0.717,0.1255,0.2464,57,0.1,34.22,123.0,32592186,0
CUST_02786_C1,CUST_02786,교육,5-49인,Basic,Enterprise,12,10,0,1273982,-0.0044,-12.84,0.7585,0.0025,0.1442,101,0.0,6.05,31.0,17580952,0
CUST_02787_C1,CUST_02787,IT/소프트웨어,5-49인,Standard,Priority,12,10,0,4013063,0.0126,6.78,0.6363,0.1231,0.2275,81,0.1667,22.51,61.0,55621053,0
CUST_02787_C2,CUST_02787,IT/소프트웨어,5-49인,Standard,Enterprise,12,22,1,3570070,-0.0007,9.96,0.6174,0.0466,0.2923,85,0.05,7.55,30.0,54193663,0
CUST_02788_C1,CUST_02788,IT/소프트웨어,50-299인,Basic,Standard,12,10,0,11513445,0.0075,8.29,0.7465,-0.1011,0.2664,117,0.2,59.59,122.0,138161340,0
CUST_02788_C2,CUST_02788,IT/소프트웨어,50-299인,Standard,Priority,24,34,1,10475282,0.015,7.55,0.7477,0.0821,0.1736,58,0.0,21.95,61.0,145187409,0
CUST_02789_C1,CUST_02789,IT/소프트웨어,5-49인,Basic,Standard,12,10,0,1709160,0.0513,-1.57,0.7858,-0.026,0.1726,90,0.0,50.91,122.0,20509920,0
CUST_02790_C1,CUST_02790,유통/커머스,5-49인,Basic,Standard,12,10,0,711303,0.0027,3.38,0.7882,-0.1376,0.1615,108,0.2308,60.78,123.0,8535636,0
CUST_02790_C2,CUST_02790,유통/커머스,5-49인,Basic,Priority,12,22,1,820689,-0.0195,1.47,0.9041,-0.1413,0.1999,95,0.0625,20.37,62.0,10340681,0
CUST_02790_C3,CUST_02790,유통/커머스,5-49인,Basic,Priority,24,46,2,851167,-0.0235,2.91,0.7189,-0.0658,0.248,141,0.0714,19.45,184.0,10724704,0
CUST_02791_C1,CUST_02791,금융/보험,5-49인,Basic,Standard,24,22,0,3278549,-0.0219,-3.19,0.8667,0.074,0.1417,90,0.1333,53.96,123.0,39342588,0
CUST_02792_C1,CUST_02792,금융/보험,50-299인,Premium,Standard,24,22,0,79675126,0.066,19.26,0.7059,-0.1029,0.2094,26,0.2667,72.18,122.0,1195126890,0
CUST_02793_C1,CUST_02793,유통/커머스,5-49인,Basic,Enterprise,12,10,0,6326194,0.014,17.51,0.6858,-0.0713,0.2879,163,0.0,6.81,30.0,87301477,1
CUST_02794_C1,CUST_02794,교육,5-49인,Basic,Priority,12,10,0,10057605,-0.0061,5.23,0.778,-0.0406,0.2223,118,0.0,28.74,59.0,126725823,0
CUST_02795_C1,CUST_02795,교육,5-49인,Basic,Standard,12,10,0,4298555,0.0369,-0.9,0.7197,-0.2355,0.2281,136,0.0769,51.75,120.0,51582660,1
CUST_02796_C1,CUST_02796,유통/커머스,5-49인,Standard,Enterprise,12,10,0,2560613,-0.0042,3.88,0.6547,0.0508,0.2055,64,0.0,6.23,31.0,38870105,0
CUST_02797_C1,CUST_02797,IT/소프트웨어,5-49인,Basic,Standard,12,10,0,2854848,-0.0201,4.01,0.6491,-0.0095,0.2752,166,0.2381,47.12,123.0,34258176,1
CUST_02798_C1,CUST_02798,IT/소프트웨어,5-49인,Basic,Standard,24,22,0,1173109,0.026,22.48,0.6397,-0.1408,0.2585,138,0.2667,67.27,123.0,14077308,0
CUST_02799_C1,CUST_02799,제조업,50-299인,Basic,Standard,24,22,0,10649889,0.0788,23.91,0.6801,-0.097,0.2445,164,0.2143,92.13,304.0,127798668,1
CUST_02800_C1,CUST_02800,금융/보험,5-49인,Basic,Priority,12,10,0,2490098,0.0757,7.08,0.6934,0.1315,0.2123,134,0.3,28.47,184.0,31375235,0
CUST_02801_C1,CUST_02801,IT/소프트웨어,5-49인,Premium,Enterprise,24,22,0,19487942,0.0023,7.97,0.7205,0.054,0.2247,27,0.0667,7.11,31.0,336167000,0
CUST_02802_C1,CUST_02802,유통/커머스,5-49인,Basic,Standard,12,10,0,3351299,0.1261,20.01,0.7698,-0.0986,0.2607,127,0.1429,85.62,,40215588,1
CUST_02803_C1,CUST_02803,금융/보험,50-299인,Premium,Enterprise,24,22,0,38524166,0.0017,12.36,0.8518,-0.093,0.1446,30,0.1818,9.39,28.0,664541864,0
CUST_02804_C1,CUST_02804,물류/운송,5-49인,Standard,Enterprise,36,34,0,5522276,-0.0676,16.24,0.8007,-0.0367,0.113,40,0.0,5.73,29.0,83828150,0
CUST_02804_C2,CUST_02804,물류/운송,5-49인,Standard,Enterprise,24,58,1,6488518,-0.0406,-0.91,0.7831,-0.0555,0.2389,65,0.1053,7.32,28.0,98495703,0
CUST_02804_C3,CUST_02804,물류/운송,5-49인,Standard,Standard,24,82,2,4944810,-0.0618,-1.03,0.661,0.1317,0.1648,51,0.2308,54.91,121.0,65271492,0
CUST_02805_C1,CUST_02805,교육,5-49인,Standard,Priority,24,22,0,5382832,0.0543,10.86,0.6527,0.0907,0.1985,69,0.1429,24.09,61.0,74606052,0
CUST_02805_C2,CUST_02805,교육,5-49인,Standard,Enterprise,24,46,1,6244050,0.0014,13.22,0.7127,-0.0455,0.215,68,0.0,6.53,31.0,94784679,0
CUST_02806_C1,CUST_02806,의료/헬스케어,5-49인,Standard,Standard,24,22,0,1453517,-0.0354,11.45,0.6232,0.0025,0.276,90,0.0385,55.73,123.0,19186424,0
CUST_02806_C2,CUST_02806,의료/헬스케어,5-49인,Standard,Enterprise,36,58,1,1671052,0.0136,19.74,0.7739,-0.0493,0.2161,79,0.0,6.44,31.0,25366569,0
CUST_02807_C1,CUST_02807,제조업,5-49인,Basic,Priority,12,10,0,2135991,0.0561,-0.45,0.8296,-0.1459,0.1865,82,0.0,18.04,61.0,26913487,0
CUST_02807_C2,CUST_02807,제조업,5-49인,Basic,Priority,12,22,1,2069728,0.0045,-1.4,0.7776,0.1974,0.1266,80,0.0,19.36,61.0,26078573,0
CUST_02808_C1,CUST_02808,제조업,5-49인,Basic,Standard,24,22,0,2588455,-0.0344,17.26,0.6746,0.1438,0.2734,181,0.2273,51.67,120.0,31061460,0
CUST_02808_C2,CUST_02808,제조업,5-49인,Basic,Standard,12,34,1,1649507,0.0373,13.28,0.6842,-0.0423,0.2592,126,0.25,47.12,305.0,19794084,1
CUST_02809_C1,CUST_02809,IT/소프트웨어,5-49인,Basic,Priority,12,10,0,3306744,0.0459,2.86,0.706,-0.0352,0.1902,104,0.0,18.98,62.0,41664974,1
CUST_02810_C1,CUST_02810,IT/소프트웨어,5-49인,Basic,Standard,24,22,0,1887925,0.0329,4.46,0.842,0.0093,0.1676,114,0.0,69.43,305.0,22655100,0
CUST_02810_C2,CUST_02810,IT/소프트웨어,5-49인,Basic,Enterprise,12,34,1,2674409,-0.0234,-7.05,0.7858,-0.1991,0.1156,119,0.125,7.24,122.0,36906844,0
CUST_02810_C3,CUST_02810,IT/소프트웨어,5-49인,Basic,Standard,12,46,2,2563524,-0.0209,-8.29,0.7458,-0.1162,0.1698,91,0.1818,44.32,122.0,30762288,0
CUST_02811_C1,CUST_02811,IT/소프트웨어,5-49인,Basic,Enterprise,12,10,0,3961267,0.0533,4.02,0.7402,-0.0153,0.205,93,0.0,6.21,31.0,54665485,0
CUST_02812_C1,CUST_02812,IT/소프트웨어,5-49인,Basic,Standard,12,10,0,4016434,0.039,-1.79,0.7655,-0.1043,0.1579,100,0.1,69.5,120.0,48197208,1
CUST_02813_C1,CUST_02813,의료/헬스케어,50-299인,Basic,Priority,24,22,0,6895077,-0.0098,11.2,0.6451,0.0226,0.1903,131,0.2381,22.89,61.0,86877970,0
CUST_02814_C1,CUST_02814,제조업,5-49인,Basic,Standard,12,10,0,2970395,-0.002,-6.84,0.8368,0.015,0.1358,96,0.0,46.09,122.0,35644740,0
CUST_02815_C1,CUST_02815,IT/소프트웨어,5-49인,Basic,Standard,12,10,0,2136922,-0.0439,-4.23,0.6809,-0.1049,0.2319,110,0.0435,50.25,120.0,25643064,0
CUST_02816_C1,CUST_02816,교육,5-49인,Basic,Priority,12,10,0,3639589,-0.0126,-1.73,0.7532,0.0346,0.2275,106,0.0,26.37,62.0,45858821,0
CUST_02816_C2,CUST_02816,교육,5-49인,Basic,Priority,24,34,1,3476010,-0.006,10.85,0.7607,0.017,0.1519,120,0.0833,23.0,62.0,43797726,0
CUST_02817_C1,CUST_02817,IT/소프트웨어,50-299인,Standard,Priority,36,34,0,83143535,0.0508,28.9,0.6601,-0.0254,0.2958,98,0.0476,25.68,62.0,1152369395,0
CUST_02817_C2,CUST_02817,IT/소프트웨어,50-299인,Standard,Standard,24,58,1,61892101,-0.041,6.77,0.6904,0.0027,0.205,57,0.25,57.25,123.0,816975733,1
CUST_02818_C1,CUST_02818,제조업,50-299인,Standard,Priority,12,10,0,22203576,0.0527,-1.84,0.8126,0.0201,0.174,44,0.0,28.64,,307741563,0
CUST_02818_C2,CUST_02818,제조업,50-299인,Standard,Priority,12,22,1,14734350,0.0217,-4.52,0.8022,0.0418,0.1584,45,0.0,24.2,62.0,204218091,0
CUST_02819_C1,CUST_02819,금융/보험,5-49인,Standard,Priority,24,22,0,3389641,0.0181,12.88,0.7285,-0.0334,0.2092,56,0.0625,19.93,181.0,46980424,0
CUST_02819_C2,CUST_02819,금융/보험,5-49인,Standard,Priority,24,46,1,2726208,0.0289,5.66,0.8377,-0.0325,0.2074,56,0.0,28.3,61.0,37785243,0
CUST_02820_C1,CUST_02820,의료/헬스케어,50-299인,Standard,Enterprise,36,34,0,7072992,-0.0086,8.86,0.6073,0.1735,0.2623,74,0.0556,8.22,30.0,107368019,0
CUST_02820_C2,CUST_02820,의료/헬스케어,50-299인,Standard,Standard,36,70,1,6497790,0.0182,18.14,0.7182,-0.1108,0.2372,83,0.125,50.58,304.0,85770828,0
CUST_02821_C1,CUST_02821,IT/소프트웨어,50-299인,Standard,Priority,24,22,0,14931071,0.0384,3.72,0.7077,-0.1088,0.2128,53,0.0,18.98,184.0,206944644,0
CUST_02822_C1,CUST_02822,금융/보험,5-49인,Basic,Enterprise,12,10,0,4303145,0.0548,0.41,0.7459,0.058,0.2214,93,0.0,7.12,28.0,59383401,0
CUST_02822_C2,CUST_02822,금융/보험,5-49인,Basic,Standard,24,35,1,5099308,0.0053,2.76,0.694,-0.0233,0.1967,117,0.1667,57.63,120.0,61191696,0
CUST_02823_C1,CUST_02823,금융/보험,5-49인,Basic,Enterprise,12,10,0,4100593,0.0198,2.23,0.7962,-0.1038,0.1846,82,0.0,7.07,30.0,56588183,0
CUST_02824_C1,CUST_02824,IT/소프트웨어,5-49인,Basic,Priority,12,10,0,3317660,-0.0202,0.17,0.6857,-0.159,0.2408,91,0.0769,18.7,60.0,41802516,0
CUST_02824_C2,CUST_02824,IT/소프트웨어,5-49인,Basic,Standard,12,22,1,4525191,0.0905,13.33,0.6156,-0.0022,0.2251,174,0.4667,42.75,121.0,54302292,0
CUST_02824_C3,CUST_02824,IT/소프트웨어,5-49인,Basic,Priority,12,34,2,4695924,-0.0157,7.25,0.6819,-0.0208,0.228,141,0.0,21.8,59.0,59168642,0
CUST_02825_C1,CUST_02825,제조업,5-49인,Standard,Priority,12,10,0,4243131,0.0506,12.18,0.7204,-0.1115,0.1716,64,0.1111,31.48,61.0,58809796,0
CUST_02825_C2,CUST_02825,제조업,5-49인,Standard,Enterprise,12,22,1,4967437,0.0461,15.59,0.7816,-0.1739,0.1716,63,0.0,7.31,122.0,75405694,0
CUST_02826_C1,CUST_02826,IT/소프트웨어,50-299인,Basic,Standard,36,34,0,11060786,-0.0299,14.19,0.7509,-0.0706,0.1947,113,0.1,50.72,123.0,132729432,0
CUST_02827_C1,CUST_02827,제조업,300인이상,Basic,Standard,36,34,0,39468319,0.0125,15.72,0.6729,-0.0823,0.2135,151,0.0,68.69,121.0,473619828,0
CUST_02827_C2,CUST_02827,제조업,300인이상,Basic,Standard,12,46,1,44703998,0.0189,6.63,0.6837,0.093,0.2762,127,0.2857,94.03,121.0,536447976,0
CUST_02827_C3,CUST_02827,제조업,300인이상,Basic,Enterprise,36,82,2,35939144,0.0521,11.19,0.728,-0.1317,0.2754,145,0.05,6.41,31.0,495960187,0
CUST_02828_C1,CUST_02828,물류/운송,5-49인,Standard,Priority,12,10,0,1879390,-0.0404,1.11,0.7875,0.0177,0.2268,61,0.0,20.68,183.0,26048345,0
CUST_02829_C1,CUST_02829,제조업,5-49인,Basic,Priority,24,22,0,5132040,-0.0095,0.57,0.7742,0.0734,0.1578,43,0.0,31.87,62.0,64663704,0
CUST_02829_C2,CUST_02829,제조업,5-49인,Basic,Priority,24,46,1,6250690,0.0097,9.01,0.8587,-0.0581,0.2272,99,0.0667,17.12,62.0,78758694,0
CUST_02829_C3,CUST_02829,제조업,5-49인,Basic,Standard,24,70,2,6503010,-0.0041,-0.64,0.7966,-0.0687,0.1568,84,0.1,67.67,123.0,78036120,0
CUST_02830_C1,CUST_02830,제조업,5-49인,Basic,Priority,12,10,0,2293254,0.0157,0.23,0.7102,0.0051,0.1695,115,0.0909,24.06,62.0,28895000,0
CUST_02830_C2,CUST_02830,제조업,5-49인,Basic,Standard,12,22,1,2478319,-0.0144,-1.98,0.7225,0.0084,0.2129,120,0.1905,72.04,428.0,29739828,1
CUST_02831_C1,CUST_02831,물류/운송,50-299인,Premium,Enterprise,12,10,0,19908073,0.0285,-4.75,0.7258,0.0661,0.1599,13,0.0,6.12,31.0,343414259,0
CUST_02831_C2,CUST_02831,물류/운송,50-299인,Premium,Priority,12,22,1,22960634,0.0673,1.06,0.6943,0.0042,0.1897,32,0.0667,22.57,184.0,361629986,0
CUST_02831_C3,CUST_02831,물류/운송,50-299인,Premium,Priority,12,34,2,16883702,-0.0077,-0.82,0.7289,-0.0305,0.2122,21,0.1333,23.31,305.0,265918306,0
CUST_02832_C1,CUST_02832,물류/운송,50-299인,Standard,Standard,24,22,0,27565243,0.0147,21.14,0.6782,-0.0132,0.2385,45,0.2778,61.05,487.0,363861208,1
CUST_02833_C1,CUST_02833,기타서비스업,50-299인,Basic,Priority,12,10,0,5059071,-0.0121,-1.83,0.6769,0.0822,0.2706,160,0.087,19.54,62.0,63744295,0
CUST_02833_C2,CUST_02833,기타서비스업,50-299인,Basic,Standard,24,34,1,6529655,0.0071,10.19,0.7304,-0.0565,0.2566,125,0.1333,49.54,123.0,78355860,0
CUST_02834_C1,CUST_02834,유통/커머스,5-49인,Standard,Standard,24,22,0,10835043,0.0124,19.61,0.6671,-0.015,0.2386,63,0.25,56.85,120.0,143022568,1
CUST_02835_C1,CUST_02835,물류/운송,5-49인,Basic,Standard,12,10,0,1458074,0.0107,6.59,0.6732,-0.0933,0.2265,165,0.1304,69.58,122.0,17496888,0
CUST_02836_C1,CUST_02836,금융/보험,5-49인,Standard,Standard,12,10,0,1054725,-0.0643,0.8,0.7782,0.1088,0.2388,64,0.2143,54.18,122.0,13922370,0
CUST_02837_C1,CUST_02837,IT/소프트웨어,5-49인,Basic,Standard,12,10,0,1916601,0.0322,-10.83,0.8492,0.0031,0.1401,85,0.0,53.76,122.0,22999212,0
CUST_02837_C2,CUST_02837,IT/소프트웨어,5-49인,Basic,Priority,12,22,1,2315955,0.0427,4.99,0.8095,-0.2062,0.1488,108,0.0,21.85,306.0,29181033,0
CUST_02838_C1,CUST_02838,제조업,5-49인,Basic,Standard,12,10,0,1519251,0.0394,14.5,0.6426,0.0007,0.2547,168,0.2308,63.56,123.0,18231012,1
CUST_02839_C1,CUST_02839,제조업,5-49인,Standard,Priority,24,22,0,1285984,-0.0332,-2.87,0.7309,0.1187,0.2471,65,0.0,30.26,62.0,17823738,0
CUST_02839_C2,CUST_02839,제조업,5-49인,Standard,Priority,12,34,1,1212203,-0.0469,-6.11,0.752,0.1311,0.1978,56,0.0909,17.88,184.0,16801134,0
CUST_02840_C1,CUST_02840,IT/소프트웨어,5-49인,Premium,Enterprise,24,22,0,2121391,-0.0589,13.16,0.674,0.0912,0.309,42,0.1154,6.48,122.0,36593995,0
CUST_02840_C2,CUST_02840,IT/소프트웨어,5-49인,Premium,Enterprise,12,35,1,2219644,-0.0198,0.85,0.6118,-0.0216,0.2817,40,0.12,6.91,123.0,38288859,0
CUST_02841_C1,CUST_02841,물류/운송,5-49인,Basic,Priority,24,22,0,3914862,-0.0309,1.35,0.7295,0.0233,0.1763,109,0.0,27.81,62.0,49327261,0
CUST_02842_C1,CUST_02842,유통/커머스,5-49인,Basic,Standard,12,10,0,6052423,0.0165,13.08,0.5968,0.0807,0.2919,174,0.2917,67.8,,72629076,1
CUST_02843_C1,CUST_02843,제조업,5-49인,Standard,Priority,12,10,0,1206335,-0.0086,5.13,0.6684,0.0142,0.2013,60,0.0833,20.25,184.0,16719803,0
CUST_02844_C1,CUST_02844,제조업,5-49인,Basic,Standard,12,10,0,3619087,-0.0533,-1.09,0.7184,0.0522,0.1676,97,0.1818,62.19,,43429044,0
CUST_02844_C2,CUST_02844,제조업,5-49인,Basic,Standard,12,22,1,3675529,0.0242,2.22,0.7018,-0.037,0.1972,117,0.125,68.79,123.0,44106348,0
CUST_02844_C3,CUST_02844,제조업,5-49인,Basic,Standard,12,34,2,4251588,-0.005,4.13,0.7485,0.0677,0.2105,97,0.2,53.21,122.0,51019056,0
CUST_02845_C1,CUST_02845,IT/소프트웨어,5-49인,Basic,Standard,24,22,0,2726011,0.0334,9.98,0.7278,-0.0284,0.1251,95,0.0667,50.61,306.0,32712132,0
CUST_02846_C1,CUST_02846,유통/커머스,5-49인,Basic,Standard,24,22,0,2763250,-0.0095,4.49,0.7736,0.0189,0.1786,99,0.05,52.33,123.0,33159000,0
CUST_02846_C2,CUST_02846,유통/커머스,5-49인,Basic,Standard,36,58,1,3432049,0.0557,12.02,0.7798,-0.0703,0.1977,100,0.2222,70.81,123.0,41184588,0
CUST_02847_C1,CUST_02847,금융/보험,5-49인,Basic,Standard,12,10,0,2285569,-0.0322,2.63,0.6932,0.1054,0.2481,112,0.1538,53.26,123.0,27426828,0
CUST_02848_C1,CUST_02848,IT/소프트웨어,50-299인,Basic,Standard,12,10,0,23501276,0.0698,-1.76,0.7556,-0.1542,0.2022,134,0.1538,70.37,122.0,282015312,0
CUST_02848_C2,CUST_02848,IT/소프트웨어,50-299인,Basic,Priority,24,34,1,26235621,0.0213,7.1,0.7328,0.0639,0.2013,110,0.1111,13.7,61.0,330568825,0
CUST_02848_C3,CUST_02848,IT/소프트웨어,50-299인,Basic,Standard,36,70,2,31994823,-0.0158,11.74,0.7232,-0.0843,0.1845,126,0.1053,52.25,122.0,383937876,0
CUST_02849_C1,CUST_02849,물류/운송,5-49인,Basic,Standard,12,10,0,2750248,-0.0401,-1.64,0.7996,-0.0157,0.1344,66,0.1111,56.16,123.0,33002976,0
CUST_02849_C2,CUST_02849,물류/운송,5-49인,Basic,Standard,12,22,1,2953968,0.0617,4.84,0.7499,0.0793,0.204,91,0.25,54.47,123.0,35447616,0
CUST_02850_C1,CUST_02850,교육,5-49인,Basic,Standard,12,10,0,5588761,-0.044,1.09,0.6859,-0.0556,0.2406,142,0.2,53.91,,67065132,0
CUST_02851_C1,CUST_02851,유통/커머스,50-299인,Standard,Priority,12,10,0,7496598,0.0844,8.55,0.7315,-0.078,0.2598,82,0.125,24.66,61.0,103902848,0
CUST_02852_C1,CUST_02852,제조업,5-49인,Basic,Priority,12,10,0,4798179,0.0341,0.41,0.7756,0.0598,0.2211,98,0.1429,15.77,61.0,60457055,0
CUST_02853_C1,CUST_02853,유통/커머스,5-49인,Standard,Priority,12,10,0,5051625,0.0128,6.4,0.7151,0.1123,0.2366,69,0.0556,17.98,183.0,70015523,0
CUST_02854_C1,CUST_02854,금융/보험,5-49인,Basic,Standard,12,10,0,5891697,0.0344,-8.33,0.7922,0.0735,0.173,81,0.0667,52.74,,70700364,0
CUST_02854_C2,CUST_02854,금융/보험,5-49인,Basic,Priority,36,46,1,6342539,0.0304,9.68,0.8175,0.1141,0.1774,99,0.05,25.96,182.0,79915991,0
CUST_02855_C1,CUST_02855,제조업,50-299인,Standard,Priority,12,10,0,13081697,-0.0381,-1.03,0.6164,0.0027,0.2206,70,0.1786,20.43,,181312320,0
CUST_02856_C1,CUST_02856,의료/헬스케어,5-49인,Premium,Priority,24,22,0,5810233,-0.0088,10.43,0.6645,-0.1268,0.2561,31,0.2105,21.93,59.0,91511170,0
CUST_02856_C2,CUST_02856,의료/헬스케어,5-49인,Premium,Priority,36,58,1,6376604,0.0451,19.35,0.7198,0.0264,0.273,32,0.0556,20.94,59.0,100431513,0
CUST_02857_C1,CUST_02857,교육,5-49인,Basic,Priority,24,22,0,3272436,-0.0132,1.87,0.79,0.2897,0.2232,120,0.0,21.3,61.0,41232694,0
CUST_02857_C2,CUST_02857,교육,5-49인,Basic,Priority,12,34,1,3842777,-0.0208,4.69,0.6858,-0.0531,0.2518,142,0.0,18.32,61.0,48418990,0
CUST_02858_C1,CUST_02858,제조업,300인이상,Standard,Priority,36,34,0,78860373,-0.0428,14.48,0.5932,0.0689,0.2896,104,0.3333,17.78,62.0,1093004770,0
CUST_02858_C2,CUST_02858,제조업,300인이상,Standard,Priority,24,58,1,85910639,-0.0121,9.81,0.6204,-0.0669,0.2575,85,0.15,21.21,62.0,1190721457,0
CUST_02859_C1,CUST_02859,유통/커머스,50-299인,Basic,Standard,12,10,0,6964469,-0.0058,-7.07,0.6953,0.1165,0.2718,132,0.0,55.3,121.0,83573628,0
CUST_02860_C1,CUST_02860,제조업,5-49인,Basic,Standard,36,34,0,3221434,-0.0397,25.8,0.5985,0.1084,0.2404,171,0.2083,42.42,120.0,38657208,1
CUST_02861_C1,CUST_02861,제조업,5-49인,Basic,Standard,12,10,0,5756646,-0.0084,-5.4,0.7677,-0.1063,0.1677,92,0.1,57.6,120.0,69079752,0
CUST_02862_C1,CUST_02862,금융/보험,5-49인,Basic,Standard,12,10,0,1429627,0.0607,6.17,0.7333,-0.0213,0.2167,123,0.2857,57.12,122.0,17155524,1
CUST_02863_C1,CUST_02863,의료/헬스케어,5-49인,Basic,Priority,24,22,0,2758653,-0.0427,3.8,0.6797,0.0512,0.2455,156,0.1538,18.46,304.0,34759028,0
CUST_02863_C2,CUST_02863,의료/헬스케어,5-49인,Basic,Standard,12,34,1,3065769,0.0154,-0.1,0.6527,0.1012,0.2545,124,0.1875,68.65,123.0,36789228,1
CUST_02864_C1,CUST_02864,기타서비스업,5-49인,Standard,Priority,12,10,0,2364712,-0.002,-8.05,0.6841,-0.0055,0.2752,72,0.1333,21.42,184.0,32774908,0
CUST_02864_C2,CUST_02864,기타서비스업,5-49인,Standard,Priority,12,22,1,3053995,0.0051,8.03,0.7061,0.0035,0.2216,59,0.0,17.66,306.0,42328371,0
CUST_02864_C3,CUST_02864,기타서비스업,5-49인,Standard,Priority,24,46,2,1969017,0.0233,3.5,0.7462,-0.0851,0.1766,71,0.0769,15.06,61.0,27290576,0
CUST_02865_C1,CUST_02865,유통/커머스,5-49인,Standard,Priority,24,22,0,1499156,0.0885,11.68,0.6887,0.0304,0.2214,75,0.0,24.77,60.0,20778302,0
CUST_02865_C2,CUST_02865,유통/커머스,5-49인,Standard,Standard,24,46,1,1630490,-0.0086,11.5,0.693,0.0713,0.2137,78,0.3333,44.55,120.0,21522468,1
CUST_02866_C1,CUST_02866,기타서비스업,5-49인,Basic,Standard,24,22,0,1175646,0.08,3.78,0.7895,-0.1366,0.1611,75,0.0625,46.18,122.0,14107752,0
CUST_02866_C2,CUST_02866,기타서비스업,5-49인,Basic,Priority,24,46,1,1324209,0.0149,5.49,0.7896,-0.1111,0.1907,112,0.2308,27.19,61.0,16685033,0
CUST_02867_C1,CUST_02867,물류/운송,5-49인,Basic,Standard,12,10,0,5295809,0.0215,8.65,0.6419,0.0585,0.2771,139,0.1429,67.85,,63549708,0
CUST_02868_C1,CUST_02868,제조업,5-49인,Basic,Standard,12,10,0,2713606,0.0097,2.88,0.6724,0.0474,0.1893,106,0.1875,74.22,123.0,32563272,0
CUST_02868_C2,CUST_02868,제조업,5-49인,Basic,Priority,12,22,1,3351225,-0.0432,12.03,0.7144,-0.1378,0.2498,125,0.0952,28.77,61.0,42225435,0
CUST_02869_C1,CUST_02869,의료/헬스케어,5-49인,Basic,Standard,12,10,0,4318128,0.0544,3.17,0.7127,0.0842,0.2173,127,0.3333,36.71,120.0,51817536,0
CUST_02869_C2,CUST_02869,의료/헬스케어,5-49인,Basic,Priority,12,22,1,3296264,0.0516,2.17,0.7428,0.0462,0.2817,119,0.0526,24.82,61.0,41532926,0
CUST_02870_C1,CUST_02870,물류/운송,300인이상,Standard,Priority,12,10,0,49149083,-0.0438,10.0,0.5948,-0.0813,0.3557,105,0.2778,22.47,182.0,681206290,1
CUST_02871_C1,CUST_02871,물류/운송,5-49인,Basic,Standard,12,10,0,3564190,-0.0233,0.34,0.7137,-0.0974,0.2735,149,0.05,51.28,122.0,42770280,1
CUST_02872_C1,CUST_02872,유통/커머스,5-49인,Basic,Standard,12,10,0,984716,-0.0095,4.54,0.699,-0.0226,0.2493,142,0.2857,54.69,122.0,11816592,0
CUST_02873_C1,CUST_02873,IT/소프트웨어,50-299인,Basic,Standard,24,22,0,5297047,0.0652,7.41,0.8009,-0.068,0.1608,81,0.0,95.96,120.0,63564564,0
CUST_02874_C1,CUST_02874,제조업,5-49인,Basic,Standard,12,10,0,1831904,0.077,14.45,0.6038,0.0698,0.3228,197,0.2222,57.1,122.0,21982848,1
CUST_02875_C1,CUST_02875,의료/헬스케어,50-299인,Basic,Standard,36,34,0,19966540,0.0654,18.4,0.7792,0.1696,0.2486,118,0.0909,61.16,123.0,239598480,0
CUST_02876_C1,CUST_02876,제조업,5-49인,Basic,Standard,24,22,0,2464043,0.0183,4.89,0.7571,-0.0216,0.1918,98,0.2143,55.99,306.0,29568516,0
CUST_02877_C1,CUST_02877,유통/커머스,5-49인,Basic,Standard,24,22,0,2004345,0.0527,10.53,0.6456,-0.059,0.2342,135,0.2632,39.69,122.0,24052140,0
CUST_02878_C1,CUST_02878,물류/운송,5-49인,Basic,Priority,12,10,0,2026421,-0.0301,1.1,0.6433,0.0572,0.2221,182,0.0476,20.36,,25532905,0
CUST_02878_C2,CUST_02878,물류/운송,5-49인,Basic,Priority,12,22,1,2127528,0.0114,6.08,0.7114,-0.1261,0.2214,146,0.1429,21.33,62.0,26806853,0
CUST_02878_C3,CUST_02878,물류/운송,5-49인,Basic,Priority,12,34,2,2219070,-0.0162,1.47,0.6199,0.061,0.2892,178,0.1053,28.51,62.0,27960282,0
CUST_02879_C1,CUST_02879,물류/운송,50-299인,Standard,Priority,12,10,0,13822977,0.0414,-8.38,0.8372,0.1216,0.1685,47,0.0909,24.25,61.0,191586461,0
CUST_02880_C1,CUST_02880,유통/커머스,50-299인,Premium,Enterprise,12,10,0,12951863,-0.0306,1.78,0.6754,0.0247,0.2274,21,0.0,8.15,30.0,223419637,0
CUST_02880_C2,CUST_02880,유통/커머스,50-299인,Premium,Priority,36,46,1,17586959,0.0273,27.14,0.7412,-0.1142,0.2612,33,0.0833,22.96,61.0,276994604,0
CUST_02881_C1,CUST_02881,의료/헬스케어,5-49인,Standard,Enterprise,24,22,0,2878908,-0.0109,-0.36,0.8064,0.0212,0.1792,51,0.0,8.05,31.0,43701823,0
CUST_02882_C1,CUST_02882,금융/보험,5-49인,Basic,Standard,24,22,0,1274436,0.023,3.91,0.7883,-0.0029,0.1754,81,0.0833,64.52,121.0,15293232,0
CUST_02883_C1,CUST_02883,의료/헬스케어,5-49인,Standard,Standard,12,10,0,10550452,0.0641,6.34,0.7398,-0.0593,0.2498,77,0.15,48.19,120.0,139265966,1
CUST_02884_C1,CUST_02884,유통/커머스,5-49인,Basic,Standard,36,34,0,3260647,-0.0158,-1.05,0.8196,-0.0141,0.2019,102,0.0,57.39,122.0,39127764,0
CUST_02884_C2,CUST_02884,유통/커머스,5-49인,Basic,Standard,24,58,1,4244309,0.0332,4.83,0.6795,-0.0717,0.21,88,0.0769,40.28,122.0,50931708,0
CUST_02884_C3,CUST_02884,유통/커머스,5-49인,Basic,Standard,12,70,2,5265249,0.0063,5.09,0.6952,0.006,0.2319,124,0.1765,52.9,122.0,63182988,0
CUST_02885_C1,CUST_02885,제조업,5-49인,Basic,Standard,12,10,0,1834257,-0.0014,2.85,0.6539,0.0899,0.2158,135,0.2353,49.35,122.0,22011084,0
CUST_02886_C1,CUST_02886,제조업,5-49인,Basic,Standard,12,10,0,2825060,0.0462,-3.21,0.7966,0.0239,0.2078,88,0.2308,49.41,,33900720,1
CUST_02887_C1,CUST_02887,금융/보험,5-49인,Standard,Priority,12,10,0,2342162,-0.0507,2.48,0.6599,0.0992,0.259,57,0.0769,15.38,61.0,32462365,0
CUST_02887_C2,CUST_02887,금융/보험,5-49인,Standard,Priority,12,22,1,2213270,0.0104,4.96,0.6945,-0.029,0.2533,82,0.1304,19.61,61.0,30675922,0
CUST_02887_C3,CUST_02887,금융/보험,5-49인,Standard,Standard,12,34,2,2580365,0.0057,6.94,0.7211,0.1088,0.298,85,0.1176,55.43,122.0,34060818,0
CUST_02888_C1,CUST_02888,물류/운송,300인이상,Basic,Priority,24,22,0,44691045,0.0161,16.03,0.6447,-0.0042,0.3149,202,0.1429,21.69,181.0,563107167,1
CUST_02889_C1,CUST_02889,기타서비스업,5-49인,Basic,Standard,12,10,0,3484756,-0.0458,1.91,0.7785,-0.0321,0.1637,135,0.1538,51.83,123.0,41817072,0
CUST_02890_C1,CUST_02890,의료/헬스케어,50-299인,Basic,Standard,12,10,0,6192120,-0.028,4.39,0.6829,0.0614,0.2578,134,0.1429,63.19,123.0,74305440,1
CUST_02891_C1,CUST_02891,교육,5-49인,Standard,Enterprise,12,10,0,4358156,0.0192,-1.48,0.7288,-0.0245,0.2382,68,0.0909,7.89,31.0,66156808,0
CUST_02891_C2,CUST_02891,교육,5-49인,Standard,Standard,24,34,1,4360398,-0.0143,0.65,0.7262,0.0442,0.1834,46,0.0714,47.34,123.0,57557254,0
CUST_02892_C1,CUST_02892,IT/소프트웨어,5-49인,Basic,Standard,24,22,0,5298369,0.0841,24.1,0.6291,0.0023,0.3306,238,0.15,60.91,120.0,63580428,0
CUST_02893_C1,CUST_02893,IT/소프트웨어,5-49인,Premium,Enterprise,12,10,0,1162428,0.0426,6.74,0.7101,0.1621,0.2423,36,0.0,7.32,30.0,20051883,0
CUST_02893_C2,CUST_02893,IT/소프트웨어,5-49인,Premium,Enterprise,24,34,1,1248726,-0.032,5.27,0.6637,0.1133,0.2099,27,0.0556,6.45,30.0,21540524,0
CUST_02894_C1,CUST_02894,교육,50-299인,Basic,Standard,12,10,0,8430360,0.0133,1.03,0.7971,0.0987,0.1781,101,0.0,45.32,122.0,101164320,0
CUST_02894_C2,CUST_02894,교육,50-299인,Basic,Standard,24,34,1,8766334,0.036,13.76,0.7032,-0.0095,0.2279,104,0.1,50.11,121.0,105196008,0
CUST_02895_C1,CUST_02895,IT/소프트웨어,5-49인,Basic,Priority,24,22,0,2742262,0.0018,-1.08,0.7138,0.0779,0.1608,91,0.0,20.67,61.0,34552501,0
CUST_02896_C1,CUST_02896,의료/헬스케어,5-49인,Basic,Standard,12,10,0,7024182,0.0448,5.51,0.6371,0.0693,0.1988,147,0.2857,45.77,120.0,84290184,0
CUST_02896_C2,CUST_02896,의료/헬스케어,5-49인,Basic,Priority,12,23,1,6421359,-0.034,-1.74,0.757,0.2174,0.2175,96,0.0833,21.98,59.0,80909123,0
CUST_02896_C3,CUST_02896,의료/헬스케어,5-49인,Basic,Priority,12,35,2,8405272,-0.0171,1.46,0.7232,0.0558,0.1547,109,0.1667,26.51,306.0,105906427,0
CUST_02897_C1,CUST_02897,물류/운송,50-299인,Standard,Enterprise,12,10,0,13793747,-0.0101,4.13,0.76,0.0706,0.241,81,0.04,6.09,31.0,209389079,0
CUST_02897_C2,CUST_02897,물류/운송,50-299인,Standard,Enterprise,12,22,1,15550310,-0.0509,0.93,0.7221,0.0379,0.2113,46,0.0,6.77,31.0,236053706,0
CUST_02898_C1,CUST_02898,제조업,5-49인,Basic,Standard,12,10,0,3567153,-0.0448,-0.89,0.8285,-0.1425,0.1526,65,0.0769,59.53,123.0,42805836,0
CUST_02898_C2,CUST_02898,제조업,5-49인,Basic,Standard,24,34,1,3301237,-0.0912,4.11,0.8275,0.098,0.1277,95,0.1333,59.02,123.0,39614844,0
CUST_02898_C3,CUST_02898,제조업,5-49인,Basic,Priority,24,58,2,3368707,-0.0138,4.63,0.7759,0.0959,0.2118,96,0.1,21.28,61.0,42445708,0
CUST_02899_C1,CUST_02899,금융/보험,5-49인,Standard,Standard,12,10,0,8852207,0.0372,7.25,0.6681,-0.144,0.279,71,0.1111,55.41,123.0,116849132,1
CUST_02900_C1,CUST_02900,제조업,5-49인,Basic,Standard,36,34,0,2619126,0.0092,25.9,0.6672,0.0579,0.2668,147,0.3333,53.19,122.0,31429512,0
CUST_02901_C1,CUST_02901,물류/운송,300인이상,Standard,Standard,36,34,0,58146966,0.0688,22.78,0.7198,-0.0772,0.2131,65,0.0556,66.84,122.0,767539951,0
CUST_02902_C1,CUST_02902,IT/소프트웨어,5-49인,Basic,Priority,36,34,0,1328927,-0.0329,7.1,0.8362,0.0491,0.1518,83,0.0,17.62,304.0,16744480,0
CUST_02903_C1,CUST_02903,제조업,5-49인,Standard,Priority,12,10,0,1509254,0.0092,1.33,0.6653,0.0032,0.2212,58,0.0625,14.83,,20918260,0
CUST_02904_C1,CUST_02904,유통/커머스,5-49인,Basic,Standard,36,34,0,4787904,0.0076,9.26,0.7118,0.0437,0.2373,165,0.1111,62.29,123.0,57454848,1
CUST_02905_C1,CUST_02905,물류/운송,50-299인,Standard,Priority,36,34,0,10073234,-0.0081,4.43,0.807,-0.0285,0.1503,46,0.0,20.07,61.0,139615023,0
CUST_02905_C2,CUST_02905,물류/운송,50-299인,Standard,Priority,24,58,1,6243782,-0.07,-7.46,0.7952,0.1938,0.1954,49,0.1538,16.8,61.0,86538819,0
CUST_02906_C1,CUST_02906,제조업,5-49인,Basic,Standard,12,10,0,3013856,0.0253,3.45,0.6871,0.0224,0.1802,117,0.0556,69.39,123.0,36166272,0
CUST_02906_C2,CUST_02906,제조업,5-49인,Basic,Priority,12,22,1,2970661,0.0013,-0.92,0.7527,0.0795,0.172,83,0.0,25.26,184.0,37430329,0
CUST_02907_C1,CUST_02907,교육,5-49인,Standard,Standard,12,10,0,3074806,-0.0016,-2.79,0.6759,-0.0567,0.1804,64,0.1053,60.85,,40587439,0
CUST_02907_C2,CUST_02907,교육,5-49인,Standard,Priority,12,22,1,2602504,0.0335,6.23,0.7135,0.1329,0.1962,58,0.0,20.47,61.0,36070705,0
CUST_02908_C1,CUST_02908,IT/소프트웨어,5-49인,Basic,Standard,24,22,0,5174782,0.0507,-1.57,0.8674,-0.0357,0.1202,85,0.0,61.69,123.0,62097384,0
CUST_02909_C1,CUST_02909,IT/소프트웨어,300인이상,Premium,Enterprise,24,22,0,182701921,-0.0236,2.28,0.7856,-0.031,0.1677,29,0.1667,4.98,30.0,3151608137,0
CUST_02909_C2,CUST_02909,IT/소프트웨어,300인이상,Premium,Enterprise,24,46,1,153718047,0.0314,13.77,0.6545,-0.0086,0.2504,27,0.0,6.58,30.0,2651636311,0
CUST_02910_C1,CUST_02910,교육,50-299인,Standard,Priority,36,34,0,25913857,0.108,24.1,0.7457,-0.1811,0.1936,67,0.0833,27.79,61.0,359166058,0
CUST_02910_C2,CUST_02910,교육,50-299인,Standard,Enterprise,12,46,1,20185874,0.0286,1.51,0.6598,0.0531,0.2897,74,0.0,8.77,31.0,306421567,0
CUST_02911_C1,CUST_02911,금융/보험,5-49인,Basic,Standard,12,10,0,7944149,0.0173,10.33,0.7433,0.0295,0.1373,113,0.3333,75.86,122.0,95329788,1
CUST_02912_C1,CUST_02912,제조업,5-49인,Standard,Priority,12,10,0,3892564,0.0267,5.4,0.6294,0.0703,0.2771,99,0.1579,23.81,61.0,53950937,0
CUST_02912_C2,CUST_02912,제조업,5-49인,Standard,Enterprise,24,34,1,3909327,-0.0004,3.19,0.7512,0.0389,0.222,62,0.0,5.99,30.0,59343584,0
CUST_02913_C1,CUST_02913,물류/운송,5-49인,Basic,Standard,36,34,0,3533569,0.0589,16.34,0.6921,-0.0621,0.2385,143,0.2727,56.69,122.0,42402828,0
CUST_02913_C2,CUST_02913,물류/운송,5-49인,Basic,Standard,24,58,1,2688291,-0.0068,2.28,0.7193,-0.0042,0.1773,114,0.0833,88.36,122.0,32259492,0
CUST_02913_C3,CUST_02913,물류/운송,5-49인,Basic,Standard,12,70,2,2591342,0.0439,6.0,0.6365,-0.1643,0.2001,116,0.2381,47.42,122.0,31096104,0
CUST_02914_C1,CUST_02914,물류/운송,50-299인,Premium,Priority,36,34,0,15303102,0.0564,10.04,0.7598,-0.0727,0.1693,23,0.0,22.22,61.0,241023856,0
CUST_02914_C2,CUST_02914,물류/운송,50-299인,Premium,Enterprise,24,58,1,20004007,0.0465,12.14,0.7681,-0.0374,0.2468,27,0.1111,6.01,214.0,345069121,0
CUST_02914_C3,CUST_02914,물류/운송,50-299인,Premium,Priority,24,82,2,15325300,-0.006,6.87,0.8128,0.021,0.2181,25,0.0833,29.44,61.0,241373475,0
CUST_02915_C1,CUST_02915,제조업,5-49인,Basic,Enterprise,24,22,0,3359564,0.0534,10.1,0.6733,0.0651,0.2148,98,0.0,5.02,31.0,46361983,1
CUST_02916_C1,CUST_02916,제조업,5-49인,Basic,Priority,12,10,0,3803892,0.0239,14.15,0.6288,0.0127,0.2685,150,0.1739,22.7,59.0,47929039,0
CUST_02917_C1,CUST_02917,제조업,5-49인,Basic,Standard,12,10,0,2800683,-0.0087,-2.41,0.7077,0.0698,0.2152,131,0.2,52.93,122.0,33608196,0
CUST_02917_C2,CUST_02917,제조업,5-49인,Basic,Standard,12,22,1,3170150,-0.0257,-1.11,0.6825,-0.0315,0.2122,114,0.1,68.12,122.0,38041800,0
CUST_02918_C1,CUST_02918,제조업,5-49인,Standard,Standard,12,10,0,3759371,0.0637,5.15,0.7391,-0.1019,0.2011,77,0.1429,78.04,,49623697,0
CUST_02919_C1,CUST_02919,물류/운송,5-49인,Basic,Standard,24,22,0,2388940,0.0253,-0.68,0.8171,-0.0503,0.1588,99,0.0,50.36,122.0,28667280,0
CUST_02919_C2,CUST_02919,물류/운송,5-49인,Basic,Standard,12,34,1,2941590,0.0954,2.56,0.7412,-0.1186,0.1606,93,0.2308,49.72,305.0,35299080,0
CUST_02920_C1,CUST_02920,유통/커머스,5-49인,Basic,Priority,36,34,0,1931599,0.0372,20.48,0.6932,-0.0521,0.2185,117,0.0,23.14,61.0,24338147,0
CUST_02920_C2,CUST_02920,유통/커머스,5-49인,Basic,Enterprise,12,46,1,1994936,-0.0323,6.45,0.7098,0.1072,0.2252,126,0.0,6.16,30.0,27530117,0
CUST_02920_C3,CUST_02920,유통/커머스,5-49인,Basic,Standard,12,58,2,1722675,-0.034,-1.52,0.7954,-0.0664,0.2027,105,0.2143,56.75,122.0,20672100,0
CUST_02921_C1,CUST_02921,유통/커머스,5-49인,Premium,Standard,24,22,0,6615945,0.0558,29.28,0.5953,-0.0292,0.286,46,0.3333,46.04,303.0,99239175,0
CUST_02921_C2,CUST_02921,유통/커머스,5-49인,Premium,Enterprise,12,34,1,5974515,0.0366,11.51,0.7372,0.053,0.2238,54,0.15,7.94,30.0,103060384,0
CUST_02922_C1,CUST_02922,유통/커머스,50-299인,Basic,Standard,24,22,0,6030278,0.0358,2.28,0.711,-0.0884,0.1919,117,0.1111,58.79,122.0,72363336,0
CUST_02923_C1,CUST_02923,제조업,5-49인,Basic,Standard,24,22,0,5766992,0.0588,26.11,0.5114,0.0601,0.3731,232,0.3333,65.71,121.0,69203904,1
CUST_02924_C1,CUST_02924,의료/헬스케어,5-49인,Basic,Standard,12,10,0,2820340,-0.0191,2.96,0.7366,-0.0646,0.2519,120,0.4167,40.54,121.0,33844080,0
CUST_02925_C1,CUST_02925,금융/보험,5-49인,Basic,Priority,12,10,0,3450196,0.0057,12.53,0.6206,0.002,0.1868,154,0.0556,25.94,62.0,43472470,0
CUST_02926_C1,CUST_02926,유통/커머스,5-49인,Basic,Standard,36,34,0,12600173,-0.063,28.15,0.6404,-0.1246,0.3164,155,0.05,62.19,123.0,151202076,0
CUST_02927_C1,CUST_02927,금융/보험,50-299인,Basic,Priority,12,10,0,7873155,0.1104,8.49,0.7243,-0.0629,0.1955,103,0.2,19.16,61.0,99201753,1
CUST_02928_C1,CUST_02928,의료/헬스케어,5-49인,Basic,Standard,12,10,0,1841978,0.0065,-1.17,0.8535,-0.0058,0.2019,82,0.1429,44.47,120.0,22103736,0
CUST_02929_C1,CUST_02929,제조업,5-49인,Basic,Standard,12,10,0,4251063,0.0304,-1.43,0.7557,-0.0328,0.1789,100,0.0,61.64,123.0,51012756,0
CUST_02930_C1,CUST_02930,유통/커머스,5-49인,Basic,Priority,12,10,0,5819584,0.0209,5.17,0.7857,-0.0563,0.1518,83,0.0,23.39,59.0,73326758,0
CUST_02931_C1,CUST_02931,물류/운송,5-49인,Basic,Priority,12,10,0,4404875,0.0096,10.47,0.6403,0.0604,0.279,122,0.0476,20.86,61.0,55501425,0
CUST_02931_C2,CUST_02931,물류/운송,5-49인,Basic,Priority,24,34,1,4440169,-0.0178,12.23,0.7174,0.0934,0.2373,124,0.2222,26.87,61.0,55946129,0
CUST_02931_C3,CUST_02931,물류/운송,5-49인,Basic,Standard,24,58,2,4822102,-0.0259,12.65,0.7408,-0.031,0.1838,129,0.1579,67.41,120.0,57865224,0
CUST_02932_C1,CUST_02932,제조업,5-49인,Basic,Enterprise,12,10,0,2239974,-0.0943,-8.69,0.7283,-0.0693,0.1746,94,0.0,5.37,30.0,30911641,0
CUST_02933_C1,CUST_02933,교육,5-49인,Basic,Standard,24,22,0,6696434,0.0538,15.75,0.5818,-0.0444,0.2976,195,0.2778,56.38,122.0,80357208,0
CUST_02934_C1,CUST_02934,금융/보험,50-299인,Basic,Standard,12,10,0,9701992,-0.0098,6.29,0.7025,-0.0529,0.1708,121,0.1667,60.25,122.0,116423904,0
CUST_02935_C1,CUST_02935,의료/헬스케어,5-49인,Basic,Standard,12,10,0,6724888,0.0113,-1.29,0.7163,0.0302,0.2692,127,0.2353,41.25,,80698656,0
CUST_02935_C2,CUST_02935,의료/헬스케어,5-49인,Basic,Priority,12,22,1,8216480,0.0259,0.56,0.7334,0.0071,0.2475,114,0.1905,22.54,61.0,103527648,0
CUST_02936_C1,CUST_02936,유통/커머스,50-299인,Standard,Standard,12,10,0,33538270,0.0552,2.33,0.7908,0.0409,0.1503,55,0.125,57.74,122.0,442705164,0
CUST_02937_C1,CUST_02937,제조업,5-49인,Standard,Enterprise,24,22,0,1114840,0.0206,3.63,0.733,0.0704,0.2357,59,0.0,6.17,31.0,16923271,0
CUST_02938_C1,CUST_02938,IT/소프트웨어,300인이상,Standard,Enterprise,12,10,0,30284663,0.014,6.25,0.6302,0.1588,0.3141,94,0.0952,7.26,30.0,459721184,0
CUST_02938_C2,CUST_02938,IT/소프트웨어,300인이상,Standard,Standard,12,22,1,34579237,0.0367,8.17,0.614,0.0655,0.304,110,0.3462,84.13,122.0,456445928,1
CUST_02939_C1,CUST_02939,기타서비스업,5-49인,Standard,Standard,12,10,0,7206169,0.0542,2.75,0.6795,0.1195,0.2722,99,0.1765,61.36,122.0,95121431,1
CUST_02940_C1,CUST_02940,기타서비스업,5-49인,Standard,Standard,24,22,0,3834447,-0.0147,7.16,0.6683,0.0153,0.1867,74,0.1111,63.61,123.0,50614700,0
CUST_02941_C1,CUST_02941,교육,50-299인,Premium,Priority,12,10,0,17777118,0.0073,-2.1,0.8135,-0.0294,0.181,27,0.1818,23.47,59.0,279989608,0
CUST_02941_C2,CUST_02941,교육,50-299인,Premium,Priority,24,34,1,19669986,0.0461,0.44,0.84,-0.0769,0.1859,24,0.0,21.65,59.0,309802280,0
CUST_02941_C3,CUST_02941,교육,50-299인,Premium,Enterprise,12,46,2,13627053,-0.0116,0.77,0.7427,-0.015,0.1597,28,0.0,6.22,31.0,235066664,0
CUST_02942_C1,CUST_02942,유통/커머스,5-49인,Basic,Standard,12,10,0,2888911,0.0852,14.38,0.6658,0.0988,0.277,167,0.16,73.84,,34666932,1
CUST_02943_C1,CUST_02943,제조업,5-49인,Basic,Standard,12,10,0,2925291,-0.0156,-3.14,0.7857,-0.0109,0.1271,105,0.0,46.06,122.0,35103492,0
CUST_02943_C2,CUST_02943,제조업,5-49인,Basic,Standard,12,22,1,3089963,0.0353,-0.58,0.8313,-0.0455,0.156,92,0.1176,46.79,488.0,37079556,0
CUST_02943_C3,CUST_02943,제조업,5-49인,Basic,Enterprise,24,46,2,3311454,0.0292,1.56,0.7199,0.1085,0.1991,96,0.0,7.09,122.0,45698065,0
CUST_02944_C1,CUST_02944,유통/커머스,50-299인,Standard,Priority,12,10,0,5673149,0.0432,-4.31,0.8199,-0.042,0.1891,45,0.0714,28.32,61.0,78629845,0
CUST_02944_C2,CUST_02944,유통/커머스,50-299인,Standard,Priority,24,34,1,5896304,0.0929,3.44,0.826,-0.0077,0.1667,65,0.0714,19.51,61.0,81722773,0
CUST_02944_C3,CUST_02944,유통/커머스,50-299인,Standard,Priority,24,58,2,7627291,0.0399,10.28,0.6919,0.0842,0.209,66,0.0,24.65,61.0,105714253,0
CUST_02945_C1,CUST_02945,교육,50-299인,Basic,Standard,36,34,0,16204193,0.0013,4.23,0.9111,0.1409,0.1655,78,0.1111,63.42,122.0,194450316,0
CUST_02946_C1,CUST_02946,제조업,5-49인,Premium,Standard,12,10,0,11355430,0.0343,7.65,0.6758,-0.0951,0.2364,30,0.2143,45.25,120.0,170331450,0
CUST_02947_C1,CUST_02947,기타서비스업,5-49인,Basic,Standard,12,10,0,6212123,0.0541,9.25,0.6579,-0.103,0.2809,155,0.2143,45.48,123.0,74545476,1
CUST_02948_C1,CUST_02948,교육,5-49인,Standard,Priority,24,22,0,6675516,0.0677,3.28,0.7925,0.0025,0.1681,49,0.0,32.5,182.0,92522652,0
CUST_02949_C1,CUST_02949,IT/소프트웨어,50-299인,Standard,Standard,36,34,0,12854370,-0.0084,22.99,0.8147,-0.0587,0.1987,73,0.2353,37.33,304.0,169677684,0
CUST_02950_C1,CUST_02950,제조업,5-49인,Basic,Priority,12,10,0,911109,0.0036,1.65,0.7817,-0.0852,0.2002,94,0.0,18.98,61.0,11479973,0
CUST_02951_C1,CUST_02951,IT/소프트웨어,5-49인,Basic,Standard,12,10,0,3618335,-0.048,-1.77,0.7354,0.0875,0.2454,119,0.3333,51.95,122.0,43420020,0
CUST_02952_C1,CUST_02952,금융/보험,50-299인,Premium,Enterprise,24,22,0,47249494,0.0584,10.01,0.6759,0.0452,0.2588,32,0.0,5.6,31.0,815053771,0
CUST_02952_C2,CUST_02952,금융/보험,50-299인,Premium,Enterprise,12,34,1,44243267,0.0106,3.75,0.7534,0.1042,0.1615,33,0.0,7.3,121.0,763196356,0
CUST_02952_C3,CUST_02952,금융/보험,50-299인,Premium,Enterprise,36,70,2,54142520,0.0567,18.58,0.7436,-0.0804,0.1736,23,0.0,6.43,31.0,933958470,0
CUST_02953_C1,CUST_02953,의료/헬스케어,5-49인,Premium,Priority,12,10,0,2004924,0.0083,6.72,0.6674,0.0727,0.2221,37,0.0909,23.7,183.0,31577553,0
CUST_02953_C2,CUST_02953,의료/헬스케어,5-49인,Premium,Enterprise,24,34,1,2219722,-0.0484,4.78,0.735,0.0514,0.1655,43,0.0,6.71,31.0,38290204,0
CUST_02953_C3,CUST_02953,의료/헬스케어,5-49인,Premium,Standard,12,46,2,2667973,0.0752,11.8,0.7293,-0.0195,0.2468,33,0.0667,70.65,120.0,40019595,0
CUST_02954_C1,CUST_02954,IT/소프트웨어,5-49인,Standard,Priority,24,22,0,2822518,0.029,9.0,0.6586,0.0339,0.3231,63,0.0,16.6,61.0,39120099,0
CUST_02955_C1,CUST_02955,금융/보험,5-49인,Basic,Enterprise,24,22,0,5306863,-0.036,9.13,0.6805,-0.0035,0.3036,153,0.0,6.4,28.0,73234709,0
CUST_02956_C1,CUST_02956,유통/커머스,5-49인,Standard,Priority,12,10,0,6524486,-0.0038,2.52,0.6889,0.0122,0.2477,70,0.0,16.87,61.0,90429376,0
CUST_02956_C2,CUST_02956,유통/커머스,5-49인,Standard,Priority,12,22,1,5011550,0.0139,-3.55,0.6914,0.1122,0.2004,66,0.0526,23.74,61.0,69460083,0
CUST_02957_C1,CUST_02957,제조업,300인이상,Standard,Priority,24,22,0,118110200,0.0134,3.6,0.694,-0.0552,0.1982,62,0.0,25.03,59.0,1637007372,0
CUST_02957_C2,CUST_02957,제조업,300인이상,Standard,Enterprise,36,58,1,128426794,0.0154,9.12,0.718,-0.0306,0.1767,58,0.0556,6.2,121.0,1949518733,0
CUST_02958_C1,CUST_02958,교육,5-49인,Basic,Enterprise,24,22,0,2706227,-0.0114,10.69,0.6552,-0.0155,0.3299,114,0.125,6.14,31.0,37345933,0
CUST_02958_C2,CUST_02958,교육,5-49인,Basic,Standard,12,34,1,2899326,-0.0118,6.32,0.6082,-0.0372,0.2897,158,0.2222,52.48,122.0,34791912,1
CUST_02959_C1,CUST_02959,금융/보험,5-49인,Standard,Priority,24,22,0,6458014,0.0149,14.0,0.7769,-0.0214,0.2096,56,0.0,26.95,61.0,89508074,0
CUST_02960_C1,CUST_02960,IT/소프트웨어,5-49인,Basic,Standard,36,34,0,3384895,-0.0272,7.81,0.7477,-0.0124,0.2369,124,0.1333,46.13,123.0,40618740,0
CUST_02960_C2,CUST_02960,IT/소프트웨어,5-49인,Basic,Standard,24,58,1,3964105,-0.0321,5.76,0.7319,0.0038,0.2576,110,0.0909,76.58,122.0,47569260,0
CUST_02961_C1,CUST_02961,금융/보험,5-49인,Basic,Standard,12,10,0,3014369,-0.0085,-0.96,0.8066,-0.1263,0.1413,101,0.0,55.48,120.0,36172428,0
CUST_02962_C1,CUST_02962,제조업,5-49인,Standard,Priority,12,10,0,2464818,0.0422,3.5,0.709,0.0086,0.2654,72,0.1579,23.06,61.0,34162377,1
CUST_02963_C1,CUST_02963,IT/소프트웨어,5-49인,Basic,Standard,12,10,0,1954984,0.0862,7.46,0.7126,-0.08,0.2209,155,0.3333,47.76,122.0,23459808,1
CUST_02964_C1,CUST_02964,교육,5-49인,Basic,Standard,12,10,0,7436014,0.0212,9.58,0.6761,-0.0078,0.2697,143,0.3333,66.63,123.0,89232168,0
CUST_02965_C1,CUST_02965,제조업,5-49인,Basic,Priority,12,10,0,8290330,0.014,6.23,0.7008,-0.0638,0.3098,132,0.1304,20.61,61.0,104458158,1
CUST_02966_C1,CUST_02966,제조업,5-49인,Basic,Enterprise,12,10,0,5390247,0.0584,-3.55,0.7916,-0.0442,0.1608,86,0.0,5.61,122.0,74385409,0
CUST_02967_C1,CUST_02967,유통/커머스,5-49인,Basic,Standard,12,10,0,5043490,0.0374,4.02,0.6909,-0.021,0.2344,132,0.2353,46.51,122.0,60521880,0
CUST_02967_C2,CUST_02967,유통/커머스,5-49인,Basic,Standard,12,22,1,5805374,0.0058,10.71,0.6695,0.0261,0.263,146,0.1667,54.88,122.0,69664488,0
CUST_02967_C3,CUST_02967,유통/커머스,5-49인,Basic,Standard,12,34,2,5769233,0.0569,10.56,0.6348,-0.2091,0.275,149,0.3846,78.24,122.0,69230796,0
CUST_02968_C1,CUST_02968,IT/소프트웨어,5-49인,Basic,Standard,12,10,0,2196711,0.0197,-4.52,0.7314,0.0564,0.1824,76,0.2,54.56,122.0,26360532,1
CUST_02969_C1,CUST_02969,유통/커머스,50-299인,Basic,Priority,12,10,0,9483166,-0.0216,8.21,0.7127,0.0096,0.2647,150,0.0909,23.02,61.0,119487892,0
CUST_02969_C2,CUST_02969,유통/커머스,50-299인,Premium,Priority,24,34,1,10977104,-0.0027,2.96,0.6817,0.0424,0.2036,25,0.0833,18.46,61.0,172889388,0
CUST_02970_C1,CUST_02970,유통/커머스,50-299인,Premium,Priority,12,10,0,15357549,0.011,10.63,0.7058,0.0401,0.2553,35,0.0,23.66,62.0,241881397,0
CUST_02971_C1,CUST_02971,제조업,5-49인,Basic,Standard,12,10,0,1421568,0.0084,2.27,0.749,-0.0071,0.1881,93,0.6,33.45,122.0,17058816,1
CUST_02972_C1,CUST_02972,물류/운송,5-49인,Basic,Standard,12,10,0,2847888,-0.031,-4.1,0.682,0.008,0.2238,145,0.0769,40.84,120.0,34174656,0
CUST_02973_C1,CUST_02973,유통/커머스,5-49인,Basic,Standard,24,22,0,3535440,0.0447,6.59,0.5791,0.0379,0.2339,147,0.3636,72.73,122.0,42425280,1
CUST_02974_C1,CUST_02974,교육,5-49인,Basic,Priority,12,10,0,1619396,0.0473,-2.32,0.7815,0.0026,0.1971,99,0.0,18.32,62.0,20404390,0
CUST_02974_C2,CUST_02974,교육,5-49인,Basic,Priority,12,22,1,1501445,-0.0072,-2.55,0.7396,0.0906,0.1571,71,0.0,21.59,62.0,18918207,0
CUST_02975_C1,CUST_02975,제조업,50-299인,Standard,Priority,36,34,0,15453529,-0.049,-1.45,0.8182,0.0391,0.1891,45,0.1429,29.77,181.0,214185912,0
CUST_02975_C2,CUST_02975,제조업,50-299인,Standard,Priority,36,70,1,22037233,-0.0755,-0.57,0.7852,-0.0684,0.1602,50,0.0,24.36,61.0,305436049,0
CUST_02976_C1,CUST_02976,유통/커머스,5-49인,Basic,Standard,12,10,0,1564656,0.0032,8.39,0.7241,-0.0252,0.2622,136,0.25,57.15,,18775872,0
CUST_02976_C2,CUST_02976,유통/커머스,5-49인,Basic,Standard,24,34,1,1633567,0.0751,11.59,0.6741,-0.0357,0.3208,144,0.1875,52.92,123.0,19602804,0
CUST_02977_C1,CUST_02977,교육,5-49인,Standard,Standard,24,22,0,7241299,0.0544,9.89,0.7594,-0.0037,0.1827,62,0.087,55.44,304.0,95585147,0
CUST_02977_C2,CUST_02977,교육,5-49인,Standard,Priority,24,46,1,7795143,0.0325,7.97,0.712,0.0482,0.3017,61,0.0476,18.65,61.0,108040682,0
CUST_02978_C1,CUST_02978,제조업,5-49인,Basic,Enterprise,24,22,0,2765518,0.0571,15.16,0.6434,-0.0271,0.2468,163,0.0526,6.17,28.0,38164148,0
CUST_02978_C2,CUST_02978,제조업,5-49인,Basic,Standard,12,34,1,2450260,0.0013,0.18,0.6764,0.0161,0.2499,120,0.2273,56.05,120.0,29403120,1
CUST_02979_C1,CUST_02979,금융/보험,50-299인,Premium,Priority,36,34,0,28960901,0.0617,12.83,0.8788,-0.134,0.169,24,0.0,25.65,62.0,456134191,0
CUST_02980_C1,CUST_02980,금융/보험,5-49인,Basic,Standard,36,34,0,3518279,-0.0264,6.08,0.7819,0.093,0.1734,101,0.25,55.38,122.0,42219348,0
CUST_02980_C2,CUST_02980,금융/보험,5-49인,Basic,Priority,24,58,1,3833168,-0.0024,3.63,0.7783,0.0008,0.1937,94,0.0,25.59,183.0,48297917,0
CUST_02981_C1,CUST_02981,제조업,5-49인,Standard,Enterprise,36,34,0,1403798,0.0853,24.55,0.6972,0.0152,0.2592,79,0.1176,6.31,28.0,21309654,0
CUST_02982_C1,CUST_02982,유통/커머스,5-49인,Basic,Standard,24,22,0,6302183,0.0304,9.82,0.7558,-0.1033,0.2092,123,0.125,66.96,120.0,75626196,0
CUST_02982_C2,CUST_02982,유통/커머스,5-49인,Basic,Priority,12,34,1,6768372,0.0386,1.95,0.7617,0.0452,0.2054,117,0.1538,25.39,61.0,85281487,0
CUST_02982_C3,CUST_02982,유통/커머스,5-49인,Basic,Standard,12,46,2,7945065,0.042,5.15,0.7432,-0.1281,0.1865,106,0.1538,65.02,120.0,95340780,0
CUST_02983_C1,CUST_02983,유통/커머스,5-49인,Basic,Priority,12,10,0,9804572,0.0651,11.87,0.6444,-0.0397,0.2269,148,0.0476,19.59,61.0,123537607,1
CUST_02984_C1,CUST_02984,IT/소프트웨어,5-49인,Basic,Priority,12,10,0,4160953,0.0258,8.28,0.6001,0.0573,0.2802,136,0.0455,29.0,,52428008,0
CUST_02985_C1,CUST_02985,교육,5-49인,Standard,Enterprise,36,34,0,795133,-0.0068,9.73,0.6562,0.0891,0.2301,55,0.0952,5.87,30.0,12070119,0
CUST_02986_C1,CUST_02986,IT/소프트웨어,50-299인,Standard,Priority,12,10,0,14769202,0.0014,9.61,0.6592,0.0062,0.2684,58,0.0526,19.31,183.0,204701140,0
CUST_02986_C2,CUST_02986,IT/소프트웨어,50-299인,Standard,Priority,12,22,1,12662940,0.0298,9.26,0.6435,0.0704,0.2147,94,0.125,29.63,61.0,175508348,1
CUST_02987_C1,CUST_02987,유통/커머스,5-49인,Basic,Standard,24,22,0,1584553,-0.0012,10.91,0.7617,0.043,0.2201,115,0.4,37.42,305.0,19014636,1
CUST_02988_C1,CUST_02988,의료/헬스케어,5-49인,Basic,Standard,24,22,0,3485478,0.0577,17.88,0.6452,-0.0567,0.3091,151,0.2,65.16,123.0,41825736,1
CUST_02989_C1,CUST_02989,유통/커머스,5-49인,Basic,Priority,36,34,0,6619523,-0.0063,4.33,0.7071,0.1251,0.2503,148,0.0714,28.09,62.0,83405990,0
CUST_02989_C2,CUST_02989,유통/커머스,5-49인,Basic,Standard,12,46,1,8029622,-0.0255,2.83,0.6555,0.0016,0.2384,134,0.1053,77.9,123.0,96355464,0
CUST_02990_C1,CUST_02990,기타서비스업,5-49인,Basic,Enterprise,12,10,0,2402176,0.0144,0.42,0.8205,-0.0994,0.1922,130,0.0526,6.23,30.0,33150029,0
CUST_02990_C2,CUST_02990,기타서비스업,5-49인,Basic,Priority,12,22,1,2416710,-0.009,2.3,0.7384,0.1581,0.1588,103,0.0,19.26,61.0,30450546,0
CUST_02991_C1,CUST_02991,제조업,300인이상,Basic,Standard,36,34,0,78264608,0.0193,16.34,0.6625,-0.0628,0.2716,159,0.1739,58.18,123.0,939175296,0
CUST_02991_C2,CUST_02991,제조업,300인이상,Basic,Standard,12,46,1,69800396,0.0407,6.4,0.6786,-0.001,0.2107,106,0.1667,39.73,123.0,837604752,0
CUST_02992_C1,CUST_02992,물류/운송,5-49인,Basic,Standard,12,10,0,8920068,-0.009,-2.21,0.8014,-0.0311,0.1404,90,0.0909,70.26,123.0,107040816,0
CUST_02992_C2,CUST_02992,물류/운송,5-49인,Basic,Standard,12,22,1,9650968,0.002,-6.84,0.7856,-0.0382,0.1572,99,0.1176,61.35,307.0,115811616,0
CUST_02993_C1,CUST_02993,제조업,50-299인,Premium,Enterprise,24,22,0,18297203,-0.0458,8.02,0.7444,-0.1007,0.2225,28,0.0,7.94,31.0,315626752,0
CUST_02993_C2,CUST_02993,제조업,50-299인,Premium,Enterprise,24,46,1,22000355,0.0452,14.17,0.7585,-0.1089,0.2626,37,0.0526,8.86,31.0,379506124,0
CUST_02994_C1,CUST_02994,제조업,5-49인,Basic,Standard,36,34,0,1587357,-0.0236,7.33,0.7353,0.0106,0.1938,95,0.1667,62.88,123.0,19048284,0
CUST_02995_C1,CUST_02995,유통/커머스,5-49인,Basic,Enterprise,12,10,0,3109511,0.0716,7.42,0.6,-0.0919,0.2803,173,0.0435,6.94,31.0,42911252,0
CUST_02996_C1,CUST_02996,기타서비스업,5-49인,Basic,Standard,24,22,0,8734879,0.0388,6.47,0.866,-0.0458,0.1909,122,0.2308,62.6,122.0,104818548,0
CUST_02996_C2,CUST_02996,기타서비스업,5-49인,Basic,Standard,24,46,1,5839101,-0.0407,1.37,0.7594,0.0342,0.2673,111,0.25,58.35,122.0,70069212,0
CUST_02997_C1,CUST_02997,물류/운송,5-49인,Basic,Standard,24,22,0,3294243,0.0179,2.23,0.6843,0.0427,0.2198,126,0.2105,69.81,122.0,39530916,0
CUST_02997_C2,CUST_02997,물류/운송,5-49인,Basic,Standard,36,58,1,2573965,-0.0311,7.95,0.6799,0.2973,0.2056,128,0.1,46.83,122.0,30887580,0
CUST_02998_C1,CUST_02998,유통/커머스,5-49인,Basic,Standard,12,10,0,2267628,0.034,3.81,0.733,0.0131,0.1814,121,0.3333,43.49,122.0,27211536,1
CUST_02999_C1,CUST_02999,금융/보험,5-49인,Basic,Standard,12,10,0,1674749,-0.0194,5.3,0.6618,0.0692,0.2143,113,0.2353,42.48,122.0,20096988,0
